Protocol,Flow Duration,Total Fwd Packets,Total Backward Packets,Fwd Packets Length Total,Bwd Packets Length Total,Fwd Packet Length Max,Fwd Packet Length Min,Fwd Packet Length Mean,Fwd Packet Length Std,Bwd Packet Length Max,Bwd Packet Length Min,Bwd Packet Length Mean,Bwd Packet Length Std,Flow Bytes/s,Flow Packets/s,Flow IAT Mean,Flow IAT Std,Flow IAT Max,Flow IAT Min,Fwd IAT Total,Fwd IAT Mean,Fwd IAT Std,Fwd IAT Max,Fwd IAT Min,Bwd IAT Total,Bwd IAT Mean,Bwd IAT Std,Bwd IAT Max,Bwd IAT Min,Fwd PSH Flags,Bwd PSH Flags,Fwd URG Flags,Bwd URG Flags,Fwd Header Length,Bwd Header Length,Fwd Packets/s,Bwd Packets/s,Packet Length Min,Packet Length Max,Packet Length Mean,Packet Length Std,Packet Length Variance,FIN Flag Count,SYN Flag Count,RST Flag Count,PSH Flag Count,ACK Flag Count,URG Flag Count,CWE Flag Count,ECE Flag Count,Down/Up Ratio,Avg Packet Size,Avg Fwd Segment Size,Avg Bwd Segment Size,Fwd Avg Bytes/Bulk,Fwd Avg Packets/Bulk,Fwd Avg Bulk Rate,Bwd Avg Bytes/Bulk,Bwd Avg Packets/Bulk,Bwd Avg Bulk Rate,Subflow Fwd Packets,Subflow Fwd Bytes,Subflow Bwd Packets,Subflow Bwd Bytes,Init Fwd Win Bytes,Init Bwd Win Bytes,Fwd Act Data Packets,Fwd Seg Size Min,Active Mean,Active Std,Active Max,Active Min,Idle Mean,Idle Std,Idle Max,Idle Min,Label
17,38666,1,1,46,78,46,46,46.0,0.0,78,78,78.0,0.0,3206.951844,51.72502974,38666.0,0.0,38666,38666,0,0.0,0.0,0,0,0,0.0,0.0,0,0,0,0,0,0,32,44,25.862514,25.862514,46,78,56.666668,18.475208,341.33334,0,0,0,0,0,0,0,0,1,85.0,46.0,78.0,0,0,0,0,0,0,1,46,1,78,-1,-1,0,32,0.0,0.0,0,0,0.0,0.0,0,0,Benign
6,32205,1,1,0,0,0,0,0.0,0.0,0,0,0.0,0.0,0.0,62.10215805,32205.0,0.0,32205,32205,0,0.0,0.0,0,0,0,0.0,0.0,0,0,0,0,0,0,32,32,31.051079,31.051079,0,0,0.0,0.0,0.0,0,0,0,0,1,1,0,0,1,0.0,0.0,0.0,0,0,0,0,0,0,1,0,1,0,730,154,0,32,0.0,0.0,0,0,0.0,0.0,0,0,Benign
6,177,3,1,31,6,31,0,10.333333,17.897858,6,6,6.0,0.0,209039.548,22598.87006,59.0,55.668663,112,1,177,88.5,123.74369,176,1,0,0.0,0.0,0,0,0,0,0,0,96,20,16949.152,5649.7173,0,31,7.4,13.446189,180.8,0,0,0,0,1,0,0,0,0,9.25,10.333333,6.0,0,0,0,0,0,0,3,31,1,6,972,0,1,32,0.0,0.0,0,0,0.0,0.0,0,0,Benign
17,171,2,2,46,46,23,23,23.0,0.0,23,23,23.0,0.0,538011.6959,23391.81287,57.0,97.862144,170,0,0,0.0,0.0,0,0,1,1.0,0.0,1,1,0,0,0,0,64,64,11695.906,11695.906,23,23,23.0,0.0,0.0,0,0,0,0,0,0,0,0,1,28.75,23.0,23.0,0,0,0,0,0,0,2,46,2,46,-1,-1,1,32,0.0,0.0,0,0,0.0,0.0,0,0,Benign
17,123371,2,2,102,438,51,51,51.0,0.0,219,219,219.0,0.0,4377.041606,32.42253042,41123.668,71222.22,123364,3,3,3.0,0.0,3,3,4,4.0,0.0,4,4,0,0,0,0,64,64,16.211266,16.211266,51,219,118.2,92.01739,8467.2,0,0,0,0,0,0,0,0,1,147.75,51.0,219.0,0,0,0,0,0,0,2,102,2,438,-1,-1,1,32,0.0,0.0,0,0,0.0,0.0,0,0,Benign
17,47780,1,1,58,112,58,58,58.0,0.0,112,112,112.0,0.0,3557.974048,41.85851821,47780.0,0.0,47780,47780,0,0.0,0.0,0,0,0,0.0,0.0,0,0,0,0,0,0,32,20,20.929258,20.929258,58,112,76.0,31.176914,972.0,0,0,0,0,0,0,0,0,1,114.0,58.0,112.0,0,0,0,0,0,0,1,58,1,112,-1,-1,0,32,0.0,0.0,0,0,0.0,0.0,0,0,Benign
17,48166,2,2,64,128,32,32,32.0,0.0,64,64,64.0,0.0,3986.214342,83.04613213,16055.333,27763.629,48114,4,48,48.0,0.0,48,48,4,4.0,0.0,4,4,0,0,0,0,64,64,41.523067,41.523067,32,64,44.8,17.527122,307.2,0,0,0,0,0,0,0,0,1,56.0,32.0,64.0,0,0,0,0,0,0,2,64,2,128,-1,-1,1,32,0.0,0.0,0,0,0.0,0.0,0,0,Benign
17,205,2,2,76,180,38,38,38.0,0.0,90,90,90.0,0.0,1248780.488,19512.19512,68.333336,112.29574,198,3,4,4.0,0.0,4,4,3,3.0,0.0,3,3,0,0,0,0,40,40,9756.098,9756.098,38,90,58.8,28.481573,811.2,0,0,0,0,0,0,0,0,1,73.5,38.0,90.0,0,0,0,0,0,0,2,76,2,180,-1,-1,1,20,0.0,0.0,0,0,0.0,0.0,0,0,Benign
6,49,2,0,0,0,0,0,0.0,0.0,0,0,0.0,0.0,0.0,40816.32653,49.0,0.0,49,49,49,49.0,0.0,49,49,0,0.0,0.0,0,0,0,0,0,0,64,0,40816.33,0.0,0,0,0.0,0.0,0.0,0,0,0,0,1,0,0,0,0,0.0,0.0,0.0,0,0,0,0,0,0,2,0,0,0,126,-1,0,32,0.0,0.0,0,0,0.0,0.0,0,0,Benign
6,1,2,0,12,0,6,6,6.0,0.0,0,0,0.0,0.0,12000000.0,2000000.0,1.0,0.0,1,1,1,1.0,0.0,1,1,0,0.0,0.0,0,0,0,0,0,0,40,0,2000000.0,0.0,6,6,6.0,0.0,0.0,0,0,0,0,1,0,0,0,0,9.0,6.0,0.0,0,0,0,0,0,0,2,12,0,0,32,-1,1,20,0.0,0.0,0,0,0.0,0.0,0,0,Benign
17,162,2,2,72,206,36,36,36.0,0.0,103,103,103.0,0.0,1716049.383,24691.35802,54.0,87.46999,155,3,3,3.0,0.0,3,3,4,4.0,0.0,4,4,0,0,0,0,40,40,12345.679,12345.679,36,103,62.8,36.69741,1346.7,0,0,0,0,0,0,0,0,1,78.5,36.0,103.0,0,0,0,0,0,0,2,72,2,206,-1,-1,1,20,0.0,0.0,0,0,0.0,0.0,0,0,Benign
6,73,1,1,0,0,0,0,0.0,0.0,0,0,0.0,0.0,0.0,27397.26027,73.0,0.0,73,73,0,0.0,0.0,0,0,0,0.0,0.0,0,0,0,0,0,0,32,32,13698.63,13698.63,0,0,0.0,0.0,0.0,0,0,0,0,1,1,0,0,1,0.0,0.0,0.0,0,0,0,0,0,0,1,0,1,0,332,229,0,32,0.0,0.0,0,0,0.0,0.0,0,0,Benign
6,135919,14,10,1154,11565,524,0,82.42857,142.16335,2920,0,1156.5,1232.7817,93577.79266,176.5757547,5909.522,10774.004,28876,1,135919,10455.308,13476.634,31768,3,105326,11702.889,16945.842,43539,191,0,0,0,0,292,212,103.002525,73.573235,0,2920,508.76,934.0686,872484.2,0,0,0,1,0,0,0,0,0,529.9583,82.42857,1156.5,0,0,0,0,0,0,14,1154,10,11565,8192,12,13,20,0.0,0.0,0,0,0.0,0.0,0,0,Benign
6,2145842,9,11,703,3950,267,0,78.111115,103.30228,1448,0,359.0909,569.91833,2168.379592,9.320350706,112939.055,258225.39,1139705,4,1863344,232918.0,418305.7,1234835,183,2050620,205062.0,339072.06,1139705,4,0,0,0,0,296,360,4.1941576,5.126193,0,1448,221.57143,434.49908,188789.45,0,0,0,1,0,0,0,0,1,232.65,78.111115,359.0909,0,0,0,0,0,0,9,703,11,3950,29200,252,4,32,0.0,0.0,0,0,0.0,0.0,0,0,Benign
6,23,1,1,0,0,0,0,0.0,0.0,0,0,0.0,0.0,0.0,86956.52174,23.0,0.0,23,23,0,0.0,0.0,0,0,0,0.0,0.0,0,0,0,0,0,0,32,32,43478.26,43478.26,0,0,0.0,0.0,0.0,0,0,0,0,1,1,0,0,1,0.0,0.0,0.0,0,0,0,0,0,0,1,0,1,0,31,332,0,32,0.0,0.0,0,0,0.0,0.0,0,0,Benign
17,30704,1,1,45,61,45,45,45.0,0.0,61,61,61.0,0.0,3452.318916,65.13809276,30704.0,0.0,30704,30704,0,0.0,0.0,0,0,0,0.0,0.0,0,0,0,0,0,0,20,20,32.569046,32.569046,45,61,50.333332,9.237604,85.333336,0,0,0,0,0,0,0,0,1,75.5,45.0,61.0,0,0,0,0,0,0,1,45,1,61,-1,-1,0,20,0.0,0.0,0,0,0.0,0.0,0,0,Benign
6,22,1,1,0,0,0,0,0.0,0.0,0,0,0.0,0.0,0.0,90909.09091,22.0,0.0,22,22,0,0.0,0.0,0,0,0,0.0,0.0,0,0,0,0,0,0,32,32,45454.547,45454.547,0,0,0.0,0.0,0.0,0,0,0,0,1,1,0,0,1,0.0,0.0,0.0,0,0,0,0,0,0,1,0,1,0,905,229,0,32,0.0,0.0,0,0,0.0,0.0,0,0,Benign
17,71506,1,1,50,176,50,50,50.0,0.0,176,176,176.0,0.0,3160.573938,27.96968087,71506.0,0.0,71506,71506,0,0.0,0.0,0,0,0,0.0,0.0,0,0,0,0,0,0,32,20,13.98484,13.98484,50,176,92.0,72.74613,5292.0,0,0,0,0,0,0,0,0,1,138.0,50.0,176.0,0,0,0,0,0,0,1,50,1,176,-1,-1,0,32,0.0,0.0,0,0,0.0,0.0,0,0,Benign
6,5846004,3,1,12,0,6,0,4.0,3.4641016,0,0,0.0,0.0,2.052684192,0.684228064,1948668.0,3361887.8,5830632,172,5846004,2923002.0,4112009.8,5830632,15372,0,0.0,0.0,0,0,0,0,0,0,72,32,0.5131711,0.17105702,0,6,2.4,3.2863352,10.8,0,0,0,1,0,0,0,0,0,3.0,4.0,0.0,0,0,0,0,0,0,3,12,1,0,8192,29200,2,20,0.0,0.0,0,0,0.0,0.0,0,0,Benign
6,61006414,10,10,416,518,368,0,41.6,114.70077,506,0,51.8,159.6091,15.30986562,0.327834381,3210864.0,4735792.5,10000000,74,60600000,6734356.5,4997321.5,10100000,133,60900000,6769100.0,4977659.0,10100000,1637,0,0,0,0,212,284,0.16391718,0.16391718,0,506,44.47619,132.34033,17513.96,0,0,0,1,0,0,0,0,1,46.7,41.6,51.8,0,0,0,0,0,0,10,416,10,518,8192,110,9,20,106336.664,53186.5,214903,84469,9995198.0,18408.201,10000000,9959643,Benign
17,23331,1,1,57,138,57,57,57.0,0.0,138,138,138.0,0.0,8357.978655,85.722858,23331.0,0.0,23331,23331,0,0.0,0.0,0,0,0,0.0,0.0,0,0,0,0,0,0,32,20,42.861427,42.861427,57,138,84.0,46.765373,2187.0,0,0,0,0,0,0,0,0,1,126.0,57.0,138.0,0,0,0,0,0,0,1,57,1,138,-1,-1,0,32,0.0,0.0,0,0,0.0,0.0,0,0,Benign
17,23584,2,2,62,228,31,31,31.0,0.0,114,114,114.0,0.0,12296.47218,169.6065129,7861.3335,13572.08,23533,3,3,3.0,0.0,3,3,48,48.0,0.0,48,48,0,0,0,0,40,40,84.80325,84.80325,31,114,64.2,45.46097,2066.7,0,0,0,0,0,0,0,0,1,80.25,31.0,114.0,0,0,0,0,0,0,2,62,2,228,-1,-1,1,20,0.0,0.0,0,0,0.0,0.0,0,0,Benign
17,24438,1,1,40,139,40,40,40.0,0.0,139,139,139.0,0.0,7324.658319,81.83975775,24438.0,0.0,24438,24438,0,0.0,0.0,0,0,0,0.0,0.0,0,0,0,0,0,0,32,32,40.91988,40.91988,40,139,73.0,57.157677,3267.0,0,0,0,0,0,0,0,0,1,109.5,40.0,139.0,0,0,0,0,0,0,1,40,1,139,-1,-1,0,32,0.0,0.0,0,0,0.0,0.0,0,0,Benign
17,23782,1,1,47,175,47,47,47.0,0.0,175,175,175.0,0.0,9334.791018,84.09721638,23782.0,0.0,23782,23782,0,0.0,0.0,0,0,0,0.0,0.0,0,0,0,0,0,0,20,32,42.048607,42.048607,47,175,89.666664,73.90083,5461.3335,0,0,0,0,0,0,0,0,1,134.5,47.0,175.0,0,0,0,0,0,0,1,47,1,175,-1,-1,0,20,0.0,0.0,0,0,0.0,0.0,0,0,Benign
6,1,2,0,12,0,6,6,6.0,0.0,0,0,0.0,0.0,12000000.0,2000000.0,1.0,0.0,1,1,1,1.0,0.0,1,1,0,0.0,0.0,0,0,0,0,0,0,40,0,2000000.0,0.0,6,6,6.0,0.0,0.0,0,0,0,0,1,0,0,0,0,9.0,6.0,0.0,0,0,0,0,0,0,2,12,0,0,16370,-1,1,20,0.0,0.0,0,0,0.0,0.0,0,0,Benign
6,5155051,3,1,12,0,6,0,4.0,3.4641016,0,0,0.0,0.0,2.327814022,0.775938007,1718350.4,2944357.5,5118135,51,5155051,2577525.5,3592964.5,5118135,36916,0,0.0,0.0,0,0,0,0,0,0,72,32,0.5819535,0.19398451,0,6,2.4,3.2863352,10.8,0,0,0,1,0,0,0,0,0,3.0,4.0,0.0,0,0,0,0,0,0,3,12,1,0,8192,42780,2,20,0.0,0.0,0,0,0.0,0.0,0,0,Benign
17,409,1,1,60,126,60,60,60.0,0.0,126,126,126.0,0.0,454767.7262,4889.97555,409.0,0.0,409,409,0,0.0,0.0,0,0,0,0.0,0.0,0,0,0,0,0,0,32,32,2444.9878,2444.9878,60,126,82.0,38.105118,1452.0,0,0,0,0,0,0,0,0,1,123.0,60.0,126.0,0,0,0,0,0,0,1,60,1,126,-1,-1,0,32,0.0,0.0,0,0,0.0,0.0,0,0,Benign
6,1999939,1,1,6,247,6,6,6.0,0.0,247,247,247.0,0.0,126.5038584,1.000030501,1999939.0,0.0,1999939,1999939,0,0.0,0.0,0,0,0,0.0,0.0,0,0,0,0,0,0,20,20,0.50001526,0.50001526,6,247,86.333336,139.14142,19360.334,1,0,0,0,0,0,0,0,1,129.5,6.0,247.0,0,0,0,0,0,0,1,6,1,247,0,60,0,20,0.0,0.0,0,0,0.0,0.0,0,0,Benign
6,23,1,1,6,6,6,6,6.0,0.0,6,6,6.0,0.0,521739.1304,86956.52174,23.0,0.0,23,23,0,0.0,0.0,0,0,0,0.0,0.0,0,0,0,0,0,0,20,20,43478.26,43478.26,6,6,6.0,0.0,0.0,0,0,0,0,1,1,0,0,1,9.0,6.0,6.0,0,0,0,0,0,0,1,6,1,6,178,16326,0,20,0.0,0.0,0,0,0.0,0.0,0,0,Benign
17,61314,1,1,40,307,40,40,40.0,0.0,307,307,307.0,0.0,5659.392635,32.61897772,61314.0,0.0,61314,61314,0,0.0,0.0,0,0,0,0.0,0.0,0,0,0,0,0,0,32,32,16.309488,16.309488,40,307,129.0,154.15253,23763.0,0,0,0,0,0,0,0,0,1,193.5,40.0,307.0,0,0,0,0,0,0,1,40,1,307,-1,-1,0,32,0.0,0.0,0,0,0.0,0.0,0,0,Benign
17,30161,1,1,58,74,58,58,58.0,0.0,74,74,74.0,0.0,4376.512715,66.31079871,30161.0,0.0,30161,30161,0,0.0,0.0,0,0,0,0.0,0.0,0,0,0,0,0,0,20,20,33.1554,33.1554,58,74,63.333332,9.237604,85.333336,0,0,0,0,0,0,0,0,1,95.0,58.0,74.0,0,0,0,0,0,0,1,58,1,74,-1,-1,0,20,0.0,0.0,0,0,0.0,0.0,0,0,Benign
17,199,2,2,156,412,78,78,78.0,0.0,206,206,206.0,0.0,2854271.357,20100.50251,66.333336,74.895485,149,3,3,3.0,0.0,3,3,47,47.0,0.0,47,47,0,0,0,0,64,64,10050.251,10050.251,78,206,129.2,70.10849,4915.2,0,0,0,0,0,0,0,0,1,161.5,78.0,206.0,0,0,0,0,0,0,2,156,2,412,-1,-1,1,32,0.0,0.0,0,0,0.0,0.0,0,0,Benign
6,174800,13,7,1197,4064,709,0,92.07692,200.74713,2022,0,580.5714,822.8479,30097.254,114.416476,9200.0,17256.79,53678,1,174800,14566.667,20254.854,53701,1,137510,22918.334,25323.66,54212,228,0,0,0,0,428,232,74.37071,40.045765,0,2022,250.5238,533.747,284885.88,0,0,0,1,0,0,0,0,0,263.05,92.07692,580.5714,0,0,0,0,0,0,13,1197,7,4064,65535,351,6,32,0.0,0.0,0,0,0.0,0.0,0,0,Benign
6,6692,2,0,12,0,6,6,6.0,0.0,0,0,0.0,0.0,1793.185894,298.8643156,6692.0,0.0,6692,6692,6692,6692.0,0.0,6692,6692,0,0.0,0.0,0,0,0,0,0,0,40,0,298.86432,0.0,6,6,6.0,0.0,0.0,0,0,0,0,1,0,0,0,0,9.0,6.0,0.0,0,0,0,0,0,0,2,12,0,0,913,-1,1,20,0.0,0.0,0,0,0.0,0.0,0,0,Benign
6,1857841,9,11,703,3950,267,0,78.111115,103.30228,1448,0,359.0909,569.91833,2504.520032,10.76518389,97781.1,232045.27,1022068,2,1738519,217314.88,378131.12,1117409,185,1762581,176258.1,307762.28,1022068,2,0,0,0,0,296,360,4.8443327,5.920851,0,1448,221.57143,434.49908,188789.45,0,0,0,1,0,0,0,0,1,232.65,78.111115,359.0909,0,0,0,0,0,0,9,703,11,3950,29200,252,4,32,0.0,0.0,0,0,0.0,0.0,0,0,Benign
6,328431,3,4,441,871,435,0,147.0,249.43336,859,0,217.75,427.50937,3994.7508,21.31345701,54738.5,111678.88,281529,4,304752,152376.0,182649.92,281529,23223,305310,101770.0,175989.42,304985,4,0,0,0,0,72,92,9.134338,12.179118,0,859,164.0,318.93707,101720.86,0,0,0,1,0,0,0,0,1,187.42857,147.0,217.75,0,0,0,0,0,0,3,441,4,871,8192,31,2,20,0.0,0.0,0,0,0.0,0.0,0,0,Benign
17,193,2,2,66,322,33,33,33.0,0.0,161,161,161.0,0.0,2010362.694,20725.3886,64.333336,105.36761,186,3,3,3.0,0.0,3,3,4,4.0,0.0,4,4,0,0,0,0,40,40,10362.694,10362.694,33,161,84.2,70.10849,4915.2,0,0,0,0,0,0,0,0,1,105.25,33.0,161.0,0,0,0,0,0,0,2,66,2,322,-1,-1,1,20,0.0,0.0,0,0,0.0,0.0,0,0,Benign
17,229794,1,1,48,208,48,48,48.0,0.0,208,208,208.0,0.0,1114.041272,8.703447436,229794.0,0.0,229794,229794,0,0.0,0.0,0,0,0,0.0,0.0,0,0,0,0,0,0,32,32,4.3517237,4.3517237,48,208,101.333336,92.376045,8533.333,0,0,0,0,0,0,0,0,1,152.0,48.0,208.0,0,0,0,0,0,0,1,48,1,208,-1,-1,0,32,0.0,0.0,0,0,0.0,0.0,0,0,Benign
17,61938,1,1,101,133,101,101,101.0,0.0,133,133,133.0,0.0,3777.97152,32.29035487,61938.0,0.0,61938,61938,0,0.0,0.0,0,0,0,0.0,0.0,0,0,0,0,0,0,20,20,16.145178,16.145178,101,133,111.666664,18.475208,341.33334,0,0,0,0,0,0,0,0,1,167.5,101.0,133.0,0,0,0,0,0,0,1,101,1,133,-1,-1,0,20,0.0,0.0,0,0,0.0,0.0,0,0,Benign
17,301,2,2,62,326,31,31,31.0,0.0,163,163,163.0,0.0,1289036.545,13289.03654,100.333336,133.43288,252,1,1,1.0,0.0,1,1,48,48.0,0.0,48,48,0,0,0,0,80,80,6644.518,6644.518,31,163,83.8,72.29938,5227.2,0,0,0,0,0,0,0,0,1,104.75,31.0,163.0,0,0,0,0,0,0,2,62,2,326,-1,-1,1,40,0.0,0.0,0,0,0.0,0.0,0,0,Benign
6,5761940,5,1,135,46,46,6,27.0,20.12461,46,46,46.0,0.0,31.41303103,1.041315946,1152388.0,2482408.0,5592186,3,5761940,1440485.0,2768947.2,5592186,3,0,0.0,0.0,0,0,1,0,0,0,100,20,0.8677633,0.17355266,6,46,32.42857,18.866701,355.9524,0,1,0,0,1,0,0,0,0,37.833332,27.0,46.0,0,0,0,0,0,0,5,135,1,46,254,360,4,20,169261.0,0.0,169261,169261,5592186.0,0.0,5592186,5592186,Benign
6,194,2,0,0,0,0,0,0.0,0.0,0,0,0.0,0.0,0.0,10309.27835,194.0,0.0,194,194,194,194.0,0.0,194,194,0,0.0,0.0,0,0,0,0,0,0,64,0,10309.278,0.0,0,0,0.0,0.0,0.0,0,0,0,0,1,0,0,0,0,0.0,0.0,0.0,0,0,0,0,0,0,2,0,0,0,254,-1,0,32,0.0,0.0,0,0,0.0,0.0,0,0,Benign
17,161,2,2,80,112,40,40,40.0,0.0,56,56,56.0,0.0,1192546.584,24844.7205,53.666668,87.75724,155,3,3,3.0,0.0,3,3,3,3.0,0.0,3,3,0,0,0,0,40,40,12422.36,12422.36,40,56,46.4,8.763561,76.8,0,0,0,0,0,0,0,0,1,58.0,40.0,56.0,0,0,0,0,0,0,2,80,2,112,-1,-1,1,20,0.0,0.0,0,0,0.0,0.0,0,0,Benign
17,226,2,2,104,360,52,52,52.0,0.0,180,180,180.0,0.0,2053097.345,17699.11504,75.333336,89.19828,175,3,3,3.0,0.0,3,3,48,48.0,0.0,48,48,0,0,0,0,64,64,8849.558,8849.558,52,180,103.2,70.10849,4915.2,0,0,0,0,0,0,0,0,1,129.0,52.0,180.0,0,0,0,0,0,0,2,104,2,360,-1,-1,1,32,0.0,0.0,0,0,0.0,0.0,0,0,Benign
6,51,3,1,83,6,46,6,27.666666,20.20726,6,6,6.0,0.0,1745098.039,78431.37255,17.0,25.119713,46,2,51,25.5,31.819805,48,3,0,0.0,0.0,0,0,1,0,0,0,60,20,58823.53,19607.844,6,46,27.0,20.12461,405.0,0,1,0,0,1,0,0,0,0,33.75,27.666666,6.0,0,0,0,0,0,0,3,83,1,6,123,0,2,20,0.0,0.0,0,0,0.0,0.0,0,0,Benign
6,5931441,9,6,353,4018,196,0,39.22222,71.94404,1448,0,669.6667,683.4693,736.9204212,2.528896435,423674.34,1376943.4,5182109,8,5931441,741430.1,1803290.2,5182109,18,725569,145113.8,242449.05,559985,48,0,0,0,0,296,200,1.5173379,1.0115585,0,1448,273.1875,509.0856,259168.16,0,0,0,1,0,0,0,0,0,291.4,39.22222,669.6667,0,0,0,0,0,0,9,353,6,4018,29200,939,3,32,749314.0,0.0,749314,749314,5182109.0,0.0,5182109,5182109,Benign
6,177,2,1,0,0,0,0,0.0,0.0,0,0,0.0,0.0,0.0,16949.15254,88.5,120.91526,174,3,3,3.0,0.0,3,3,0,0.0,0.0,0,0,0,0,0,0,64,32,11299.435,5649.7173,0,0,0.0,0.0,0.0,0,0,0,0,1,1,0,0,0,0.0,0.0,0.0,0,0,0,0,0,0,2,0,1,0,391,65535,0,32,0.0,0.0,0,0,0.0,0.0,0,0,Benign
6,114488537,12,14,0,31,0,0,0.0,0.0,31,0,2.2142856,8.285098,0.270769466,0.227096971,4579541.5,5111450.0,10200000,3,113000000,10200000.0,11.138794,10200000,10200000,114000000,8804952.0,3522608.5,10200000,3,0,0,0,0,384,448,0.104813986,0.12228298,0,31,1.1481482,5.965953,35.592594,0,0,0,0,1,0,0,0,1,1.1923077,0.0,2.2142856,0,0,0,0,0,0,12,0,14,31,319,76,0,32,24080.182,124.31477,24257,23889,10200000.0,127.0868,10200000,10200000,Benign
6,5083465,7,4,599,137,517,0,85.57143,191.30853,137,0,34.25,68.5,144.7831351,2.163878378,508346.5,1563271.0,4957049,48,5083465,847244.2,2046238.8,5024011,48,97389,32463.0,33753.02,67628,326,0,0,0,0,232,136,1.3770136,0.7868649,0,517,61.333332,149.08163,22225.334,0,0,0,1,0,0,0,0,0,66.90909,85.57143,34.25,0,0,0,0,0,0,7,599,4,137,29200,235,3,32,0.0,0.0,0,0,0.0,0.0,0,0,Benign
17,47897,1,1,58,107,58,58,58.0,0.0,107,107,107.0,0.0,3444.892164,41.75626866,47897.0,0.0,47897,47897,0,0.0,0.0,0,0,0,0.0,0.0,0,0,0,0,0,0,32,32,20.878134,20.878134,58,107,74.333336,28.290163,800.3333,0,0,0,0,0,0,0,0,1,111.5,58.0,107.0,0,0,0,0,0,0,1,58,1,107,-1,-1,0,32,0.0,0.0,0,0,0.0,0.0,0,0,Benign
6,100,1,1,0,0,0,0,0.0,0.0,0,0,0.0,0.0,0.0,20000.0,100.0,0.0,100,100,0,0.0,0.0,0,0,0,0.0,0.0,0,0,0,0,0,0,32,32,10000.0,10000.0,0,0,0.0,0.0,0.0,0,0,0,0,1,1,0,0,1,0.0,0.0,0.0,0,0,0,0,0,0,1,0,1,0,351,32832,0,32,0.0,0.0,0,0,0.0,0.0,0,0,Benign
6,591,2,1,8,2,6,2,4.0,2.828427,2,2,2.0,0.0,16920.47377,5076.142132,295.5,365.57422,554,37,591,591.0,0.0,591,591,0,0.0,0.0,0,0,0,0,0,0,44,24,3384.0947,1692.0474,2,6,3.0,2.0,4.0,0,0,0,1,0,0,0,0,0,4.0,4.0,2.0,0,0,0,0,0,0,2,8,1,2,1024,29200,1,20,0.0,0.0,0,0,0.0,0.0,0,0,PortScan
6,20397,2,0,12,0,6,6,6.0,0.0,0,0,0.0,0.0,588.321812,98.05363534,20397.0,0.0,20397,20397,20397,20397.0,0.0,20397,20397,0,0.0,0.0,0,0,0,0,0,0,40,0,98.053635,0.0,6,6,6.0,0.0,0.0,0,0,0,0,1,0,0,0,0,9.0,6.0,0.0,0,0,0,0,0,0,2,12,0,0,254,-1,1,20,0.0,0.0,0,0,0.0,0.0,0,0,Benign
6,4764655,5,1,135,46,46,6,27.0,20.12461,46,46,46.0,0.0,37.98806,1.259272707,952931.0,2080551.6,4674544,48,4764655,1191163.8,2322586.2,4674544,48,0,0.0,0.0,0,0,1,0,0,0,100,20,1.0493939,0.20987879,6,46,32.42857,18.866701,355.9524,0,1,0,0,1,0,0,0,0,37.833332,27.0,46.0,0,0,0,0,0,0,5,135,1,46,253,126,4,20,0.0,0.0,0,0,0.0,0.0,0,0,Benign
6,110916518,12,12,72,72,6,6,6.0,0.0,6,6,6.0,0.0,1.298273716,0.216378953,4822457.5,5078568.0,10000000,66846,111000000,10100000.0,3276.039,10100000,10100000,111000000,10100000.0,3345.4517,10100000,10100000,0,0,0,0,240,240,0.10818948,0.10818948,6,6,6.0,0.0,0.0,0,0,0,0,1,0,0,0,1,6.25,6.0,6.0,0,0,0,0,0,0,12,72,12,72,64208,40958,11,20,66987.27,104.93435,67094,66846,10000000.0,3307.391,10000000,10000000,Benign
17,169,2,2,80,112,40,40,40.0,0.0,56,56,56.0,0.0,1136094.675,23668.63905,56.333332,58.19221,119,4,46,46.0,0.0,46,46,4,4.0,0.0,4,4,0,0,0,0,64,64,11834.319,11834.319,40,56,46.4,8.763561,76.8,0,0,0,0,0,0,0,0,1,58.0,40.0,56.0,0,0,0,0,0,0,2,80,2,112,-1,-1,1,32,0.0,0.0,0,0,0.0,0.0,0,0,Benign
17,473,2,2,64,208,32,32,32.0,0.0,104,104,104.0,0.0,575052.8541,8456.659619,157.66667,271.3546,471,1,1,1.0,0.0,1,1,1,1.0,0.0,1,1,0,0,0,0,40,80,4228.3296,4228.3296,32,104,60.8,39.436024,1555.2,0,0,0,0,0,0,0,0,1,76.0,32.0,104.0,0,0,0,0,0,0,2,64,2,208,-1,-1,1,20,0.0,0.0,0,0,0.0,0.0,0,0,Benign
6,49,2,0,12,0,6,6,6.0,0.0,0,0,0.0,0.0,244897.9592,40816.32653,49.0,0.0,49,49,49,49.0,0.0,49,49,0,0.0,0.0,0,0,0,0,0,0,40,0,40816.33,0.0,6,6,6.0,0.0,0.0,0,0,0,0,1,0,0,0,0,9.0,6.0,0.0,0,0,0,0,0,0,2,12,0,0,16403,-1,1,20,0.0,0.0,0,0,0.0,0.0,0,0,Benign
6,5142172,5,1,135,46,46,6,27.0,20.12461,46,46,46.0,0.0,35.19913375,1.166822113,1028434.4,2245212.2,5044635,3,5142172,1285543.0,2506358.2,5044635,3,0,0.0,0.0,0,0,1,0,0,0,100,20,0.9723518,0.19447035,6,46,32.42857,18.866701,355.9524,0,1,0,0,1,0,0,0,0,37.833332,27.0,46.0,0,0,0,0,0,0,5,135,1,46,255,360,4,20,86709.0,0.0,86709,86709,5044635.0,0.0,5044635,5044635,Benign
17,1209,2,2,84,204,42,42,42.0,0.0,102,102,102.0,0.0,238213.3995,3308.519438,403.0,652.5052,1156,4,49,49.0,0.0,49,49,4,4.0,0.0,4,4,0,0,0,0,64,64,1654.2598,1654.2598,42,102,66.0,32.863354,1080.0,0,0,0,0,0,0,0,0,1,82.5,42.0,102.0,0,0,0,0,0,0,2,84,2,204,-1,-1,1,32,0.0,0.0,0,0,0.0,0.0,0,0,Benign
17,95447,1,1,45,194,45,45,45.0,0.0,194,194,194.0,0.0,2504.00746,20.95403732,95447.0,0.0,95447,95447,0,0.0,0.0,0,0,0,0.0,0.0,0,0,0,0,0,0,32,20,10.477018,10.477018,45,194,94.666664,86.02519,7400.3335,0,0,0,0,0,0,0,0,1,142.0,45.0,194.0,0,0,0,0,0,0,1,45,1,194,-1,-1,0,32,0.0,0.0,0,0,0.0,0.0,0,0,Benign
6,412849,10,10,1151,5186,581,0,115.1,199.75677,1460,2,518.6,675.8301,15349.43769,48.44386204,21728.895,46274.438,198047,1,371842,41315.777,65514.688,198047,1,372272,41363.555,91198.305,279205,1,0,0,0,0,220,204,24.221931,24.221931,0,1460,301.7619,518.6288,268975.78,0,0,0,1,0,0,0,0,1,316.85,115.1,518.6,0,0,0,0,0,0,10,1151,10,5186,29200,40225,9,20,0.0,0.0,0,0,0.0,0.0,0,0,Benign
6,8371,2,0,12,0,6,6,6.0,0.0,0,0,0.0,0.0,1433.520487,238.9200812,8371.0,0.0,8371,8371,8371,8371.0,0.0,8371,8371,0,0.0,0.0,0,0,0,0,0,0,40,0,238.92007,0.0,6,6,6.0,0.0,0.0,0,0,0,0,1,0,0,0,0,9.0,6.0,0.0,0,0,0,0,0,0,2,12,0,0,63420,-1,1,20,0.0,0.0,0,0,0.0,0.0,0,0,Benign
6,5419397,3,1,12,2,6,0,4.0,3.4641016,2,2,2.0,0.0,2.583313236,0.738089496,1806465.6,3036622.5,5312312,92,5419397,2709698.5,3680651.2,5312312,107085,0,0.0,0.0,0,0,0,0,0,0,72,24,0.5535671,0.18452238,0,6,2.8,3.0331502,9.2,0,0,0,1,0,0,0,0,0,3.5,4.0,2.0,0,0,0,0,0,0,3,12,1,2,8192,29200,2,20,0.0,0.0,0,0,0.0,0.0,0,0,Benign
6,61116198,18,16,1291,9807,334,0,71.72222,126.91303,1814,0,612.9375,729.73737,181.5885209,0.556317329,1852006.0,3913311.0,10200000,13,61100000,3595070.5,4950519.5,10300000,210,61000000,4068690.8,5096294.0,10300000,89,0,0,0,0,584,520,0.29452094,0.26179639,0,1814,317.08572,564.8066,319006.5,0,0,0,1,0,0,0,0,0,326.41177,71.72222,612.9375,0,0,0,0,0,0,18,1291,16,9807,29200,131,5,32,162905.67,189128.72,548963,85634,10000000.0,278215.84,10200000,9472933,Benign
17,301,2,2,86,322,43,43,43.0,0.0,161,161,161.0,0.0,1355481.728,13289.03654,100.333336,129.84735,248,4,4,4.0,0.0,4,4,49,49.0,0.0,49,49,0,0,0,0,64,64,6644.518,6644.518,43,161,90.2,64.63126,4177.2,0,0,0,0,0,0,0,0,1,112.75,43.0,161.0,0,0,0,0,0,0,2,86,2,322,-1,-1,1,32,0.0,0.0,0,0,0.0,0.0,0,0,Benign
6,5428536,10,5,387,4099,194,0,38.7,74.434235,2836,0,819.8,1192.2207,826.3738142,2.763175928,387752.56,1398870.5,5247654,3,5428536,603170.7,1741887.5,5247654,3,107549,26887.25,23836.91,54374,213,0,0,0,0,328,168,1.8421173,0.92105865,0,2836,280.375,723.556,523533.3,0,0,0,1,0,0,0,0,0,299.06668,38.7,819.8,0,0,0,0,0,0,10,387,5,4099,29200,349,3,32,180879.0,0.0,180879,180879,5247654.0,0.0,5247654,5247654,Benign
17,257,2,2,70,226,35,35,35.0,0.0,113,113,113.0,0.0,1151750.973,15564.20233,85.666664,144.0567,252,1,1,1.0,0.0,1,1,4,4.0,0.0,4,4,0,0,0,0,40,40,7782.101,7782.101,35,113,66.2,42.72236,1825.2,0,0,0,0,0,0,0,0,1,82.75,35.0,113.0,0,0,0,0,0,0,2,70,2,226,-1,-1,1,20,0.0,0.0,0,0,0.0,0.0,0,0,Benign
6,111779729,32,16,6448,5056,403,0,201.5,204.7242,316,316,316.0,0.0,102.9166925,0.429415963,2378292.0,5749908.5,16400000,3,112000000,3605797.8,6791210.5,16400000,3,112000000,7451961.0,8253863.0,16400000,3,1,0,0,0,1024,512,0.2862773,0.14313865,0,403,243.0,174.71692,30526.0,0,1,0,0,1,0,0,0,0,248.0625,201.5,316.0,0,0,0,0,0,0,32,6448,16,5056,955,2079,15,32,325.2857,1.3801311,327,324,16000000.0,547149.06,16400000,15400000,Benign
6,7002646,13,10,2305,6535,1074,0,177.3077,357.8292,2307,0,653.5,808.86316,1262.379963,3.284472755,318302.1,1228881.4,5800934,3,7002646,583553.8,1648611.8,5800934,3,886068,98452.0,133989.3,282419,52,0,0,0,0,424,328,1.8564411,1.4280317,0,2307,368.33334,620.24146,384699.44,0,0,0,1,0,0,0,0,0,384.34784,177.3077,653.5,0,0,0,0,0,0,13,2305,10,6535,29200,161,5,32,1201709.0,0.0,1201709,1201709,5800934.0,0.0,5800934,5800934,Benign
17,18,13,0,650,0,50,50,50.0,0.0,0,0,0.0,0.0,36100000.0,722222.2222,1.5,0.90453404,4,1,18,1.5,0.90453404,4,1,0,0.0,0.0,0,0,0,0,0,0,260,0,722222.25,0.0,50,50,50.0,0.0,0.0,0,0,0,0,0,0,0,0,0,53.846153,50.0,0.0,0,0,0,0,0,0,13,650,0,0,-1,-1,12,20,0.0,0.0,0,0,0.0,0.0,0,0,Benign
17,69689,2,2,74,322,37,37,37.0,0.0,161,161,161.0,0.0,5682.388899,57.39786767,23229.666,40229.766,69683,3,3,3.0,0.0,3,3,3,3.0,0.0,3,3,0,0,0,0,64,40,28.698935,28.698935,37,161,86.6,67.917595,4612.8,0,0,0,0,0,0,0,0,1,108.25,37.0,161.0,0,0,0,0,0,0,2,74,2,322,-1,-1,1,32,0.0,0.0,0,0,0.0,0.0,0,0,Benign
6,5997735,3,1,12,0,6,0,4.0,3.4641016,0,0,0.0,0.0,2.000755285,0.666918428,1999245.0,3419987.5,5948203,16,5997735,2998867.5,4170990.2,5948203,49532,0,0.0,0.0,0,0,0,0,0,0,72,32,0.5001888,0.16672961,0,6,2.4,3.2863352,10.8,0,0,0,1,0,0,0,0,0,3.0,4.0,0.0,0,0,0,0,0,0,3,12,1,0,8192,29200,2,20,0.0,0.0,0,0,0.0,0.0,0,0,Benign
17,31835,2,2,72,198,36,36,36.0,0.0,99,99,99.0,0.0,8481.231349,125.6478718,10611.667,18297.674,31740,47,48,48.0,0.0,48,48,47,47.0,0.0,47,47,0,0,0,0,64,64,62.823936,62.823936,36,99,61.2,34.50652,1190.7,0,0,0,0,0,0,0,0,1,76.5,36.0,99.0,0,0,0,0,0,0,2,72,2,198,-1,-1,1,32,0.0,0.0,0,0,0.0,0.0,0,0,Benign
17,183,2,2,80,112,40,40,40.0,0.0,56,56,56.0,0.0,1049180.328,21857.9235,61.0,64.83826,131,3,49,49.0,0.0,49,49,3,3.0,0.0,3,3,0,0,0,0,64,64,10928.962,10928.962,40,56,46.4,8.763561,76.8,0,0,0,0,0,0,0,0,1,58.0,40.0,56.0,0,0,0,0,0,0,2,80,2,112,-1,-1,1,32,0.0,0.0,0,0,0.0,0.0,0,0,Benign
17,38915,4,4,136,456,34,34,34.0,0.0,114,114,114.0,0.0,15212.64294,205.5762559,5559.2856,11675.347,31347,1,38572,12857.333,22267.822,38570,1,7567,2522.3333,4288.269,7474,46,0,0,0,0,104,80,102.78813,102.78813,34,114,69.55556,42.163704,1777.7778,0,0,0,0,0,0,0,0,1,78.25,34.0,114.0,0,0,0,0,0,0,4,136,4,456,-1,-1,3,20,0.0,0.0,0,0,0.0,0.0,0,0,Benign
6,172078,3,5,1691,309,1691,0,563.6667,976.2993,309,0,61.8,138.189,11622.63625,46.49054499,24582.572,35980.695,95308,1,133280,66640.0,40542.676,95308,37972,134163,33540.75,66833.055,133790,1,0,0,0,0,104,168,17.433954,29.056591,0,1691,222.22223,560.19165,313814.7,0,0,0,1,0,0,0,0,1,250.0,563.6667,61.8,0,0,0,0,0,0,3,1691,5,309,29200,40,1,32,0.0,0.0,0,0,0.0,0.0,0,0,Benign
6,5,3,0,31,0,31,0,10.333333,17.897858,0,0,0.0,0.0,6200000.0,600000.0,2.5,2.1213202,4,1,5,2.5,2.1213202,4,1,0,0.0,0.0,0,0,0,0,0,0,96,0,600000.0,0.0,0,31,7.75,15.5,240.25,0,0,0,0,1,0,0,0,0,10.333333,10.333333,0.0,0,0,0,0,0,0,3,31,0,0,972,-1,1,32,0.0,0.0,0,0,0.0,0.0,0,0,Benign
17,30537,1,1,48,64,48,48,48.0,0.0,64,64,64.0,0.0,3667.681829,65.49431837,30537.0,0.0,30537,30537,0,0.0,0.0,0,0,0,0.0,0.0,0,0,0,0,0,0,20,20,32.747158,32.747158,48,64,53.333332,9.237604,85.333336,0,0,0,0,0,0,0,0,1,80.0,48.0,64.0,0,0,0,0,0,0,1,48,1,64,-1,-1,0,20,0.0,0.0,0,0,0.0,0.0,0,0,Benign
6,95023,1,1,0,0,0,0,0.0,0.0,0,0,0.0,0.0,0.0,21.04753586,95023.0,0.0,95023,95023,0,0.0,0.0,0,0,0,0.0,0.0,0,0,0,0,0,0,32,32,10.523767,10.523767,0,0,0.0,0.0,0.0,0,0,0,0,1,1,0,0,1,0.0,0.0,0.0,0,0,0,0,0,0,1,0,1,0,304,252,0,32,0.0,0.0,0,0,0.0,0.0,0,0,Benign
17,228,2,2,68,276,34,34,34.0,0.0,138,138,138.0,0.0,1508771.93,17543.85965,76.0,127.31457,223,1,1,1.0,0.0,1,1,4,4.0,0.0,4,4,0,0,0,0,88,88,8771.93,8771.93,34,138,75.6,56.963146,3244.8,0,0,0,0,0,0,0,0,1,94.5,34.0,138.0,0,0,0,0,0,0,2,68,2,276,-1,-1,1,44,0.0,0.0,0,0,0.0,0.0,0,0,Benign
6,117988643,15,13,583,4203,197,0,38.866665,63.832222,1418,0,323.30768,532.08435,40.56322607,0.237310976,4369949.5,15700000.0,58700000,4,118000000,8427760.0,21300000.0,58800000,166,118000000,9829312.0,22900000.0,58800000,4,0,0,0,0,500,424,0.12713088,0.110180095,0,1418,165.03448,380.13507,144502.67,0,0,0,1,0,0,0,0,0,170.92857,38.866665,323.30768,0,0,0,0,0,0,15,583,13,4203,29200,349,6,32,249648.0,300555.75,462173,37123,58700000.0,15588.876,58700000,58700000,Benign
17,47477,4,2,280,304,70,70,70.0,0.0,152,152,152.0,0.0,12300.69297,126.3769825,9495.4,17370.594,40041,3,40048,13349.333,23115.662,40041,3,48,48.0,0.0,48,48,0,0,0,0,104,40,84.25132,42.12566,70,152,93.42857,40.0119,1600.9524,0,0,0,0,0,0,0,0,0,109.0,70.0,152.0,0,0,0,0,0,0,4,280,2,304,-1,-1,3,20,0.0,0.0,0,0,0.0,0.0,0,0,Benign
17,50348,1,1,44,72,44,44,44.0,0.0,72,72,72.0,0.0,2303.964408,39.72352427,50348.0,0.0,50348,50348,0,0.0,0.0,0,0,0,0.0,0.0,0,0,0,0,0,0,32,32,19.861763,19.861763,44,72,53.333332,16.165808,261.33334,0,0,0,0,0,0,0,0,1,80.0,44.0,72.0,0,0,0,0,0,0,1,44,1,72,-1,-1,0,32,0.0,0.0,0,0,0.0,0.0,0,0,Benign
17,50494,4,2,132,122,33,33,33.0,0.0,61,61,61.0,0.0,5030.30063,118.8259991,10098.8,19014.557,43706,3,43714,14571.333,25231.361,43706,4,3,3.0,0.0,3,3,0,0,0,0,104,64,79.21733,39.608665,33,61,41.0,13.662601,186.66667,0,0,0,0,0,0,0,0,0,47.833332,33.0,61.0,0,0,0,0,0,0,4,132,2,122,-1,-1,3,20,0.0,0.0,0,0,0.0,0.0,0,0,Benign
17,11,2,2,136,72,68,68,68.0,0.0,36,36,36.0,0.0,18900000.0,363636.3636,3.6666667,1.5275252,5,2,4,4.0,0.0,4,4,2,2.0,0.0,2,2,0,0,0,0,40,40,181818.19,181818.19,36,68,55.2,17.527122,307.2,0,0,0,0,0,0,0,0,1,69.0,68.0,36.0,0,0,0,0,0,0,2,136,2,72,-1,-1,1,20,0.0,0.0,0,0,0.0,0.0,0,0,Benign
6,118482775,59,72,2514,82575,261,0,42.61017,90.21737,3117,0,1146.875,748.9043,718.155023,1.105645947,911405.94,2756410.2,10000000,0,118000000,2037502.0,3995133.0,10300000,48,118000000,1664324.4,3703070.8,10300000,2,0,0,0,0,1312,1584,0.49796268,0.60768324,0,3117,644.61365,782.7031,612624.1,0,0,0,1,0,0,0,0,1,649.53436,42.61017,1146.875,0,0,0,0,0,0,59,2514,72,82575,8192,46,48,20,816073.6,1669821.8,5850768,307404,9927119.0,256839.7,10000000,9152867,Benign
17,23751,1,1,52,113,52,52,52.0,0.0,113,113,113.0,0.0,6947.075913,84.20698076,23751.0,0.0,23751,23751,0,0.0,0.0,0,0,0,0.0,0.0,0,0,0,0,0,0,32,32,42.10349,42.10349,52,113,72.333336,35.218365,1240.3334,0,0,0,0,0,0,0,0,1,108.5,52.0,113.0,0,0,0,0,0,0,1,52,1,113,-1,-1,0,32,0.0,0.0,0,0,0.0,0.0,0,0,Benign
17,23536,1,1,48,80,48,48,48.0,0.0,80,80,80.0,0.0,5438.477226,84.97620666,23536.0,0.0,23536,23536,0,0.0,0.0,0,0,0,0.0,0.0,0,0,0,0,0,0,20,20,42.488102,42.488102,48,80,58.666668,18.475208,341.33334,0,0,0,0,0,0,0,0,1,88.0,48.0,80.0,0,0,0,0,0,0,1,48,1,80,-1,-1,0,20,0.0,0.0,0,0,0.0,0.0,0,0,Benign
6,116571078,54,63,1770,98404,960,0,32.77778,133.89247,4230,0,1561.9683,951.9814,859.3383686,1.003679489,1004923.06,7598251.0,58200000,3,117000000,2199454.2,11200000.0,58200000,48,116000000,1878981.9,10400000.0,58300000,3,0,0,0,0,1248,1272,0.4632367,0.5404428,0,4230,848.9322,1037.1715,1075724.8,0,0,0,1,0,0,0,0,1,856.18805,32.77778,1561.9683,0,0,0,0,0,0,54,1770,63,98404,8192,127,40,20,126236.5,75505.57,179627,72846,58100000.0,148698.9,58200000,58000000,Benign
6,111811119,19,18,1432,3925,1029,0,75.36842,236.23698,1460,0,218.05556,470.66916,47.91115631,0.330915211,3105864.5,4631197.0,10000000,30,112000000,6209774.0,4916377.0,10000000,35355,112000000,6575046.5,4842963.0,10100000,212,0,0,0,0,404,504,0.16992943,0.16098578,0,1460,140.97368,366.83978,134571.44,0,0,0,1,0,0,0,0,0,144.78378,75.36842,218.05556,0,0,0,0,0,0,19,1432,18,3925,8192,64,17,20,175098.45,464327.66,1575099,34993,9986350.0,58662.645,10000000,9810488,Benign
6,28,1,1,6,6,6,6,6.0,0.0,6,6,6.0,0.0,428571.4286,71428.57143,28.0,0.0,28,28,0,0.0,0.0,0,0,0,0.0,0.0,0,0,0,0,0,0,20,20,35714.285,35714.285,6,6,6.0,0.0,0.0,0,0,0,0,1,1,0,0,1,9.0,6.0,6.0,0,0,0,0,0,0,1,6,1,6,128,252,0,20,0.0,0.0,0,0,0.0,0.0,0,0,Benign
17,179690,1,1,46,135,46,46,46.0,0.0,135,135,135.0,0.0,1007.290333,11.13027993,179690.0,0.0,179690,179690,0,0.0,0.0,0,0,0,0.0,0.0,0,0,0,0,0,0,40,32,5.56514,5.56514,46,135,75.666664,51.384174,2640.3333,0,0,0,0,0,0,0,0,1,113.5,46.0,135.0,0,0,0,0,0,0,1,46,1,135,-1,-1,0,40,0.0,0.0,0,0,0.0,0.0,0,0,Benign
6,23851,1,1,6,6,6,6,6.0,0.0,6,6,6.0,0.0,503.1235588,83.85392646,23851.0,0.0,23851,23851,0,0.0,0.0,0,0,0,0.0,0.0,0,0,0,0,0,0,20,20,41.926964,41.926964,6,6,6.0,0.0,0.0,0,0,0,0,1,1,0,0,1,9.0,6.0,6.0,0,0,0,0,0,0,1,6,1,6,16425,311,0,20,0.0,0.0,0,0,0.0,0.0,0,0,Benign
6,97,1,1,6,6,6,6,6.0,0.0,6,6,6.0,0.0,123711.3402,20618.5567,97.0,0.0,97,97,0,0.0,0.0,0,0,0,0.0,0.0,0,0,0,0,0,0,20,20,10309.278,10309.278,6,6,6.0,0.0,0.0,0,0,0,0,1,1,0,0,1,9.0,6.0,6.0,0,0,0,0,0,0,1,6,1,6,32,347,0,20,0.0,0.0,0,0,0.0,0.0,0,0,Benign
6,6235156,3,1,12,0,6,0,4.0,3.4641016,0,0,0.0,0.0,1.924570933,0.641523644,2078385.4,3505874.8,6126133,87,6235156,3117578.0,4254739.5,6126133,109023,0,0.0,0.0,0,0,0,0,0,0,72,32,0.48114273,0.16038091,0,6,2.4,3.2863352,10.8,0,0,0,1,0,0,0,0,0,3.0,4.0,0.0,0,0,0,0,0,0,3,12,1,0,8192,14600,2,20,0.0,0.0,0,0,0.0,0.0,0,0,Benign
17,23220,1,1,55,110,55,55,55.0,0.0,110,110,110.0,0.0,7105.943152,86.13264427,23220.0,0.0,23220,23220,0,0.0,0.0,0,0,0,0.0,0.0,0,0,0,0,0,0,20,20,43.066322,43.066322,55,110,73.333336,31.754265,1008.3333,0,0,0,0,0,0,0,0,1,110.0,55.0,110.0,0,0,0,0,0,0,1,55,1,110,-1,-1,0,20,0.0,0.0,0,0,0.0,0.0,0,0,Benign
17,54095,1,1,60,154,60,60,60.0,0.0,154,154,154.0,0.0,3956.003327,36.97199371,54095.0,0.0,54095,54095,0,0.0,0.0,0,0,0,0.0,0.0,0,0,0,0,0,0,32,20,18.485996,18.485996,60,154,91.333336,54.270924,2945.3333,0,0,0,0,0,0,0,0,1,137.0,60.0,154.0,0,0,0,0,0,0,1,60,1,154,-1,-1,0,32,0.0,0.0,0,0,0.0,0.0,0,0,Benign
6,246,1,1,0,0,0,0,0.0,0.0,0,0,0.0,0.0,0.0,8130.081301,246.0,0.0,246,246,0,0.0,0.0,0,0,0,0.0,0.0,0,0,0,0,0,0,32,32,4065.0408,4065.0408,0,0,0.0,0.0,0.0,0,0,0,0,1,1,0,0,1,0.0,0.0,0.0,0,0,0,0,0,0,1,0,1,0,358,65535,0,32,0.0,0.0,0,0,0.0,0.0,0,0,Benign
17,574,1,1,51,179,51,51,51.0,0.0,179,179,179.0,0.0,400696.8641,3484.320557,574.0,0.0,574,574,0,0.0,0.0,0,0,0,0.0,0.0,0,0,0,0,0,0,20,20,1742.1603,1742.1603,51,179,93.666664,73.90083,5461.3335,0,0,0,0,0,0,0,0,1,140.5,51.0,179.0,0,0,0,0,0,0,1,51,1,179,-1,-1,0,20,0.0,0.0,0,0,0.0,0.0,0,0,Benign
17,30694,4,4,148,380,37,37,37.0,0.0,95,95,95.0,0.0,17202.05903,260.6372581,4384.857,8916.6455,23785,2,30570,10190.0,17643.535,30563,3,6905,2301.6667,3981.4075,6899,2,0,0,0,0,104,80,130.31863,130.31863,37,95,62.77778,30.568684,934.44446,0,0,0,0,0,0,0,0,1,70.625,37.0,95.0,0,0,0,0,0,0,4,148,4,380,-1,-1,3,20,0.0,0.0,0,0,0.0,0.0,0,0,Benign
6,318,4,0,37,0,37,0,9.25,18.5,0,0,0.0,0.0,116352.2013,12578.61635,106.0,151.53548,280,3,318,106.0,151.53548,280,3,0,0.0,0.0,0,0,0,0,0,0,128,0,12578.616,0.0,0,37,7.4,16.546904,273.8,0,0,0,0,1,0,0,0,0,9.25,9.25,0.0,0,0,0,0,0,0,4,37,0,0,65535,-1,1,32,0.0,0.0,0,0,0.0,0.0,0,0,Benign
6,379797,2,0,12,0,6,6,6.0,0.0,0,0,0.0,0.0,31.59582619,5.265971032,379797.0,0.0,379797,379797,379797,379797.0,0.0,379797,379797,0,0.0,0.0,0,0,0,0,0,0,40,0,5.265971,0.0,6,6,6.0,0.0,0.0,0,0,0,0,1,0,0,0,0,9.0,6.0,0.0,0,0,0,0,0,0,2,12,0,0,16336,-1,1,20,0.0,0.0,0,0,0.0,0.0,0,0,Benign
6,97,2,1,37,6,31,6,18.5,17.67767,6,6,6.0,0.0,443298.9691,30927.83505,48.5,0.70710677,49,48,48,48.0,0.0,48,48,0,0.0,0.0,0,0,1,0,0,0,40,20,20618.557,10309.278,6,31,18.5,14.433757,208.33333,0,1,0,0,1,0,0,0,0,24.666666,18.5,6.0,0,0,0,0,0,0,2,37,1,6,31,0,1,20,0.0,0.0,0,0,0.0,0.0,0,0,Benign
17,30790,1,1,46,111,46,46,46.0,0.0,111,111,111.0,0.0,5099.058136,64.9561546,30790.0,0.0,30790,30790,0,0.0,0.0,0,0,0,0.0,0.0,0,0,0,0,0,0,20,40,32.478077,32.478077,46,111,67.666664,37.527767,1408.3334,0,0,0,0,0,0,0,0,1,101.5,46.0,111.0,0,0,0,0,0,0,1,46,1,111,-1,-1,0,20,0.0,0.0,0,0,0.0,0.0,0,0,Benign
6,76942,3,5,1675,309,1675,0,558.3333,967.0617,309,0,61.8,138.189,25785.65673,103.9744223,10991.714,18580.463,38315,1,38293,19146.5,26835.41,38122,171,38877,9719.25,19216.467,38543,1,0,0,0,0,104,168,38.99041,64.98402,0,1675,220.44444,554.94867,307968.03,0,0,0,1,0,0,0,0,1,248.0,558.3333,61.8,0,0,0,0,0,0,3,1675,5,309,29200,40,1,32,0.0,0.0,0,0,0.0,0.0,0,0,Benign
17,769,2,2,504,2884,252,252,252.0,0.0,1442,1442,1442.0,0.0,4405721.717,5201.560468,256.33334,437.05417,761,4,4,4.0,0.0,4,4,4,4.0,0.0,4,4,0,0,0,0,64,64,2600.7803,2600.7803,252,1442,728.0,651.78986,424830.0,0,0,0,0,0,0,0,0,1,910.0,252.0,1442.0,0,0,0,0,0,0,2,504,2,2884,-1,-1,1,32,0.0,0.0,0,0,0.0,0.0,0,0,Benign
6,31998094,64,95,1771,157503,517,0,27.671875,95.29021,4380,0,1657.9263,1063.0697,4977.608979,4.969045969,202519.58,1305781.2,9999081,2,23100000,366213.5,1793556.6,10400000,3,31600000,336574.03,1729509.4,10400000,2,0,0,0,0,1364,1984,2.0001192,2.968927,0,4380,995.4625,1147.6779,1317164.5,0,0,0,1,0,0,0,0,1,1001.72327,27.671875,1657.9263,0,0,0,0,0,0,64,1771,95,157503,8192,131,57,20,1146677.4,1362975.8,2720506,359271,9519353.0,825300.0,9999081,8566386,Benign
6,17,1,3,6,43,6,6,6.0,0.0,31,6,14.333333,14.433757,2882352.941,235294.1176,5.6666665,6.4291005,13,1,0,0.0,0.0,0,0,4,2.0,1.4142135,3,1,0,0,0,0,20,60,58823.53,176470.6,6,31,11.0,11.18034,125.0,1,0,0,0,1,0,0,0,3,13.75,6.0,14.333333,0,0,0,0,0,0,1,6,3,43,0,64,0,20,0.0,0.0,0,0,0.0,0.0,0,0,Benign
17,47989,1,1,59,75,59,59,59.0,0.0,75,75,75.0,0.0,2792.30657,41.67621747,47989.0,0.0,47989,47989,0,0.0,0.0,0,0,0,0.0,0.0,0,0,0,0,0,0,32,20,20.838108,20.838108,59,75,64.333336,9.237604,85.333336,0,0,0,0,0,0,0,0,1,96.5,59.0,75.0,0,0,0,0,0,0,1,59,1,75,-1,-1,0,32,0.0,0.0,0,0,0.0,0.0,0,0,Benign
17,62797,2,2,82,216,41,41,41.0,0.0,108,108,108.0,0.0,4745.449623,63.69731038,20932.334,36252.402,62793,1,1,1.0,0.0,1,1,3,3.0,0.0,3,3,0,0,0,0,64,64,31.848656,31.848656,41,108,67.8,36.69741,1346.7,0,0,0,0,0,0,0,0,1,84.75,41.0,108.0,0,0,0,0,0,0,2,82,2,216,-1,-1,1,32,0.0,0.0,0,0,0.0,0.0,0,0,Benign
6,997212,3,3,0,18,0,0,0.0,0.0,6,6,6.0,0.0,18.0503243,6.016774768,199442.4,272405.03,498658,388,996626,498313.0,1258.65,499203,497423,996824,498412.0,1176.6257,499244,497580,0,0,0,0,92,60,3.0083873,3.0083873,0,6,2.5714285,3.207135,10.285714,0,0,0,1,0,0,0,0,1,3.0,0.0,6.0,0,0,0,0,0,0,3,0,3,18,8192,0,0,28,0.0,0.0,0,0,0.0,0.0,0,0,Benign
6,5850694,7,4,635,168,517,0,90.71429,190.7072,168,0,42.0,84.0,137.2486751,1.880118837,585069.4,1796810.8,5698345,49,5850694,975115.7,2351597.8,5775149,49,114992,38330.668,38385.934,77084,323,0,0,0,0,232,136,1.1964393,0.6836796,0,517,66.916664,150.84879,22755.355,0,0,0,1,0,0,0,0,0,73.0,90.71429,42.0,0,0,0,0,0,0,7,635,4,168,29200,340,3,32,152300.0,0.0,152300,152300,5698345.0,0.0,5698345,5698345,Benign
17,457272,2,2,56,164,28,28,28.0,0.0,82,82,82.0,0.0,481.1140853,8.747528823,152424.0,264000.9,457266,2,2,2.0,0.0,2,2,4,4.0,0.0,4,4,0,0,0,0,40,40,4.3737645,4.3737645,28,82,49.6,29.577019,874.8,0,0,0,0,0,0,0,0,1,62.0,28.0,82.0,0,0,0,0,0,0,2,56,2,164,-1,-1,1,20,0.0,0.0,0,0,0.0,0.0,0,0,Benign
17,187,2,2,102,158,51,51,51.0,0.0,79,79,79.0,0.0,1390374.332,21390.37433,62.333332,66.66583,135,4,4,4.0,0.0,4,4,48,48.0,0.0,48,48,0,0,0,0,40,40,10695.1875,10695.1875,51,79,62.2,15.336231,235.2,0,0,0,0,0,0,0,0,1,77.75,51.0,79.0,0,0,0,0,0,0,2,102,2,158,-1,-1,1,20,0.0,0.0,0,0,0.0,0.0,0,0,Benign
17,95854,2,2,72,286,36,36,36.0,0.0,143,143,143.0,0.0,3734.846746,41.73013124,31951.334,55336.137,95848,3,3,3.0,0.0,3,3,3,3.0,0.0,3,3,0,0,0,0,64,64,20.865067,20.865067,36,143,78.8,58.60631,3434.7,0,0,0,0,0,0,0,0,1,98.5,36.0,143.0,0,0,0,0,0,0,2,72,2,286,-1,-1,1,32,0.0,0.0,0,0,0.0,0.0,0,0,Benign
17,2971725,6,4,204,380,42,30,34.0,6.1967735,132,58,95.0,42.72392,196.5188569,3.365048919,330191.66,967665.4,2910393,1,2941170,588234.0,1298299.9,2910583,1,2971536,990512.0,1715510.6,2971413,49,0,0,0,0,144,128,2.0190294,1.3460196,30,132,56.909092,38.526497,1484.2909,0,0,0,0,0,0,0,0,0,62.6,34.0,95.0,0,0,0,0,0,0,6,204,4,380,-1,-1,5,20,0.0,0.0,0,0,0.0,0.0,0,0,Benign
17,272,2,2,74,204,37,37,37.0,0.0,102,102,102.0,0.0,1022058.824,14705.88235,90.666664,144.19547,257,1,1,1.0,0.0,1,1,14,14.0,0.0,14,14,0,0,0,0,64,64,7352.9414,7352.9414,37,102,63.0,35.601967,1267.5,0,0,0,0,0,0,0,0,1,78.75,37.0,102.0,0,0,0,0,0,0,2,74,2,204,-1,-1,1,32,0.0,0.0,0,0,0.0,0.0,0,0,Benign
17,30808,2,2,92,170,46,46,46.0,0.0,85,85,85.0,0.0,8504.284601,129.8364061,10269.333,17704.734,30713,47,48,48.0,0.0,48,48,47,47.0,0.0,47,47,0,0,0,0,64,64,64.918205,64.918205,46,85,61.6,21.36118,456.3,0,0,0,0,0,0,0,0,1,77.0,46.0,85.0,0,0,0,0,0,0,2,92,2,170,-1,-1,1,32,0.0,0.0,0,0,0.0,0.0,0,0,Benign
17,30807,2,2,92,254,46,46,46.0,0.0,127,127,127.0,0.0,11231.21369,129.8406206,10269.0,17740.545,30754,4,4,4.0,0.0,4,4,49,49.0,0.0,49,49,0,0,0,0,40,40,64.92031,64.92031,46,127,78.4,44.36553,1968.3,0,0,0,0,0,0,0,0,1,98.0,46.0,127.0,0,0,0,0,0,0,2,92,2,254,-1,-1,1,20,0.0,0.0,0,0,0.0,0.0,0,0,Benign
17,389120,4,2,156,268,39,39,39.0,0.0,134,134,134.0,0.0,1089.638158,15.41940789,77824.0,152626.69,349085,1,40031,13343.667,23108.445,40027,1,4,4.0,0.0,4,4,0,0,0,0,80,40,10.279605,5.1398025,39,134,66.14286,46.355255,2148.8096,0,0,0,0,0,0,0,0,0,77.166664,39.0,134.0,0,0,0,0,0,0,4,156,2,268,-1,-1,3,20,0.0,0.0,0,0,0.0,0.0,0,0,Benign
17,80200,2,2,70,174,35,35,35.0,0.0,87,87,87.0,0.0,3042.394015,49.87531172,26733.334,46298.297,80194,3,3,3.0,0.0,3,3,3,3.0,0.0,3,3,0,0,0,0,64,40,24.937656,24.937656,35,87,55.8,28.481573,811.2,0,0,0,0,0,0,0,0,1,69.75,35.0,87.0,0,0,0,0,0,0,2,70,2,174,-1,-1,1,32,0.0,0.0,0,0,0.0,0.0,0,0,Benign
6,27,1,1,6,6,6,6,6.0,0.0,6,6,6.0,0.0,444444.4444,74074.07407,27.0,0.0,27,27,0,0.0,0.0,0,0,0,0.0,0.0,0,0,0,0,0,0,20,20,37037.035,37037.035,6,6,6.0,0.0,0.0,0,0,0,0,1,1,0,0,1,9.0,6.0,6.0,0,0,0,0,0,0,1,6,1,6,286,16425,0,20,0.0,0.0,0,0,0.0,0.0,0,0,Benign
17,30816,1,1,49,65,49,49,49.0,0.0,65,65,65.0,0.0,3699.376947,64.90134995,30816.0,0.0,30816,30816,0,0.0,0.0,0,0,0,0.0,0.0,0,0,0,0,0,0,32,20,32.450676,32.450676,49,65,54.333332,9.237604,85.333336,0,0,0,0,0,0,0,0,1,81.5,49.0,65.0,0,0,0,0,0,0,1,49,1,65,-1,-1,0,32,0.0,0.0,0,0,0.0,0.0,0,0,Benign
6,61745544,15,13,861,4403,474,0,57.4,128.04898,1460,0,338.69232,580.75476,85.25311559,0.453474019,2286872.0,4197501.5,10000000,49,61700000,4410396.0,5157176.5,10200000,184,61600000,5129818.0,5255735.0,10200000,49,0,0,0,0,312,332,0.24293251,0.2105415,0,1460,181.51724,416.7065,173644.33,0,0,0,1,0,0,0,0,0,188.0,57.4,338.69232,0,0,0,0,0,0,15,861,13,4403,8192,123,14,20,294535.5,261868.84,829073,187560,9991758.0,20045.7,10000000,9950845,Benign
17,40758,1,1,45,77,45,45,45.0,0.0,77,77,77.0,0.0,2993.277393,49.0701212,40758.0,0.0,40758,40758,0,0.0,0.0,0,0,0,0.0,0.0,0,0,0,0,0,0,32,32,24.53506,24.53506,45,77,55.666668,18.475208,341.33334,0,0,0,0,0,0,0,0,1,83.5,45.0,77.0,0,0,0,0,0,0,1,45,1,77,-1,-1,0,32,0.0,0.0,0,0,0.0,0.0,0,0,Benign
17,1189,2,2,72,146,36,36,36.0,0.0,73,73,73.0,0.0,183347.3507,3364.171573,396.33334,680.4075,1182,3,3,3.0,0.0,3,3,4,4.0,0.0,4,4,0,0,0,0,64,64,1682.0858,1682.0858,36,73,50.8,20.265734,410.7,0,0,0,0,0,0,0,0,1,63.5,36.0,73.0,0,0,0,0,0,0,2,72,2,146,-1,-1,1,32,0.0,0.0,0,0,0.0,0.0,0,0,Benign
17,58809,1,1,48,110,48,48,48.0,0.0,110,110,110.0,0.0,2686.663606,34.00840007,58809.0,0.0,58809,58809,0,0.0,0.0,0,0,0,0.0,0.0,0,0,0,0,0,0,20,20,17.0042,17.0042,48,110,68.666664,35.795715,1281.3334,0,0,0,0,0,0,0,0,1,103.0,48.0,110.0,0,0,0,0,0,0,1,48,1,110,-1,-1,0,20,0.0,0.0,0,0,0.0,0.0,0,0,Benign
6,63014875,165,219,6070,199395,263,0,36.78788,54.739605,2303,0,910.47943,663.6077,3260.579347,6.093799282,164529.7,2980823.2,58300000,1,63000000,384237.03,4560200.5,58400000,1,62900000,288704.9,3952981.2,58300000,1,0,0,0,0,5300,7016,2.6184294,3.47537,0,2303,533.67535,662.6375,439088.47,0,0,0,1,0,0,0,0,1,535.0651,36.78788,910.47943,0,0,0,0,0,0,165,6070,219,199395,29200,407,61,32,4641714.0,0.0,4641714,4641714,58300000.0,0.0,58300000,58300000,Benign
17,24117,2,2,78,110,39,39,39.0,0.0,55,55,55.0,0.0,7795.331094,165.8581084,8039.0,13918.761,24111,3,3,3.0,0.0,3,3,3,3.0,0.0,3,3,0,0,0,0,64,64,82.929054,82.929054,39,55,45.4,8.763561,76.8,0,0,0,0,0,0,0,0,1,56.75,39.0,55.0,0,0,0,0,0,0,2,78,2,110,-1,-1,1,32,0.0,0.0,0,0,0.0,0.0,0,0,Benign
6,50,1,1,6,6,6,6,6.0,0.0,6,6,6.0,0.0,240000.0,40000.0,50.0,0.0,50,50,0,0.0,0.0,0,0,0,0.0,0.0,0,0,0,0,0,0,20,20,20000.0,20000.0,6,6,6.0,0.0,0.0,0,0,0,0,1,1,0,0,1,9.0,6.0,6.0,0,0,0,0,0,0,1,6,1,6,8190,64240,0,20,0.0,0.0,0,0,0.0,0.0,0,0,Benign
6,72,1,1,0,0,0,0,0.0,0.0,0,0,0.0,0.0,0.0,27777.77778,72.0,0.0,72,72,0,0.0,0.0,0,0,0,0.0,0.0,0,0,0,0,0,0,32,32,13888.889,13888.889,0,0,0.0,0.0,0.0,0,0,0,0,1,1,0,0,1,0.0,0.0,0.0,0,0,0,0,0,0,1,0,1,0,122,803,0,32,0.0,0.0,0,0,0.0,0.0,0,0,Benign
6,111833355,40,20,8060,6320,403,0,201.5,204.06699,316,316,316.0,0.0,128.5841778,0.536512564,1895480.6,4915327.0,16400000,2,112000000,2867522.0,5832303.0,16400000,2,112000000,5885946.5,7284403.0,16400000,3,1,0,0,0,1280,640,0.35767505,0.17883752,0,403,242.34427,174.41014,30418.896,0,1,0,0,1,0,0,0,0,246.38333,201.5,316.0,0,0,0,0,0,0,40,8060,20,6320,1444,2076,19,32,189294.88,534305.3,1511633,360,13800000.0,3580220.5,16400000,6530309,Benign
6,1766,2,0,12,0,6,6,6.0,0.0,0,0,0.0,0.0,6795.016988,1132.502831,1766.0,0.0,1766,1766,1766,1766.0,0.0,1766,1766,0,0.0,0.0,0,0,0,0,0,0,40,0,1132.5028,0.0,6,6,6.0,0.0,0.0,0,0,0,0,1,0,0,0,0,9.0,6.0,0.0,0,0,0,0,0,0,2,12,0,0,256,-1,1,20,0.0,0.0,0,0,0.0,0.0,0,0,Benign
6,73,1,1,6,2,6,6,6.0,0.0,2,2,2.0,0.0,109589.0411,27397.26027,73.0,0.0,73,73,0,0.0,0.0,0,0,0,0.0,0.0,0,0,0,0,0,0,20,24,13698.63,13698.63,2,6,4.6666665,2.309401,5.3333335,1,0,0,0,1,0,0,0,1,7.0,6.0,2.0,0,0,0,0,0,0,1,6,1,2,0,1024,0,20,0.0,0.0,0,0,0.0,0.0,0,0,Benign
17,234,2,2,82,366,41,41,41.0,0.0,183,183,183.0,0.0,1914529.915,17094.01709,78.0,93.67497,183,3,48,48.0,0.0,48,48,3,3.0,0.0,3,3,0,0,0,0,64,64,8547.009,8547.009,41,183,97.8,77.7766,6049.2,0,0,0,0,0,0,0,0,1,122.25,41.0,183.0,0,0,0,0,0,0,2,82,2,366,-1,-1,1,32,0.0,0.0,0,0,0.0,0.0,0,0,Benign
6,912479,3,0,0,0,0,0,0.0,0.0,0,0,0.0,0.0,0.0,3.287746896,456239.5,591976.4,874830,37649,912479,456239.5,591976.4,874830,37649,0,0.0,0.0,0,0,0,0,0,0,96,0,3.287747,0.0,0,0,0.0,0.0,0.0,0,0,0,0,1,0,0,0,0,0.0,0.0,0.0,0,0,0,0,0,0,3,0,0,0,364,-1,0,32,0.0,0.0,0,0,0.0,0.0,0,0,Benign
6,6584149,3,1,0,6,0,0,0.0,0.0,6,6,6.0,0.0,0.911279499,0.607519666,2194716.2,3302872.2,6001318,88183,6584149,3292074.5,3831449.0,6001318,582831,0,0.0,0.0,0,0,0,0,0,0,92,20,0.45563975,0.15187992,0,6,1.2,2.6832817,7.2,0,0,0,1,0,0,0,0,0,1.5,0.0,6.0,0,0,0,0,0,0,3,0,1,6,8192,0,0,28,582831.0,0.0,582831,582831,6001318.0,0.0,6001318,6001318,Benign
6,4155494,5,1,123,46,46,0,24.6,23.276598,46,46,46.0,0.0,40.66905162,1.443871655,831098.8,1831409.5,4107115,25,4155494,1038873.5,2045551.2,4107115,25,0,0.0,0.0,0,0,1,0,0,0,160,32,1.2032263,0.24064527,0,46,30.714285,21.684975,470.2381,0,1,0,0,1,0,0,0,0,35.833332,24.6,46.0,0,0,0,0,0,0,5,123,1,46,332,357,2,32,0.0,0.0,0,0,0.0,0.0,0,0,Benign
6,16197,3,1,31,6,31,0,10.333333,17.897858,6,6,6.0,0.0,2284.373649,246.9593135,5399.0,9122.822,15933,87,16197,8098.5,11079.656,15933,264,0,0.0,0.0,0,0,0,0,0,0,96,20,185.21948,61.73983,0,31,7.4,13.446189,180.8,0,0,0,0,1,0,0,0,0,9.25,10.333333,6.0,0,0,0,0,0,0,3,31,1,6,292,0,1,32,0.0,0.0,0,0,0.0,0.0,0,0,Benign
17,200,2,2,90,172,45,45,45.0,0.0,86,86,86.0,0.0,1310000.0,20000.0,66.666664,33.201405,105,47,47,47.0,0.0,47,47,48,48.0,0.0,48,48,0,0,0,0,64,64,10000.0,10000.0,45,86,61.4,22.456625,504.3,0,0,0,0,0,0,0,0,1,76.75,45.0,86.0,0,0,0,0,0,0,2,90,2,172,-1,-1,1,32,0.0,0.0,0,0,0.0,0.0,0,0,Benign
17,24295,2,2,74,204,37,37,37.0,0.0,102,102,102.0,0.0,11442.68368,164.6429306,8098.3335,14021.528,24289,3,3,3.0,0.0,3,3,3,3.0,0.0,3,3,0,0,0,0,40,64,82.321465,82.321465,37,102,63.0,35.601967,1267.5,0,0,0,0,0,0,0,0,1,78.75,37.0,102.0,0,0,0,0,0,0,2,74,2,204,-1,-1,1,20,0.0,0.0,0,0,0.0,0.0,0,0,Benign
17,30836,2,2,100,156,50,50,50.0,0.0,78,78,78.0,0.0,8301.984693,129.7185108,10278.667,17797.111,30829,3,3,3.0,0.0,3,3,4,4.0,0.0,4,4,0,0,0,0,40,40,64.85925,64.85925,50,78,61.2,15.336231,235.2,0,0,0,0,0,0,0,0,1,76.5,50.0,78.0,0,0,0,0,0,0,2,100,2,156,-1,-1,1,20,0.0,0.0,0,0,0.0,0.0,0,0,Benign
6,4,2,0,0,0,0,0,0.0,0.0,0,0,0.0,0.0,0.0,500000.0,4.0,0.0,4,4,4,4.0,0.0,4,4,0,0.0,0.0,0,0,0,0,0,0,64,0,500000.0,0.0,0,0,0.0,0.0,0.0,0,0,0,0,1,0,0,0,0,0.0,0.0,0.0,0,0,0,0,0,0,2,0,0,0,230,-1,0,32,0.0,0.0,0,0,0.0,0.0,0,0,Benign
17,165,2,2,64,96,32,32,32.0,0.0,48,48,48.0,0.0,969696.9697,24242.42424,55.0,55.244907,113,3,3,3.0,0.0,3,3,49,49.0,0.0,49,49,0,0,0,0,40,40,12121.212,12121.212,32,48,38.4,8.763561,76.8,0,0,0,0,0,0,0,0,1,48.0,32.0,48.0,0,0,0,0,0,0,2,64,2,96,-1,-1,1,20,0.0,0.0,0,0,0.0,0.0,0,0,Benign
17,30672,2,2,82,254,41,41,41.0,0.0,127,127,127.0,0.0,10954.61659,130.4121022,10224.0,17701.559,30664,4,4,4.0,0.0,4,4,4,4.0,0.0,4,4,0,0,0,0,64,40,65.206055,65.206055,41,127,75.4,47.10414,2218.8,0,0,0,0,0,0,0,0,1,94.25,41.0,127.0,0,0,0,0,0,0,2,82,2,254,-1,-1,1,32,0.0,0.0,0,0,0.0,0.0,0,0,Benign
6,55,2,1,31,6,31,0,15.5,21.920311,6,6,6.0,0.0,672727.2727,54545.45455,27.5,36.062447,53,2,2,2.0,0.0,2,2,0,0.0,0.0,0,0,1,0,0,0,64,20,36363.637,18181.818,0,31,17.0,16.35033,267.33334,0,1,0,0,1,0,0,0,0,22.666666,15.5,6.0,0,0,0,0,0,0,2,31,1,6,1244,0,0,32,0.0,0.0,0,0,0.0,0.0,0,0,Benign
6,1,2,0,12,0,6,6,6.0,0.0,0,0,0.0,0.0,12000000.0,2000000.0,1.0,0.0,1,1,1,1.0,0.0,1,1,0,0.0,0.0,0,0,0,0,0,0,40,0,2000000.0,0.0,6,6,6.0,0.0,0.0,0,0,0,0,1,0,0,0,0,9.0,6.0,0.0,0,0,0,0,0,0,2,12,0,0,34931,-1,1,20,0.0,0.0,0,0,0.0,0.0,0,0,Benign
6,101696379,20,17,2118,4596,878,0,105.9,225.68187,2712,0,270.35294,655.9509,66.02004974,0.363828097,2824899.5,7524975.5,24800000,3,102000000,5352441.0,9816547.0,24800000,114,101000000,6331268.5,10600000.0,25200000,395,0,0,0,0,412,352,0.19666384,0.16716427,0,2712,176.6842,468.8295,219801.1,0,0,0,1,0,0,0,0,0,181.45946,105.9,270.35294,0,0,0,0,0,0,20,2118,17,4596,8192,242,19,20,1670197.2,2052633.9,4696882,391629,23700000.0,2111939.2,24800000,20500000,Benign
17,259,2,2,156,412,78,78,78.0,0.0,206,206,206.0,0.0,2193050.193,15444.01544,86.333336,65.531166,162,48,48,48.0,0.0,48,48,49,49.0,0.0,49,49,0,0,0,0,64,64,7722.008,7722.008,78,206,129.2,70.10849,4915.2,0,0,0,0,0,0,0,0,1,161.5,78.0,206.0,0,0,0,0,0,0,2,156,2,412,-1,-1,1,32,0.0,0.0,0,0,0.0,0.0,0,0,Benign
17,284,2,2,94,206,47,47,47.0,0.0,103,103,103.0,0.0,1056338.028,14084.50704,94.666664,120.1929,231,4,4,4.0,0.0,4,4,49,49.0,0.0,49,49,0,0,0,0,40,40,7042.2534,7042.2534,47,103,69.4,30.672462,940.8,0,0,0,0,0,0,0,0,1,86.75,47.0,103.0,0,0,0,0,0,0,2,94,2,206,-1,-1,1,20,0.0,0.0,0,0,0.0,0.0,0,0,Benign
17,45113,4,4,212,476,53,53,53.0,0.0,119,119,119.0,0.0,15250.59296,177.3324762,6444.7144,11880.04,30625,1,44949,14983.0,25946.986,44944,1,14484,4828.0,8192.257,14287,6,0,0,0,0,104,80,88.66624,88.66624,53,119,82.333336,34.785053,1210.0,0,0,0,0,0,0,0,0,1,92.625,53.0,119.0,0,0,0,0,0,0,4,212,4,476,-1,-1,3,20,0.0,0.0,0,0,0.0,0.0,0,0,Benign
17,209,2,2,110,232,55,55,55.0,0.0,116,116,116.0,0.0,1636363.636,19138.75598,69.666664,113.73801,201,4,4,4.0,0.0,4,4,4,4.0,0.0,4,4,0,0,0,0,64,64,9569.378,9569.378,55,116,79.4,33.411076,1116.3,0,0,0,0,0,0,0,0,1,99.25,55.0,116.0,0,0,0,0,0,0,2,110,2,232,-1,-1,1,32,0.0,0.0,0,0,0.0,0.0,0,0,Benign
17,153,2,2,80,112,40,40,40.0,0.0,56,56,56.0,0.0,1254901.961,26143.79085,51.0,48.56954,101,4,4,4.0,0.0,4,4,48,48.0,0.0,48,48,0,0,0,0,40,40,13071.8955,13071.8955,40,56,46.4,8.763561,76.8,0,0,0,0,0,0,0,0,1,58.0,40.0,56.0,0,0,0,0,0,0,2,80,2,112,-1,-1,1,20,0.0,0.0,0,0,0.0,0.0,0,0,Benign
17,84651,4,2,152,194,38,38,38.0,0.0,97,97,97.0,0.0,4087.370498,70.87925719,16930.2,23136.611,42576,4,42071,14023.667,24203.967,41972,49,4,4.0,0.0,4,4,0,0,0,0,104,40,47.25284,23.62642,38,97,54.857143,28.789053,828.8095,0,0,0,0,0,0,0,0,0,64.0,38.0,97.0,0,0,0,0,0,0,4,152,2,194,-1,-1,3,20,0.0,0.0,0,0,0.0,0.0,0,0,Benign
6,210401,14,10,1857,4125,1260,0,132.64285,331.1399,1398,0,412.5,558.6711,28431.42381,114.0678989,9147.869,17039.693,50222,2,210401,16184.692,20678.238,51188,18,151866,16874.0,31917.334,82549,2,0,0,0,0,456,328,66.539604,47.52829,0,1398,239.28,444.92627,197959.38,0,0,0,1,0,0,0,0,0,249.25,132.64285,412.5,0,0,0,0,0,0,14,1857,10,4125,29200,128,7,32,0.0,0.0,0,0,0.0,0.0,0,0,Benign
6,3,2,0,37,0,31,6,18.5,17.67767,0,0,0.0,0.0,12300000.0,666666.6667,3.0,0.0,3,3,3,3.0,0.0,3,3,0,0.0,0.0,0,0,1,0,0,0,40,0,666666.7,0.0,6,31,22.666666,14.433757,208.33333,0,1,0,0,1,0,0,0,0,34.0,18.5,0.0,0,0,0,0,0,0,2,37,0,0,66,-1,1,20,0.0,0.0,0,0,0.0,0.0,0,0,Benign
6,997184,3,3,0,18,0,0,0.0,0.0,6,6,6.0,0.0,18.05083114,6.016943713,199436.8,272329.0,498637,540,996644,498322.0,1265.7212,499217,497427,996635,498317.5,1215.5166,499177,497458,0,0,0,0,92,60,3.008472,3.008472,0,6,2.5714285,3.207135,10.285714,0,0,0,1,0,0,0,0,1,3.0,0.0,6.0,0,0,0,0,0,0,3,0,3,18,8192,0,0,28,0.0,0.0,0,0,0.0,0.0,0,0,Benign
6,3569757,3,1,0,0,0,0,0.0,0.0,0,0,0.0,0.0,0.0,1.12052445,1189919.0,2060465.0,3569139,165,3569757,1784878.5,2523325.5,3569139,618,0,0.0,0.0,0,0,0,0,0,0,104,40,0.84039336,0.2801311,0,0,0.0,0.0,0.0,0,0,0,1,0,0,0,0,0,0.0,0.0,0.0,0,0,0,0,0,0,3,0,1,0,29200,28960,0,32,0.0,0.0,0,0,0.0,0.0,0,0,PortScan
6,72,2,0,12,0,6,6,6.0,0.0,0,0,0.0,0.0,166666.6667,27777.77778,72.0,0.0,72,72,72,72.0,0.0,72,72,0,0.0,0.0,0,0,0,0,0,0,40,0,27777.777,0.0,6,6,6.0,0.0,0.0,0,0,0,0,1,0,0,0,0,9.0,6.0,0.0,0,0,0,0,0,0,2,12,0,0,16077,-1,1,20,0.0,0.0,0,0,0.0,0.0,0,0,Benign
6,46533133,8,8,483,2108,447,0,60.375,156.23419,2096,0,263.5,740.4468,55.68075547,0.343841022,3102208.8,4559894.0,10000000,48,40600000,5795756.5,5257760.5,10000000,308,46500000,6645434.0,4610346.5,10000000,15669,0,0,0,0,172,220,0.17192051,0.17192051,0,2096,152.41176,512.2508,262400.88,0,0,0,1,0,0,0,0,1,161.9375,60.375,263.5,0,0,0,0,0,0,8,483,8,2108,8192,30,7,20,144770.25,259329.2,533764,14917,9997804.0,2066.6646,10000000,9995992,Benign
17,87074616,2,2,81,157,41,40,40.5,0.70710677,101,56,78.5,31.819805,2.733287965,0.045937613,29000000.0,50100000.0,86900000,23534,86900000,86900000.0,0.0,86900000,86900000,87100000,87100000.0,0.0,87100000,87100000,0,0,0,0,52,40,0.022968806,0.022968806,40,101,55.6,26.273561,690.3,0,0,0,0,0,0,0,0,1,69.5,40.5,78.5,0,0,0,0,0,0,2,81,2,157,-1,-1,1,20,23534.0,0.0,23534,23534,86900000.0,0.0,86900000,86900000,Benign
6,3459,5,4,419,24,312,0,83.8,130.80214,6,6,6.0,0.0,128071.697,2601.908066,432.375,1195.2509,3390,0,3459,864.75,1726.1669,3454,1,2,0.6666667,0.57735026,1,0,1,0,0,0,160,80,1445.5045,1156.4036,0,312,75.5,126.506256,16003.833,0,1,0,0,1,0,0,0,0,83.888885,83.8,6.0,0,0,0,0,0,0,5,419,4,24,170,0,2,32,0.0,0.0,0,0,0.0,0.0,0,0,Benign
17,106115754,4,4,160,308,45,35,40.0,5.773503,103,51,77.0,30.022215,4.410278233,0.075389371,15200000.0,40100000.0,106000000,1,106000000,35400000.0,61300000.0,106000000,1,106000000,35400000.0,61300000.0,106000000,3,0,0,0,0,128,128,0.037694685,0.037694685,35,103,57.0,26.70206,713.0,0,0,0,0,0,0,0,0,1,64.125,40.0,77.0,0,0,0,0,0,0,4,160,4,308,-1,-1,3,32,349.0,0.0,349,349,106000000.0,0.0,106000000,106000000,Benign
6,5318073,5,1,135,46,46,6,27.0,20.12461,46,46,46.0,0.0,34.03488444,1.128228213,1063614.6,2215260.8,5024112,4,5318073,1329518.2,2465449.5,5024112,4,0,0.0,0.0,0,0,1,0,0,0,100,20,0.9401902,0.18803804,6,46,32.42857,18.866701,355.9524,0,1,0,0,1,0,0,0,0,37.833332,27.0,46.0,0,0,0,0,0,0,5,135,1,46,254,184,4,20,249183.0,0.0,249183,249183,5024112.0,0.0,5024112,5024112,Benign
6,119,1,3,6,18,6,6,6.0,0.0,6,6,6.0,0.0,201680.6723,33613.44538,39.666668,15.30795,49,22,0,0.0,0.0,0,0,97,48.5,0.70710677,49,48,0,0,0,0,20,60,8403.361,25210.084,6,6,6.0,0.0,0.0,0,0,0,0,1,1,0,0,3,7.5,6.0,6.0,0,0,0,0,0,0,1,6,3,18,229,255,0,20,0.0,0.0,0,0,0.0,0.0,0,0,Benign
6,6045359,8,5,387,166,235,0,48.375,80.25128,85,0,33.2,40.45615,91.47512993,2.150409926,503779.9,1524373.6,5330885,2,6045359,863622.7,2015757.5,5424130,3,621234,155308.5,233877.84,494485,2,0,0,0,0,180,112,1.3233292,0.8270807,0,235,39.5,64.460785,4155.1924,0,0,0,1,0,0,0,0,0,42.53846,48.375,33.2,0,0,0,0,0,0,8,387,5,166,29200,4394,7,20,714459.0,0.0,714459,714459,5330885.0,0.0,5330885,5330885,Benign
17,102811,1,1,45,108,45,45,45.0,0.0,108,108,108.0,0.0,1488.167609,19.45317135,102811.0,0.0,102811,102811,0,0.0,0.0,0,0,0,0.0,0.0,0,0,0,0,0,0,20,20,9.726585,9.726585,45,108,66.0,36.373066,1323.0,0,0,0,0,0,0,0,0,1,99.0,45.0,108.0,0,0,0,0,0,0,1,45,1,108,-1,-1,0,20,0.0,0.0,0,0,0.0,0.0,0,0,Benign
17,221,2,2,82,338,41,41,41.0,0.0,169,169,169.0,0.0,1900452.489,18099.54751,73.666664,122.398254,215,3,3,3.0,0.0,3,3,3,3.0,0.0,3,3,0,0,0,0,40,64,9049.773,9049.773,41,169,92.2,70.10849,4915.2,0,0,0,0,0,0,0,0,1,115.25,41.0,169.0,0,0,0,0,0,0,2,82,2,338,-1,-1,1,20,0.0,0.0,0,0,0.0,0.0,0,0,Benign
17,77582,2,2,90,164,45,45,45.0,0.0,82,82,82.0,0.0,3273.955299,51.55835116,25860.666,44786.793,77576,3,3,3.0,0.0,3,3,3,3.0,0.0,3,3,0,0,0,0,40,40,25.779175,25.779175,45,82,59.8,20.265734,410.7,0,0,0,0,0,0,0,0,1,74.75,45.0,82.0,0,0,0,0,0,0,2,90,2,164,-1,-1,1,20,0.0,0.0,0,0,0.0,0.0,0,0,Benign
6,15512222,10,12,1099,8506,461,0,109.9,159.56918,2283,0,708.8333,781.2094,619.1891787,1.418236536,738677.25,2374304.0,10000000,48,10500000,1167890.1,3312715.2,10000000,240,15400000,1402243.5,3230157.8,10100000,48,0,0,0,0,212,264,0.64465296,0.7735836,0,2283,417.6087,642.48505,412787.06,0,0,0,1,0,0,0,0,1,436.5909,109.9,708.8333,0,0,0,0,0,0,10,1099,12,8506,8192,22,9,20,510448.0,0.0,510448,510448,10000000.0,0.0,10000000,10000000,Benign
17,167,2,2,76,132,38,38,38.0,0.0,66,66,66.0,0.0,1245508.982,23952.09581,55.666668,90.3567,160,3,3,3.0,0.0,3,3,4,4.0,0.0,4,4,0,0,0,0,40,40,11976.048,11976.048,38,66,49.2,15.336231,235.2,0,0,0,0,0,0,0,0,1,61.5,38.0,66.0,0,0,0,0,0,0,2,76,2,132,-1,-1,1,20,0.0,0.0,0,0,0.0,0.0,0,0,Benign
17,1158,2,2,86,204,43,43,43.0,0.0,102,102,102.0,0.0,250431.7789,3454.231434,386.0,661.64343,1150,4,4,4.0,0.0,4,4,4,4.0,0.0,4,4,0,0,0,0,64,64,1727.1157,1727.1157,43,102,66.6,32.31563,1044.3,0,0,0,0,0,0,0,0,1,83.25,43.0,102.0,0,0,0,0,0,0,2,86,2,204,-1,-1,1,32,0.0,0.0,0,0,0.0,0.0,0,0,Benign
17,306,2,2,80,194,40,40,40.0,0.0,97,97,97.0,0.0,895424.8366,13071.89542,102.0,87.50429,169,3,3,3.0,0.0,3,3,169,169.0,0.0,169,169,0,0,0,0,40,40,6535.9478,6535.9478,40,97,62.8,31.220186,974.7,0,0,0,0,0,0,0,0,1,78.5,40.0,97.0,0,0,0,0,0,0,2,80,2,194,-1,-1,1,20,0.0,0.0,0,0,0.0,0.0,0,0,Benign
6,115578742,21,19,796,4063,352,0,37.904762,85.91444,1460,0,213.8421,469.9686,42.04060293,0.346084404,2963557.5,4535984.0,10000000,4,116000000,5778937.0,4927705.0,10000000,4,111000000,6148424.0,5007954.5,10000000,48,0,0,0,0,432,524,0.18169431,0.16439009,0,1460,118.51219,333.40875,111161.41,0,0,0,1,0,0,0,0,0,121.475,37.904762,213.8421,0,0,0,0,0,0,21,796,19,4063,8192,980,20,20,58958.273,118503.68,416260,23030,10000000.0,19807.98,10000000,9942384,Benign
17,257,2,2,90,206,45,45,45.0,0.0,103,103,103.0,0.0,1151750.973,15564.20233,85.666664,145.7818,254,1,2,2.0,0.0,2,2,1,1.0,0.0,1,1,0,0,0,0,64,64,7782.101,7782.101,45,103,68.2,31.767908,1009.2,0,0,0,0,0,0,0,0,1,85.25,45.0,103.0,0,0,0,0,0,0,2,90,2,206,-1,-1,1,32,0.0,0.0,0,0,0.0,0.0,0,0,Benign
6,151178,8,9,898,6893,565,0,112.25,197.99477,1368,0,765.8889,608.2137,51535.2763,112.4502242,9448.625,13721.686,31537,4,120801,17257.285,21156.494,53842,222,122178,15272.25,21882.986,54434,4,0,0,0,0,264,296,52.91775,59.53247,0,1368,432.83334,555.278,308333.7,0,0,0,1,0,0,0,0,1,458.29413,112.25,765.8889,0,0,0,0,0,0,8,898,9,6893,29200,63,3,32,0.0,0.0,0,0,0.0,0.0,0,0,Benign
17,31145,4,4,172,396,43,43,43.0,0.0,99,99,99.0,0.0,18237.27725,256.8630599,4449.2856,11658.878,30889,3,30982,10327.333,17881.404,30975,3,252,84.0,62.35383,156,48,0,0,0,0,128,176,128.43153,128.43153,43,99,67.888885,29.514591,871.1111,0,0,0,0,0,0,0,0,1,76.375,43.0,99.0,0,0,0,0,0,0,4,172,4,396,-1,-1,3,20,0.0,0.0,0,0,0.0,0.0,0,0,Benign
17,47668,4,2,172,118,43,43,43.0,0.0,59,59,59.0,0.0,6083.745909,125.870605,9533.6,13112.198,25629,3,25635,8545.0,14795.178,25629,3,3,3.0,0.0,3,3,0,0,0,0,80,64,83.913734,41.956867,43,59,47.57143,7.8072004,60.95238,0,0,0,0,0,0,0,0,0,55.5,43.0,59.0,0,0,0,0,0,0,4,172,2,118,-1,-1,3,20,0.0,0.0,0,0,0.0,0.0,0,0,Benign
17,184,2,2,80,112,40,40,40.0,0.0,56,56,56.0,0.0,1043478.261,21739.13043,61.333332,22.233608,87,48,49,49.0,0.0,49,49,48,48.0,0.0,48,48,0,0,0,0,40,40,10869.565,10869.565,40,56,46.4,8.763561,76.8,0,0,0,0,0,0,0,0,1,58.0,40.0,56.0,0,0,0,0,0,0,2,80,2,112,-1,-1,1,20,0.0,0.0,0,0,0.0,0.0,0,0,Benign
17,30774,1,1,75,131,75,75,75.0,0.0,131,131,131.0,0.0,6693.962436,64.98992656,30774.0,0.0,30774,30774,0,0.0,0.0,0,0,0,0.0,0.0,0,0,0,0,0,0,32,20,32.494965,32.494965,75,131,93.666664,32.331615,1045.3334,0,0,0,0,0,0,0,0,1,140.5,75.0,131.0,0,0,0,0,0,0,1,75,1,131,-1,-1,0,32,0.0,0.0,0,0,0.0,0.0,0,0,Benign
17,1499968,39,0,1950,0,50,50,50.0,0.0,0,0,0.0,0.0,1300.027734,26.00055468,39472.844,169709.33,749960,1,1499968,39472.844,169709.33,749960,1,0,0.0,0.0,0,0,0,0,0,0,1196,0,26.000555,0.0,50,50,50.0,0.0,0.0,0,0,0,0,0,0,0,0,0,51.28205,50.0,0.0,0,0,0,0,0,0,39,1950,0,0,-1,-1,38,20,0.0,0.0,0,0,0.0,0.0,0,0,Benign
17,47389,2,2,74,444,37,37,37.0,0.0,222,222,222.0,0.0,10930.80673,84.40777396,15796.333,27353.123,47381,4,4,4.0,0.0,4,4,4,4.0,0.0,4,4,0,0,0,0,88,88,42.203888,42.203888,37,222,111.0,101.328674,10267.5,0,0,0,0,0,0,0,0,1,138.75,37.0,222.0,0,0,0,0,0,0,2,74,2,444,-1,-1,1,44,0.0,0.0,0,0,0.0,0.0,0,0,Benign
6,43,1,1,6,6,6,6,6.0,0.0,6,6,6.0,0.0,279069.7674,46511.62791,43.0,0.0,43,43,0,0.0,0.0,0,0,0,0.0,0.0,0,0,0,0,0,0,20,20,23255.814,23255.814,6,6,6.0,0.0,0.0,0,0,0,0,1,1,0,0,1,9.0,6.0,6.0,0,0,0,0,0,0,1,6,1,6,222,260,0,20,0.0,0.0,0,0,0.0,0.0,0,0,Benign
6,118105004,171,235,4669,397157,984,0,27.304094,149.32164,3473,0,1690.0298,766.71436,3402.277519,3.437618951,291617.28,1643583.4,10000000,0,118000000,694735.3,2499651.8,10100000,1,114000000,486285.38,2138549.2,10100000,1,0,0,0,0,5480,7528,1.4478642,1.9897548,0,3473,987.2875,1012.19714,1024543.0,0,0,0,1,0,0,0,0,1,989.71924,27.304094,1690.0298,0,0,0,0,0,0,171,4669,235,397157,29200,1248,8,32,324298.72,881741.06,2982848,58302,10000000.0,7200.068,10000000,9999895,Benign
6,963,3,1,0,0,0,0,0.0,0.0,0,0,0.0,0.0,0.0,4153.686397,321.0,427.59677,814,51,963,481.5,608.8189,912,51,0,0.0,0.0,0,0,0,0,0,0,104,40,3115.265,1038.4216,0,0,0.0,0.0,0.0,0,0,0,1,0,0,0,0,0,0.0,0.0,0.0,0,0,0,0,0,0,3,0,1,0,29200,28960,0,32,0.0,0.0,0,0,0.0,0.0,0,0,PortScan
17,47473,1,1,55,71,55,55,55.0,0.0,71,71,71.0,0.0,2654.140248,42.12921029,47473.0,0.0,47473,47473,0,0.0,0.0,0,0,0,0.0,0.0,0,0,0,0,0,0,20,20,21.064606,21.064606,55,71,60.333332,9.237604,85.333336,0,0,0,0,0,0,0,0,1,90.5,55.0,71.0,0,0,0,0,0,0,1,55,1,71,-1,-1,0,20,0.0,0.0,0,0,0.0,0.0,0,0,Benign
17,30827,2,2,70,102,35,35,35.0,0.0,51,51,51.0,0.0,5579.524443,129.7563824,10275.667,17792.781,30821,3,3,3.0,0.0,3,3,3,3.0,0.0,3,3,0,0,0,0,40,40,64.87819,64.87819,35,51,41.4,8.763561,76.8,0,0,0,0,0,0,0,0,1,51.75,35.0,51.0,0,0,0,0,0,0,2,70,2,102,-1,-1,1,20,0.0,0.0,0,0,0.0,0.0,0,0,Benign
17,67818,1,1,58,186,58,58,58.0,0.0,186,186,186.0,0.0,3597.864874,29.49069569,67818.0,0.0,67818,67818,0,0.0,0.0,0,0,0,0.0,0.0,0,0,0,0,0,0,20,20,14.745348,14.745348,58,186,100.666664,73.90083,5461.3335,0,0,0,0,0,0,0,0,1,151.0,58.0,186.0,0,0,0,0,0,0,1,58,1,186,-1,-1,0,20,0.0,0.0,0,0,0.0,0.0,0,0,Benign
6,4959240,5,1,123,46,46,0,24.6,23.276598,46,46,46.0,0.0,34.07780224,1.209862802,991848.0,2184480.0,4899430,20,4959240,1239810.0,2439816.5,4899430,20,0,0.0,0.0,0,0,1,0,0,0,160,32,1.008219,0.2016438,0,46,30.714285,21.684975,470.2381,0,1,0,0,1,0,0,0,0,35.833332,24.6,46.0,0,0,0,0,0,0,5,123,1,46,608,68,2,32,0.0,0.0,0,0,0.0,0.0,0,0,Benign
17,31069,1,1,52,80,52,52,52.0,0.0,80,80,80.0,0.0,4248.607937,64.37284753,31069.0,0.0,31069,31069,0,0.0,0.0,0,0,0,0.0,0.0,0,0,0,0,0,0,32,32,32.186424,32.186424,52,80,61.333332,16.165808,261.33334,0,0,0,0,0,0,0,0,1,92.0,52.0,80.0,0,0,0,0,0,0,1,52,1,80,-1,-1,0,32,0.0,0.0,0,0,0.0,0.0,0,0,Benign
6,102377,1,1,0,0,0,0,0.0,0.0,0,0,0.0,0.0,0.0,19.53563789,102377.0,0.0,102377,102377,0,0.0,0.0,0,0,0,0.0,0.0,0,0,0,0,0,0,32,32,9.767819,9.767819,0,0,0.0,0.0,0.0,0,0,0,0,1,1,0,0,1,0.0,0.0,0.0,0,0,0,0,0,0,1,0,1,0,237,119,0,32,0.0,0.0,0,0,0.0,0.0,0,0,Benign
17,93957,2,2,60,416,30,30,30.0,0.0,208,208,208.0,0.0,5066.14728,42.57266622,31319.0,54200.203,93904,4,49,49.0,0.0,49,49,4,4.0,0.0,4,4,0,0,0,0,40,40,21.286333,21.286333,30,208,101.2,97.49461,9505.2,0,0,0,0,0,0,0,0,1,126.5,30.0,208.0,0,0,0,0,0,0,2,60,2,416,-1,-1,1,20,0.0,0.0,0,0,0.0,0.0,0,0,Benign
17,31531,4,2,180,146,45,45,45.0,0.0,73,73,73.0,0.0,10339.03143,190.288922,6306.2,8614.073,16131,4,16183,5394.3335,9298.252,16131,4,4,4.0,0.0,4,4,0,0,0,0,80,40,126.85928,63.42964,45,73,53.0,13.662601,186.66667,0,0,0,0,0,0,0,0,0,61.833332,45.0,73.0,0,0,0,0,0,0,4,180,2,146,-1,-1,3,20,0.0,0.0,0,0,0.0,0.0,0,0,Benign
17,30545,1,1,71,153,71,71,71.0,0.0,153,153,153.0,0.0,7333.442462,65.47716484,30545.0,0.0,30545,30545,0,0.0,0.0,0,0,0,0.0,0.0,0,0,0,0,0,0,20,32,32.738583,32.738583,71,153,98.333336,47.342724,2241.3333,0,0,0,0,0,0,0,0,1,147.5,71.0,153.0,0,0,0,0,0,0,1,71,1,153,-1,-1,0,20,0.0,0.0,0,0,0.0,0.0,0,0,Benign
17,225,2,2,132,388,66,66,66.0,0.0,194,194,194.0,0.0,2311111.111,17777.77778,75.0,88.63972,174,3,3,3.0,0.0,3,3,48,48.0,0.0,48,48,0,0,0,0,40,40,8888.889,8888.889,66,194,117.2,70.10849,4915.2,0,0,0,0,0,0,0,0,1,146.5,66.0,194.0,0,0,0,0,0,0,2,132,2,388,-1,-1,1,20,0.0,0.0,0,0,0.0,0.0,0,0,Benign
17,196,2,2,70,198,35,35,35.0,0.0,99,99,99.0,0.0,1367346.939,20408.16327,65.333336,111.428604,194,1,1,1.0,0.0,1,1,1,1.0,0.0,1,1,0,0,0,0,64,64,10204.082,10204.082,35,99,60.6,35.054245,1228.8,0,0,0,0,0,0,0,0,1,75.75,35.0,99.0,0,0,0,0,0,0,2,70,2,198,-1,-1,1,32,0.0,0.0,0,0,0.0,0.0,0,0,Benign
17,47970,1,1,58,143,58,58,58.0,0.0,143,143,143.0,0.0,4190.118824,41.69272462,47970.0,0.0,47970,47970,0,0.0,0.0,0,0,0,0.0,0.0,0,0,0,0,0,0,20,32,20.846363,20.846363,58,143,86.333336,49.07477,2408.3333,0,0,0,0,0,0,0,0,1,129.5,58.0,143.0,0,0,0,0,0,0,1,58,1,143,-1,-1,0,20,0.0,0.0,0,0,0.0,0.0,0,0,Benign
6,71226,2,0,0,0,0,0,0.0,0.0,0,0,0.0,0.0,0.0,28.07963384,71226.0,0.0,71226,71226,71226,71226.0,0.0,71226,71226,0,0.0,0.0,0,0,0,0,0,0,64,0,28.079634,0.0,0,0,0.0,0.0,0.0,0,0,0,0,1,0,0,0,0,0.0,0.0,0.0,0,0,0,0,0,0,2,0,0,0,319,-1,0,32,0.0,0.0,0,0,0.0,0.0,0,0,Benign
6,5663710,9,6,346,4007,189,0,38.444443,70.05018,1448,0,667.8333,727.1315,768.5774872,2.648440686,404550.72,1405267.9,5284850,5,5663710,707963.75,1850217.4,5284850,15,233331,46666.2,62411.99,117690,48,0,0,0,0,296,200,1.5890644,1.0593762,0,1448,272.0625,528.38617,279191.94,0,0,0,1,0,0,0,0,0,290.2,38.444443,667.8333,0,0,0,0,0,0,9,346,6,4007,29200,110,3,32,378845.0,0.0,378845,378845,5284850.0,0.0,5284850,5284850,Benign
17,70816,2,2,68,690,34,34,34.0,0.0,345,345,345.0,0.0,10703.79575,56.4844103,23605.334,40879.574,70809,3,3,3.0,0.0,3,3,4,4.0,0.0,4,4,0,0,0,0,40,40,28.242205,28.242205,34,345,158.4,170.34172,29016.3,0,0,0,0,0,0,0,0,1,198.0,34.0,345.0,0,0,0,0,0,0,2,68,2,690,-1,-1,1,20,0.0,0.0,0,0,0.0,0.0,0,0,Benign
17,238,2,2,74,426,37,37,37.0,0.0,213,213,213.0,0.0,2100840.336,16806.72269,79.333336,98.56132,190,1,1,1.0,0.0,1,1,47,47.0,0.0,47,47,0,0,0,0,64,64,8403.361,8403.361,37,213,107.4,96.39917,9292.8,0,0,0,0,0,0,0,0,1,134.25,37.0,213.0,0,0,0,0,0,0,2,74,2,426,-1,-1,1,32,0.0,0.0,0,0,0.0,0.0,0,0,Benign
6,231843,10,5,658,4269,321,0,65.8,110.04121,1448,0,853.8,686.70605,21251.45033,64.69895576,16560.215,30166.822,106118,4,231843,25760.334,34852.285,106118,4,101238,25309.5,35477.027,75452,151,0,0,0,0,328,168,43.132637,21.566319,0,1448,307.9375,527.01697,277746.88,0,0,0,1,0,0,0,0,0,328.46667,65.8,853.8,0,0,0,0,0,0,10,658,5,4269,29200,59,4,32,0.0,0.0,0,0,0.0,0.0,0,0,Benign
17,471,1,1,67,126,67,67,67.0,0.0,126,126,126.0,0.0,409766.4544,4246.284501,471.0,0.0,471,471,0,0.0,0.0,0,0,0,0.0,0.0,0,0,0,0,0,0,32,32,2123.1423,2123.1423,67,126,86.666664,34.063667,1160.3334,0,0,0,0,0,0,0,0,1,130.0,67.0,126.0,0,0,0,0,0,0,1,67,1,126,-1,-1,0,32,0.0,0.0,0,0,0.0,0.0,0,0,Benign
17,178,2,2,88,188,44,44,44.0,0.0,94,94,94.0,0.0,1550561.798,22471.91011,59.333332,96.707466,171,3,4,4.0,0.0,4,4,3,3.0,0.0,3,3,0,0,0,0,40,40,11235.955,11235.955,44,94,64.0,27.386127,750.0,0,0,0,0,0,0,0,0,1,80.0,44.0,94.0,0,0,0,0,0,0,2,88,2,188,-1,-1,1,20,0.0,0.0,0,0,0.0,0.0,0,0,Benign
6,5663320,3,1,12,0,6,0,4.0,3.4641016,0,0,0.0,0.0,2.118898455,0.706299485,1887773.4,3237623.8,5626198,26,5663320,2831660.0,3952073.5,5626198,37122,0,0.0,0.0,0,0,0,0,0,0,72,32,0.5297246,0.17657487,0,6,2.4,3.2863352,10.8,0,0,0,1,0,0,0,0,0,3.0,4.0,0.0,0,0,0,0,0,0,3,12,1,0,8192,29200,2,20,0.0,0.0,0,0,0.0,0.0,0,0,Benign
6,51,1,1,0,0,0,0,0.0,0.0,0,0,0.0,0.0,0.0,39215.68627,51.0,0.0,51,51,0,0.0,0.0,0,0,0,0.0,0.0,0,0,0,0,0,0,32,32,19607.844,19607.844,0,0,0.0,0.0,0.0,0,0,0,0,1,1,0,0,1,0.0,0.0,0.0,0,0,0,0,0,0,1,0,1,0,127,269,0,32,0.0,0.0,0,0,0.0,0.0,0,0,Benign
17,91252,1,1,41,167,41,41,41.0,0.0,167,167,167.0,0.0,2279.402095,21.91732784,91252.0,0.0,91252,91252,0,0.0,0.0,0,0,0,0.0,0.0,0,0,0,0,0,0,32,32,10.958664,10.958664,41,167,83.0,72.74613,5292.0,0,0,0,0,0,0,0,0,1,124.5,41.0,167.0,0,0,0,0,0,0,1,41,1,167,-1,-1,0,32,0.0,0.0,0,0,0.0,0.0,0,0,Benign
17,71885,1,1,48,112,48,48,48.0,0.0,112,112,112.0,0.0,2225.777283,27.82221604,71885.0,0.0,71885,71885,0,0.0,0.0,0,0,0,0.0,0.0,0,0,0,0,0,0,20,20,13.911108,13.911108,48,112,69.333336,36.950417,1365.3334,0,0,0,0,0,0,0,0,1,104.0,48.0,112.0,0,0,0,0,0,0,1,48,1,112,-1,-1,0,20,0.0,0.0,0,0,0.0,0.0,0,0,Benign
6,5793479,8,6,390,3716,209,0,48.75,77.13578,1460,0,619.3333,679.909,708.7278646,2.416510011,445652.22,1558915.8,5633748,4,5793479,827639.9,2119467.8,5633748,4,80525,16105.0,20571.69,40874,48,0,0,0,0,172,132,1.3808628,1.0356472,0,1460,273.73334,503.5259,253538.36,0,0,0,1,0,0,0,0,0,293.2857,48.75,619.3333,0,0,0,0,0,0,8,390,6,3716,8192,119,7,20,159727.0,0.0,159727,159727,5633748.0,0.0,5633748,5633748,Benign
6,2,2,0,37,0,31,6,18.5,17.67767,0,0,0.0,0.0,18500000.0,1000000.0,2.0,0.0,2,2,2,2.0,0.0,2,2,0,0.0,0.0,0,0,1,0,0,0,40,0,1000000.0,0.0,6,31,22.666666,14.433757,208.33333,0,1,0,0,1,0,0,0,0,34.0,18.5,0.0,0,0,0,0,0,0,2,37,0,0,219,-1,1,20,0.0,0.0,0,0,0.0,0.0,0,0,Benign
6,1021419,6,10,1060,4023,730,0,176.66667,282.2925,1616,0,402.3,624.64197,4976.410268,15.66448245,68094.6,98546.555,240072,1,629049,125809.8,112353.29,214525,203,823456,91495.11,110647.62,249435,1,0,0,0,0,132,212,5.874181,9.790301,0,1616,299.0,512.1002,262246.62,0,0,0,1,0,0,0,0,1,317.6875,176.66667,402.3,0,0,0,0,0,0,6,1060,10,4023,8192,34,5,20,0.0,0.0,0,0,0.0,0.0,0,0,Benign
6,48634,3,4,843,296,843,0,281.0,486.70627,296,0,74.0,148.0,23419.82975,143.9322285,8105.6665,12302.527,24131,2,24220,12110.0,16691.963,23913,307,24791,8263.667,14068.697,24508,2,0,0,0,0,104,136,61.68524,82.24699,0,843,142.375,301.44885,90871.414,0,0,0,1,0,0,0,0,1,162.71428,281.0,74.0,0,0,0,0,0,0,3,843,4,296,29200,60,1,32,0.0,0.0,0,0,0.0,0.0,0,0,Benign
17,59239,1,1,42,70,42,42,42.0,0.0,70,70,70.0,0.0,1890.646365,33.76154223,59239.0,0.0,59239,59239,0,0.0,0.0,0,0,0,0.0,0.0,0,0,0,0,0,0,40,32,16.880772,16.880772,42,70,51.333332,16.165808,261.33334,0,0,0,0,0,0,0,0,1,77.0,42.0,70.0,0,0,0,0,0,0,1,42,1,70,-1,-1,0,40,0.0,0.0,0,0,0.0,0.0,0,0,Benign
17,183,2,2,94,350,47,47,47.0,0.0,175,175,175.0,0.0,2426229.508,21857.9235,61.0,99.59418,176,3,3,3.0,0.0,3,3,4,4.0,0.0,4,4,0,0,0,0,40,40,10928.962,10928.962,47,175,98.2,70.10849,4915.2,0,0,0,0,0,0,0,0,1,122.75,47.0,175.0,0,0,0,0,0,0,2,94,2,350,-1,-1,1,20,0.0,0.0,0,0,0.0,0.0,0,0,Benign
6,301,3,0,43,0,31,6,14.333333,14.433757,0,0,0.0,0.0,142857.1429,9966.777409,150.5,152.02795,258,43,301,150.5,152.02795,258,43,0,0.0,0.0,0,0,0,0,0,0,60,0,9966.777,0.0,6,31,12.25,12.5,156.25,0,0,0,0,1,0,0,0,0,16.333334,14.333333,0.0,0,0,0,0,0,0,3,43,0,0,62,-1,2,20,0.0,0.0,0,0,0.0,0.0,0,0,Benign
6,50,1,1,0,0,0,0,0.0,0.0,0,0,0.0,0.0,0.0,40000.0,50.0,0.0,50,50,0,0.0,0.0,0,0,0,0.0,0.0,0,0,0,0,0,0,32,32,20000.0,20000.0,0,0,0.0,0.0,0.0,0,0,0,0,1,1,0,0,1,0.0,0.0,0.0,0,0,0,0,0,0,1,0,1,0,939,274,0,32,0.0,0.0,0,0,0.0,0.0,0,0,Benign
6,5854859,3,1,12,0,6,0,4.0,3.4641016,0,0,0.0,0.0,2.049579674,0.683193225,1951619.6,3338684.5,5806701,103,5854859,2927429.5,4071904.8,5806701,48158,0,0.0,0.0,0,0,0,0,0,0,72,28,0.5123949,0.1707983,0,6,2.4,3.2863352,10.8,0,0,0,1,0,0,0,0,0,3.0,4.0,0.0,0,0,0,0,0,0,3,12,1,0,8192,8190,2,20,0.0,0.0,0,0,0.0,0.0,0,0,Benign
17,138,2,2,76,108,38,38,38.0,0.0,54,54,54.0,0.0,1333333.333,28985.50725,46.0,74.47819,132,3,3,3.0,0.0,3,3,3,3.0,0.0,3,3,0,0,0,0,64,64,14492.754,14492.754,38,54,44.4,8.763561,76.8,0,0,0,0,0,0,0,0,1,55.5,38.0,54.0,0,0,0,0,0,0,2,76,2,108,-1,-1,1,32,0.0,0.0,0,0,0.0,0.0,0,0,Benign
6,14937,1,1,6,6,6,6,6.0,0.0,6,6,6.0,0.0,803.3741715,133.8956953,14937.0,0.0,14937,14937,0,0.0,0.0,0,0,0,0.0,0.0,0,0,0,0,0,0,20,20,66.947845,66.947845,6,6,6.0,0.0,0.0,0,0,0,0,1,1,0,0,1,9.0,6.0,6.0,0,0,0,0,0,0,1,6,1,6,2660,43,0,20,0.0,0.0,0,0,0.0,0.0,0,0,Benign
6,2135807,9,11,703,3950,267,0,78.111115,103.30228,1448,0,359.0909,569.91833,2178.567633,9.364141985,112410.9,215026.86,896144,3,1728010,216001.25,343819.6,991218,233,2040510,204051.0,272416.56,896144,3,0,0,0,0,296,360,4.213864,5.150278,0,1448,221.57143,434.49908,188789.45,0,0,0,1,0,0,0,0,1,232.65,78.111115,359.0909,0,0,0,0,0,0,9,703,11,3950,29200,252,4,32,0.0,0.0,0,0,0.0,0.0,0,0,Benign
6,1335397,41,42,2728,6634,456,0,66.53658,110.129944,976,0,157.95238,319.12143,7010.649268,62.15380145,16285.329,106133.98,956079,0,1335397,33384.926,159290.42,997424,1,379215,9249.146,21766.97,103418,0,0,0,0,0,1328,1360,30.70248,31.45132,0,976,111.45238,241.64279,58391.24,0,0,0,1,0,0,0,0,1,112.79518,66.53658,157.95238,0,0,0,0,0,0,41,2728,42,6634,29200,243,24,32,0.0,0.0,0,0,0.0,0.0,0,0,Benign
6,115939628,16,14,700,1021,616,0,43.75,152.60735,1015,0,72.92857,271.15152,14.8439324,0.258755358,3997918.2,4876507.0,10000000,74,116000000,7729308.5,4148341.2,10000000,135,111000000,8507350.0,3756469.8,10000000,36647,0,0,0,0,332,424,0.13800286,0.1207525,0,1015,55.51613,209.33846,43822.59,0,0,0,1,0,0,0,0,0,57.366665,43.75,72.92857,0,0,0,0,0,0,16,700,14,1021,8192,344,15,20,48805.816,41122.84,172795,36172,10000000.0,17489.656,10000000,9952574,Benign
6,438552,11,7,566,3860,200,0,51.454544,75.09908,1448,0,551.4286,656.3888,10092.30376,41.04416352,25797.176,36994.02,92561,2,438552,43855.2,50258.46,136833,18,207822,34637.0,52790.742,111826,2,0,0,0,0,360,232,25.082544,15.961619,0,1448,232.94737,457.535,209338.28,0,0,0,1,0,0,0,0,0,245.88889,51.454544,551.4286,0,0,0,0,0,0,11,566,7,3860,29200,118,5,32,0.0,0.0,0,0,0.0,0.0,0,0,Benign
6,62125897,12,12,1127,2115,573,0,93.916664,208.63385,709,0,176.25,316.45798,52.18435719,0.38631233,2701126.0,4409027.0,9984431,76,61400000,5585753.0,5064982.5,10000000,42439,62100000,5643962.5,5044624.0,10000000,1171,0,0,0,0,264,324,0.19315617,0.19315617,0,709,129.68,261.29495,68275.06,0,0,0,1,0,0,0,0,1,135.08333,93.916664,176.25,0,0,0,0,0,0,12,1127,12,2115,8192,66,10,20,287485.0,590229.56,1492286,46410,9953062.0,76554.64,9984431,9796796,Benign
6,373,3,0,43,0,31,6,14.333333,14.433757,0,0,0.0,0.0,115281.5013,8042.895442,186.5,259.50818,370,3,373,186.5,259.50818,370,3,0,0.0,0.0,0,0,0,0,0,0,60,0,8042.8955,0.0,6,31,12.25,12.5,156.25,0,0,0,0,1,0,0,0,0,16.333334,14.333333,0.0,0,0,0,0,0,0,3,43,0,0,512,-1,2,20,0.0,0.0,0,0,0.0,0.0,0,0,Benign
6,14637,2,0,12,0,6,6,6.0,0.0,0,0,0.0,0.0,819.8401312,136.6400219,14637.0,0.0,14637,14637,14637,14637.0,0.0,14637,14637,0,0.0,0.0,0,0,0,0,0,0,40,0,136.64001,0.0,6,6,6.0,0.0,0.0,0,0,0,0,1,0,0,0,0,9.0,6.0,0.0,0,0,0,0,0,0,2,12,0,0,253,-1,1,20,0.0,0.0,0,0,0.0,0.0,0,0,Benign
6,3,2,0,12,0,6,6,6.0,0.0,0,0,0.0,0.0,4000000.0,666666.6667,3.0,0.0,3,3,3,3.0,0.0,3,3,0,0.0,0.0,0,0,0,0,0,0,40,0,666666.7,0.0,6,6,6.0,0.0,0.0,0,0,0,0,1,0,0,0,0,9.0,6.0,0.0,0,0,0,0,0,0,2,12,0,0,510,-1,1,20,0.0,0.0,0,0,0.0,0.0,0,0,Benign
17,30958,1,1,57,185,57,57,57.0,0.0,185,185,185.0,0.0,7817.042445,64.60365657,30958.0,0.0,30958,30958,0,0.0,0.0,0,0,0,0.0,0.0,0,0,0,0,0,0,20,32,32.301826,32.301826,57,185,99.666664,73.90083,5461.3335,0,0,0,0,0,0,0,0,1,149.5,57.0,185.0,0,0,0,0,0,0,1,57,1,185,-1,-1,0,20,0.0,0.0,0,0,0.0,0.0,0,0,Benign
17,60882,1,1,55,111,55,55,55.0,0.0,111,111,111.0,0.0,2726.585855,32.85043198,60882.0,0.0,60882,60882,0,0.0,0.0,0,0,0,0.0,0.0,0,0,0,0,0,0,20,20,16.425217,16.425217,55,111,73.666664,32.331615,1045.3334,0,0,0,0,0,0,0,0,1,110.5,55.0,111.0,0,0,0,0,0,0,1,55,1,111,-1,-1,0,20,0.0,0.0,0,0,0.0,0.0,0,0,Benign
6,90,1,1,6,6,6,6,6.0,0.0,6,6,6.0,0.0,133333.3333,22222.22222,90.0,0.0,90,90,0,0.0,0.0,0,0,0,0.0,0.0,0,0,0,0,0,0,20,20,11111.111,11111.111,6,6,6.0,0.0,0.0,0,0,0,0,1,1,0,0,1,9.0,6.0,6.0,0,0,0,0,0,0,1,6,1,6,8190,64240,0,20,0.0,0.0,0,0,0.0,0.0,0,0,Benign
6,81,1,2,6,12,6,6,6.0,0.0,6,6,6.0,0.0,222222.2222,37037.03704,40.5,12.020815,49,32,0,0.0,0.0,0,0,49,49.0,0.0,49,49,0,0,0,0,20,40,12345.679,24691.357,6,6,6.0,0.0,0.0,0,0,0,0,1,1,0,0,2,8.0,6.0,6.0,0,0,0,0,0,0,1,6,2,12,245,250,0,20,0.0,0.0,0,0,0.0,0.0,0,0,Benign
17,48744,1,1,52,113,52,52,52.0,0.0,113,113,113.0,0.0,3385.032004,41.03069096,48744.0,0.0,48744,48744,0,0.0,0.0,0,0,0,0.0,0.0,0,0,0,0,0,0,20,20,20.515345,20.515345,52,113,72.333336,35.218365,1240.3334,0,0,0,0,0,0,0,0,1,108.5,52.0,113.0,0,0,0,0,0,0,1,52,1,113,-1,-1,0,20,0.0,0.0,0,0,0.0,0.0,0,0,Benign
17,223,2,2,86,228,43,43,43.0,0.0,114,114,114.0,0.0,1408071.749,17937.21973,74.333336,43.87862,125,49,49,49.0,0.0,49,49,49,49.0,0.0,49,49,0,0,0,0,40,40,8968.61,8968.61,43,114,71.4,38.8883,1512.3,0,0,0,0,0,0,0,0,1,89.25,43.0,114.0,0,0,0,0,0,0,2,86,2,228,-1,-1,1,20,0.0,0.0,0,0,0.0,0.0,0,0,Benign
17,91224,1,1,44,137,44,44,44.0,0.0,137,137,137.0,0.0,1984.126984,21.92405507,91224.0,0.0,91224,91224,0,0.0,0.0,0,0,0,0.0,0.0,0,0,0,0,0,0,20,32,10.962028,10.962028,44,137,75.0,53.693577,2883.0,0,0,0,0,0,0,0,0,1,112.5,44.0,137.0,0,0,0,0,0,0,1,44,1,137,-1,-1,0,20,0.0,0.0,0,0,0.0,0.0,0,0,Benign
17,190,2,2,88,120,44,44,44.0,0.0,60,60,60.0,0.0,1094736.842,21052.63158,63.333332,25.69695,93,48,48,48.0,0.0,48,48,49,49.0,0.0,49,49,0,0,0,0,64,64,10526.315,10526.315,44,60,50.4,8.763561,76.8,0,0,0,0,0,0,0,0,1,63.0,44.0,60.0,0,0,0,0,0,0,2,88,2,120,-1,-1,1,32,0.0,0.0,0,0,0.0,0.0,0,0,Benign
6,65,2,0,12,0,6,6,6.0,0.0,0,0,0.0,0.0,184615.3846,30769.23077,65.0,0.0,65,65,65,65.0,0.0,65,65,0,0.0,0.0,0,0,0,0,0,0,40,0,30769.23,0.0,6,6,6.0,0.0,0.0,0,0,0,0,1,0,0,0,0,9.0,6.0,0.0,0,0,0,0,0,0,2,12,0,0,255,-1,1,20,0.0,0.0,0,0,0.0,0.0,0,0,Benign
6,5749615,3,1,0,0,0,0,0.0,0.0,0,0,0.0,0.0,0.0,0.695698755,1916538.4,3285827.0,5710618,31,5749615,2874807.5,4010441.8,5710618,38997,0,0.0,0.0,0,0,0,0,0,0,104,40,0.52177405,0.17392468,0,0,0.0,0.0,0.0,0,0,0,1,0,0,0,0,0,0.0,0.0,0.0,0,0,0,0,0,0,3,0,1,0,29200,28960,0,32,0.0,0.0,0,0,0.0,0.0,0,0,Benign
6,32375,1,2,0,0,0,0,0.0,0.0,0,0,0.0,0.0,0.0,92.66409266,16187.5,17865.053,28820,3555,0,0.0,0.0,0,0,3555,3555.0,0.0,3555,3555,0,0,0,0,32,64,30.888031,61.776062,0,0,0.0,0.0,0.0,0,0,0,0,1,1,0,0,2,0.0,0.0,0.0,0,0,0,0,0,0,1,0,2,0,439,96,0,32,0.0,0.0,0,0,0.0,0.0,0,0,Benign
6,18,1,1,6,6,6,6,6.0,0.0,6,6,6.0,0.0,666666.6667,111111.1111,18.0,0.0,18,18,0,0.0,0.0,0,0,0,0.0,0.0,0,0,0,0,0,0,20,20,55555.555,55555.555,6,6,6.0,0.0,0.0,0,0,0,0,1,1,0,0,1,9.0,6.0,6.0,0,0,0,0,0,0,1,6,1,6,290,16425,0,20,0.0,0.0,0,0,0.0,0.0,0,0,Benign
6,87,1,2,6,611,6,6,6.0,0.0,605,6,305.5,423.55698,7091954.023,34482.75862,43.5,58.68986,85,2,0,0.0,0.0,0,0,2,2.0,0.0,2,2,0,0,0,0,20,40,11494.253,22988.506,6,605,155.75,299.5,89700.25,0,0,0,0,1,1,0,0,2,207.66667,6.0,305.5,0,0,0,0,0,0,1,6,2,611,389,16425,0,20,0.0,0.0,0,0,0.0,0.0,0,0,Benign
6,115988830,18,15,958,1498,434,0,53.22222,138.53543,746,0,99.86667,262.33398,21.17445275,0.284510155,3624651.0,4773469.0,10000000,153,116000000,6822872.5,4631236.5,10000000,246,111000000,7919922.5,4225035.0,10000000,19483,0,0,0,0,372,444,0.15518735,0.1293228,0,746,72.23529,199.46216,39785.156,0,0,0,1,0,0,0,0,0,74.42424,53.22222,99.86667,0,0,0,0,0,0,18,958,15,1498,8192,351,17,20,75467.18,128061.16,461586,36701,10000000.0,17832.836,10000000,9950745,Benign
6,110219468,24,27,15380,2414,3050,0,640.8333,1051.8351,438,0,89.40741,171.7474,161.4415341,0.462713175,2204389.2,4035714.0,10000000,4,110000000,4791128.5,4843734.5,10000000,46,110000000,4238294.0,4835174.0,10000000,4,0,0,0,0,492,648,0.21774738,0.24496579,0,3050,342.19232,769.4665,592078.7,0,0,0,1,0,0,0,0,1,348.90195,640.8333,89.40741,0,0,0,0,0,0,24,15380,27,2414,8192,1950,23,20,1057008.5,2151750.0,5228249,23580,9962587.0,48857.09,10000000,9850722,Benign
17,30439,1,1,58,186,58,58,58.0,0.0,186,186,186.0,0.0,8016.032064,65.70518085,30439.0,0.0,30439,30439,0,0.0,0.0,0,0,0,0.0,0.0,0,0,0,0,0,0,40,32,32.85259,32.85259,58,186,100.666664,73.90083,5461.3335,0,0,0,0,0,0,0,0,1,151.0,58.0,186.0,0,0,0,0,0,0,1,58,1,186,-1,-1,0,40,0.0,0.0,0,0,0.0,0.0,0,0,Benign
17,231,2,2,94,452,47,47,47.0,0.0,226,226,226.0,0.0,2363636.364,17316.01732,77.0,127.30672,224,3,3,3.0,0.0,3,3,4,4.0,0.0,4,4,0,0,0,0,64,64,8658.009,8658.009,47,226,118.6,98.042336,9612.3,0,0,0,0,0,0,0,0,1,148.25,47.0,226.0,0,0,0,0,0,0,2,94,2,452,-1,-1,1,32,0.0,0.0,0,0,0.0,0.0,0,0,Benign
17,351,2,2,86,276,43,43,43.0,0.0,138,138,138.0,0.0,1031339.031,11396.0114,117.0,200.9179,349,1,1,1.0,0.0,1,1,1,1.0,0.0,1,1,0,0,0,0,40,40,5698.006,5698.006,43,138,81.0,52.03364,2707.5,0,0,0,0,0,0,0,0,1,101.25,43.0,138.0,0,0,0,0,0,0,2,86,2,276,-1,-1,1,20,0.0,0.0,0,0,0.0,0.0,0,0,Benign
6,65,1,2,6,12,6,6,6.0,0.0,6,6,6.0,0.0,276923.0769,46153.84615,32.5,21.920311,48,17,0,0.0,0.0,0,0,48,48.0,0.0,48,48,0,0,0,0,20,40,15384.615,30769.23,6,6,6.0,0.0,0.0,0,0,0,0,1,1,0,0,2,8.0,6.0,6.0,0,0,0,0,0,0,1,6,2,12,245,256,0,20,0.0,0.0,0,0,0.0,0.0,0,0,Benign
6,54,1,1,6,6,6,6,6.0,0.0,6,6,6.0,0.0,222222.2222,37037.03704,54.0,0.0,54,54,0,0.0,0.0,0,0,0,0.0,0.0,0,0,0,0,0,0,20,20,18518.518,18518.518,6,6,6.0,0.0,0.0,0,0,0,0,1,1,0,0,1,9.0,6.0,6.0,0,0,0,0,0,0,1,6,1,6,1024,254,0,20,0.0,0.0,0,0,0.0,0.0,0,0,Benign
17,47619,2,2,72,286,36,36,36.0,0.0,143,143,143.0,0.0,7518.007518,84.000084,15873.0,27485.914,47611,4,4,4.0,0.0,4,4,4,4.0,0.0,4,4,0,0,0,0,40,40,42.000042,42.000042,36,143,78.8,58.60631,3434.7,0,0,0,0,0,0,0,0,1,98.5,36.0,143.0,0,0,0,0,0,0,2,72,2,286,-1,-1,1,20,0.0,0.0,0,0,0.0,0.0,0,0,Benign
6,6618,2,0,0,0,0,0,0.0,0.0,0,0,0.0,0.0,0.0,302.2061046,6618.0,0.0,6618,6618,6618,6618.0,0.0,6618,6618,0,0.0,0.0,0,0,0,0,0,0,64,0,302.20612,0.0,0,0,0.0,0.0,0.0,0,0,0,0,1,0,0,0,0,0.0,0.0,0.0,0,0,0,0,0,0,2,0,0,0,237,-1,0,32,0.0,0.0,0,0,0.0,0.0,0,0,Benign
6,95,1,1,0,0,0,0,0.0,0.0,0,0,0.0,0.0,0.0,21052.63158,95.0,0.0,95,95,0,0.0,0.0,0,0,0,0.0,0.0,0,0,0,0,0,0,32,32,10526.315,10526.315,0,0,0.0,0.0,0.0,0,0,0,0,1,1,0,0,1,0.0,0.0,0.0,0,0,0,0,0,0,1,0,1,0,126,340,0,32,0.0,0.0,0,0,0.0,0.0,0,0,Benign
6,72965198,11,11,484,1403,430,0,44.0,128.03436,1391,0,127.545456,419.04733,25.86164434,0.301513607,3474533.2,4732316.5,10000000,10,70300000,7034165.0,4765336.0,10000000,36969,72900000,7292822.0,4468856.0,10000000,737,0,0,0,0,232,316,0.1507568,0.1507568,0,1391,82.04348,298.88892,89334.586,0,0,0,1,0,0,0,0,1,85.77273,44.0,127.545456,0,0,0,0,0,0,11,484,11,1403,8192,946,10,20,87526.14,133923.48,391236,36760,9961281.0,94299.836,10000000,9747508,Benign
6,4,2,0,12,0,6,6,6.0,0.0,0,0,0.0,0.0,3000000.0,500000.0,4.0,0.0,4,4,4,4.0,0.0,4,4,0,0.0,0.0,0,0,0,0,0,0,40,0,500000.0,0.0,6,6,6.0,0.0,0.0,0,0,0,0,1,0,0,0,0,9.0,6.0,0.0,0,0,0,0,0,0,2,12,0,0,913,-1,1,20,0.0,0.0,0,0,0.0,0.0,0,0,Benign
17,231,2,2,74,178,37,37,37.0,0.0,89,89,89.0,0.0,1090909.091,17316.01732,77.0,130.7708,228,1,2,2.0,0.0,2,2,1,1.0,0.0,1,1,0,0,0,0,64,64,8658.009,8658.009,37,89,57.8,28.481573,811.2,0,0,0,0,0,0,0,0,1,72.25,37.0,89.0,0,0,0,0,0,0,2,74,2,178,-1,-1,1,32,0.0,0.0,0,0,0.0,0.0,0,0,Benign
17,157,2,2,96,96,48,48,48.0,0.0,48,48,48.0,0.0,1222929.936,25477.70701,52.333332,85.44784,151,3,3,3.0,0.0,3,3,3,3.0,0.0,3,3,0,0,0,0,40,40,12738.854,12738.854,48,48,48.0,0.0,0.0,0,0,0,0,0,0,0,0,1,60.0,48.0,48.0,0,0,0,0,0,0,2,96,2,96,-1,-1,1,20,0.0,0.0,0,0,0.0,0.0,0,0,Benign
17,31299,2,2,70,102,35,35,35.0,0.0,51,51,51.0,0.0,5495.383239,127.7996102,10433.0,17986.482,31202,48,49,49.0,0.0,49,49,48,48.0,0.0,48,48,0,0,0,0,64,40,63.899807,63.899807,35,51,41.4,8.763561,76.8,0,0,0,0,0,0,0,0,1,51.75,35.0,51.0,0,0,0,0,0,0,2,70,2,102,-1,-1,1,32,0.0,0.0,0,0,0.0,0.0,0,0,Benign
17,201,2,2,80,144,40,40,40.0,0.0,72,72,72.0,0.0,1114427.861,19900.49751,67.0,32.908966,105,48,48,48.0,0.0,48,48,48,48.0,0.0,48,48,0,0,0,0,40,40,9950.249,9950.249,40,72,52.8,17.527122,307.2,0,0,0,0,0,0,0,0,1,66.0,40.0,72.0,0,0,0,0,0,0,2,80,2,144,-1,-1,1,20,0.0,0.0,0,0,0.0,0.0,0,0,Benign
6,23428,1,1,6,6,6,6,6.0,0.0,6,6,6.0,0.0,512.2076148,85.3679358,23428.0,0.0,23428,23428,0,0.0,0.0,0,0,0,0.0,0.0,0,0,0,0,0,0,20,20,42.683968,42.683968,6,6,6.0,0.0,0.0,0,0,0,0,1,1,0,0,1,9.0,6.0,6.0,0,0,0,0,0,0,1,6,1,6,524,127,0,20,0.0,0.0,0,0,0.0,0.0,0,0,Benign
6,5507058,10,8,1689,4778,597,0,168.9,237.42575,1460,0,597.25,622.9395,1174.31122,3.268532854,323944.6,1198501.9,4973335,4,533719,59302.11,34462.383,111851,6996,5455506,779358.0,1862173.1,4999399,4,0,0,0,0,212,172,1.8158516,1.4526813,0,1460,340.3684,480.82593,231193.58,0,0,0,1,0,0,0,0,0,359.27777,168.9,597.25,0,0,0,0,0,0,10,1689,8,4778,8192,19,9,20,0.0,0.0,0,0,0.0,0.0,0,0,Benign
6,457,3,0,18,0,6,6,6.0,0.0,0,0,0.0,0.0,39387.30853,6564.551422,228.5,318.90515,454,3,457,228.5,318.90515,454,3,0,0.0,0.0,0,0,0,0,0,0,60,0,6564.5513,0.0,6,6,6.0,0.0,0.0,0,0,0,0,1,0,0,0,0,8.0,6.0,0.0,0,0,0,0,0,0,3,18,0,0,32846,-1,2,20,0.0,0.0,0,0,0.0,0.0,0,0,Benign
6,126063,10,6,598,3218,208,0,59.8,76.86178,1625,2,536.3333,781.5909,30270.579,126.9206667,8404.2,14133.848,36284,3,126063,14007.0,18140.904,42176,3,83090,16618.0,19652.904,40732,48,0,0,0,0,212,124,79.32542,47.59525,0,1625,224.47058,500.79263,250793.27,0,0,0,1,0,0,0,0,0,238.5,59.8,536.3333,0,0,0,0,0,0,10,598,6,3218,8192,15544,9,20,0.0,0.0,0,0,0.0,0.0,0,0,Benign
17,207,2,2,78,110,39,39,39.0,0.0,55,55,55.0,0.0,908212.5604,19323.6715,69.0,113.45043,200,3,3,3.0,0.0,3,3,4,4.0,0.0,4,4,0,0,0,0,64,64,9661.836,9661.836,39,55,45.4,8.763561,76.8,0,0,0,0,0,0,0,0,1,56.75,39.0,55.0,0,0,0,0,0,0,2,78,2,110,-1,-1,1,32,0.0,0.0,0,0,0.0,0.0,0,0,Benign
17,62871,4,2,132,178,33,33,33.0,0.0,89,89,89.0,0.0,4930.73118,95.4335067,12574.2,20275.553,46584,4,16283,5427.6665,9394.066,16275,4,4,4.0,0.0,4,4,0,0,0,0,104,40,63.622337,31.811169,33,89,49.0,27.325203,746.6667,0,0,0,0,0,0,0,0,0,57.166668,33.0,89.0,0,0,0,0,0,0,4,132,2,178,-1,-1,3,20,0.0,0.0,0,0,0.0,0.0,0,0,Benign
6,5736200,8,6,393,5305,212,0,49.125,78.02827,2121,0,884.1667,909.71826,993.340539,2.440640145,441246.16,1510229.0,5464642,1,5736200,819457.1,2049750.5,5464642,1,57899,11579.8,14686.96,31518,90,0,0,0,0,172,132,1.3946515,1.0459887,0,2121,379.86667,693.12366,480420.4,0,0,0,1,0,0,0,0,0,407.0,49.125,884.1667,0,0,0,0,0,0,8,393,6,5305,8192,119,7,20,271557.0,0.0,271557,271557,5464642.0,0.0,5464642,5464642,Benign
17,95287,2,2,60,288,30,30,30.0,0.0,144,144,144.0,0.0,3652.124634,41.97844407,31762.334,55010.51,95283,1,1,1.0,0.0,1,1,3,3.0,0.0,3,3,0,0,0,0,80,64,20.989222,20.989222,30,144,75.6,62.440372,3898.8,0,0,0,0,0,0,0,0,1,94.5,30.0,144.0,0,0,0,0,0,0,2,60,2,288,-1,-1,1,40,0.0,0.0,0,0,0.0,0.0,0,0,Benign
6,75234697,18,15,2924,2853,620,0,162.44444,270.18625,644,0,190.2,279.2869,76.78637956,0.438627406,2351084.2,4168258.0,10000000,55,71600000,4213630.0,5043940.5,10100000,3138,75200000,5370328.0,4958296.5,10100000,18650,0,0,0,0,584,488,0.23925132,0.19937609,0,644,169.91176,267.93683,71790.14,0,0,0,1,0,0,0,0,0,175.06061,162.44444,190.2,0,0,0,0,0,0,18,2924,15,2853,29200,273,5,32,214833.58,436042.5,1203685,49845,10000000.0,26087.234,10000000,9959997,Benign
6,7219499,12,13,1082,9032,376,0,90.166664,136.61215,1729,0,694.7692,741.11383,1400.928236,3.462844167,300812.47,946223.56,4011113,4,3208382,291671.1,758571.6,2554874,204,7199799,599983.25,1301104.2,4011154,4,0,0,0,0,260,272,1.6621652,1.800679,0,1729,389.0,607.7716,369386.3,0,0,0,1,0,0,0,0,1,404.56,90.166664,694.7692,0,0,0,0,0,0,12,1082,13,9032,29200,33,11,20,0.0,0.0,0,0,0.0,0.0,0,0,Benign
6,5582564,9,5,348,2770,191,0,38.666668,70.5886,1448,0,554.0,738.2693,558.5247209,2.50780824,429428.0,1419505.5,5150465,3,5582564,697820.5,1800073.0,5150465,3,381577,95394.25,114311.72,232320,212,0,0,0,0,296,168,1.6121625,0.8956458,0,1448,207.86667,472.0726,222852.55,0,0,0,1,0,0,0,0,0,222.71428,38.666668,554.0,0,0,0,0,0,0,9,348,5,2770,29200,110,3,32,432096.0,0.0,432096,432096,5150465.0,0.0,5150465,5150465,Benign
17,76554,4,2,132,258,33,33,33.0,0.0,129,129,129.0,0.0,5094.443138,78.37604828,15310.8,23075.11,51958,3,24548,8182.6665,14167.599,24542,3,48,48.0,0.0,48,48,0,0,0,0,80,52,52.250698,26.125349,33,129,60.42857,46.843204,2194.2856,0,0,0,0,0,0,0,0,0,70.5,33.0,129.0,0,0,0,0,0,0,4,132,2,258,-1,-1,3,20,0.0,0.0,0,0,0.0,0.0,0,0,Benign
17,334,2,2,84,474,42,42,42.0,0.0,237,237,237.0,0.0,1670658.683,11976.0479,111.333336,108.83167,237,48,49,49.0,0.0,49,49,48,48.0,0.0,48,48,0,0,0,0,64,64,5988.024,5988.024,42,237,120.0,106.8059,11407.5,0,0,0,0,0,0,0,0,1,150.0,42.0,237.0,0,0,0,0,0,0,2,84,2,474,-1,-1,1,32,0.0,0.0,0,0,0.0,0.0,0,0,Benign
17,219,2,2,70,146,35,35,35.0,0.0,73,73,73.0,0.0,986301.3699,18264.84018,73.0,42.43819,122,48,48,48.0,0.0,48,48,49,49.0,0.0,49,49,0,0,0,0,72,80,9132.42,9132.42,35,73,50.2,20.813457,433.2,0,0,0,0,0,0,0,0,1,62.75,35.0,73.0,0,0,0,0,0,0,2,70,2,146,-1,-1,1,32,0.0,0.0,0,0,0.0,0.0,0,0,Benign
6,115870803,20,15,931,2276,517,0,46.55,133.32527,2135,0,151.73334,549.8546,27.67737788,0.302060563,3407964.8,4726703.0,10000000,4,116000000,6098463.5,4880339.0,10000000,4,110000000,7873366.0,4260255.5,10000000,587,0,0,0,0,648,488,0.17260604,0.12945452,0,2135,89.083336,365.41525,133528.31,0,0,0,1,0,0,0,0,0,91.62857,46.55,151.73334,0,0,0,0,0,0,20,931,15,2276,29200,61,4,32,18204.25,10725.836,52262,14965,9637696.0,1262575.9,10000000,5628507,Benign
6,17338753,7,6,945,934,472,0,135.0,222.46872,461,0,155.66667,236.5254,108.3699618,0.749765568,1444896.1,3030566.2,9952703,80,12300000,2056454.1,3928265.0,9952703,80,17200000,3438495.0,4229759.5,10100000,6393,0,0,0,0,152,144,0.40371993,0.34604564,0,472,134.21428,214.37823,45958.027,0,0,0,1,0,0,0,0,0,144.53847,135.0,155.66667,0,0,0,0,0,0,7,945,6,934,8192,62,6,20,2386022.0,0.0,2386022,2386022,9952703.0,0.0,9952703,9952703,Benign
6,48,2,0,0,0,0,0,0.0,0.0,0,0,0.0,0.0,0.0,41666.66667,48.0,0.0,48,48,48,48.0,0.0,48,48,0,0.0,0.0,0,0,0,0,0,0,64,0,41666.668,0.0,0,0,0.0,0.0,0.0,0,0,0,0,1,0,0,0,0,0.0,0.0,0.0,0,0,0,0,0,0,2,0,0,0,7719,-1,0,32,0.0,0.0,0,0,0.0,0.0,0,0,Benign
17,163,2,2,116,148,58,58,58.0,0.0,74,74,74.0,0.0,1619631.902,24539.8773,54.333332,54.7753,112,3,3,3.0,0.0,3,3,48,48.0,0.0,48,48,0,0,0,0,40,40,12269.938,12269.938,58,74,64.4,8.763561,76.8,0,0,0,0,0,0,0,0,1,80.5,58.0,74.0,0,0,0,0,0,0,2,116,2,148,-1,-1,1,20,0.0,0.0,0,0,0.0,0.0,0,0,Benign
17,26270,1,1,43,105,43,43,43.0,0.0,105,105,105.0,0.0,5633.802817,76.1324705,26270.0,0.0,26270,26270,0,0.0,0.0,0,0,0,0.0,0.0,0,0,0,0,0,0,40,32,38.066235,38.066235,43,105,63.666668,35.795715,1281.3334,0,0,0,0,0,0,0,0,1,95.5,43.0,105.0,0,0,0,0,0,0,1,43,1,105,-1,-1,0,40,0.0,0.0,0,0,0.0,0.0,0,0,Benign
17,699,2,2,500,2860,250,250,250.0,0.0,1430,1430,1430.0,0.0,4806866.953,5722.460658,233.0,360.16803,648,2,2,2.0,0.0,2,2,49,49.0,0.0,49,49,0,0,0,0,40,64,2861.2302,2861.2302,250,1430,722.0,646.3126,417720.0,0,0,0,0,0,0,0,0,1,902.5,250.0,1430.0,0,0,0,0,0,0,2,500,2,2860,-1,-1,1,20,0.0,0.0,0,0,0.0,0.0,0,0,Benign
17,49953,1,1,48,322,48,48,48.0,0.0,322,322,322.0,0.0,7406.962545,40.03763538,49953.0,0.0,49953,49953,0,0.0,0.0,0,0,0,0.0,0.0,0,0,0,0,0,0,32,32,20.018818,20.018818,48,322,139.33333,158.19397,25025.334,0,0,0,0,0,0,0,0,1,209.0,48.0,322.0,0,0,0,0,0,0,1,48,1,322,-1,-1,0,32,0.0,0.0,0,0,0.0,0.0,0,0,Benign
6,1029509,3,3,0,18,0,0,0.0,0.0,6,6,6.0,0.0,17.48406279,5.82802093,205901.8,281310.88,515270,403,1028948,514474.0,1695.6421,515673,513275,1029086,514543.0,1821.5071,515831,513255,0,0,0,0,92,60,2.9140105,2.9140105,0,6,2.5714285,3.207135,10.285714,0,0,0,1,0,0,0,0,1,3.0,0.0,6.0,0,0,0,0,0,0,3,0,3,18,8192,0,0,28,0.0,0.0,0,0,0.0,0.0,0,0,Benign
17,177876,1,1,51,135,51,51,51.0,0.0,135,135,135.0,0.0,1045.672266,11.24378781,177876.0,0.0,177876,177876,0,0.0,0.0,0,0,0,0.0,0.0,0,0,0,0,0,0,20,32,5.621894,5.621894,51,135,79.0,48.49742,2352.0,0,0,0,0,0,0,0,0,1,118.5,51.0,135.0,0,0,0,0,0,0,1,51,1,135,-1,-1,0,20,0.0,0.0,0,0,0.0,0.0,0,0,Benign
6,38064762,2,2,0,12,0,0,0.0,0.0,6,6,6.0,0.0,0.315252201,0.105084067,12700000.0,22000000.0,38100000,32,38100000,38100000.0,0.0,38100000,38100000,38100000,38100000.0,0.0,38100000,38100000,0,0,0,0,80,40,0.052542035,0.052542035,0,6,2.4,3.2863352,10.8,0,0,0,1,0,0,0,0,1,3.0,0.0,6.0,0,0,0,0,0,0,2,0,2,12,29200,0,0,40,32.0,0.0,32,32,38100000.0,0.0,38100000,38100000,PortScan
6,50095532,43,43,1498,49895,430,0,34.837208,107.118965,1460,0,1160.3489,562.5084,1025.899875,1.716719966,589359.2,2234433.2,10200000,1,44900000,1068270.4,3023283.2,10200000,1,50100000,1192391.0,3086601.8,10200000,1,0,0,0,0,880,872,0.85836,0.85836,0,1460,590.7241,693.4921,480931.34,0,0,0,1,0,0,0,0,1,597.593,34.837208,1160.3489,0,0,0,0,0,0,43,1498,43,49895,29200,32,42,20,1035940.75,2041704.1,4098497,14986,10200000.0,88025.91,10200000,10000000,Benign
6,117,2,0,12,0,6,6,6.0,0.0,0,0,0.0,0.0,102564.1026,17094.01709,117.0,0.0,117,117,117,117.0,0.0,117,117,0,0.0,0.0,0,0,0,0,0,0,40,0,17094.018,0.0,6,6,6.0,0.0,0.0,0,0,0,0,1,0,0,0,0,9.0,6.0,0.0,0,0,0,0,0,0,2,12,0,0,253,-1,1,20,0.0,0.0,0,0,0.0,0.0,0,0,Benign
6,79,1,1,0,0,0,0,0.0,0.0,0,0,0.0,0.0,0.0,25316.4557,79.0,0.0,79,79,0,0.0,0.0,0,0,0,0.0,0.0,0,0,0,0,0,0,32,32,12658.228,12658.228,0,0,0.0,0.0,0.0,0,0,0,0,1,1,0,0,1,0.0,0.0,0.0,0,0,0,0,0,0,1,0,1,0,349,316,0,32,0.0,0.0,0,0,0.0,0.0,0,0,Benign
17,203,2,2,46,46,23,23,23.0,0.0,23,23,23.0,0.0,453201.9704,19704.4335,67.666664,105.19664,189,2,12,12.0,0.0,12,12,2,2.0,0.0,2,2,0,0,0,0,64,64,9852.217,9852.217,23,23,23.0,0.0,0.0,0,0,0,0,0,0,0,0,1,28.75,23.0,23.0,0,0,0,0,0,0,2,46,2,46,-1,-1,1,32,0.0,0.0,0,0,0.0,0.0,0,0,Benign
6,33186240,32,35,7659,29975,1842,0,239.34375,558.5334,2920,0,856.4286,898.0358,1134.024222,2.018909042,502821.8,2087647.8,10200000,3,23600000,760865.44,2525609.8,10200000,3,33200000,975004.3,2856848.5,10200000,3,0,0,0,0,660,712,0.9642551,1.054654,0,2920,553.44116,808.2323,653239.44,0,0,0,1,0,0,0,0,1,561.7015,239.34375,856.4286,0,0,0,0,0,0,32,7659,35,29975,29200,88,31,20,1086404.0,1818902.8,3186692,36193,9975675.0,357862.97,10200000,9563216,Benign
6,66,2,0,12,0,6,6,6.0,0.0,0,0,0.0,0.0,181818.1818,30303.0303,66.0,0.0,66,66,66,66.0,0.0,66,66,0,0.0,0.0,0,0,0,0,0,0,40,0,30303.031,0.0,6,6,6.0,0.0,0.0,0,0,0,0,1,0,0,0,0,9.0,6.0,0.0,0,0,0,0,0,0,2,12,0,0,254,-1,1,20,0.0,0.0,0,0,0.0,0.0,0,0,Benign
17,23471,1,1,47,103,47,47,47.0,0.0,103,103,103.0,0.0,6390.865323,85.21153764,23471.0,0.0,23471,23471,0,0.0,0.0,0,0,0,0.0,0.0,0,0,0,0,0,0,20,20,42.60577,42.60577,47,103,65.666664,32.331615,1045.3334,0,0,0,0,0,0,0,0,1,98.5,47.0,103.0,0,0,0,0,0,0,1,47,1,103,-1,-1,0,20,0.0,0.0,0,0,0.0,0.0,0,0,Benign
17,31062,2,2,82,114,41,41,41.0,0.0,57,57,57.0,0.0,6309.960724,128.7747086,10354.0,17928.457,31056,3,3,3.0,0.0,3,3,3,3.0,0.0,3,3,0,0,0,0,40,40,64.38735,64.38735,41,57,47.4,8.763561,76.8,0,0,0,0,0,0,0,0,1,59.25,41.0,57.0,0,0,0,0,0,0,2,82,2,114,-1,-1,1,20,0.0,0.0,0,0,0.0,0.0,0,0,Benign
6,35494647,9,8,842,3534,421,0,93.55556,185.64355,1767,0,441.75,817.96204,123.2861958,0.478945459,2218415.5,4055068.8,10200000,43,31200000,3895091.0,5169534.0,10200000,101,35500000,5065352.0,4968117.0,10200000,4267,0,0,0,0,296,264,0.25355935,0.2253861,0,1767,243.11111,570.614,325600.34,0,0,0,1,0,0,0,0,0,257.41177,93.55556,441.75,0,0,0,0,0,0,9,842,8,3534,29200,972,2,32,279357.66,419450.2,763697,37061,10100000.0,94816.984,10200000,10000000,Benign
17,162,2,2,328,326,164,164,164.0,0.0,163,163,163.0,0.0,4037037.037,24691.35802,54.0,10.392304,66,48,48,48.0,0.0,48,48,48,48.0,0.0,48,48,0,0,0,0,64,64,12345.679,12345.679,163,164,163.6,0.5477226,0.3,0,0,0,0,0,0,0,0,1,204.5,164.0,163.0,0,0,0,0,0,0,2,328,2,326,-1,-1,1,32,0.0,0.0,0,0,0.0,0.0,0,0,Benign
6,21057303,42,42,1963,62051,676,0,46.738094,161.25665,4344,0,1477.4048,871.23004,3039.990449,3.989114845,253702.45,1543208.2,10000000,5,21100000,513592.75,2180411.2,10000000,48,20800000,507668.16,2183625.0,10000000,91,0,0,0,0,1352,1352,1.9945574,1.9945574,0,4344,753.1059,949.5847,901711.1,0,0,0,1,0,0,0,0,1,762.0714,46.738094,1477.4048,0,0,0,0,0,0,42,1963,42,62051,29200,128,5,32,398330.0,538860.6,779362,17298,10000000.0,18468.922,10000000,9996572,Benign
6,95475,1,1,0,0,0,0,0.0,0.0,0,0,0.0,0.0,0.0,20.94789212,95475.0,0.0,95475,95475,0,0.0,0.0,0,0,0,0.0,0.0,0,0,0,0,0,0,32,32,10.473946,10.473946,0,0,0.0,0.0,0.0,0,0,0,0,1,1,0,0,1,0.0,0.0,0.0,0,0,0,0,0,0,1,0,1,0,304,252,0,32,0.0,0.0,0,0,0.0,0.0,0,0,Benign
17,269,2,2,78,184,39,39,39.0,0.0,92,92,92.0,0.0,973977.6952,14869.88848,89.666664,153.57516,267,1,1,1.0,0.0,1,1,1,1.0,0.0,1,1,0,0,0,0,64,64,7434.9443,7434.9443,39,92,60.2,29.029295,842.7,0,0,0,0,0,0,0,0,1,75.25,39.0,92.0,0,0,0,0,0,0,2,78,2,184,-1,-1,1,32,0.0,0.0,0,0,0.0,0.0,0,0,Benign
17,205,2,2,46,46,23,23,23.0,0.0,23,23,23.0,0.0,448780.4878,19512.19512,68.333336,106.2748,191,4,4,4.0,0.0,4,4,10,10.0,0.0,10,10,0,0,0,0,64,64,9756.098,9756.098,23,23,23.0,0.0,0.0,0,0,0,0,0,0,0,0,1,28.75,23.0,23.0,0,0,0,0,0,0,2,46,2,46,-1,-1,1,32,0.0,0.0,0,0,0.0,0.0,0,0,Benign
17,51503,2,2,74,154,37,37,37.0,0.0,77,77,77.0,0.0,4426.926587,77.66537872,17167.666,29730.074,51497,3,3,3.0,0.0,3,3,3,3.0,0.0,3,3,0,0,0,0,64,64,38.83269,38.83269,37,77,53.0,21.908903,480.0,0,0,0,0,0,0,0,0,1,66.25,37.0,77.0,0,0,0,0,0,0,2,74,2,154,-1,-1,1,32,0.0,0.0,0,0,0.0,0.0,0,0,Benign
6,117127197,27,37,1197,34784,345,0,44.333332,79.22315,1430,0,940.1081,640.88403,307.1959453,0.54641451,1859161.9,10300000.0,58200000,1,117000000,4504892.0,15800000.0,58200000,67,117000000,3247040.8,13500000.0,58400000,1,0,0,0,0,552,752,0.23051862,0.3158959,0,1430,553.55383,658.90436,434154.94,0,0,0,1,0,0,0,0,1,562.2031,44.333332,940.1081,0,0,0,0,0,0,27,1197,37,34784,8192,360,26,20,264999.0,49819.914,300227,229771,58200000.0,30495.395,58200000,58200000,Benign
6,67,1,1,187,6,187,187,187.0,0.0,6,6,6.0,0.0,2880597.015,29850.74627,67.0,0.0,67,67,0,0.0,0.0,0,0,0,0.0,0.0,0,0,0,0,0,0,32,20,14925.373,14925.373,6,187,126.666664,104.5004,10920.333,0,0,0,0,1,1,0,0,1,190.0,187.0,6.0,0,0,0,0,0,0,1,187,1,6,512,0,0,32,0.0,0.0,0,0,0.0,0.0,0,0,Benign
17,268839,1,1,46,144,46,46,46.0,0.0,144,144,144.0,0.0,706.7426973,7.439396814,268839.0,0.0,268839,268839,0,0.0,0.0,0,0,0,0.0,0.0,0,0,0,0,0,0,32,32,3.7196984,3.7196984,46,144,78.666664,56.580326,3201.3333,0,0,0,0,0,0,0,0,1,118.0,46.0,144.0,0,0,0,0,0,0,1,46,1,144,-1,-1,0,32,0.0,0.0,0,0,0.0,0.0,0,0,Benign
17,61645,1,1,51,275,51,51,51.0,0.0,275,275,275.0,0.0,5288.344553,32.44383162,61645.0,0.0,61645,61645,0,0.0,0.0,0,0,0,0.0,0.0,0,0,0,0,0,0,20,20,16.221916,16.221916,51,275,125.666664,129.32646,16725.334,0,0,0,0,0,0,0,0,1,188.5,51.0,275.0,0,0,0,0,0,0,1,51,1,275,-1,-1,0,20,0.0,0.0,0,0,0.0,0.0,0,0,Benign
17,171,2,2,100,132,50,50,50.0,0.0,66,66,66.0,0.0,1356725.146,23391.81287,57.0,58.412327,119,3,3,3.0,0.0,3,3,49,49.0,0.0,49,49,0,0,0,0,40,40,11695.906,11695.906,50,66,56.4,8.763561,76.8,0,0,0,0,0,0,0,0,1,70.5,50.0,66.0,0,0,0,0,0,0,2,100,2,132,-1,-1,1,20,0.0,0.0,0,0,0.0,0.0,0,0,Benign
6,685,2,1,8,2,6,2,4.0,2.828427,2,2,2.0,0.0,14598.54015,4379.562044,342.5,352.84628,592,93,685,685.0,0.0,685,685,0,0.0,0.0,0,0,0,0,0,0,44,24,2919.708,1459.854,2,6,3.0,2.0,4.0,0,0,0,1,0,0,0,0,0,4.0,4.0,2.0,0,0,0,0,0,0,2,8,1,2,1024,29200,1,20,0.0,0.0,0,0,0.0,0.0,0,0,PortScan
6,74440623,11,11,478,1786,424,0,43.454544,126.22549,1774,0,162.36363,534.5247,30.41350151,0.295537559,3544791.5,4763337.5,10000000,41,70400000,7039106.0,4839255.5,10100000,149,74400000,7440163.5,4340497.0,10100000,795,0,0,0,0,232,316,0.14776878,0.14776878,0,1774,98.434784,375.6444,141108.72,0,0,0,1,0,0,0,0,1,102.90909,43.454544,162.36363,0,0,0,0,0,0,11,478,11,1786,8192,946,10,20,44699.855,15211.742,79194,38702,10000000.0,1148.3457,10000000,10000000,Benign
6,10319554,13,14,3505,11435,2896,0,269.6154,794.72424,2193,0,816.7857,829.9545,1447.736986,2.616392143,396905.94,1959108.1,10000000,3,10300000,859072.2,2879323.2,10000000,62,10300000,791315.6,2770722.5,10000000,3,0,0,0,0,424,456,1.2597444,1.3566477,0,2896,533.5714,835.4894,698042.5,0,0,0,1,0,0,0,0,1,553.3333,269.6154,816.7857,0,0,0,0,0,0,13,3505,14,11435,29200,77,4,32,307687.0,0.0,307687,307687,10000000.0,0.0,10000000,10000000,Benign
6,115296850,16,14,518,752,434,0,32.375,107.11046,746,0,53.714287,199.25995,11.01504508,0.260197915,3975753.5,4869754.0,10000000,30,115000000,7686456.5,4172966.5,10000000,186,111000000,8501094.0,3760134.8,10000000,21022,0,0,0,0,332,424,0.13877222,0.121425696,0,746,40.967743,152.02882,23112.766,0,0,0,1,0,0,0,0,0,42.333332,32.375,53.714287,0,0,0,0,0,0,16,518,14,752,8192,343,15,20,47463.453,37016.67,159072,36112,9999291.0,21099.078,10000000,9937591,Benign
6,6252938,9,9,729,4497,396,0,81.0,139.86243,1448,0,499.66666,598.9512,835.7671226,2.878646806,367819.88,1203690.9,5001930,1,1251007,156375.88,199727.0,616987,180,6112485,764060.6,1733611.1,5002032,1,0,0,0,0,296,296,1.4393234,1.4393234,0,1448,275.05264,465.1796,216392.05,0,0,0,1,0,0,0,0,1,290.33334,81.0,499.66666,0,0,0,0,0,0,9,729,9,4497,29200,243,3,32,1251007.0,0.0,1251007,1251007,5001930.0,0.0,5001930,5001930,Benign
6,854145,10,5,755,943,517,0,75.5,161.47394,805,0,188.6,349.72104,1987.952865,17.56142107,61010.355,120474.984,283712,4,854145,94905.0,141755.14,284143,4,569110,142277.5,163592.23,284067,564,0,0,0,0,332,168,11.707614,5.853807,0,805,106.125,227.82095,51902.383,0,0,0,1,0,0,0,0,0,113.2,75.5,188.6,0,0,0,0,0,0,10,755,5,943,65535,59,5,32,0.0,0.0,0,0,0.0,0.0,0,0,Benign
6,277,4,0,294,0,229,6,73.5,106.00786,0,0,0.0,0.0,1061371.841,14440.43321,92.333336,157.32874,274,1,277,92.333336,157.32874,274,1,0,0.0,0.0,0,0,0,0,0,0,80,0,14440.434,0.0,6,229,60.0,96.64109,9339.5,0,0,0,0,1,0,0,0,0,75.0,73.5,0.0,0,0,0,0,0,0,4,294,0,0,31,-1,3,20,0.0,0.0,0,0,0.0,0.0,0,0,Benign
17,62912,1,1,64,117,64,64,64.0,0.0,117,117,117.0,0.0,2877.034588,31.79043744,62912.0,0.0,62912,62912,0,0.0,0.0,0,0,0,0.0,0.0,0,0,0,0,0,0,32,20,15.895219,15.895219,64,117,81.666664,30.599564,936.3333,0,0,0,0,0,0,0,0,1,122.5,64.0,117.0,0,0,0,0,0,0,1,64,1,117,-1,-1,0,32,0.0,0.0,0,0,0.0,0.0,0,0,Benign
6,60563108,11,10,331,1362,331,0,30.09091,99.800255,1357,0,136.2,428.94827,27.95431172,0.346745745,3028155.5,4568650.5,10200000,3,52600000,5261430.5,5219632.5,10200000,3,60500000,6723531.0,4995274.0,11300000,4,0,0,0,0,360,328,0.18162872,0.16511703,0,1357,76.954544,294.45276,86702.43,0,0,0,1,0,0,0,0,0,80.61905,30.09091,136.2,0,0,0,0,0,0,11,331,10,1362,29200,110,1,32,361061.6,463305.2,1088520,50939,10200000.0,53526.28,10200000,10100000,Benign
6,826486,7,10,1391,4023,730,0,198.71428,299.93372,1616,0,402.3,624.64197,6550.625177,20.56901145,51655.375,77220.805,193760,1,678728,113121.336,103457.375,230151,13824,632979,70331.0,95388.34,216280,1,0,0,0,0,152,212,8.469593,12.099419,0,1616,300.77777,503.9732,253989.0,0,0,0,1,0,0,0,0,1,318.47058,198.71428,402.3,0,0,0,0,0,0,7,1391,10,4023,8192,34,6,20,0.0,0.0,0,0,0.0,0.0,0,0,Benign
6,5218201,9,6,385,3909,192,0,42.77778,77.13588,1418,0,651.5,656.3401,822.8889612,2.874553893,372728.66,1347281.5,5053351,2,5218201,652275.1,1778423.5,5053351,46,128399,25679.8,31983.998,75969,186,0,0,0,0,296,200,1.7247323,1.1498215,0,1418,268.375,490.73358,240819.45,0,0,0,1,0,0,0,0,0,286.26666,42.77778,651.5,0,0,0,0,0,0,9,385,6,3909,29200,349,3,32,164804.0,0.0,164804,164804,5053351.0,0.0,5053351,5053351,Benign
17,60468,1,1,44,261,44,44,44.0,0.0,261,261,261.0,0.0,5043.99021,33.07534564,60468.0,0.0,60468,60468,0,0.0,0.0,0,0,0,0.0,0.0,0,0,0,0,0,0,40,20,16.537672,16.537672,44,261,116.333336,125.28501,15696.333,0,0,0,0,0,0,0,0,1,174.5,44.0,261.0,0,0,0,0,0,0,1,44,1,261,-1,-1,0,40,0.0,0.0,0,0,0.0,0.0,0,0,Benign
17,208,2,2,70,198,35,35,35.0,0.0,99,99,99.0,0.0,1288461.538,19230.76923,69.333336,118.356804,206,1,1,1.0,0.0,1,1,1,1.0,0.0,1,1,0,0,0,0,80,80,9615.385,9615.385,35,99,60.6,35.054245,1228.8,0,0,0,0,0,0,0,0,1,75.75,35.0,99.0,0,0,0,0,0,0,2,70,2,198,-1,-1,1,40,0.0,0.0,0,0,0.0,0.0,0,0,Benign
17,23313,1,1,96,174,96,96,96.0,0.0,174,174,174.0,0.0,11581.52104,85.78904474,23313.0,0.0,23313,23313,0,0.0,0.0,0,0,0,0.0,0.0,0,0,0,0,0,0,20,20,42.894524,42.894524,96,174,122.0,45.03332,2028.0,0,0,0,0,0,0,0,0,1,183.0,96.0,174.0,0,0,0,0,0,0,1,96,1,174,-1,-1,0,20,0.0,0.0,0,0,0.0,0.0,0,0,Benign
17,113220997,2,2,107,275,65,42,53.5,16.263456,217,58,137.5,112.42998,3.373932487,0.035329136,37700000.0,64400000.0,112000000,65217,113000000,113000000.0,0.0,113000000,113000000,112000000,112000000.0,0.0,112000000,112000000,0,0,0,0,40,40,0.017664568,0.017664568,42,217,89.4,71.94651,5176.3,0,0,0,0,0,0,0,0,1,111.75,53.5,137.5,0,0,0,0,0,0,2,107,2,275,-1,-1,1,20,1019275.0,0.0,1019275,1019275,112000000.0,0.0,112000000,112000000,Benign
17,261,2,2,168,424,84,84,84.0,0.0,212,212,212.0,0.0,2268199.234,15325.6705,87.0,66.68583,164,48,49,49.0,0.0,49,49,48,48.0,0.0,48,48,0,0,0,0,40,40,7662.8354,7662.8354,84,212,135.2,70.10849,4915.2,0,0,0,0,0,0,0,0,1,169.0,84.0,212.0,0,0,0,0,0,0,2,168,2,424,-1,-1,1,20,0.0,0.0,0,0,0.0,0.0,0,0,Benign
6,119264785,19,15,4230,4678,1475,0,222.63158,474.54028,1448,0,311.86667,499.33182,74.69094922,0.285079959,3614084.5,14100000.0,58600000,3,119000000,6625821.5,18800000.0,58600000,4,119000000,8515792.0,21100000.0,58600000,3,0,0,0,0,616,488,0.15930939,0.12577057,0,1475,254.51428,475.1927,225808.08,0,0,0,1,0,0,0,0,0,262.0,222.63158,311.86667,0,0,0,0,0,0,19,4230,15,4678,29200,151,8,32,1304847.5,1783543.2,2566003,43692,58300000.0,358820.62,58600000,58100000,Benign
17,198005,4,2,136,68,34,34,34.0,0.0,34,34,34.0,0.0,1030.277013,30.30226509,39601.0,74449.24,171155,4,26802,8934.0,15467.214,26794,4,48,48.0,0.0,48,48,0,0,0,0,128,40,20.20151,10.100755,34,34,34.0,0.0,0.0,0,0,0,0,0,0,0,0,0,39.666668,34.0,34.0,0,0,0,0,0,0,4,136,2,68,-1,-1,3,32,0.0,0.0,0,0,0.0,0.0,0,0,Benign
6,5581850,9,10,932,7208,584,0,103.55556,192.82837,1881,0,720.8,761.74854,1458.297876,3.403889392,310102.78,1148281.2,4905997,3,675627,84453.375,68257.586,180702,198,5558110,617567.75,1647753.6,5000783,49,0,0,0,0,192,208,1.6123687,1.7915207,0,1881,407.0,628.2335,394677.38,0,0,0,1,0,0,0,0,1,428.42105,103.55556,720.8,0,0,0,0,0,0,9,932,10,7208,8192,25,8,20,0.0,0.0,0,0,0.0,0.0,0,0,Benign
17,157,2,2,68,100,34,34,34.0,0.0,50,50,50.0,0.0,1070063.694,25477.70701,52.333332,86.3269,152,1,4,4.0,0.0,4,4,1,1.0,0.0,1,1,0,0,0,0,40,40,12738.854,12738.854,34,50,40.4,8.763561,76.8,0,0,0,0,0,0,0,0,1,50.5,34.0,50.0,0,0,0,0,0,0,2,68,2,100,-1,-1,1,20,0.0,0.0,0,0,0.0,0.0,0,0,Benign
6,23880,1,1,6,6,6,6,6.0,0.0,6,6,6.0,0.0,502.5125628,83.7520938,23880.0,0.0,23880,23880,0,0.0,0.0,0,0,0,0.0,0.0,0,0,0,0,0,0,20,20,41.876045,41.876045,6,6,6.0,0.0,0.0,0,0,0,0,1,1,0,0,1,9.0,6.0,6.0,0,0,0,0,0,0,1,6,1,6,251,980,0,20,0.0,0.0,0,0,0.0,0.0,0,0,Benign
17,170,2,2,76,108,38,38,38.0,0.0,54,54,54.0,0.0,1082352.941,23529.41176,56.666668,58.483616,119,3,48,48.0,0.0,48,48,3,3.0,0.0,3,3,0,0,0,0,40,40,11764.706,11764.706,38,54,44.4,8.763561,76.8,0,0,0,0,0,0,0,0,1,55.5,38.0,54.0,0,0,0,0,0,0,2,76,2,108,-1,-1,1,20,0.0,0.0,0,0,0.0,0.0,0,0,Benign
17,507,1,1,50,111,50,50,50.0,0.0,111,111,111.0,0.0,317554.2406,3944.773176,507.0,0.0,507,507,0,0.0,0.0,0,0,0,0.0,0.0,0,0,0,0,0,0,32,32,1972.3866,1972.3866,50,111,70.333336,35.218365,1240.3334,0,0,0,0,0,0,0,0,1,105.5,50.0,111.0,0,0,0,0,0,0,1,50,1,111,-1,-1,0,32,0.0,0.0,0,0,0.0,0.0,0,0,Benign
17,101542,2,2,58,166,29,29,29.0,0.0,83,83,83.0,0.0,2205.983731,39.39256662,33847.332,58582.004,101492,3,47,47.0,0.0,47,47,3,3.0,0.0,3,3,0,0,0,0,64,64,19.696283,19.696283,29,83,50.6,29.577019,874.8,0,0,0,0,0,0,0,0,1,63.25,29.0,83.0,0,0,0,0,0,0,2,58,2,166,-1,-1,1,32,0.0,0.0,0,0,0.0,0.0,0,0,Benign
6,463463,13,10,2635,3750,1995,0,202.6923,542.7947,1739,0,375.0,653.76416,13776.72004,49.62639952,21066.5,28517.02,103682,3,463463,38621.918,29092.373,103682,47,299916,33324.0,55483.906,151970,3,0,0,0,0,272,212,28.049704,21.576694,0,1995,266.04166,575.7358,331471.7,0,0,0,1,0,0,0,0,0,277.6087,202.6923,375.0,0,0,0,0,0,0,13,2635,10,3750,8192,129,12,20,0.0,0.0,0,0,0.0,0.0,0,0,Benign
6,660,2,1,37,6,31,6,18.5,17.67767,6,6,6.0,0.0,65151.51515,4545.454545,330.0,329.51175,563,97,660,660.0,0.0,660,660,0,0.0,0.0,0,0,1,0,0,0,40,20,3030.303,1515.1515,6,31,18.5,14.433757,208.33333,0,1,0,0,1,0,0,0,0,24.666666,18.5,6.0,0,0,0,0,0,0,2,37,1,6,60,0,1,20,0.0,0.0,0,0,0.0,0.0,0,0,Benign
17,173,2,2,64,170,32,32,32.0,0.0,85,85,85.0,0.0,1352601.156,23121.38728,57.666668,92.95339,165,4,4,4.0,0.0,4,4,4,4.0,0.0,4,4,0,0,0,0,80,80,11560.693,11560.693,32,85,53.2,29.029295,842.7,0,0,0,0,0,0,0,0,1,66.5,32.0,85.0,0,0,0,0,0,0,2,64,2,170,-1,-1,1,40,0.0,0.0,0,0,0.0,0.0,0,0,Benign
17,1003,2,2,94,196,47,47,47.0,0.0,98,98,98.0,0.0,289132.6022,3988.035892,334.33334,535.3469,952,4,47,47.0,0.0,47,47,4,4.0,0.0,4,4,0,0,0,0,64,64,1994.018,1994.018,47,98,67.4,27.933851,780.3,0,0,0,0,0,0,0,0,1,84.25,47.0,98.0,0,0,0,0,0,0,2,94,2,196,-1,-1,1,32,0.0,0.0,0,0,0.0,0.0,0,0,Benign
17,60771,1,1,45,98,45,45,45.0,0.0,98,98,98.0,0.0,2353.096049,32.91043425,60771.0,0.0,60771,60771,0,0.0,0.0,0,0,0,0.0,0.0,0,0,0,0,0,0,44,32,16.455217,16.455217,45,98,62.666668,30.599564,936.3333,0,0,0,0,0,0,0,0,1,94.0,45.0,98.0,0,0,0,0,0,0,1,45,1,98,-1,-1,0,44,0.0,0.0,0,0,0.0,0.0,0,0,Benign
6,1059790,16,12,891,5040,328,0,55.6875,94.71693,2708,0,420.0,821.2913,5596.391738,26.42032856,39251.48,100321.44,521755,2,1059790,70652.664,130336.555,521755,18,941940,85630.91,164849.47,559797,2,0,0,0,0,532,392,15.097331,11.322998,0,2708,204.51724,551.22296,303846.75,0,0,0,1,0,0,0,0,0,211.82143,55.6875,420.0,0,0,0,0,0,0,16,891,12,5040,29200,357,7,32,0.0,0.0,0,0,0.0,0.0,0,0,Benign
17,47206,2,2,62,274,31,31,31.0,0.0,137,137,137.0,0.0,7117.73927,84.73499131,15735.333,27242.273,47192,3,11,11.0,0.0,11,11,3,3.0,0.0,3,3,0,0,0,0,40,40,42.367496,42.367496,31,137,73.4,58.05859,3370.8,0,0,0,0,0,0,0,0,1,91.75,31.0,137.0,0,0,0,0,0,0,2,62,2,274,-1,-1,1,20,0.0,0.0,0,0,0.0,0.0,0,0,Benign
6,61528069,17,17,3961,5521,1789,0,233.0,587.1468,1460,0,324.7647,544.72363,154.1085257,0.552593321,1864487.0,3878671.0,10000000,28,61500000,3845504.2,4930215.0,10100000,569,61500000,3842304.8,4938546.0,10100000,48,0,0,0,0,352,412,0.27629668,0.27629668,0,1789,270.91428,553.34735,306193.3,0,0,0,1,0,0,0,0,1,278.88235,233.0,324.7647,0,0,0,0,0,0,17,3961,17,5521,8192,138,16,20,296573.84,601760.4,1524912,50745,9958070.0,83274.78,10000000,9790436,Benign
17,37246,4,4,256,520,64,64,64.0,0.0,130,130,130.0,0.0,20834.45202,214.7881652,5320.857,11584.939,31108,2,37093,12364.333,21411.324,37088,2,6136,2045.3334,3498.5264,6085,3,0,0,0,0,104,104,107.39408,107.39408,64,130,93.333336,34.785053,1210.0,0,0,0,0,0,0,0,0,1,105.0,64.0,130.0,0,0,0,0,0,0,4,256,4,520,-1,-1,3,20,0.0,0.0,0,0,0.0,0.0,0,0,Benign
17,60466,1,1,40,94,40,40,40.0,0.0,94,94,94.0,0.0,2216.121457,33.07643965,60466.0,0.0,60466,60466,0,0.0,0.0,0,0,0,0.0,0.0,0,0,0,0,0,0,20,20,16.53822,16.53822,40,94,58.0,31.176914,972.0,0,0,0,0,0,0,0,0,1,87.0,40.0,94.0,0,0,0,0,0,0,1,40,1,94,-1,-1,0,20,0.0,0.0,0,0,0.0,0.0,0,0,Benign
17,50838,2,2,92,170,46,46,46.0,0.0,85,85,85.0,0.0,5153.625241,78.68130139,16946.0,29308.906,50789,1,1,1.0,0.0,1,1,48,48.0,0.0,48,48,0,0,0,0,64,64,39.340652,39.340652,46,85,61.6,21.36118,456.3,0,0,0,0,0,0,0,0,1,77.0,46.0,85.0,0,0,0,0,0,0,2,92,2,170,-1,-1,1,32,0.0,0.0,0,0,0.0,0.0,0,0,Benign
6,24757,2,0,12,0,6,6,6.0,0.0,0,0,0.0,0.0,484.7113948,80.78523246,24757.0,0.0,24757,24757,24757,24757.0,0.0,24757,24757,0,0.0,0.0,0,0,0,0,0,0,40,0,80.78523,0.0,6,6,6.0,0.0,0.0,0,0,0,0,1,0,0,0,0,9.0,6.0,0.0,0,0,0,0,0,0,2,12,0,0,32,-1,1,20,0.0,0.0,0,0,0.0,0.0,0,0,Benign
17,71178,4,2,120,448,30,30,30.0,0.0,224,224,224.0,0.0,7979.993818,84.29570935,14235.6,19533.143,37445,3,33730,11243.333,19468.828,33724,3,3,3.0,0.0,3,3,0,0,0,0,80,40,56.19714,28.09857,30,224,85.42857,94.66231,8960.952,0,0,0,0,0,0,0,0,0,99.666664,30.0,224.0,0,0,0,0,0,0,4,120,2,448,-1,-1,3,20,0.0,0.0,0,0,0.0,0.0,0,0,Benign
17,30864,2,2,70,126,35,35,35.0,0.0,63,63,63.0,0.0,6350.440643,129.6008294,10288.0,17813.277,30857,3,3,3.0,0.0,3,3,4,4.0,0.0,4,4,0,0,0,0,64,64,64.800415,64.800415,35,63,46.2,15.336231,235.2,0,0,0,0,0,0,0,0,1,57.75,35.0,63.0,0,0,0,0,0,0,2,70,2,126,-1,-1,1,32,0.0,0.0,0,0,0.0,0.0,0,0,Benign
6,73840366,34,38,3611,28226,809,0,106.20588,259.7964,3574,0,742.7895,936.71155,431.1598347,0.975076424,1040005.1,2869777.2,10000000,2,66300000,2008424.0,3909012.8,10300000,138,73600000,1988344.8,3951701.0,11300000,3,0,0,0,0,824,856,0.46045277,0.51462364,0,3574,436.1233,765.1869,585511.0,0,0,0,1,0,0,0,0,1,442.18054,106.20588,742.7895,0,0,0,0,0,0,34,3611,38,28226,8192,148,22,20,961152.44,1083070.1,3193736,269931,9587471.0,1015686.0,10000000,7291023,Benign
17,23884,2,2,82,114,41,41,41.0,0.0,57,57,57.0,0.0,8206.330598,167.4761347,7961.3335,13783.372,23877,3,3,3.0,0.0,3,3,4,4.0,0.0,4,4,0,0,0,0,40,64,83.73807,83.73807,41,57,47.4,8.763561,76.8,0,0,0,0,0,0,0,0,1,59.25,41.0,57.0,0,0,0,0,0,0,2,82,2,114,-1,-1,1,20,0.0,0.0,0,0,0.0,0.0,0,0,Benign
6,6028684,5,3,168,127,168,0,33.6,75.13188,127,0,42.333332,73.32349,48.93273557,1.326989439,861240.56,2269015.2,6006860,72,6028684,1507171.0,2999804.0,6006860,574,6009134,3004567.0,4246771.5,6007488,1646,0,0,0,0,168,104,0.8293684,0.49762103,0,168,32.77778,65.84409,4335.4443,0,0,0,1,0,0,0,0,0,36.875,33.6,42.333332,0,0,0,0,0,0,5,168,3,127,29200,235,1,32,574.0,0.0,574,574,6006860.0,0.0,6006860,6006860,PortScan
6,281,2,1,37,6,31,6,18.5,17.67767,6,6,6.0,0.0,153024.911,10676.15658,140.5,23.334524,157,124,281,281.0,0.0,281,281,0,0.0,0.0,0,0,1,0,0,0,40,20,7117.4375,3558.7188,6,31,18.5,14.433757,208.33333,0,1,0,0,1,0,0,0,0,24.666666,18.5,6.0,0,0,0,0,0,0,2,37,1,6,70,0,1,20,0.0,0.0,0,0,0.0,0.0,0,0,Benign
17,179,2,2,70,102,35,35,35.0,0.0,51,51,51.0,0.0,960893.8547,22346.36872,59.666668,96.417496,171,4,4,4.0,0.0,4,4,4,4.0,0.0,4,4,0,0,0,0,64,64,11173.185,11173.185,35,51,41.4,8.763561,76.8,0,0,0,0,0,0,0,0,1,51.75,35.0,51.0,0,0,0,0,0,0,2,70,2,102,-1,-1,1,32,0.0,0.0,0,0,0.0,0.0,0,0,Benign
6,49,3,0,18,0,6,6,6.0,0.0,0,0,0.0,0.0,367346.9388,61224.4898,24.5,31.819805,47,2,49,24.5,31.819805,47,2,0,0.0,0.0,0,0,0,0,0,0,60,0,61224.49,0.0,6,6,6.0,0.0,0.0,0,0,0,0,1,0,0,0,0,8.0,6.0,0.0,0,0,0,0,0,0,3,18,0,0,398,-1,2,20,0.0,0.0,0,0,0.0,0.0,0,0,Benign
6,683,3,1,0,0,0,0,0.0,0.0,0,0,0.0,0.0,0.0,5856.515373,227.66667,351.84845,633,1,683,341.5,481.5397,682,1,0,0.0,0.0,0,0,0,0,0,0,104,40,4392.3867,1464.1288,0,0,0.0,0.0,0.0,0,0,0,1,0,0,0,0,0,0.0,0.0,0.0,0,0,0,0,0,0,3,0,1,0,29200,28960,0,32,0.0,0.0,0,0,0.0,0.0,0,0,PortScan
6,66,1,1,6,6,6,6,6.0,0.0,6,6,6.0,0.0,181818.1818,30303.0303,66.0,0.0,66,66,0,0.0,0.0,0,0,0,0.0,0.0,0,0,0,0,0,0,20,20,15151.516,15151.516,6,6,6.0,0.0,0.0,0,0,0,0,1,1,0,0,1,9.0,6.0,6.0,0,0,0,0,0,0,1,6,1,6,377,255,0,20,0.0,0.0,0,0,0.0,0.0,0,0,Benign
17,178,2,2,76,108,38,38,38.0,0.0,54,54,54.0,0.0,1033707.865,22471.91011,59.333332,61.158264,125,4,4,4.0,0.0,4,4,49,49.0,0.0,49,49,0,0,0,0,64,64,11235.955,11235.955,38,54,44.4,8.763561,76.8,0,0,0,0,0,0,0,0,1,55.5,38.0,54.0,0,0,0,0,0,0,2,76,2,108,-1,-1,1,32,0.0,0.0,0,0,0.0,0.0,0,0,Benign
6,1973973,17,24,1376,4520,362,0,80.94118,88.22306,1418,0,188.33333,408.50827,2986.869628,20.77029422,49349.324,157183.4,996141,1,1924869,120304.31,253141.84,1044954,213,1925160,83702.61,202145.27,996141,1,0,0,0,0,552,776,8.612073,12.158221,0,1418,140.38095,316.13928,99944.05,0,0,0,1,0,0,0,0,1,143.80487,80.94118,188.33333,0,0,0,0,0,0,17,1376,24,4520,29200,175,12,32,0.0,0.0,0,0,0.0,0.0,0,0,Benign
17,69863,2,2,74,220,37,37,37.0,0.0,110,110,110.0,0.0,4208.236119,57.25491319,23287.666,40292.13,69813,1,49,49.0,0.0,49,49,1,1.0,0.0,1,1,0,0,0,0,40,40,28.627457,28.627457,37,110,66.2,39.983746,1598.7,0,0,0,0,0,0,0,0,1,82.75,37.0,110.0,0,0,0,0,0,0,2,74,2,220,-1,-1,1,20,0.0,0.0,0,0,0.0,0.0,0,0,Benign
17,30678,1,1,43,113,43,43,43.0,0.0,113,113,113.0,0.0,5085.077254,65.19329813,30678.0,0.0,30678,30678,0,0.0,0.0,0,0,0,0.0,0.0,0,0,0,0,0,0,32,20,32.59665,32.59665,43,113,66.333336,40.41452,1633.3334,0,0,0,0,0,0,0,0,1,99.5,43.0,113.0,0,0,0,0,0,0,1,43,1,113,-1,-1,0,32,0.0,0.0,0,0,0.0,0.0,0,0,Benign
6,123,1,1,6,6,6,6,6.0,0.0,6,6,6.0,0.0,97560.97561,16260.1626,123.0,0.0,123,123,0,0.0,0.0,0,0,0,0.0,0.0,0,0,0,0,0,0,20,20,8130.0815,8130.0815,6,6,6.0,0.0,0.0,0,0,0,0,1,1,0,0,1,9.0,6.0,6.0,0,0,0,0,0,0,1,6,1,6,30992,63919,0,20,0.0,0.0,0,0,0.0,0.0,0,0,Benign
6,20,1,1,6,6,6,6,6.0,0.0,6,6,6.0,0.0,600000.0,100000.0,20.0,0.0,20,20,0,0.0,0.0,0,0,0,0.0,0.0,0,0,0,0,0,0,20,20,50000.0,50000.0,6,6,6.0,0.0,0.0,0,0,0,0,1,1,0,0,1,9.0,6.0,6.0,0,0,0,0,0,0,1,6,1,6,1013,16425,0,20,0.0,0.0,0,0,0.0,0.0,0,0,Benign
17,47263,4,2,148,272,37,37,37.0,0.0,136,136,136.0,0.0,8886.443941,126.9491992,9452.6,16353.89,37770,1,37774,12591.333,21805.365,37770,1,3,3.0,0.0,3,3,0,0,0,0,104,40,84.6328,42.3164,37,136,65.28571,48.307053,2333.5715,0,0,0,0,0,0,0,0,0,76.166664,37.0,136.0,0,0,0,0,0,0,4,148,2,272,-1,-1,3,20,0.0,0.0,0,0,0.0,0.0,0,0,Benign
17,1130,2,2,88,662,44,44,44.0,0.0,331,331,331.0,0.0,663716.8142,3539.823009,376.66666,608.65454,1079,3,3,3.0,0.0,3,3,48,48.0,0.0,48,48,0,0,0,0,40,40,1769.9115,1769.9115,44,331,158.8,157.19638,24710.7,0,0,0,0,0,0,0,0,1,198.5,44.0,331.0,0,0,0,0,0,0,2,88,2,662,-1,-1,1,20,0.0,0.0,0,0,0.0,0.0,0,0,Benign
6,4868334,3,4,92,123,46,0,30.666666,26.558113,46,0,30.75,21.68525,44.16295184,1.437863548,811389.0,1958478.5,4809007,1,4838715,2419357.5,3379474.8,4809007,29708,4838700,1612900.0,2793621.2,4838696,1,1,0,0,0,96,128,0.6162272,0.8216363,0,46,32.625,20.791052,432.26785,0,1,0,0,1,0,0,0,1,37.285713,30.666666,30.75,0,0,0,0,0,0,3,92,4,123,462,122,1,32,0.0,0.0,0,0,0.0,0.0,0,0,Benign
17,81979039,2,2,89,290,46,43,44.5,2.1213202,152,138,145.0,9.899495,4.623132994,0.04879296,27300000.0,47100000.0,81800000,46978,81900000,81900000.0,0.0,81900000,81900000,81800000,81800000.0,0.0,81800000,81800000,0,0,0,0,52,40,0.02439648,0.02439648,43,152,85.0,55.00909,3026.0,0,0,0,0,0,0,0,0,1,106.25,44.5,145.0,0,0,0,0,0,0,2,89,2,290,-1,-1,1,20,166165.0,0.0,166165,166165,81800000.0,0.0,81800000,81800000,Benign
17,31091,4,2,168,162,42,42,42.0,0.0,81,81,81.0,0.0,10614.00405,192.9818919,6218.2,13583.896,30514,3,30521,10173.667,17615.246,30514,3,9,9.0,0.0,9,9,0,0,0,0,104,64,128.6546,64.3273,42,81,53.142857,19.030052,362.14285,0,0,0,0,0,0,0,0,0,62.0,42.0,81.0,0,0,0,0,0,0,4,168,2,162,-1,-1,3,20,0.0,0.0,0,0,0.0,0.0,0,0,Benign
6,16124,2,0,0,0,0,0,0.0,0.0,0,0,0.0,0.0,0.0,124.0387001,16124.0,0.0,16124,16124,16124,16124.0,0.0,16124,16124,0,0.0,0.0,0,0,0,0,0,0,64,0,124.0387,0.0,0,0,0.0,0.0,0.0,0,0,0,0,1,0,0,0,0,0.0,0.0,0.0,0,0,0,0,0,0,2,0,0,0,155,-1,0,32,0.0,0.0,0,0,0.0,0.0,0,0,Benign
17,211,2,2,98,162,49,49,49.0,0.0,81,81,81.0,0.0,1232227.488,18957.34597,70.333336,38.68247,115,48,48,48.0,0.0,48,48,48,48.0,0.0,48,48,0,0,0,0,40,40,9478.673,9478.673,49,81,61.8,17.527122,307.2,0,0,0,0,0,0,0,0,1,77.25,49.0,81.0,0,0,0,0,0,0,2,98,2,162,-1,-1,1,20,0.0,0.0,0,0,0.0,0.0,0,0,Benign
6,244,3,2,77,12,46,0,25.666666,23.459185,6,6,6.0,0.0,364754.0984,20491.80328,61.0,75.68796,163,3,244,122.0,166.8772,240,4,3,3.0,0.0,3,3,1,0,0,0,96,40,12295.082,8196.722,0,46,22.5,21.10687,445.5,0,1,0,0,1,0,0,0,0,27.0,25.666666,6.0,0,0,0,0,0,0,3,77,2,12,122,0,1,32,0.0,0.0,0,0,0.0,0.0,0,0,Benign
17,30843,1,1,85,167,85,85,85.0,0.0,167,167,167.0,0.0,8170.411439,64.84453523,30843.0,0.0,30843,30843,0,0.0,0.0,0,0,0,0.0,0.0,0,0,0,0,0,0,20,20,32.422268,32.422268,85,167,112.333336,47.342724,2241.3333,0,0,0,0,0,0,0,0,1,168.5,85.0,167.0,0,0,0,0,0,0,1,85,1,167,-1,-1,0,20,0.0,0.0,0,0,0.0,0.0,0,0,Benign
6,5088969,3,1,12,0,6,0,4.0,3.4641016,0,0,0.0,0.0,2.358041481,0.786013827,1696323.0,2897962.8,5042496,153,5088969,2544484.5,3532721.8,5042496,46473,0,0.0,0.0,0,0,0,0,0,0,72,32,0.5895104,0.19650346,0,6,2.4,3.2863352,10.8,0,0,0,1,0,0,0,0,0,3.0,4.0,0.0,0,0,0,0,0,0,3,12,1,0,8192,26883,2,20,0.0,0.0,0,0,0.0,0.0,0,0,Benign
6,116086414,46,60,1145,91606,307,0,24.891304,73.93548,4380,0,1526.7667,1145.7484,798.9823857,0.913112882,1105584.9,3089557.0,9997468,0,116000000,2579698.0,4368478.5,10100000,163,111000000,1886328.0,3956583.0,10100000,2,0,0,0,0,956,1344,0.39625654,0.5168564,0,4380,866.8318,1137.639,1294222.5,0,0,0,1,0,0,0,0,1,875.00946,24.891304,1526.7667,0,0,0,0,0,0,46,1145,60,91606,8192,65535,43,20,123090.73,121672.625,489945,86055,9994493.0,1086.1788,9997468,9992859,Benign
17,61533,2,2,74,138,37,37,37.0,0.0,69,69,69.0,0.0,3445.305771,65.00576926,20511.0,35522.63,61529,1,1,1.0,0.0,1,1,3,3.0,0.0,3,3,0,0,0,0,40,40,32.502884,32.502884,37,69,49.8,17.527122,307.2,0,0,0,0,0,0,0,0,1,62.25,37.0,69.0,0,0,0,0,0,0,2,74,2,138,-1,-1,1,20,0.0,0.0,0,0,0.0,0.0,0,0,Benign
17,31830,2,2,58,430,29,29,29.0,0.0,215,215,215.0,0.0,15331.44832,125.6676092,10610.0,18293.92,31734,48,48,48.0,0.0,48,48,48,48.0,0.0,48,48,0,0,0,0,40,40,62.833805,62.833805,29,215,103.4,101.876396,10378.8,0,0,0,0,0,0,0,0,1,129.25,29.0,215.0,0,0,0,0,0,0,2,58,2,430,-1,-1,1,20,0.0,0.0,0,0,0.0,0.0,0,0,Benign
6,107832,6,7,1341,3649,1006,0,223.5,391.6834,1590,0,521.2857,699.42706,46275.68811,120.5579049,8986.0,13545.542,33379,84,75624,15124.8,15624.649,33673,166,77635,12939.167,19134.771,40436,210,0,0,0,0,132,152,55.64211,64.915794,0,1590,356.42856,563.34,317351.97,0,0,0,1,0,0,0,0,1,383.84616,223.5,521.2857,0,0,0,0,0,0,6,1341,7,3649,8192,139,5,20,0.0,0.0,0,0,0.0,0.0,0,0,Benign
6,4216921,5,1,135,46,46,6,27.0,20.12461,46,46,46.0,0.0,42.92231227,1.422839081,843384.2,1842365.2,4138933,48,4216921,1054230.2,2056667.9,4138933,48,0,0.0,0.0,0,0,1,0,0,0,100,20,1.1856992,0.23713985,6,46,32.42857,18.866701,355.9524,0,1,0,0,1,0,0,0,0,37.833332,27.0,46.0,0,0,0,0,0,0,5,135,1,46,254,31,4,20,0.0,0.0,0,0,0.0,0.0,0,0,Benign
6,26,1,1,6,6,6,6,6.0,0.0,6,6,6.0,0.0,461538.4615,76923.07692,26.0,0.0,26,26,0,0.0,0.0,0,0,0,0.0,0.0,0,0,0,0,0,0,20,20,38461.54,38461.54,6,6,6.0,0.0,0.0,0,0,0,0,1,1,0,0,1,9.0,6.0,6.0,0,0,0,0,0,0,1,6,1,6,155,255,0,20,0.0,0.0,0,0,0.0,0.0,0,0,Benign
17,23809,1,1,45,77,45,45,45.0,0.0,77,77,77.0,0.0,5124.11273,84.00184804,23809.0,0.0,23809,23809,0,0.0,0.0,0,0,0,0.0,0.0,0,0,0,0,0,0,20,20,42.000923,42.000923,45,77,55.666668,18.475208,341.33334,0,0,0,0,0,0,0,0,1,83.5,45.0,77.0,0,0,0,0,0,0,1,45,1,77,-1,-1,0,20,0.0,0.0,0,0,0.0,0.0,0,0,Benign
6,223172,8,5,559,3617,204,0,69.875,86.10697,1893,0,723.4,889.53796,18712.02481,58.25103508,18597.666,21359.795,61548,3,223172,31881.715,21940.166,61548,3,159359,39839.75,47966.805,103606,248,0,0,0,0,172,112,35.84679,22.404243,0,1893,298.2857,596.5909,355920.7,0,0,0,1,0,0,0,0,0,321.23077,69.875,723.4,0,0,0,0,0,0,8,559,5,3617,8192,946,7,20,0.0,0.0,0,0,0.0,0.0,0,0,Benign
17,16866,1,1,48,48,48,48,48.0,0.0,48,48,48.0,0.0,5691.924582,118.5817621,16866.0,0.0,16866,16866,0,0.0,0.0,0,0,0,0.0,0.0,0,0,0,0,0,0,32,20,59.290882,59.290882,48,48,48.0,0.0,0.0,0,0,0,0,0,0,0,0,1,72.0,48.0,48.0,0,0,0,0,0,0,1,48,1,48,-1,-1,0,32,0.0,0.0,0,0,0.0,0.0,0,0,Benign
6,7629901,15,19,1138,12622,375,0,75.86667,134.06015,1703,0,664.3158,669.1437,1803.431001,4.456152183,231209.12,1040042.2,5999310,2,7629901,544992.94,1614488.2,6135591,176,7314885,406382.5,1405088.5,5999388,2,0,0,0,0,312,392,1.9659495,2.4902027,0,1703,393.14285,578.356,334495.66,0,0,0,1,0,0,0,0,1,404.70587,75.86667,664.3158,0,0,0,0,0,0,15,1138,19,12622,8192,70,14,20,1419125.0,0.0,1419125,1419125,5999310.0,0.0,5999310,5999310,Benign
6,44175488,8,9,467,1786,431,0,58.375,150.57788,1460,0,198.44444,484.23215,51.00113438,0.384828799,2760968.0,4425941.5,10000000,73,40200000,5749168.0,5346117.5,10000000,73,44100000,5517294.0,5003399.5,10000000,192,0,0,0,0,172,240,0.1810959,0.2037329,0,1460,125.166664,354.3216,125543.8,0,0,0,1,0,0,0,0,1,132.52942,58.375,198.44444,0,0,0,0,0,0,8,467,9,1786,8192,946,7,20,53208.75,32509.65,101973,36817,10000000.0,5177.214,10000000,10000000,Benign
6,60747182,19,14,2391,6838,722,0,125.8421,255.7293,1627,0,488.42856,675.1206,151.9247428,0.543235075,1898349.4,3926679.0,10000000,35,60700000,3374843.5,4830782.0,10100000,113,60700000,4666335.0,5159944.5,10100000,228,0,0,0,0,616,456,0.3127717,0.23046337,0,1627,271.44116,499.6371,249637.22,0,0,0,1,0,0,0,0,0,279.66666,125.8421,488.42856,0,0,0,0,0,0,19,2391,14,6838,29200,126,5,32,182543.83,239755.17,671942,84505,9941962.0,178216.23,10000000,9582359,Benign
17,196,2,2,130,386,65,65,65.0,0.0,193,193,193.0,0.0,2632653.061,20408.16327,65.333336,70.92484,143,4,4,4.0,0.0,4,4,49,49.0,0.0,49,49,0,0,0,0,40,40,10204.082,10204.082,65,193,116.2,70.10849,4915.2,0,0,0,0,0,0,0,0,1,145.25,65.0,193.0,0,0,0,0,0,0,2,130,2,386,-1,-1,1,20,0.0,0.0,0,0,0.0,0.0,0,0,Benign
17,173,2,2,78,180,39,39,39.0,0.0,90,90,90.0,0.0,1491329.48,23121.38728,57.666668,86.96168,158,4,11,11.0,0.0,11,11,4,4.0,0.0,4,4,0,0,0,0,40,40,11560.693,11560.693,39,90,59.4,27.933851,780.3,0,0,0,0,0,0,0,0,1,74.25,39.0,90.0,0,0,0,0,0,0,2,78,2,180,-1,-1,1,20,0.0,0.0,0,0,0.0,0.0,0,0,Benign
17,206,2,2,82,254,41,41,41.0,0.0,127,127,127.0,0.0,1631067.961,19417.47573,68.666664,77.796745,155,4,4,4.0,0.0,4,4,47,47.0,0.0,47,47,0,0,0,0,40,40,9708.738,9708.738,41,127,75.4,47.10414,2218.8,0,0,0,0,0,0,0,0,1,94.25,41.0,127.0,0,0,0,0,0,0,2,82,2,254,-1,-1,1,20,0.0,0.0,0,0,0.0,0.0,0,0,Benign
6,5047504,5,1,135,46,46,6,27.0,20.12461,46,46,46.0,0.0,35.85930789,1.188706339,1009500.8,2206394.5,4956191,3,5047504,1261876.0,2463246.8,4956191,3,0,0.0,0.0,0,0,1,0,0,0,100,20,0.9905886,0.19811772,6,46,32.42857,18.866701,355.9524,0,1,0,0,1,0,0,0,0,37.833332,27.0,46.0,0,0,0,0,0,0,5,135,1,46,257,134,4,20,0.0,0.0,0,0,0.0,0.0,0,0,Benign
6,118041503,18,21,1240,6118,335,0,68.888885,92.78494,1860,0,291.33334,557.1241,62.33400806,0.330392269,3106355.2,13200000.0,58900000,2,118000000,6943618.0,19400000.0,58900000,22,118000000,5897999.5,18000000.0,59000000,2,0,0,0,0,372,432,0.15248874,0.17790353,0,1860,183.95,419.6578,176112.67,0,0,0,1,0,0,0,0,1,188.66667,68.888885,291.33334,0,0,0,0,0,0,18,1240,21,6118,8192,368,17,20,490217.0,579078.0,899687,80747,58500000.0,603091.4,58900000,58100000,Benign
17,58963,1,1,47,79,47,47,47.0,0.0,79,79,79.0,0.0,2136.933331,33.91957668,58963.0,0.0,58963,58963,0,0.0,0.0,0,0,0,0.0,0.0,0,0,0,0,0,0,32,20,16.95979,16.95979,47,79,57.666668,18.475208,341.33334,0,0,0,0,0,0,0,0,1,86.5,47.0,79.0,0,0,0,0,0,0,1,47,1,79,-1,-1,0,32,0.0,0.0,0,0,0.0,0.0,0,0,Benign
17,228,2,2,58,282,29,29,29.0,0.0,141,141,141.0,0.0,1491228.07,17543.85965,76.0,46.776062,130,48,48,48.0,0.0,48,48,50,50.0,0.0,50,50,0,0,0,0,40,40,8771.93,8771.93,29,141,73.8,61.344925,3763.2,0,0,0,0,0,0,0,0,1,92.25,29.0,141.0,0,0,0,0,0,0,2,58,2,282,-1,-1,1,20,0.0,0.0,0,0,0.0,0.0,0,0,Benign
6,51,1,3,6,18,6,6,6.0,0.0,6,6,6.0,0.0,470588.2353,78431.37255,17.0,25.15949,46,1,0,0.0,0.0,0,0,5,2.5,2.1213202,4,1,0,0,0,0,20,60,19607.844,58823.53,6,6,6.0,0.0,0.0,0,0,0,0,1,1,0,0,3,7.5,6.0,6.0,0,0,0,0,0,0,1,6,3,18,252,2049,0,20,0.0,0.0,0,0,0.0,0.0,0,0,Benign
17,23953,2,2,82,204,41,41,41.0,0.0,102,102,102.0,0.0,11940.04926,166.993696,7984.3335,13785.987,23903,3,47,47.0,0.0,47,47,3,3.0,0.0,3,3,0,0,0,0,40,40,83.49685,83.49685,41,102,65.4,33.411076,1116.3,0,0,0,0,0,0,0,0,1,81.75,41.0,102.0,0,0,0,0,0,0,2,82,2,204,-1,-1,1,20,0.0,0.0,0,0,0.0,0.0,0,0,Benign
17,160879,2,2,92,138,46,46,46.0,0.0,69,69,69.0,0.0,1429.645883,24.86340666,53626.332,92880.07,160875,1,1,1.0,0.0,1,1,3,3.0,0.0,3,3,0,0,0,0,64,64,12.431704,12.431704,46,69,55.2,12.597619,158.7,0,0,0,0,0,0,0,0,1,69.0,46.0,69.0,0,0,0,0,0,0,2,92,2,138,-1,-1,1,32,0.0,0.0,0,0,0.0,0.0,0,0,Benign
6,279127,3,4,431,2267,431,0,143.66667,248.83797,2267,0,566.75,1133.5,9665.851028,25.07819021,46521.168,50760.5,99145,4,188735,94367.5,6756.4053,99145,89590,189597,63199.0,108751.04,188773,4,0,0,0,0,104,136,10.747796,14.330395,0,2267,337.25,794.18866,630735.6,0,0,0,1,0,0,0,0,1,385.42856,143.66667,566.75,0,0,0,0,0,0,3,431,4,2267,29200,235,1,32,0.0,0.0,0,0,0.0,0.0,0,0,Benign
6,12437,15,6,19897,0,2896,0,1326.4667,1209.8306,0,0,0.0,0.0,1599823.108,1688.510091,621.85,2227.3372,9897,1,12437,888.3571,2645.2192,9897,1,10129,2025.8,4525.9136,10122,1,0,0,0,0,496,208,1206.0786,482.43146,0,2896,904.4091,1172.8951,1375682.9,0,0,0,1,0,0,0,0,0,947.4762,1326.4667,0.0,0,0,0,0,0,0,15,19897,6,0,29200,362,10,32,0.0,0.0,0,0,0.0,0.0,0,0,Benign
17,277797,2,2,62,190,31,31,31.0,0.0,95,95,95.0,0.0,907.1372261,14.39900359,92599.0,160340.28,277744,4,49,49.0,0.0,49,49,4,4.0,0.0,4,4,0,0,0,0,64,80,7.199502,7.199502,31,95,56.6,35.054245,1228.8,0,0,0,0,0,0,0,0,1,70.75,31.0,95.0,0,0,0,0,0,0,2,62,2,190,-1,-1,1,32,0.0,0.0,0,0,0.0,0.0,0,0,Benign
6,115588224,20,19,750,6658,308,0,37.5,80.177765,2800,0,350.42105,749.6069,64.08957369,0.337404613,3041795.2,4544698.0,10000000,1,116000000,6083590.5,4940099.5,10100000,48,112000000,6211813.0,5065717.5,10100000,1,0,0,0,0,412,524,0.173028,0.1643766,0,2800,185.2,536.5081,287840.94,0,0,0,1,0,0,0,0,0,189.94872,37.5,350.42105,0,0,0,0,0,0,20,750,19,6658,8192,119,19,20,154419.0,85923.2,413486,128151,10000000.0,4898.702,10000000,9995907,Benign
6,117438781,15,16,1221,5465,549,0,81.4,143.1417,1430,0,341.5625,531.6046,56.93178985,0.263967318,3914626.0,14800000.0,58700000,1,117000000,8388484.5,21200000.0,58700000,54,117000000,7823016.5,20600000.0,58700000,1,0,0,0,0,312,332,0.12772612,0.1362412,0,1430,208.9375,405.40613,164354.12,0,0,0,1,0,0,0,0,1,215.67741,81.4,341.5625,0,0,0,0,0,0,15,1221,16,5465,8192,360,14,20,180455.5,132642.62,274248,86663,58500000.0,252051.75,58700000,58300000,Benign
6,60765083,10,10,708,471,660,0,70.8,207.03236,459,0,47.1,144.7484,19.40259014,0.329136389,3198162.2,4753518.0,10000000,100,60500000,6725892.5,4986763.0,10100000,50909,60700000,6746030.5,4975462.5,10100000,2475,0,0,0,0,212,284,0.1645682,0.1645682,0,660,56.142857,170.35971,29022.428,0,0,0,1,0,0,0,0,1,58.95,70.8,47.1,0,0,0,0,0,0,10,708,10,471,8192,111,9,20,80521.336,73678.57,230917,50354,10000000.0,9406.687,10000000,9989117,Benign
17,31226,2,2,62,254,31,31,31.0,0.0,127,127,127.0,0.0,10119.77198,128.0983796,10408.667,18023.143,31220,3,3,3.0,0.0,3,3,3,3.0,0.0,3,3,0,0,0,0,40,40,64.04919,64.04919,31,127,69.4,52.581364,2764.8,0,0,0,0,0,0,0,0,1,86.75,31.0,127.0,0,0,0,0,0,0,2,62,2,254,-1,-1,1,20,0.0,0.0,0,0,0.0,0.0,0,0,Benign
6,62434685,7,2,169,92,46,0,24.142857,23.197906,46,46,46.0,0.0,4.180368652,0.144150643,7804335.5,20400000.0,58200000,3,62400000,10400000.0,23500000.0,58200000,3,58300000,58300000.0,0.0,58300000,58300000,1,0,0,0,224,64,0.112117164,0.032033477,0,46,30.7,21.684864,470.23334,0,1,0,0,1,0,0,0,0,34.11111,24.142857,46.0,0,0,0,0,0,0,7,169,2,92,1444,122,3,32,87164.0,0.0,87164,87164,58200000.0,0.0,58200000,58200000,Benign
6,16,1,1,6,2,6,6,6.0,0.0,2,2,2.0,0.0,500000.0,125000.0,16.0,0.0,16,16,0,0.0,0.0,0,0,0,0.0,0.0,0,0,0,0,0,0,20,24,62500.0,62500.0,2,6,4.6666665,2.309401,5.3333335,1,0,0,0,1,0,0,0,1,7.0,6.0,2.0,0,0,0,0,0,0,1,6,1,2,0,1024,0,20,0.0,0.0,0,0,0.0,0.0,0,0,Benign
17,76903774,2,2,119,230,71,48,59.5,16.263456,127,103,115.0,16.970562,4.538138791,0.052013052,25600000.0,44300000.0,76800000,49051,76900000,76900000.0,0.0,76900000,76900000,76800000,76800000.0,0.0,76800000,76800000,0,0,0,0,60,64,0.026006525,0.026006525,48,127,84.0,31.0,961.0,0,0,0,0,0,0,0,0,1,105.0,59.5,115.0,0,0,0,0,0,0,2,119,2,230,-1,-1,1,20,63797.0,0.0,63797,63797,76800000.0,0.0,76800000,76800000,Benign
17,30310,1,1,55,71,55,55,55.0,0.0,71,71,71.0,0.0,4157.04388,65.98482349,30310.0,0.0,30310,30310,0,0.0,0.0,0,0,0,0.0,0.0,0,0,0,0,0,0,32,32,32.992413,32.992413,55,71,60.333332,9.237604,85.333336,0,0,0,0,0,0,0,0,1,90.5,55.0,71.0,0,0,0,0,0,0,1,55,1,71,-1,-1,0,32,0.0,0.0,0,0,0.0,0.0,0,0,Benign
6,118379859,24,31,23184,5692,5520,0,966.0,1421.0588,1430,0,183.6129,418.14948,243.9266294,0.464606061,2192219.5,11100000.0,58700000,1,118000000,5146950.5,16800000.0,58700000,2,118000000,3934647.2,14800000.0,59000000,1,0,0,0,0,492,632,0.2027372,0.26186886,0,5520,515.6429,1046.5791,1095327.8,0,0,0,1,0,0,0,0,1,525.0182,966.0,183.6129,0,0,0,0,0,0,24,23184,31,5692,8192,705,23,20,749444.5,574724.4,1155836,343053,58300000.0,592075.4,58700000,57900000,Benign
17,464816,1,1,48,128,48,48,48.0,0.0,128,128,128.0,0.0,378.6444529,4.302777873,464816.0,0.0,464816,464816,0,0.0,0.0,0,0,0,0.0,0.0,0,0,0,0,0,0,20,20,2.151389,2.151389,48,128,74.666664,46.188023,2133.3333,0,0,0,0,0,0,0,0,1,112.0,48.0,128.0,0,0,0,0,0,0,1,48,1,128,-1,-1,0,20,0.0,0.0,0,0,0.0,0.0,0,0,Benign
17,151,2,2,66,194,33,33,33.0,0.0,97,97,97.0,0.0,1721854.305,26490.06623,50.333332,47.014183,98,4,4,4.0,0.0,4,4,49,49.0,0.0,49,49,0,0,0,0,40,40,13245.033,13245.033,33,97,58.6,35.054245,1228.8,0,0,0,0,0,0,0,0,1,73.25,33.0,97.0,0,0,0,0,0,0,2,66,2,194,-1,-1,1,20,0.0,0.0,0,0,0.0,0.0,0,0,Benign
6,835121,9,10,703,3950,267,0,78.111115,103.30228,1448,0,395.0,587.48315,5571.647701,22.75119414,46395.61,65914.11,236414,5,738871,92358.875,108104.164,331862,181,739824,82202.664,89616.46,236414,5,0,0,0,0,296,328,10.776881,11.974313,0,1448,232.65,442.7332,196012.66,0,0,0,1,0,0,0,0,1,244.89473,78.111115,395.0,0,0,0,0,0,0,9,703,10,3950,29200,252,4,32,0.0,0.0,0,0,0.0,0.0,0,0,Benign
17,91162,1,1,51,158,51,51,51.0,0.0,158,158,158.0,0.0,2292.621926,21.9389658,91162.0,0.0,91162,91162,0,0.0,0.0,0,0,0,0.0,0.0,0,0,0,0,0,0,20,20,10.969483,10.969483,51,158,86.666664,61.776478,3816.3333,0,0,0,0,0,0,0,0,1,130.0,51.0,158.0,0,0,0,0,0,0,1,51,1,158,-1,-1,0,20,0.0,0.0,0,0,0.0,0.0,0,0,Benign
17,53217,1,1,56,170,56,56,56.0,0.0,170,170,170.0,0.0,4246.763252,37.58197568,53217.0,0.0,53217,53217,0,0.0,0.0,0,0,0,0.0,0.0,0,0,0,0,0,0,20,44,18.790987,18.790987,56,170,94.0,65.81793,4332.0,0,0,0,0,0,0,0,0,1,141.0,56.0,170.0,0,0,0,0,0,0,1,56,1,170,-1,-1,0,20,0.0,0.0,0,0,0.0,0.0,0,0,Benign
17,155,2,2,74,106,37,37,37.0,0.0,53,53,53.0,0.0,1161290.323,25806.45161,51.666668,83.42861,148,3,3,3.0,0.0,3,3,4,4.0,0.0,4,4,0,0,0,0,64,64,12903.226,12903.226,37,53,43.4,8.763561,76.8,0,0,0,0,0,0,0,0,1,54.25,37.0,53.0,0,0,0,0,0,0,2,74,2,106,-1,-1,1,32,0.0,0.0,0,0,0.0,0.0,0,0,Benign
6,302144,2,0,12,0,6,6,6.0,0.0,0,0,0.0,0.0,39.71616183,6.619360305,302144.0,0.0,302144,302144,302144,302144.0,0.0,302144,302144,0,0.0,0.0,0,0,0,0,0,0,40,0,6.6193604,0.0,6,6,6.0,0.0,0.0,0,0,0,0,1,0,0,0,0,9.0,6.0,0.0,0,0,0,0,0,0,2,12,0,0,16335,-1,1,20,0.0,0.0,0,0,0.0,0.0,0,0,Benign
6,19738,1,1,0,0,0,0,0.0,0.0,0,0,0.0,0.0,0.0,101.3273888,19738.0,0.0,19738,19738,0,0.0,0.0,0,0,0,0.0,0.0,0,0,0,0,0,0,32,32,50.663696,50.663696,0,0,0.0,0.0,0.0,0,0,0,0,1,1,0,0,1,0.0,0.0,0.0,0,0,0,0,0,0,1,0,1,0,1324,31,0,32,0.0,0.0,0,0,0.0,0.0,0,0,Benign
6,304,3,1,43,6,31,6,14.333333,14.433757,6,6,6.0,0.0,161184.2105,13157.89474,101.333336,128.74135,248,7,297,148.5,140.71425,248,49,0,0.0,0.0,0,0,0,0,0,0,60,20,9868.421,3289.4736,6,31,11.0,11.18034,125.0,0,0,0,0,1,0,0,0,0,13.75,14.333333,6.0,0,0,0,0,0,0,3,43,1,6,988,0,2,20,0.0,0.0,0,0,0.0,0.0,0,0,Benign
6,180,1,1,0,0,0,0,0.0,0.0,0,0,0.0,0.0,0.0,11111.11111,180.0,0.0,180,180,0,0.0,0.0,0,0,0,0.0,0.0,0,0,0,0,0,0,32,32,5555.5557,5555.5557,0,0,0.0,0.0,0.0,0,0,0,0,1,1,0,0,1,0.0,0.0,0.0,0,0,0,0,0,0,1,0,1,0,290,243,0,32,0.0,0.0,0,0,0.0,0.0,0,0,Benign
17,46514,1,1,49,101,49,49,49.0,0.0,101,101,101.0,0.0,3224.835533,42.99780711,46514.0,0.0,46514,46514,0,0.0,0.0,0,0,0,0.0,0.0,0,0,0,0,0,0,32,32,21.498903,21.498903,49,101,66.333336,30.022215,901.3333,0,0,0,0,0,0,0,0,1,99.5,49.0,101.0,0,0,0,0,0,0,1,49,1,101,-1,-1,0,32,0.0,0.0,0,0,0.0,0.0,0,0,Benign
17,62328,2,2,90,130,45,45,45.0,0.0,65,65,65.0,0.0,3529.713772,64.17661404,20776.0,35940.926,62277,3,48,48.0,0.0,48,48,3,3.0,0.0,3,3,0,0,0,0,40,80,32.088306,32.088306,45,65,53.0,10.954452,120.0,0,0,0,0,0,0,0,0,1,66.25,45.0,65.0,0,0,0,0,0,0,2,90,2,130,-1,-1,1,20,0.0,0.0,0,0,0.0,0.0,0,0,Benign
6,4529764,5,1,123,46,46,0,24.6,23.276598,46,46,46.0,0.0,37.30878695,1.324572318,905952.8,1983426.9,4453823,49,4529764,1132441.0,2214346.8,4453823,49,0,0.0,0.0,0,0,1,0,0,0,160,32,1.1038103,0.22076206,0,46,30.714285,21.684975,470.2381,0,1,0,0,1,0,0,0,0,35.833332,24.6,46.0,0,0,0,0,0,0,5,123,1,46,332,179,2,32,0.0,0.0,0,0,0.0,0.0,0,0,Benign
6,116013080,16,14,481,241,397,0,30.0625,97.86144,235,0,17.214285,62.703426,6.223436185,0.258591531,4000451.0,4875413.5,10000000,97,116000000,7734205.5,4141558.5,10000000,502,110000000,8495609.0,3762012.0,10000000,823,0,0,0,0,332,424,0.13791548,0.12067605,0,397,23.290323,80.94409,6551.9463,0,0,0,1,0,0,0,0,0,24.066668,30.0625,17.214285,0,0,0,0,0,0,16,481,14,241,8192,946,15,20,44761.363,26738.361,125380,36581,9995519.0,15066.254,10000000,9950114,Benign
17,253,2,2,60,414,30,30,30.0,0.0,207,207,207.0,0.0,1873517.787,15810.27668,84.333336,138.28352,244,3,6,6.0,0.0,6,6,3,3.0,0.0,3,3,0,0,0,0,64,64,7905.138,7905.138,30,207,100.8,96.94689,9398.7,0,0,0,0,0,0,0,0,1,126.0,30.0,207.0,0,0,0,0,0,0,2,60,2,414,-1,-1,1,32,0.0,0.0,0,0,0.0,0.0,0,0,Benign
6,115371101,16,15,518,2508,434,0,32.375,107.11046,1460,0,167.2,447.05884,26.22840533,0.268698138,3845703.2,4846376.0,9999779,107,115000000,7691406.5,4160294.2,10000000,23275,110000000,7879690.5,4254747.5,10000000,206,0,0,0,0,332,444,0.13868292,0.13001522,0,1460,94.5625,317.252,100648.836,0,0,0,1,0,0,0,0,0,97.6129,32.375,167.2,0,0,0,0,0,0,16,518,15,2508,8192,946,15,20,31043.0,26193.625,110019,23049,9997645.0,934.9597,9999779,9996280,Benign
17,23193,1,1,47,63,47,47,47.0,0.0,63,63,63.0,0.0,4742.810331,86.2329151,23193.0,0.0,23193,23193,0,0.0,0.0,0,0,0,0.0,0.0,0,0,0,0,0,0,20,20,43.11646,43.11646,47,63,52.333332,9.237604,85.333336,0,0,0,0,0,0,0,0,1,78.5,47.0,63.0,0,0,0,0,0,0,1,47,1,63,-1,-1,0,20,0.0,0.0,0,0,0.0,0.0,0,0,Benign
6,38,1,1,6,6,6,6,6.0,0.0,6,6,6.0,0.0,315789.4737,52631.57895,38.0,0.0,38,38,0,0.0,0.0,0,0,0,0.0,0.0,0,0,0,0,0,0,20,20,26315.79,26315.79,6,6,6.0,0.0,0.0,0,0,0,0,1,0,0,0,1,9.0,6.0,6.0,0,0,0,0,0,0,1,6,1,6,6039,64240,0,20,0.0,0.0,0,0,0.0,0.0,0,0,Benign
6,11842,3,2,326,12,242,6,108.666664,120.95178,6,6,6.0,0.0,28542.47593,422.2259753,2960.5,3374.5393,6477,67,11842,5921.0,895.1972,6554,5288,5298,5298.0,0.0,5298,5298,1,0,0,0,60,40,253.33559,168.8904,6,242,96.666664,115.97701,13450.667,0,1,0,0,1,0,0,0,0,116.0,108.666664,6.0,0,0,0,0,0,0,3,326,2,12,31,0,2,20,0.0,0.0,0,0,0.0,0.0,0,0,Benign
17,23365,1,1,47,63,47,47,47.0,0.0,63,63,63.0,0.0,4707.896426,85.59811684,23365.0,0.0,23365,23365,0,0.0,0.0,0,0,0,0.0,0.0,0,0,0,0,0,0,20,20,42.799057,42.799057,47,63,52.333332,9.237604,85.333336,0,0,0,0,0,0,0,0,1,78.5,47.0,63.0,0,0,0,0,0,0,1,47,1,63,-1,-1,0,20,0.0,0.0,0,0,0.0,0.0,0,0,Benign
6,999733,3,3,0,18,0,0,0.0,0.0,6,6,6.0,0.0,18.00480728,6.001602428,199946.6,272972.66,499370,556,999162,499581.0,634.9819,500030,499132,999177,499588.5,498.51028,499941,499236,0,0,0,0,92,60,3.0008013,3.0008013,0,6,2.5714285,3.207135,10.285714,0,0,0,1,0,0,0,0,1,3.0,0.0,6.0,0,0,0,0,0,0,3,0,3,18,8192,0,0,28,0.0,0.0,0,0,0.0,0.0,0,0,Benign
6,156,2,0,12,0,6,6,6.0,0.0,0,0,0.0,0.0,76923.07692,12820.51282,156.0,0.0,156,156,156,156.0,0.0,156,156,0,0.0,0.0,0,0,0,0,0,0,40,0,12820.513,0.0,6,6,6.0,0.0,0.0,0,0,0,0,1,0,0,0,0,9.0,6.0,0.0,0,0,0,0,0,0,2,12,0,0,16310,-1,1,20,0.0,0.0,0,0,0.0,0.0,0,0,Benign
6,5321576,9,9,752,4243,380,0,83.55556,132.4718,1460,0,471.44446,598.6247,938.6317136,3.382456626,313033.88,1208207.5,5000195,3,321378,40172.25,38790.312,89090,221,5236283,654535.4,1756380.1,5000246,3,0,0,0,0,200,192,1.6912283,1.6912283,0,1460,262.89474,456.8744,208734.2,0,0,0,1,0,0,0,0,1,277.5,83.55556,471.44446,0,0,0,0,0,0,9,752,9,4243,29200,60,8,20,321378.0,0.0,321378,321378,5000195.0,0.0,5000195,5000195,Benign
17,60331,4,2,172,198,43,43,43.0,0.0,99,99,99.0,0.0,6132.833867,99.45136,12066.2,16718.16,33969,3,33976,11325.333,19609.99,33969,3,48,48.0,0.0,48,48,0,0,0,0,80,40,66.3009,33.15045,43,99,59.0,27.325203,746.6667,0,0,0,0,0,0,0,0,0,68.833336,43.0,99.0,0,0,0,0,0,0,4,172,2,198,-1,-1,3,20,0.0,0.0,0,0,0.0,0.0,0,0,Benign
17,23783,1,1,46,74,46,46,46.0,0.0,74,74,74.0,0.0,5045.620822,84.09368036,23783.0,0.0,23783,23783,0,0.0,0.0,0,0,0,0.0,0.0,0,0,0,0,0,0,20,20,42.04684,42.04684,46,74,55.333332,16.165808,261.33334,0,0,0,0,0,0,0,0,1,83.0,46.0,74.0,0,0,0,0,0,0,1,46,1,74,-1,-1,0,20,0.0,0.0,0,0,0.0,0.0,0,0,Benign
6,8739,2,0,12,0,6,6,6.0,0.0,0,0,0.0,0.0,1373.154823,228.8591372,8739.0,0.0,8739,8739,8739,8739.0,0.0,8739,8739,0,0.0,0.0,0,0,0,0,0,0,40,0,228.85913,0.0,6,6,6.0,0.0,0.0,0,0,0,0,1,0,0,0,0,9.0,6.0,0.0,0,0,0,0,0,0,2,12,0,0,123,-1,1,20,0.0,0.0,0,0,0.0,0.0,0,0,Benign
6,416858,11,8,504,4576,200,0,45.81818,76.75783,1418,0,572.0,673.47095,12186.404,45.57907009,23158.777,47261.066,199943,2,416858,41685.8,61071.6,199943,2,179612,25658.857,33170.043,76215,4,0,0,0,0,372,264,26.387882,19.191187,0,1418,254.0,491.19104,241268.62,0,0,0,1,0,0,0,0,0,267.3684,45.81818,572.0,0,0,0,0,0,0,11,504,8,4576,29200,340,4,32,0.0,0.0,0,0,0.0,0.0,0,0,Benign
17,133192,1,1,42,137,42,42,42.0,0.0,137,137,137.0,0.0,1343.92456,15.01591687,133192.0,0.0,133192,133192,0,0.0,0.0,0,0,0,0.0,0.0,0,0,0,0,0,0,20,20,7.5079584,7.5079584,42,137,73.666664,54.848274,3008.3333,0,0,0,0,0,0,0,0,1,110.5,42.0,137.0,0,0,0,0,0,0,1,42,1,137,-1,-1,0,20,0.0,0.0,0,0,0.0,0.0,0,0,Benign
6,247213,2,0,12,0,6,6,6.0,0.0,0,0,0.0,0.0,48.54113659,8.090189432,247213.0,0.0,247213,247213,247213,247213.0,0.0,247213,247213,0,0.0,0.0,0,0,0,0,0,0,40,0,8.090189,0.0,6,6,6.0,0.0,0.0,0,0,0,0,1,0,0,0,0,9.0,6.0,0.0,0,0,0,0,0,0,2,12,0,0,253,-1,1,20,0.0,0.0,0,0,0.0,0.0,0,0,Benign
17,31257,4,4,188,512,47,47,47.0,0.0,128,128,128.0,0.0,22394.98352,255.9426688,4465.2856,11581.25,30728,3,31090,10363.333,17943.758,31083,3,526,175.33333,221.4144,431,47,0,0,0,0,80,80,127.97134,127.97134,47,128,83.0,42.69075,1822.5,0,0,0,0,0,0,0,0,1,93.375,47.0,128.0,0,0,0,0,0,0,4,188,4,512,-1,-1,3,20,0.0,0.0,0,0,0.0,0.0,0,0,Benign
6,100396765,15,11,1231,3609,530,0,82.066666,140.2546,1625,2,328.0909,607.2,48.20872465,0.258972488,4015870.5,14100000.0,58800000,4,100000000,7171197.5,18500000.0,58900000,4,59100000,5906077.5,18600000.0,58900000,218,0,0,0,0,312,224,0.14940721,0.10956528,0,1625,179.25926,410.43164,168454.12,0,0,0,1,0,0,0,0,0,186.15384,82.066666,328.0909,0,0,0,0,0,0,15,1231,11,3609,8192,17688,14,20,223397.5,10532.355,230845,215950,50000000.0,12500000.0,58800000,41100000,Benign
17,23801,2,2,152,316,76,76,76.0,0.0,158,158,158.0,0.0,19663.03937,168.0601655,7933.6665,13734.586,23793,4,4,4.0,0.0,4,4,4,4.0,0.0,4,4,0,0,0,0,40,40,84.03008,84.03008,76,158,108.8,44.91325,2017.2,0,0,0,0,0,0,0,0,1,136.0,76.0,158.0,0,0,0,0,0,0,2,152,2,316,-1,-1,1,20,0.0,0.0,0,0,0.0,0.0,0,0,Benign
6,262,3,0,0,0,0,0,0.0,0.0,0,0,0.0,0.0,0.0,11450.38168,131.0,117.37972,214,48,262,131.0,117.37972,214,48,0,0.0,0.0,0,0,0,0,0,0,96,0,11450.382,0.0,0,0,0.0,0.0,0.0,0,0,0,0,1,0,0,0,0,0.0,0.0,0.0,0,0,0,0,0,0,3,0,0,0,674,-1,0,32,0.0,0.0,0,0,0.0,0.0,0,0,Benign
6,270702,12,8,534,4889,197,0,44.5,76.445465,1448,0,611.125,647.49927,20033.09913,73.88198092,14247.474,23551.781,95224,7,270702,24609.273,30734.2,95224,16,152406,21772.285,30874.729,77963,48,0,0,0,0,392,264,44.32919,29.552792,0,1448,258.2381,480.11444,230509.89,0,0,0,1,0,0,0,0,0,271.15,44.5,611.125,0,0,0,0,0,0,12,534,8,4889,29200,972,4,32,0.0,0.0,0,0,0.0,0.0,0,0,Benign
6,60458368,10,12,693,3600,645,0,69.3,202.28915,1460,0,300.0,574.4164,71.00754026,0.363886766,2878970.0,4613731.5,10000000,44,60400000,6711333.0,4993054.0,10100000,147,60400000,5491639.5,5235273.5,10100000,60,0,0,0,0,212,324,0.16540307,0.19848369,0,1460,186.65218,443.3607,196568.69,0,0,0,1,0,0,0,0,1,195.13637,69.3,300.0,0,0,0,0,0,0,10,693,12,3600,8192,111,9,20,68967.836,45664.67,162180,50131,9998032.0,8686.571,10000000,9980920,Benign
6,111835286,36,18,7254,1296,403,0,201.5,204.35829,72,72,72.0,0.0,76.45172026,0.48285297,2110099.8,5397927.0,16400000,3,112000000,3195294.0,6402648.5,16400000,3,112000000,6578524.0,7966787.5,16400000,3,1,0,0,0,1152,576,0.32190198,0.16095099,0,403,162.78181,178.55891,31883.285,0,1,0,0,1,0,0,0,0,165.7963,201.5,72.0,0,0,0,0,0,0,36,7254,18,1296,299,2079,17,32,176468.86,465844.56,1232905,362,15800000.0,598965.5,16400000,15000000,Benign
17,250,2,2,76,484,38,38,38.0,0.0,242,242,242.0,0.0,2240000.0,16000.0,83.333336,138.27629,243,3,3,3.0,0.0,3,3,4,4.0,0.0,4,4,0,0,0,0,64,64,8000.0,8000.0,38,242,119.6,111.735405,12484.8,0,0,0,0,0,0,0,0,1,149.5,38.0,242.0,0,0,0,0,0,0,2,76,2,484,-1,-1,1,32,0.0,0.0,0,0,0.0,0.0,0,0,Benign
17,30356,1,1,58,186,58,58,58.0,0.0,186,186,186.0,0.0,8037.949664,65.88483331,30356.0,0.0,30356,30356,0,0.0,0.0,0,0,0,0.0,0.0,0,0,0,0,0,0,20,20,32.942417,32.942417,58,186,100.666664,73.90083,5461.3335,0,0,0,0,0,0,0,0,1,151.0,58.0,186.0,0,0,0,0,0,0,1,58,1,186,-1,-1,0,20,0.0,0.0,0,0,0.0,0.0,0,0,Benign
17,275,2,2,68,690,34,34,34.0,0.0,345,345,345.0,0.0,2756363.636,14545.45455,91.666664,153.57516,269,3,3,3.0,0.0,3,3,3,3.0,0.0,3,3,0,0,0,0,40,40,7272.727,7272.727,34,345,158.4,170.34172,29016.3,0,0,0,0,0,0,0,0,1,198.0,34.0,345.0,0,0,0,0,0,0,2,68,2,690,-1,-1,1,20,0.0,0.0,0,0,0.0,0.0,0,0,Benign
6,4,1,1,6,6,6,6,6.0,0.0,6,6,6.0,0.0,3000000.0,500000.0,4.0,0.0,4,4,0,0.0,0.0,0,0,0,0.0,0.0,0,0,0,0,0,0,20,20,250000.0,250000.0,6,6,6.0,0.0,0.0,0,0,0,0,1,1,0,0,1,9.0,6.0,6.0,0,0,0,0,0,0,1,6,1,6,237,16360,0,20,0.0,0.0,0,0,0.0,0.0,0,0,Benign
17,167,2,2,86,118,43,43,43.0,0.0,59,59,59.0,0.0,1221556.886,23952.09581,55.666668,56.88878,116,3,3,3.0,0.0,3,3,48,48.0,0.0,48,48,0,0,0,0,64,64,11976.048,11976.048,43,59,49.4,8.763561,76.8,0,0,0,0,0,0,0,0,1,61.75,43.0,59.0,0,0,0,0,0,0,2,86,2,118,-1,-1,1,32,0.0,0.0,0,0,0.0,0.0,0,0,Benign
17,259,2,2,88,188,44,44,44.0,0.0,94,94,94.0,0.0,1065637.066,15444.01544,86.333336,64.66323,161,49,49,49.0,0.0,49,49,49,49.0,0.0,49,49,0,0,0,0,64,64,7722.008,7722.008,44,94,64.0,27.386127,750.0,0,0,0,0,0,0,0,0,1,80.0,44.0,94.0,0,0,0,0,0,0,2,88,2,188,-1,-1,1,32,0.0,0.0,0,0,0.0,0.0,0,0,Benign
6,38,1,1,0,0,0,0,0.0,0.0,0,0,0.0,0.0,0.0,52631.57895,38.0,0.0,38,38,0,0.0,0.0,0,0,0,0.0,0.0,0,0,0,0,0,0,32,32,26315.79,26315.79,0,0,0.0,0.0,0.0,0,0,0,0,1,1,0,0,1,0.0,0.0,0.0,0,0,0,0,0,0,1,0,1,0,353,65535,0,32,0.0,0.0,0,0,0.0,0.0,0,0,Benign
17,192549,4,2,176,662,44,44,44.0,0.0,331,331,331.0,0.0,4352.138936,31.1608993,38509.8,70445.67,162347,3,30154,10051.333,17403.357,30147,3,48,48.0,0.0,48,48,0,0,0,0,80,40,20.773933,10.386967,44,331,126.0,140.04166,19611.666,0,0,0,0,0,0,0,0,0,147.0,44.0,331.0,0,0,0,0,0,0,4,176,2,662,-1,-1,3,20,0.0,0.0,0,0,0.0,0.0,0,0,Benign
17,30309,1,1,72,88,72,72,72.0,0.0,88,88,88.0,0.0,5278.960045,65.98700056,30309.0,0.0,30309,30309,0,0.0,0.0,0,0,0,0.0,0.0,0,0,0,0,0,0,20,20,32.9935,32.9935,72,88,77.333336,9.237604,85.333336,0,0,0,0,0,0,0,0,1,116.0,72.0,88.0,0,0,0,0,0,0,1,72,1,88,-1,-1,0,20,0.0,0.0,0,0,0.0,0.0,0,0,Benign
6,194,1,1,0,0,0,0,0.0,0.0,0,0,0.0,0.0,0.0,10309.27835,194.0,0.0,194,194,0,0.0,0.0,0,0,0,0.0,0.0,0,0,0,0,0,0,32,32,5154.639,5154.639,0,0,0.0,0.0,0.0,0,0,0,0,1,0,0,0,1,0.0,0.0,0.0,0,0,0,0,0,0,1,0,1,0,972,65535,0,32,0.0,0.0,0,0,0.0,0.0,0,0,Benign
17,178,2,2,64,158,32,32,32.0,0.0,79,79,79.0,0.0,1247191.011,22471.91011,59.333332,101.0363,176,1,1,1.0,0.0,1,1,1,1.0,0.0,1,1,0,0,0,0,64,64,11235.955,11235.955,32,79,50.8,25.74296,662.7,0,0,0,0,0,0,0,0,1,63.5,32.0,79.0,0,0,0,0,0,0,2,64,2,158,-1,-1,1,32,0.0,0.0,0,0,0.0,0.0,0,0,Benign
6,997386,3,3,0,18,0,0,0.0,0.0,6,6,6.0,0.0,18.04717532,6.015725105,199477.2,272388.47,498752,443,996662,498331.0,1221.8805,499195,497467,996893,498446.5,1455.9329,499476,497417,0,0,0,0,92,60,3.0078626,3.0078626,0,6,2.5714285,3.207135,10.285714,0,0,0,1,0,0,0,0,1,3.0,0.0,6.0,0,0,0,0,0,0,3,0,3,18,8192,0,0,28,0.0,0.0,0,0,0.0,0.0,0,0,Benign
6,225,2,0,12,0,6,6,6.0,0.0,0,0,0.0,0.0,53333.33333,8888.888889,225.0,0.0,225,225,225,225.0,0.0,225,225,0,0.0,0.0,0,0,0,0,0,0,40,0,8888.889,0.0,6,6,6.0,0.0,0.0,0,0,0,0,1,0,0,0,0,9.0,6.0,0.0,0,0,0,0,0,0,2,12,0,0,119,-1,1,20,0.0,0.0,0,0,0.0,0.0,0,0,Benign
17,207,2,2,62,274,31,31,31.0,0.0,137,137,137.0,0.0,1623188.406,19323.6715,69.0,113.45924,200,2,5,5.0,0.0,5,5,2,2.0,0.0,2,2,0,0,0,0,64,64,9661.836,9661.836,31,137,73.4,58.05859,3370.8,0,0,0,0,0,0,0,0,1,91.75,31.0,137.0,0,0,0,0,0,0,2,62,2,274,-1,-1,1,32,0.0,0.0,0,0,0.0,0.0,0,0,Benign
17,251581,1,1,71,226,71,71,71.0,0.0,226,226,226.0,0.0,1180.534301,7.949725933,251581.0,0.0,251581,251581,0,0.0,0.0,0,0,0,0.0,0.0,0,0,0,0,0,0,32,20,3.974863,3.974863,71,226,122.666664,89.48929,8008.3335,0,0,0,0,0,0,0,0,1,184.0,71.0,226.0,0,0,0,0,0,0,1,71,1,226,-1,-1,0,32,0.0,0.0,0,0,0.0,0.0,0,0,Benign
17,85981,1,1,57,73,57,57,57.0,0.0,73,73,73.0,0.0,1511.961945,23.260953,85981.0,0.0,85981,85981,0,0.0,0.0,0,0,0,0.0,0.0,0,0,0,0,0,0,20,20,11.630477,11.630477,57,73,62.333332,9.237604,85.333336,0,0,0,0,0,0,0,0,1,93.5,57.0,73.0,0,0,0,0,0,0,1,57,1,73,-1,-1,0,20,0.0,0.0,0,0,0.0,0.0,0,0,Benign
6,1031726,3,3,0,18,0,0,0.0,0.0,6,6,6.0,0.0,17.44649258,5.815497526,206345.2,281512.8,514907,728,1030994,515497.0,195.16147,515635,515359,1030914,515457.0,257.38687,515639,515275,0,0,0,0,92,60,2.9077487,2.9077487,0,6,2.5714285,3.207135,10.285714,0,0,0,1,0,0,0,0,1,3.0,0.0,6.0,0,0,0,0,0,0,3,0,3,18,8192,0,0,28,0.0,0.0,0,0,0.0,0.0,0,0,Benign
17,53861,2,2,78,290,39,39,39.0,0.0,145,145,145.0,0.0,6832.401923,74.2652383,17953.666,31051.639,53809,3,3,3.0,0.0,3,3,49,49.0,0.0,49,49,0,0,0,0,64,40,37.132618,37.132618,39,145,81.4,58.05859,3370.8,0,0,0,0,0,0,0,0,1,101.75,39.0,145.0,0,0,0,0,0,0,2,78,2,290,-1,-1,1,32,0.0,0.0,0,0,0.0,0.0,0,0,Benign
6,115569508,16,14,437,746,437,0,27.3125,109.25,746,0,53.285713,199.37689,10.23626405,0.259584042,3985155.5,4878470.0,10000000,39,116000000,7704634.0,4176881.8,10100000,328,111000000,8506339.0,3762573.8,10100000,19737,0,0,0,0,520,456,0.13844483,0.12113922,0,746,38.16129,153.00764,23411.34,0,0,0,1,0,0,0,0,0,39.433334,27.3125,53.285713,0,0,0,0,0,0,16,437,14,746,29200,340,1,32,41930.363,17246.416,93928,36556,10000000.0,6061.161,10000000,9996437,Benign
6,116722439,31,34,1254,41304,376,0,40.451614,107.69675,3744,0,1214.8235,1259.1716,364.6085565,0.556876643,1823788.1,3802434.8,10000000,4,117000000,3890748.0,4833515.0,10100000,48,112000000,3395957.5,4777050.0,10100000,182,0,0,0,0,632,824,0.26558733,0.29128933,0,3744,644.8182,1077.4294,1160854.1,0,0,0,1,0,0,0,0,1,654.73846,40.451614,1214.8235,0,0,0,0,0,0,31,1254,34,41304,8192,1013,30,20,184584.64,487322.4,1653917,37554,10000000.0,6431.8604,10000000,9995717,Benign
6,25646,6,2,454,12,258,0,75.666664,93.051956,6,6,6.0,0.0,18170.47493,311.9394837,3663.7144,9575.224,25378,0,25646,5129.2,11348.858,25430,0,180,180.0,0.0,180,180,1,0,0,0,192,40,233.95462,77.98487,0,258,80.44444,103.70645,10755.027,0,1,0,0,1,0,0,0,0,90.5,75.666664,6.0,0,0,0,0,0,0,6,454,2,12,114,0,4,32,0.0,0.0,0,0,0.0,0.0,0,0,Benign
17,59502,1,1,92,174,92,92,92.0,0.0,174,174,174.0,0.0,4470.437968,33.61231555,59502.0,0.0,59502,59502,0,0.0,0.0,0,0,0,0.0,0.0,0,0,0,0,0,0,20,32,16.806158,16.806158,92,174,119.333336,47.342724,2241.3333,0,0,0,0,0,0,0,0,1,179.0,92.0,174.0,0,0,0,0,0,0,1,92,1,174,-1,-1,0,20,0.0,0.0,0,0,0.0,0.0,0,0,Benign
6,79,2,0,12,0,6,6,6.0,0.0,0,0,0.0,0.0,151898.7342,25316.4557,79.0,0.0,79,79,79,79.0,0.0,79,79,0,0.0,0.0,0,0,0,0,0,0,40,0,25316.455,0.0,6,6,6.0,0.0,0.0,0,0,0,0,1,0,0,0,0,9.0,6.0,0.0,0,0,0,0,0,0,2,12,0,0,256,-1,1,20,0.0,0.0,0,0,0.0,0.0,0,0,Benign
17,279,2,2,72,328,36,36,36.0,0.0,164,164,164.0,0.0,1433691.756,14336.91756,93.0,155.88457,273,3,3,3.0,0.0,3,3,3,3.0,0.0,3,3,0,0,0,0,40,80,7168.459,7168.459,36,164,87.2,70.10849,4915.2,0,0,0,0,0,0,0,0,1,109.0,36.0,164.0,0,0,0,0,0,0,2,72,2,328,-1,-1,1,20,0.0,0.0,0,0,0.0,0.0,0,0,Benign
6,576422,38,57,796,96321,298,0,20.947369,65.00185,2920,0,1689.8422,768.99414,168482.466,164.8098095,6132.149,30545.375,247774,0,328648,8882.378,27199.736,147305,1,539668,9636.929,42829.188,247776,2,0,0,0,0,772,1152,65.92393,98.88589,0,2920,1011.63544,1014.6765,1029568.44,0,0,0,1,0,0,0,0,1,1022.28424,20.947369,1689.8422,0,0,0,0,0,0,38,796,57,96321,8192,980,37,20,0.0,0.0,0,0,0.0,0.0,0,0,Benign
6,329,4,0,37,0,37,0,9.25,18.5,0,0,0.0,0.0,112462.0061,12158.05471,109.666664,180.43929,318,3,329,109.666664,180.43929,318,3,0,0.0,0.0,0,0,0,0,0,0,128,0,12158.055,0.0,0,37,7.4,16.546904,273.8,0,0,0,0,1,0,0,0,0,9.25,9.25,0.0,0,0,0,0,0,0,4,37,0,0,65535,-1,1,32,0.0,0.0,0,0,0.0,0.0,0,0,Benign
6,119,2,0,0,0,0,0,0.0,0.0,0,0,0.0,0.0,0.0,16806.72269,119.0,0.0,119,119,119,119.0,0.0,119,119,0,0.0,0.0,0,0,0,0,0,0,64,0,16806.723,0.0,0,0,0.0,0.0,0.0,0,0,0,0,1,0,0,0,0,0.0,0.0,0.0,0,0,0,0,0,0,2,0,0,0,303,-1,0,32,0.0,0.0,0,0,0.0,0.0,0,0,Benign
17,491,2,2,356,358,178,178,178.0,0.0,179,179,179.0,0.0,1454175.153,8146.639511,163.66667,277.41727,484,3,3,3.0,0.0,3,3,4,4.0,0.0,4,4,0,0,0,0,64,64,4073.3198,4073.3198,178,179,178.4,0.5477226,0.3,0,0,0,0,0,0,0,0,1,223.0,178.0,179.0,0,0,0,0,0,0,2,356,2,358,-1,-1,1,32,0.0,0.0,0,0,0.0,0.0,0,0,Benign
6,78526,3,5,1676,309,1676,0,558.6667,967.63904,309,0,61.8,138.189,25278.25179,101.8770853,11218.0,18900.559,39296,2,38772,19386.0,27162.8,38593,179,40057,10014.25,19724.303,39599,2,0,0,0,0,104,168,38.203907,63.67318,0,1676,220.55556,555.2763,308331.78,0,0,0,1,0,0,0,0,1,248.125,558.6667,61.8,0,0,0,0,0,0,3,1676,5,309,29200,40,1,32,0.0,0.0,0,0,0.0,0.0,0,0,Benign
17,61071,2,2,82,238,41,41,41.0,0.0,119,119,119.0,0.0,5239.802852,65.49753566,20357.0,35175.355,60974,48,48,48.0,0.0,48,48,49,49.0,0.0,49,49,0,0,0,0,40,40,32.748768,32.748768,41,119,72.2,42.72236,1825.2,0,0,0,0,0,0,0,0,1,90.25,41.0,119.0,0,0,0,0,0,0,2,82,2,238,-1,-1,1,20,0.0,0.0,0,0,0.0,0.0,0,0,Benign
17,106260579,2,2,105,506,60,45,52.5,10.606602,356,150,253.0,145.664,5.750015723,0.037643311,35400000.0,61200000.0,106000000,54900,106000000,106000000.0,0.0,106000000,106000000,106000000,106000000.0,0.0,106000000,106000000,0,0,0,0,64,72,0.018821655,0.018821655,45,356,134.2,130.7792,17103.2,0,0,0,0,0,0,0,0,1,167.75,52.5,253.0,0,0,0,0,0,0,2,105,2,506,-1,-1,1,32,85740.0,0.0,85740,85740,106000000.0,0.0,106000000,106000000,Benign
17,197,2,2,78,270,39,39,39.0,0.0,135,135,135.0,0.0,1766497.462,20304.56853,65.666664,72.452286,145,3,3,3.0,0.0,3,3,49,49.0,0.0,49,49,0,0,0,0,40,64,10152.284,10152.284,39,135,77.4,52.581364,2764.8,0,0,0,0,0,0,0,0,1,96.75,39.0,135.0,0,0,0,0,0,0,2,78,2,270,-1,-1,1,20,0.0,0.0,0,0,0.0,0.0,0,0,Benign
6,85,1,1,6,6,6,6,6.0,0.0,6,6,6.0,0.0,141176.4706,23529.41176,85.0,0.0,85,85,0,0.0,0.0,0,0,0,0.0,0.0,0,0,0,0,0,0,20,20,11764.706,11764.706,6,6,6.0,0.0,0.0,0,0,0,0,1,1,0,0,1,9.0,6.0,6.0,0,0,0,0,0,0,1,6,1,6,913,256,0,20,0.0,0.0,0,0,0.0,0.0,0,0,Benign
6,117091960,26,21,3518,5980,427,0,135.3077,198.31607,746,0,284.7619,370.76434,81.1157316,0.401393913,2545477.5,4176000.2,10100000,75,117000000,4682219.5,4748434.5,10100000,339,117000000,5852764.5,4660114.0,10100000,18100,0,0,0,0,532,552,0.2220477,0.17934622,0,746,197.875,292.89557,85787.81,0,0,0,1,0,0,0,0,0,202.08511,135.3077,284.7619,0,0,0,0,0,0,26,3518,21,5980,8192,402,25,20,900568.44,2789504.0,9308586,36173,9740839.0,882538.7,10100000,7090449,Benign
6,6214507,3,1,0,0,0,0,0.0,0.0,0,0,0.0,0.0,0.0,0.643655241,2071502.4,3544047.5,6163711,17,6214507,3107253.5,4322483.5,6163711,50796,0,0.0,0.0,0,0,0,0,0,0,104,40,0.48274145,0.16091381,0,0,0.0,0.0,0.0,0,0,0,1,0,0,0,0,0,0.0,0.0,0.0,0,0,0,0,0,0,3,0,1,0,29200,26847,0,32,0.0,0.0,0,0,0.0,0.0,0,0,Benign
17,77164,2,2,62,186,31,31,31.0,0.0,93,93,93.0,0.0,3213.933959,51.8376445,25721.334,44467.52,77068,48,48,48.0,0.0,48,48,48,48.0,0.0,48,48,0,0,0,0,64,80,25.918821,25.918821,31,93,55.8,33.958797,1153.2,0,0,0,0,0,0,0,0,1,69.75,31.0,93.0,0,0,0,0,0,0,2,62,2,186,-1,-1,1,32,0.0,0.0,0,0,0.0,0.0,0,0,Benign
6,117326283,34,45,994,76472,225,0,29.235294,57.276077,2920,0,1699.3778,1054.9042,660.2612647,0.673335914,1504183.1,9312057.0,58900000,7,117000000,3555342.0,14200000.0,58900000,18,117000000,2666055.8,12300000.0,59000000,49,0,0,0,0,700,912,0.28979015,0.3835458,0,2920,968.325,1147.612,1317013.6,0,0,0,1,0,0,0,0,1,980.5823,29.235294,1699.3778,0,0,0,0,0,0,34,994,45,76472,29200,32,33,20,116206.0,74435.72,168840,63572,58500000.0,565726.44,58900000,58100000,Benign
17,222,2,2,70,456,35,35,35.0,0.0,228,228,228.0,0.0,2369369.369,18018.01802,74.0,86.0,170,4,4,4.0,0.0,4,4,48,48.0,0.0,48,48,0,0,0,0,64,64,9009.009,9009.009,35,228,112.2,105.71046,11174.7,0,0,0,0,0,0,0,0,1,140.25,35.0,228.0,0,0,0,0,0,0,2,70,2,456,-1,-1,1,32,0.0,0.0,0,0,0.0,0.0,0,0,Benign
6,1309563,9,11,703,3950,267,0,78.111115,103.30228,1448,0,359.0909,569.91833,3553.093666,15.27227022,68924.37,100214.56,338259,3,873010,109126.25,132352.36,402300,214,1214018,121401.8,123451.766,338259,3,0,0,0,0,296,360,6.8725214,8.399749,0,1448,221.57143,434.49908,188789.45,0,0,0,1,0,0,0,0,1,232.65,78.111115,359.0909,0,0,0,0,0,0,9,703,11,3950,29200,254,4,32,0.0,0.0,0,0,0.0,0.0,0,0,Benign
6,115724518,16,18,1658,5489,792,6,103.625,266.76852,2548,0,304.94446,716.75745,61.75873638,0.29380118,3506803.5,4703215.0,9998069,2,116000000,7714968.0,4000485.0,10000000,184730,116000000,6806437.5,4538534.0,10000000,2,0,0,0,0,320,504,0.13825938,0.1555418,0,2548,204.37143,547.317,299555.88,0,0,0,0,1,0,0,0,1,210.38235,103.625,304.94446,0,0,0,0,0,0,16,1658,18,5489,16425,107,15,20,443598.47,1421067.1,4728277,14982,9989424.0,6042.979,9998069,9984368,Benign
17,190,2,2,102,158,51,51,51.0,0.0,79,79,79.0,0.0,1368421.053,21052.63158,63.333332,25.69695,93,48,49,49.0,0.0,49,49,48,48.0,0.0,48,48,0,0,0,0,40,40,10526.315,10526.315,51,79,62.2,15.336231,235.2,0,0,0,0,0,0,0,0,1,77.75,51.0,79.0,0,0,0,0,0,0,2,102,2,158,-1,-1,1,20,0.0,0.0,0,0,0.0,0.0,0,0,Benign
17,30772,1,1,53,81,53,53,53.0,0.0,81,81,81.0,0.0,4354.608085,64.99415053,30772.0,0.0,30772,30772,0,0.0,0.0,0,0,0,0.0,0.0,0,0,0,0,0,0,32,32,32.497074,32.497074,53,81,62.333332,16.165808,261.33334,0,0,0,0,0,0,0,0,1,93.5,53.0,81.0,0,0,0,0,0,0,1,53,1,81,-1,-1,0,32,0.0,0.0,0,0,0.0,0.0,0,0,Benign
17,180,2,2,84,204,42,42,42.0,0.0,102,102,102.0,0.0,1600000.0,22222.22222,60.0,62.864933,128,4,4,4.0,0.0,4,4,48,48.0,0.0,48,48,0,0,0,0,64,64,11111.111,11111.111,42,102,66.0,32.863354,1080.0,0,0,0,0,0,0,0,0,1,82.5,42.0,102.0,0,0,0,0,0,0,2,84,2,204,-1,-1,1,32,0.0,0.0,0,0,0.0,0.0,0,0,Benign
6,10033618,5,5,422,1478,404,0,84.4,178.68073,1460,0,295.6,650.92456,189.3633981,0.996649464,1114846.5,3331845.0,9999747,3,10000000,2508400.5,4994237.0,9999747,356,10000000,2504300.2,4997005.0,9999799,3,0,0,0,0,112,112,0.49832472,0.49832472,0,1460,172.72728,443.49185,196685.02,0,0,0,1,0,0,0,0,1,190.0,84.4,295.6,0,0,0,0,0,0,5,422,5,1478,8192,237,4,20,33855.0,0.0,33855,33855,9999747.0,0.0,9999747,9999747,Benign
17,23792,2,2,62,94,31,31,31.0,0.0,47,47,47.0,0.0,6556.825824,168.1237391,7930.6665,13730.256,23785,3,3,3.0,0.0,3,3,4,4.0,0.0,4,4,0,0,0,0,40,40,84.06187,84.06187,31,47,37.4,8.763561,76.8,0,0,0,0,0,0,0,0,1,46.75,31.0,47.0,0,0,0,0,0,0,2,62,2,94,-1,-1,1,20,0.0,0.0,0,0,0.0,0.0,0,0,Benign
17,23751,1,1,65,152,65,65,65.0,0.0,152,152,152.0,0.0,9136.457412,84.20698076,23751.0,0.0,23751,23751,0,0.0,0.0,0,0,0,0.0,0.0,0,0,0,0,0,0,20,20,42.10349,42.10349,65,152,94.0,50.229473,2523.0,0,0,0,0,0,0,0,0,1,141.0,65.0,152.0,0,0,0,0,0,0,1,65,1,152,-1,-1,0,20,0.0,0.0,0,0,0.0,0.0,0,0,Benign
6,107,1,1,6,6,6,6,6.0,0.0,6,6,6.0,0.0,112149.5327,18691.58879,107.0,0.0,107,107,0,0.0,0.0,0,0,0,0.0,0.0,0,0,0,0,0,0,20,20,9345.794,9345.794,6,6,6.0,0.0,0.0,0,0,0,0,1,1,0,0,1,9.0,6.0,6.0,0,0,0,0,0,0,1,6,1,6,27,260,0,20,0.0,0.0,0,0,0.0,0.0,0,0,Benign
17,30335,1,1,51,112,51,51,51.0,0.0,112,112,112.0,0.0,5373.331136,65.93044338,30335.0,0.0,30335,30335,0,0.0,0.0,0,0,0,0.0,0.0,0,0,0,0,0,0,20,20,32.96522,32.96522,51,112,71.333336,35.218365,1240.3334,0,0,0,0,0,0,0,0,1,107.0,51.0,112.0,0,0,0,0,0,0,1,51,1,112,-1,-1,0,20,0.0,0.0,0,0,0.0,0.0,0,0,Benign
17,14558942,2,2,93,303,51,42,46.5,6.363961,170,133,151.5,26.16295,27.19977867,0.274745239,4852980.5,8352706.0,14500000,30484,14500000,14500000.0,0.0,14500000,14500000,14500000,14500000.0,0.0,14500000,14500000,0,0,0,0,52,64,0.13737261,0.13737261,42,170,87.6,59.894073,3587.3,0,0,0,0,0,0,0,0,1,109.5,46.5,151.5,0,0,0,0,0,0,2,93,2,303,-1,-1,1,20,30484.0,0.0,30484,30484,14500000.0,0.0,14500000,14500000,Benign
6,3,2,0,12,0,6,6,6.0,0.0,0,0,0.0,0.0,4000000.0,666666.6667,3.0,0.0,3,3,3,3.0,0.0,3,3,0,0.0,0.0,0,0,0,0,0,0,40,0,666666.7,0.0,6,6,6.0,0.0,0.0,0,0,0,0,1,0,0,0,0,9.0,6.0,0.0,0,0,0,0,0,0,2,12,0,0,395,-1,1,20,0.0,0.0,0,0,0.0,0.0,0,0,Benign
17,105166623,2,2,142,328,79,63,71.0,11.313708,207,121,164.0,60.811184,4.469098528,0.038034881,35100000.0,60700000.0,105000000,479,105000000,105000000.0,0.0,105000000,105000000,105000000,105000000.0,0.0,105000000,105000000,0,0,0,0,64,64,0.019017441,0.019017441,63,207,106.6,60.93275,3712.8,0,0,0,0,0,0,0,0,1,133.25,71.0,164.0,0,0,0,0,0,0,2,142,2,328,-1,-1,1,32,479.0,0.0,479,479,105000000.0,0.0,105000000,105000000,Benign
6,23548,2,0,6,0,6,0,3.0,4.2426405,0,0,0.0,0.0,254.798709,84.93290301,23548.0,0.0,23548,23548,23548,23548.0,0.0,23548,23548,0,0.0,0.0,0,0,0,0,0,0,52,0,84.9329,0.0,0,6,2.0,3.4641016,12.0,0,0,0,0,1,0,0,0,0,3.0,3.0,0.0,0,0,0,0,0,0,2,6,0,0,131,-1,1,20,0.0,0.0,0,0,0.0,0.0,0,0,Benign
17,221,2,2,170,426,85,85,85.0,0.0,213,213,213.0,0.0,2696832.579,18099.54751,73.666664,85.70492,169,3,3,3.0,0.0,3,3,49,49.0,0.0,49,49,0,0,0,0,40,40,9049.773,9049.773,85,213,136.2,70.10849,4915.2,0,0,0,0,0,0,0,0,1,170.25,85.0,213.0,0,0,0,0,0,0,2,170,2,426,-1,-1,1,20,0.0,0.0,0,0,0.0,0.0,0,0,Benign
17,57580903,2,2,90,207,55,35,45.0,14.142136,116,91,103.5,17.67767,5.157960097,0.069467476,19200000.0,33200000.0,57500000,23711,57600000,57600000.0,0.0,57600000,57600000,57500000,57500000.0,0.0,57500000,57500000,0,0,0,0,52,52,0.03473374,0.03473374,35,116,70.4,32.523838,1057.8,0,0,0,0,0,0,0,0,1,88.0,45.0,103.5,0,0,0,0,0,0,2,90,2,207,-1,-1,1,20,47764.0,0.0,47764,47764,57500000.0,0.0,57500000,57500000,Benign
6,91369642,19,23,3501,10934,2896,0,184.26315,662.53186,1493,0,475.3913,673.66473,157.98464,0.459671277,2228527.8,4178436.0,10200000,0,82200000,4567994.5,5191861.5,10300000,5,91300000,4148775.8,5070194.5,10300000,1,0,0,0,0,616,732,0.20794652,0.25172475,0,2896,335.69766,670.5087,449581.94,0,0,0,1,0,0,0,0,1,343.6905,184.26315,475.3913,0,0,0,0,0,0,19,3501,23,10934,29200,7881,4,32,147679.44,153090.64,555921,96490,10000000.0,363705.97,10200000,9049113,Benign
17,181,2,2,70,102,35,35,35.0,0.0,51,51,51.0,0.0,950276.2431,22099.44751,60.333332,63.406097,129,4,48,48.0,0.0,48,48,4,4.0,0.0,4,4,0,0,0,0,64,64,11049.724,11049.724,35,51,41.4,8.763561,76.8,0,0,0,0,0,0,0,0,1,51.75,35.0,51.0,0,0,0,0,0,0,2,70,2,102,-1,-1,1,32,0.0,0.0,0,0,0.0,0.0,0,0,Benign
17,23745,2,2,76,108,38,38,38.0,0.0,54,54,54.0,0.0,7748.999789,168.4565172,7915.0,13703.12,23738,3,3,3.0,0.0,3,3,4,4.0,0.0,4,4,0,0,0,0,40,64,84.22826,84.22826,38,54,44.4,8.763561,76.8,0,0,0,0,0,0,0,0,1,55.5,38.0,54.0,0,0,0,0,0,0,2,76,2,108,-1,-1,1,20,0.0,0.0,0,0,0.0,0.0,0,0,Benign
6,117449731,36,55,1130,67915,463,0,31.38889,84.11396,1460,0,1234.8182,493.21213,587.8685239,0.774799561,1304997.0,8691276.0,59000000,-1,117000000,3355706.5,13800000.0,59000000,1,117000000,2174710.2,11200000.0,59000000,1,0,0,0,0,740,1112,0.3065141,0.46828544,0,1460,750.48914,706.82855,499606.56,0,0,0,1,0,0,0,0,1,758.73627,31.38889,1234.8182,0,0,0,0,0,0,36,1130,55,67915,29200,32,35,20,82266.5,94625.734,149177,15356,58600000.0,504459.88,59000000,58300000,Benign
17,206,2,2,78,254,39,39,39.0,0.0,127,127,127.0,0.0,1611650.485,19417.47573,68.666664,77.39725,154,3,3,3.0,0.0,3,3,49,49.0,0.0,49,49,0,0,0,0,40,40,9708.738,9708.738,39,127,74.2,48.199585,2323.2,0,0,0,0,0,0,0,0,1,92.75,39.0,127.0,0,0,0,0,0,0,2,78,2,254,-1,-1,1,20,0.0,0.0,0,0,0.0,0.0,0,0,Benign
17,190,2,2,46,46,23,23,23.0,0.0,23,23,23.0,0.0,484210.5263,21052.63158,63.333332,107.9645,188,1,1,1.0,0.0,1,1,1,1.0,0.0,1,1,0,0,0,0,64,64,10526.315,10526.315,23,23,23.0,0.0,0.0,0,0,0,0,0,0,0,0,1,28.75,23.0,23.0,0,0,0,0,0,0,2,46,2,46,-1,-1,1,32,0.0,0.0,0,0,0.0,0.0,0,0,Benign
6,1226,3,0,43,0,31,6,14.333333,14.433757,0,0,0.0,0.0,35073.40946,2446.982055,613.0,862.6703,1223,3,1226,613.0,862.6703,1223,3,0,0.0,0.0,0,0,0,0,0,0,60,0,2446.982,0.0,6,31,12.25,12.5,156.25,0,0,0,0,1,0,0,0,0,16.333334,14.333333,0.0,0,0,0,0,0,0,3,43,0,0,251,-1,2,20,0.0,0.0,0,0,0.0,0.0,0,0,Benign
6,10307465,7,11,2993,6052,2407,0,427.57144,892.9283,1474,2,550.1818,725.17346,877.5193513,1.746307167,606321.5,2420718.5,9998702,0,308762,51460.332,94057.164,240642,181,10300000,1027553.9,3152569.5,9998702,1,0,0,0,0,152,224,0.67911947,1.0671877,0,2407,476.05264,758.1489,574789.8,0,0,0,1,0,0,0,0,1,502.5,427.57144,550.1818,0,0,0,0,0,0,7,2993,11,6052,8192,35040,6,20,308762.0,0.0,308762,308762,9998702.0,0.0,9998702,9998702,Benign
6,416184,8,10,553,4442,200,0,69.125,81.45364,2567,0,444.2,871.0378,12001.903,43.25010092,24481.412,55923.438,233067,1,391191,55884.43,79586.34,233067,79,391109,43456.555,85258.9,257988,1,0,0,0,0,172,212,19.222267,24.027834,0,2567,262.89474,648.63135,420722.66,0,0,0,1,0,0,0,0,1,277.5,69.125,444.2,0,0,0,0,0,0,8,553,10,4442,8192,66,7,20,0.0,0.0,0,0,0.0,0.0,0,0,Benign
17,50345,1,1,101,158,101,101,101.0,0.0,158,158,158.0,0.0,5144.50293,39.72589135,50345.0,0.0,50345,50345,0,0.0,0.0,0,0,0,0.0,0.0,0,0,0,0,0,0,32,32,19.862946,19.862946,101,158,120.0,32.908966,1083.0,0,0,0,0,0,0,0,0,1,180.0,101.0,158.0,0,0,0,0,0,0,1,101,1,158,-1,-1,0,32,0.0,0.0,0,0,0.0,0.0,0,0,Benign
17,234,2,2,94,206,47,47,47.0,0.0,103,103,103.0,0.0,1282051.282,17094.01709,78.0,92.95698,182,3,49,49.0,0.0,49,49,3,3.0,0.0,3,3,0,0,0,0,64,64,8547.009,8547.009,47,103,69.4,30.672462,940.8,0,0,0,0,0,0,0,0,1,86.75,47.0,103.0,0,0,0,0,0,0,2,94,2,206,-1,-1,1,32,0.0,0.0,0,0,0.0,0.0,0,0,Benign
6,5444298,5,1,135,46,46,6,27.0,20.12461,46,46,46.0,0.0,33.2457922,1.10207046,1088859.6,2279679.8,5164201,3,5444298,1361074.5,2537787.8,5164201,3,0,0.0,0.0,0,0,1,0,0,0,100,20,0.91839206,0.1836784,6,46,32.42857,18.866701,355.9524,0,1,0,0,1,0,0,0,0,37.833332,27.0,46.0,0,0,0,0,0,0,5,135,1,46,258,361,4,20,247280.0,0.0,247280,247280,5164201.0,0.0,5164201,5164201,Benign
6,96101,1,1,0,0,0,0,0.0,0.0,0,0,0.0,0.0,0.0,20.81143797,96101.0,0.0,96101,96101,0,0.0,0.0,0,0,0,0.0,0.0,0,0,0,0,0,0,32,32,10.405719,10.405719,0,0,0.0,0.0,0.0,0,0,0,0,1,1,0,0,1,0.0,0.0,0.0,0,0,0,0,0,0,1,0,1,0,256,939,0,32,0.0,0.0,0,0,0.0,0.0,0,0,Benign
17,24153,2,2,72,250,36,36,36.0,0.0,125,125,125.0,0.0,13331.67722,165.6108972,8051.0,13901.456,24103,4,46,46.0,0.0,46,46,4,4.0,0.0,4,4,0,0,0,0,64,40,82.80545,82.80545,36,125,71.6,48.747307,2376.3,0,0,0,0,0,0,0,0,1,89.5,36.0,125.0,0,0,0,0,0,0,2,72,2,250,-1,-1,1,32,0.0,0.0,0,0,0.0,0.0,0,0,Benign
17,388,2,2,68,388,34,34,34.0,0.0,194,194,194.0,0.0,1175257.732,10309.27835,129.33333,222.27985,386,1,1,1.0,0.0,1,1,1,1.0,0.0,1,1,0,0,0,0,40,40,5154.639,5154.639,34,194,98.0,87.63561,7680.0,0,0,0,0,0,0,0,0,1,122.5,34.0,194.0,0,0,0,0,0,0,2,68,2,388,-1,-1,1,20,0.0,0.0,0,0,0.0,0.0,0,0,Benign
6,191,1,1,6,6,6,6,6.0,0.0,6,6,6.0,0.0,62827.22513,10471.20419,191.0,0.0,191,191,0,0.0,0.0,0,0,0,0.0,0.0,0,0,0,0,0,0,20,20,5235.602,5235.602,6,6,6.0,0.0,0.0,0,0,0,0,1,0,0,0,1,9.0,6.0,6.0,0,0,0,0,0,0,1,6,1,6,64240,5742,0,20,0.0,0.0,0,0,0.0,0.0,0,0,Benign
6,16,1,1,6,6,6,6,6.0,0.0,6,6,6.0,0.0,750000.0,125000.0,16.0,0.0,16,16,0,0.0,0.0,0,0,0,0.0,0.0,0,0,0,0,0,0,20,20,62500.0,62500.0,6,6,6.0,0.0,0.0,0,0,0,0,1,1,0,0,1,9.0,6.0,6.0,0,0,0,0,0,0,1,6,1,6,11256,256,0,20,0.0,0.0,0,0,0.0,0.0,0,0,Benign
6,5556912,9,5,348,4993,191,0,38.666668,70.5886,1839,0,998.6,814.84406,961.1453268,2.519384867,427454.78,1510651.2,5455055,9,5556912,694614.0,1923593.4,5455055,17,45995,11498.75,13425.807,26277,50,0,0,0,0,296,168,1.6196046,0.89978033,0,1839,356.06668,643.28723,413818.5,0,0,0,1,0,0,0,0,0,381.5,38.666668,998.6,0,0,0,0,0,0,9,348,5,4993,29200,59,3,32,101840.0,0.0,101840,101840,5455055.0,0.0,5455055,5455055,Benign
6,45881182,12,12,1000,3423,421,0,83.333336,150.49876,1460,0,285.25,500.18,96.40117816,0.523090273,1994834.0,3835055.8,10000000,12,41300000,3757676.8,4995771.5,10200000,171,45700000,4157285.8,4915248.5,10200000,46,0,0,0,0,264,300,0.26154512,0.26154512,0,1460,176.92,369.5919,136598.16,0,0,0,1,0,0,0,0,1,184.29167,83.333336,285.25,0,0,0,0,0,0,12,1000,12,3423,8192,18,10,20,390743.5,479118.34,1109421,151101,9942868.0,110313.766,10000000,9777494,Benign
6,956,3,1,0,0,0,0,0.0,0.0,0,0,0.0,0.0,0.0,4184.100418,318.66666,464.4807,855,49,956,478.0,606.69763,907,49,0,0.0,0.0,0,0,0,0,0,0,104,40,3138.0752,1046.0251,0,0,0.0,0.0,0.0,0,0,0,1,0,0,0,0,0,0.0,0.0,0.0,0,0,0,0,0,0,3,0,1,0,29200,28960,0,32,0.0,0.0,0,0,0.0,0.0,0,0,PortScan
17,104506,1,1,67,67,67,67,67.0,0.0,67,67,67.0,0.0,1282.22303,19.13765717,104506.0,0.0,104506,104506,0,0.0,0.0,0,0,0,0.0,0.0,0,0,0,0,0,0,32,20,9.568829,9.568829,67,67,67.0,0.0,0.0,0,0,0,0,0,0,0,0,1,100.5,67.0,67.0,0,0,0,0,0,0,1,67,1,67,-1,-1,0,32,0.0,0.0,0,0,0.0,0.0,0,0,Benign
17,61274,2,2,133,231,82,51,66.5,21.920311,164,67,115.5,68.589355,5940.529425,65.28054313,20424.666,17196.236,30689,572,60702,60702.0,0.0,60702,60702,30585,30585.0,0.0,30585,30585,0,0,0,0,64,64,32.64027,32.64027,51,164,83.0,47.07972,2216.5,0,0,0,0,0,0,0,0,1,103.75,66.5,115.5,0,0,0,0,0,0,2,133,2,231,-1,-1,1,32,0.0,0.0,0,0,0.0,0.0,0,0,Benign
6,852,2,0,0,0,0,0,0.0,0.0,0,0,0.0,0.0,0.0,2347.41784,852.0,0.0,852,852,852,852.0,0.0,852,852,0,0.0,0.0,0,0,0,0,0,0,64,0,2347.4177,0.0,0,0,0.0,0.0,0.0,0,0,0,0,1,0,0,0,0,0.0,0.0,0.0,0,0,0,0,0,0,2,0,0,0,340,-1,0,32,0.0,0.0,0,0,0.0,0.0,0,0,Benign
6,176077,8,11,1301,4818,777,0,162.625,276.4184,1448,0,438.0,656.06415,34751.84152,107.907336,9782.056,15095.88,33480,4,141217,20173.857,18145.121,37721,224,142621,14262.1,17076.22,35565,4,0,0,0,0,264,360,45.43467,62.472668,0,1448,305.95,527.5965,278358.06,0,0,0,1,0,0,0,0,1,322.05264,162.625,438.0,0,0,0,0,0,0,8,1301,11,4818,29200,5681,3,32,0.0,0.0,0,0,0.0,0.0,0,0,Benign
17,31533,1,1,49,114,49,49,49.0,0.0,114,114,114.0,0.0,5169.187835,63.42561761,31533.0,0.0,31533,31533,0,0.0,0.0,0,0,0,0.0,0.0,0,0,0,0,0,0,32,20,31.712809,31.712809,49,114,70.666664,37.527767,1408.3334,0,0,0,0,0,0,0,0,1,106.0,49.0,114.0,0,0,0,0,0,0,1,49,1,114,-1,-1,0,32,0.0,0.0,0,0,0.0,0.0,0,0,Benign
6,115569118,16,14,437,746,437,0,27.3125,109.25,746,0,53.285713,199.37689,10.23629859,0.259584918,3985142.0,4878343.5,10000000,26,116000000,7704608.0,4176964.8,10100000,161,111000000,8506323.0,3762674.8,10100000,19120,0,0,0,0,520,456,0.13844529,0.12113963,0,746,38.16129,153.00764,23411.34,0,0,0,1,0,0,0,0,0,39.433334,27.3125,53.285713,0,0,0,0,0,0,16,437,14,746,29200,340,1,32,42074.09,17036.705,93440,36758,10000000.0,5911.673,10000000,9996743,Benign
6,584,2,0,0,0,0,0,0.0,0.0,0,0,0.0,0.0,0.0,3424.657534,584.0,0.0,584,584,584,584.0,0.0,584,584,0,0.0,0.0,0,0,0,0,0,0,64,0,3424.6575,0.0,0,0,0.0,0.0,0.0,0,0,0,0,1,0,0,0,0,0.0,0.0,0.0,0,0,0,0,0,0,2,0,0,0,237,-1,0,32,0.0,0.0,0,0,0.0,0.0,0,0,Benign
6,6095749,5,1,135,46,46,6,27.0,20.12461,46,46,46.0,0.0,29.69282364,0.984292496,1219149.8,2676838.5,6007465,48,6095749,1523937.2,2989293.0,6007465,48,0,0.0,0.0,0,0,1,0,0,0,100,20,0.8202438,0.16404875,6,46,32.42857,18.866701,355.9524,0,1,0,0,1,0,0,0,0,37.833332,27.0,46.0,0,0,0,0,0,0,5,135,1,46,258,360,4,20,86724.0,0.0,86724,86724,6007465.0,0.0,6007465,6007465,Benign
17,180,2,2,94,206,47,47,47.0,0.0,103,103,103.0,0.0,1666666.667,22222.22222,60.0,97.862144,173,3,4,4.0,0.0,4,4,3,3.0,0.0,3,3,0,0,0,0,64,64,11111.111,11111.111,47,103,69.4,30.672462,940.8,0,0,0,0,0,0,0,0,1,86.75,47.0,103.0,0,0,0,0,0,0,2,94,2,206,-1,-1,1,32,0.0,0.0,0,0,0.0,0.0,0,0,Benign
17,299,2,2,82,254,41,41,41.0,0.0,127,127,127.0,0.0,1123745.819,13377.92642,99.666664,130.416,248,3,3,3.0,0.0,3,3,48,48.0,0.0,48,48,0,0,0,0,40,40,6688.9634,6688.9634,41,127,75.4,47.10414,2218.8,0,0,0,0,0,0,0,0,1,94.25,41.0,127.0,0,0,0,0,0,0,2,82,2,254,-1,-1,1,20,0.0,0.0,0,0,0.0,0.0,0,0,Benign
6,93,1,1,6,6,6,6,6.0,0.0,6,6,6.0,0.0,129032.2581,21505.37634,93.0,0.0,93,93,0,0.0,0.0,0,0,0,0.0,0.0,0,0,0,0,0,0,20,20,10752.688,10752.688,6,6,6.0,0.0,0.0,0,0,0,0,1,1,0,0,1,9.0,6.0,6.0,0,0,0,0,0,0,1,6,1,6,343,257,0,20,0.0,0.0,0,0,0.0,0.0,0,0,Benign
6,5375336,8,4,497,3019,218,0,62.125,92.89385,1484,0,754.75,828.83264,654.0986461,2.232418587,488666.9,1321931.0,4458822,3,5375336,767905.1,1633038.8,4458822,3,602701,200900.33,177099.95,335271,213,0,0,0,0,172,92,1.4882791,0.74413955,0,1484,270.46155,538.5025,289984.94,0,0,0,1,0,0,0,0,0,293.0,62.125,754.75,0,0,0,0,0,0,8,497,4,3019,8192,512,7,20,0.0,0.0,0,0,0.0,0.0,0,0,Benign
17,221,2,2,62,242,31,31,31.0,0.0,121,121,121.0,0.0,1375565.611,18099.54751,73.666664,44.45597,125,48,48,48.0,0.0,48,48,48,48.0,0.0,48,48,0,0,0,0,80,80,9049.773,9049.773,31,121,67.0,49.29503,2430.0,0,0,0,0,0,0,0,0,1,83.75,31.0,121.0,0,0,0,0,0,0,2,62,2,242,-1,-1,1,40,0.0,0.0,0,0,0.0,0.0,0,0,Benign
6,79,2,0,12,0,6,6,6.0,0.0,0,0,0.0,0.0,151898.7342,25316.4557,79.0,0.0,79,79,79,79.0,0.0,79,79,0,0.0,0.0,0,0,0,0,0,0,40,0,25316.455,0.0,6,6,6.0,0.0,0.0,0,0,0,0,1,0,0,0,0,9.0,6.0,0.0,0,0,0,0,0,0,2,12,0,0,16321,-1,1,20,0.0,0.0,0,0,0.0,0.0,0,0,Benign
17,24465,2,2,56,152,28,28,28.0,0.0,76,76,76.0,0.0,8501.941549,163.4988759,8155.0,14079.858,24413,4,4,4.0,0.0,4,4,48,48.0,0.0,48,48,0,0,0,0,64,64,81.749435,81.749435,28,76,47.2,26.290682,691.2,0,0,0,0,0,0,0,0,1,59.0,28.0,76.0,0,0,0,0,0,0,2,56,2,152,-1,-1,1,32,0.0,0.0,0,0,0.0,0.0,0,0,Benign
6,55,1,1,0,0,0,0,0.0,0.0,0,0,0.0,0.0,0.0,36363.63636,55.0,0.0,55,55,0,0.0,0.0,0,0,0,0.0,0.0,0,0,0,0,0,0,32,32,18181.818,18181.818,0,0,0.0,0.0,0.0,0,0,0,0,1,1,0,0,1,0.0,0.0,0.0,0,0,0,0,0,0,1,0,1,0,114,338,0,32,0.0,0.0,0,0,0.0,0.0,0,0,Benign
17,23289,1,1,80,304,80,80,80.0,0.0,304,304,304.0,0.0,16488.47095,85.87745287,23289.0,0.0,23289,23289,0,0.0,0.0,0,0,0,0.0,0.0,0,0,0,0,0,0,32,32,42.93873,42.93873,80,304,154.66667,129.32646,16725.334,0,0,0,0,0,0,0,0,1,232.0,80.0,304.0,0,0,0,0,0,0,1,80,1,304,-1,-1,0,32,0.0,0.0,0,0,0.0,0.0,0,0,Benign
6,477195,3,4,431,2277,425,0,143.66667,243.66028,2265,0,569.25,1130.5035,5674.828948,14.66905563,79532.5,163151.23,411006,10,443594,221797.0,267581.94,411006,32588,444673,148224.33,255821.53,443621,10,0,0,0,0,72,92,6.286738,8.382318,0,2265,338.5,792.3113,627757.1,0,0,0,1,0,0,0,0,1,386.85715,143.66667,569.25,0,0,0,0,0,0,3,431,4,2277,8192,237,2,20,0.0,0.0,0,0,0.0,0.0,0,0,Benign
6,64,2,0,12,0,6,6,6.0,0.0,0,0,0.0,0.0,187500.0,31250.0,64.0,0.0,64,64,64,64.0,0.0,64,64,0,0.0,0.0,0,0,0,0,0,0,40,0,31250.0,0.0,6,6,6.0,0.0,0.0,0,0,0,0,1,0,0,0,0,9.0,6.0,0.0,0,0,0,0,0,0,2,12,0,0,260,-1,1,20,0.0,0.0,0,0,0.0,0.0,0,0,Benign
6,50,1,1,0,6,0,0,0.0,0.0,6,6,6.0,0.0,120000.0,40000.0,50.0,0.0,50,50,0,0.0,0.0,0,0,0,0.0,0.0,0,0,0,0,0,0,40,20,20000.0,20000.0,0,6,2.0,3.4641016,12.0,0,0,0,1,0,0,0,0,1,3.0,0.0,6.0,0,0,0,0,0,0,1,0,1,6,29200,0,0,40,0.0,0.0,0,0,0.0,0.0,0,0,PortScan
17,189,2,2,86,142,43,43,43.0,0.0,71,71,71.0,0.0,1206349.206,21164.02116,63.0,27.712812,95,47,47,47.0,0.0,47,47,47,47.0,0.0,47,47,0,0,0,0,64,64,10582.011,10582.011,43,71,54.2,15.336231,235.2,0,0,0,0,0,0,0,0,1,67.75,43.0,71.0,0,0,0,0,0,0,2,86,2,142,-1,-1,1,32,0.0,0.0,0,0,0.0,0.0,0,0,Benign
6,1,2,0,12,0,6,6,6.0,0.0,0,0,0.0,0.0,12000000.0,2000000.0,1.0,0.0,1,1,1,1.0,0.0,1,1,0,0.0,0.0,0,0,0,0,0,0,40,0,2000000.0,0.0,6,6,6.0,0.0,0.0,0,0,0,0,1,1,0,0,0,9.0,6.0,0.0,0,0,0,0,0,0,2,12,0,0,16370,-1,1,20,0.0,0.0,0,0,0.0,0.0,0,0,Benign
6,4372561,5,1,123,46,46,0,24.6,23.276598,46,46,46.0,0.0,38.65011832,1.37219355,874512.2,1930507.5,4327737,20,4372561,1093140.2,2156499.8,4327737,48,0,0.0,0.0,0,0,1,0,0,0,160,32,1.1434946,0.22869892,0,46,30.714285,21.684975,470.2381,0,1,0,0,1,0,0,0,0,35.833332,24.6,46.0,0,0,0,0,0,0,5,123,1,46,364,24,2,32,0.0,0.0,0,0,0.0,0.0,0,0,Benign
6,115543759,37,44,749,56145,372,0,20.243244,71.54696,4344,0,1276.0227,1103.8801,492.4021902,0.701033104,1444297.0,3489559.2,10000000,2,116000000,3209548.8,4669077.0,10000000,4,111000000,2572402.2,4433298.5,10000000,2,0,0,0,0,1192,1416,0.320225,0.38080812,0,4344,693.8293,1022.97516,1046478.1,0,0,0,1,0,0,0,0,1,702.3951,20.243244,1276.0227,0,0,0,0,0,0,37,749,44,56145,29200,1006,4,32,34064.637,34333.695,137584,23542,10000000.0,7359.604,10000000,9999819,Benign
17,169,2,2,80,112,40,40,40.0,0.0,56,56,56.0,0.0,1136094.675,23668.63905,56.333332,57.95113,118,3,3,3.0,0.0,3,3,48,48.0,0.0,48,48,0,0,0,0,64,64,11834.319,11834.319,40,56,46.4,8.763561,76.8,0,0,0,0,0,0,0,0,1,58.0,40.0,56.0,0,0,0,0,0,0,2,80,2,112,-1,-1,1,32,0.0,0.0,0,0,0.0,0.0,0,0,Benign
17,171,2,2,86,118,43,43,43.0,0.0,59,59,59.0,0.0,1192982.456,23391.81287,57.0,92.66607,164,3,3,3.0,0.0,3,3,4,4.0,0.0,4,4,0,0,0,0,64,64,11695.906,11695.906,43,59,49.4,8.763561,76.8,0,0,0,0,0,0,0,0,1,61.75,43.0,59.0,0,0,0,0,0,0,2,86,2,118,-1,-1,1,32,0.0,0.0,0,0,0.0,0.0,0,0,Benign
17,92246,1,1,44,172,44,44,44.0,0.0,172,172,172.0,0.0,2341.564946,21.68115691,92246.0,0.0,92246,92246,0,0.0,0.0,0,0,0,0.0,0.0,0,0,0,0,0,0,40,40,10.840578,10.840578,44,172,86.666664,73.90083,5461.3335,0,0,0,0,0,0,0,0,1,130.0,44.0,172.0,0,0,0,0,0,0,1,44,1,172,-1,-1,0,40,0.0,0.0,0,0,0.0,0.0,0,0,Benign
6,5,3,0,76,0,45,0,25.333334,23.028967,0,0,0.0,0.0,15200000.0,600000.0,2.5,2.1213202,4,1,5,2.5,2.1213202,4,1,0,0.0,0.0,0,0,1,0,0,0,96,0,600000.0,0.0,0,45,30.25,21.219095,450.25,0,1,0,0,1,0,0,0,0,40.333332,25.333334,0.0,0,0,0,0,0,0,3,76,0,0,125,-1,1,32,0.0,0.0,0,0,0.0,0.0,0,0,Benign
6,105,1,1,0,6,0,0,0.0,0.0,6,6,6.0,0.0,57142.85714,19047.61905,105.0,0.0,105,105,0,0.0,0.0,0,0,0,0.0,0.0,0,0,0,0,0,0,40,20,9523.81,9523.81,0,6,2.0,3.4641016,12.0,0,0,0,1,0,0,0,0,1,3.0,0.0,6.0,0,0,0,0,0,0,1,0,1,6,29200,0,0,40,0.0,0.0,0,0,0.0,0.0,0,0,PortScan
6,6,1,1,6,6,6,6,6.0,0.0,6,6,6.0,0.0,2000000.0,333333.3333,6.0,0.0,6,6,0,0.0,0.0,0,0,0,0.0,0.0,0,0,0,0,0,0,20,20,166666.67,166666.67,6,6,6.0,0.0,0.0,0,0,0,0,1,1,0,0,1,9.0,6.0,6.0,0,0,0,0,0,0,1,6,1,6,294,256,0,20,0.0,0.0,0,0,0.0,0.0,0,0,Benign
17,234,2,2,170,426,85,85,85.0,0.0,213,213,213.0,0.0,2547008.547,17094.01709,78.0,51.097946,137,48,49,49.0,0.0,49,49,48,48.0,0.0,48,48,0,0,0,0,40,40,8547.009,8547.009,85,213,136.2,70.10849,4915.2,0,0,0,0,0,0,0,0,1,170.25,85.0,213.0,0,0,0,0,0,0,2,170,2,426,-1,-1,1,20,0.0,0.0,0,0,0.0,0.0,0,0,Benign
17,154,2,2,66,184,33,33,33.0,0.0,92,92,92.0,0.0,1623376.623,25974.02597,51.333332,82.85127,147,3,4,4.0,0.0,4,4,3,3.0,0.0,3,3,0,0,0,0,64,64,12987.013,12987.013,33,92,56.6,32.31563,1044.3,0,0,0,0,0,0,0,0,1,70.75,33.0,92.0,0,0,0,0,0,0,2,66,2,184,-1,-1,1,32,0.0,0.0,0,0,0.0,0.0,0,0,Benign
6,54659551,7,6,0,0,0,0,0.0,0.0,0,0,0.0,0.0,0.0,0.237835836,4554962.5,5087519.0,10200000,23491,54700000,9109925.0,2768112.5,10200000,3459539,51200000,10200000.0,120.06332,10200000,10200000,0,0,0,0,224,192,0.12806545,0.10977039,0,0,0.0,0.0,0.0,0,0,0,0,1,0,0,0,0,0.0,0.0,0.0,0,0,0,0,0,0,7,0,6,0,328,300,0,32,23601.4,116.57744,23750,23491,10200000.0,114.45305,10200000,10200000,Benign
6,5369861,9,6,370,5937,189,0,41.11111,68.457,2533,0,989.5,992.1447,1174.518298,2.793368394,383561.5,1348182.1,5064030,3,5369861,671232.6,1776597.9,5064030,3,282157,56431.4,96139.09,226612,51,0,0,0,0,204,132,1.676021,1.1173474,0,2533,394.1875,746.6806,557531.9,0,0,0,1,0,0,0,0,0,420.46667,41.11111,989.5,0,0,0,0,0,0,9,370,6,5937,8192,60,7,20,305828.0,0.0,305828,305828,5064030.0,0.0,5064030,5064030,Benign
17,23198,1,1,42,115,42,42,42.0,0.0,115,115,115.0,0.0,6767.824812,86.21432882,23198.0,0.0,23198,23198,0,0.0,0.0,0,0,0,0.0,0.0,0,0,0,0,0,0,32,20,43.107166,43.107166,42,115,66.333336,42.14657,1776.3334,0,0,0,0,0,0,0,0,1,99.5,42.0,115.0,0,0,0,0,0,0,1,42,1,115,-1,-1,0,32,0.0,0.0,0,0,0.0,0.0,0,0,Benign
6,36055,2,0,12,0,6,6,6.0,0.0,0,0,0.0,0.0,332.8248509,55.47080849,36055.0,0.0,36055,36055,36055,36055.0,0.0,36055,36055,0,0.0,0.0,0,0,0,0,0,0,40,0,55.47081,0.0,6,6,6.0,0.0,0.0,0,0,0,0,1,0,0,0,0,9.0,6.0,0.0,0,0,0,0,0,0,2,12,0,0,256,-1,1,20,0.0,0.0,0,0,0.0,0.0,0,0,Benign
17,216,2,2,84,284,42,42,42.0,0.0,142,142,142.0,0.0,1703703.704,18518.51852,72.0,84.326744,166,3,3,3.0,0.0,3,3,47,47.0,0.0,47,47,0,0,0,0,64,64,9259.259,9259.259,42,142,82.0,54.772255,3000.0,0,0,0,0,0,0,0,0,1,102.5,42.0,142.0,0,0,0,0,0,0,2,84,2,284,-1,-1,1,32,0.0,0.0,0,0,0.0,0.0,0,0,Benign
17,159,2,2,98,130,49,49,49.0,0.0,65,65,65.0,0.0,1433962.264,25157.2327,53.0,80.579155,146,4,4,4.0,0.0,4,4,9,9.0,0.0,9,9,0,0,0,0,40,40,12578.616,12578.616,49,65,55.4,8.763561,76.8,0,0,0,0,0,0,0,0,1,69.25,49.0,65.0,0,0,0,0,0,0,2,98,2,130,-1,-1,1,20,0.0,0.0,0,0,0.0,0.0,0,0,Benign
17,211,2,2,46,46,23,23,23.0,0.0,23,23,23.0,0.0,436018.9573,18957.34597,70.333336,83.48254,163,1,1,1.0,0.0,1,1,47,47.0,0.0,47,47,0,0,0,0,64,64,9478.673,9478.673,23,23,23.0,0.0,0.0,0,0,0,0,0,0,0,0,1,28.75,23.0,23.0,0,0,0,0,0,0,2,46,2,46,-1,-1,1,32,0.0,0.0,0,0,0.0,0.0,0,0,Benign
17,114270,1,1,53,163,53,53,53.0,0.0,163,163,163.0,0.0,1890.259911,17.50240658,114270.0,0.0,114270,114270,0,0.0,0.0,0,0,0,0.0,0.0,0,0,0,0,0,0,32,40,8.751204,8.751204,53,163,89.666664,63.50853,4033.3333,0,0,0,0,0,0,0,0,1,134.5,53.0,163.0,0,0,0,0,0,0,1,53,1,163,-1,-1,0,32,0.0,0.0,0,0,0.0,0.0,0,0,Benign
6,5709,2,0,12,0,6,6,6.0,0.0,0,0,0.0,0.0,2101.944298,350.3240497,5709.0,0.0,5709,5709,5709,5709.0,0.0,5709,5709,0,0.0,0.0,0,0,0,0,0,0,40,0,350.32404,0.0,6,6,6.0,0.0,0.0,0,0,0,0,1,0,0,0,0,9.0,6.0,0.0,0,0,0,0,0,0,2,12,0,0,29040,-1,1,20,0.0,0.0,0,0,0.0,0.0,0,0,Benign
17,143,2,2,64,120,32,32,32.0,0.0,60,60,60.0,0.0,1286713.287,27972.02797,47.666668,76.50054,136,3,4,4.0,0.0,4,4,3,3.0,0.0,3,3,0,0,0,0,64,64,13986.014,13986.014,32,60,43.2,15.336231,235.2,0,0,0,0,0,0,0,0,1,54.0,32.0,60.0,0,0,0,0,0,0,2,64,2,120,-1,-1,1,32,0.0,0.0,0,0,0.0,0.0,0,0,Benign
17,176,2,2,46,46,23,23,23.0,0.0,23,23,23.0,0.0,522727.2727,22727.27273,58.666668,61.076454,124,3,3,3.0,0.0,3,3,49,49.0,0.0,49,49,0,0,0,0,64,64,11363.637,11363.637,23,23,23.0,0.0,0.0,0,0,0,0,0,0,0,0,1,28.75,23.0,23.0,0,0,0,0,0,0,2,46,2,46,-1,-1,1,32,0.0,0.0,0,0,0.0,0.0,0,0,Benign
6,83405,2,0,12,0,6,6,6.0,0.0,0,0,0.0,0.0,143.8762664,23.97937774,83405.0,0.0,83405,83405,83405,83405.0,0.0,83405,83405,0,0.0,0.0,0,0,0,0,0,0,40,0,23.979378,0.0,6,6,6.0,0.0,0.0,1,0,0,0,0,0,0,0,0,9.0,6.0,0.0,0,0,0,0,0,0,2,12,0,0,8201,-1,1,20,0.0,0.0,0,0,0.0,0.0,0,0,Benign
17,820,1,1,51,111,51,51,51.0,0.0,111,111,111.0,0.0,197560.9756,2439.02439,820.0,0.0,820,820,0,0.0,0.0,0,0,0,0.0,0.0,0,0,0,0,0,0,40,40,1219.5122,1219.5122,51,111,71.0,34.641018,1200.0,0,0,0,0,0,0,0,0,1,106.5,51.0,111.0,0,0,0,0,0,0,1,51,1,111,-1,-1,0,40,0.0,0.0,0,0,0.0,0.0,0,0,Benign
17,31416,2,2,88,162,44,44,44.0,0.0,81,81,81.0,0.0,7957.728546,127.3236567,10472.0,18132.84,31410,3,3,3.0,0.0,3,3,3,3.0,0.0,3,3,0,0,0,0,40,64,63.661827,63.661827,44,81,58.8,20.265734,410.7,0,0,0,0,0,0,0,0,1,73.5,44.0,81.0,0,0,0,0,0,0,2,88,2,162,-1,-1,1,20,0.0,0.0,0,0,0.0,0.0,0,0,Benign
17,332,2,2,86,406,43,43,43.0,0.0,203,203,203.0,0.0,1481927.711,12048.19277,110.666664,185.61879,325,3,4,4.0,0.0,4,4,3,3.0,0.0,3,3,0,0,0,0,64,64,6024.096,6024.096,43,203,107.0,87.63561,7680.0,0,0,0,0,0,0,0,0,1,133.75,43.0,203.0,0,0,0,0,0,0,2,86,2,406,-1,-1,1,32,0.0,0.0,0,0,0.0,0.0,0,0,Benign
6,116724692,27,22,1527,15764,302,0,56.555557,108.89774,2920,0,716.5455,1126.0135,148.1348951,0.419791213,2431764.5,4234721.0,10000000,15,117000000,4489411.0,4930095.0,10000000,241,111000000,5305591.5,5073538.0,10000000,207,0,0,0,0,552,584,0.23131353,0.18847768,0,2920,345.82,812.3633,659934.1,0,0,0,1,0,0,0,0,0,352.87756,56.555557,716.5455,0,0,0,0,0,0,27,1527,22,15764,8192,1080,26,20,137043.73,376222.44,1271397,23521,9991876.0,27793.809,10000000,9908081,Benign
6,109,2,0,12,0,6,6,6.0,0.0,0,0,0.0,0.0,110091.7431,18348.62385,109.0,0.0,109,109,109,109.0,0.0,109,109,0,0.0,0.0,0,0,0,0,0,0,40,0,18348.623,0.0,6,6,6.0,0.0,0.0,0,0,0,0,1,0,0,0,0,9.0,6.0,0.0,0,0,0,0,0,0,2,12,0,0,16425,-1,1,20,0.0,0.0,0,0,0.0,0.0,0,0,Benign
6,5734249,9,7,381,5054,194,0,42.333332,69.39381,1460,0,722.0,684.5468,947.8137416,2.790252045,382283.28,1392624.2,5413858,3,5734249,716781.1,1899250.8,5413858,3,108162,18027.0,27359.758,55460,50,0,0,0,0,192,152,1.5695168,1.2207353,0,1460,319.70587,546.4468,298604.1,0,0,0,1,0,0,0,0,0,339.6875,42.333332,722.0,0,0,0,0,0,0,9,381,7,5054,8192,110,8,20,320388.0,0.0,320388,320388,5413858.0,0.0,5413858,5413858,Benign
6,115581579,16,14,514,1774,430,0,32.125,106.11056,1768,0,126.71429,472.39722,19.79554199,0.259556932,3985571.8,4876481.5,9998071,64,116000000,7705438.5,4147922.5,10000000,170,110000000,8486897.0,3741753.2,10000000,24039,0,0,0,0,332,424,0.13843036,0.12112657,0,1768,73.80645,323.64563,104746.49,0,0,0,1,0,0,0,0,0,76.26667,32.125,126.71429,0,0,0,0,0,0,16,514,14,1774,8192,946,15,20,33839.453,33765.55,135646,23492,9996134.0,2847.9294,9998071,9987862,Benign
17,23722,1,1,43,59,43,43,43.0,0.0,59,59,59.0,0.0,4299.806087,84.30992328,23722.0,0.0,23722,23722,0,0.0,0.0,0,0,0,0.0,0.0,0,0,0,0,0,0,20,32,42.15496,42.15496,43,59,48.333332,9.237604,85.333336,0,0,0,0,0,0,0,0,1,72.5,43.0,59.0,0,0,0,0,0,0,1,43,1,59,-1,-1,0,20,0.0,0.0,0,0,0.0,0.0,0,0,Benign
6,5166354,3,1,0,0,0,0,0.0,0.0,0,0,0.0,0.0,0.0,0.774240402,1722118.0,2953829.2,5132852,87,5166354,2583177.0,3605908.0,5132939,33415,0,0.0,0.0,0,0,0,0,0,0,104,40,0.5806803,0.1935601,0,0,0.0,0.0,0.0,0,0,0,1,0,0,0,0,0,0.0,0.0,0.0,0,0,0,0,0,0,3,0,1,0,29200,65535,0,32,0.0,0.0,0,0,0.0,0.0,0,0,Benign
6,231,2,0,12,0,6,6,6.0,0.0,0,0,0.0,0.0,51948.05195,8658.008658,231.0,0.0,231,231,231,231.0,0.0,231,231,0,0.0,0.0,0,0,0,0,0,0,40,0,8658.009,0.0,6,6,6.0,0.0,0.0,0,0,0,0,1,0,0,0,0,9.0,6.0,0.0,0,0,0,0,0,0,2,12,0,0,31,-1,1,20,0.0,0.0,0,0,0.0,0.0,0,0,Benign
6,10034105,4,5,416,1476,404,0,104.0,200.02,1458,0,295.2,650.03015,188.5569266,0.896940983,1254263.1,3533373.8,9998899,2,35206,11735.333,10023.957,18474,216,10000000,2504444.5,4996387.0,9999017,2,0,0,0,0,92,112,0.39864042,0.49830055,0,1458,189.2,463.22464,214577.06,0,0,0,1,0,0,0,0,1,210.22223,104.0,295.2,0,0,0,0,0,0,4,416,5,1476,8192,237,3,20,0.0,0.0,0,0,0.0,0.0,0,0,Benign
17,52015983,2,2,149,238,98,51,74.5,33.23402,146,92,119.0,38.183765,7.440020887,0.076899441,17300000.0,30000000.0,52000000,23262,52000000,52000000.0,0.0,52000000,52000000,52000000,52000000.0,0.0,52000000,52000000,0,0,0,0,40,64,0.03844972,0.03844972,51,146,87.6,39.42461,1554.3,0,0,0,0,0,0,0,0,1,109.5,74.5,119.0,0,0,0,0,0,0,2,149,2,238,-1,-1,1,20,23262.0,0.0,23262,23262,52000000.0,0.0,52000000,52000000,Benign
17,49299,2,2,56,158,28,28,28.0,0.0,79,79,79.0,0.0,4340.858841,81.13754843,16433.0,28420.365,49250,1,48,48.0,0.0,48,48,1,1.0,0.0,1,1,0,0,0,0,80,64,40.568775,40.568775,28,79,48.4,27.933851,780.3,0,0,0,0,0,0,0,0,1,60.5,28.0,79.0,0,0,0,0,0,0,2,56,2,158,-1,-1,1,40,0.0,0.0,0,0,0.0,0.0,0,0,Benign
6,5850454,3,1,12,0,6,0,4.0,3.4641016,0,0,0.0,0.0,2.05112287,0.683707623,1950151.4,3303195.0,5764027,61,5850454,2925227.0,4014669.5,5764027,86427,0,0.0,0.0,0,0,0,0,0,0,72,32,0.5127807,0.1709269,0,6,2.4,3.2863352,10.8,0,0,0,1,0,0,0,0,0,3.0,4.0,0.0,0,0,0,0,0,0,3,12,1,0,8192,5840,2,20,0.0,0.0,0,0,0.0,0.0,0,0,Benign
6,47526,3,4,440,860,440,0,146.66667,254.03412,860,0,215.0,430.0,27353.44864,147.2878004,7921.0,12104.631,23929,2,23414,11707.0,16249.313,23197,217,24366,8122.0,13909.521,24183,2,0,0,0,0,104,136,63.123344,84.16446,0,860,162.5,321.1475,103135.71,0,0,0,1,0,0,0,0,1,185.71428,146.66667,215.0,0,0,0,0,0,0,3,440,4,860,29200,31,1,32,0.0,0.0,0,0,0.0,0.0,0,0,Benign
6,83,1,1,6,6,6,6,6.0,0.0,6,6,6.0,0.0,144578.3133,24096.38554,83.0,0.0,83,83,0,0.0,0.0,0,0,0,0.0,0.0,0,0,0,0,0,0,20,20,12048.192,12048.192,6,6,6.0,0.0,0.0,0,0,0,0,1,1,0,0,1,9.0,6.0,6.0,0,0,0,0,0,0,1,6,1,6,123,253,0,20,0.0,0.0,0,0,0.0,0.0,0,0,Benign
6,115560974,16,13,497,468,413,0,31.0625,101.86099,402,0,36.0,109.98182,8.350569977,0.250949771,4127177.8,4912059.0,10100000,56,116000000,7704065.0,4175520.8,10100000,417,111000000,9215790.0,2893096.2,10100000,29470,0,0,0,0,332,272,0.13845505,0.11249472,0,413,32.166668,102.05343,10414.902,0,0,0,1,0,0,0,0,0,33.275864,31.0625,36.0,0,0,0,0,0,0,16,497,13,468,8192,1024,15,20,35656.363,24108.975,108347,28198,10000000.0,30742.348,10100000,9999824,Benign
6,19218771,110,156,6571,276997,1128,0,59.736362,189.0454,4380,2,1775.6218,917.0252,14754.7416,13.84063528,72523.664,695765.1,10000000,0,19200000,176319.0,1080873.9,10000000,3,13900000,89898.62,809620.25,10000000,1,0,0,0,0,2212,3124,5.723571,8.117064,0,4380,1062.0525,1105.881,1222972.9,0,0,0,1,0,0,0,0,1,1066.0452,59.736362,1775.6218,0,0,0,0,0,0,110,6571,156,276997,8192,40608,109,20,1980846.0,2762076.5,3933929,27763,7628538.0,3354434.0,10000000,5256595,Benign
17,41304,2,2,78,174,39,39,39.0,0.0,87,87,87.0,0.0,6101.104009,96.84292078,13768.0,23842.545,41299,2,3,3.0,0.0,3,3,2,2.0,0.0,2,2,0,0,0,0,40,64,48.42146,48.42146,39,87,58.2,26.290682,691.2,0,0,0,0,0,0,0,0,1,72.75,39.0,87.0,0,0,0,0,0,0,2,78,2,174,-1,-1,1,20,0.0,0.0,0,0,0.0,0.0,0,0,Benign
17,47432,2,2,154,310,77,77,77.0,0.0,155,155,155.0,0.0,9782.425367,84.33125316,15810.667,27378.816,47425,3,3,3.0,0.0,3,3,4,4.0,0.0,4,4,0,0,0,0,64,64,42.165627,42.165627,77,155,108.2,42.72236,1825.2,0,0,0,0,0,0,0,0,1,135.25,77.0,155.0,0,0,0,0,0,0,2,154,2,310,-1,-1,1,32,0.0,0.0,0,0,0.0,0.0,0,0,Benign
6,64730704,19,18,2967,9636,892,0,156.1579,315.2421,1460,2,535.3333,620.4791,194.6989484,0.571598912,1798075.1,3723530.5,9999804,49,64700000,3596150.2,4690828.0,10100000,1007,64700000,3804695.8,4790564.5,10100000,49,0,0,0,0,392,364,0.29352376,0.27807516,0,1460,331.6579,514.0094,264205.62,0,0,0,1,0,0,0,0,0,340.6216,156.1579,535.3333,0,0,0,0,0,0,19,2967,18,9636,8192,34788,18,20,750884.8,1714737.0,4251077,50816,9966557.0,81317.67,9999804,9800568,Benign
6,14912758,3,2,18,0,6,6,6.0,0.0,0,0,0.0,0.0,1.20702019,0.335283386,3728189.5,4764766.5,10000000,22080,14900000,7456379.0,3629211.5,10000000,4890139,10000000,10000000.0,0.0,10000000,10000000,0,0,0,0,60,64,0.20117003,0.13411336,0,6,4.0,3.0983868,9.6,0,0,0,0,1,0,0,0,0,4.8,6.0,0.0,0,0,0,0,0,0,3,18,2,0,252,127,2,20,22239.0,0.0,22239,22239,10000000.0,0.0,10000000,10000000,Benign
17,23960,2,2,70,326,35,35,35.0,0.0,163,163,163.0,0.0,16527.54591,166.9449082,7986.6665,13827.25,23953,3,4,4.0,0.0,4,4,3,3.0,0.0,3,3,0,0,0,0,40,40,83.47246,83.47246,35,163,86.2,70.10849,4915.2,0,0,0,0,0,0,0,0,1,107.75,35.0,163.0,0,0,0,0,0,0,2,70,2,326,-1,-1,1,20,0.0,0.0,0,0,0.0,0.0,0,0,Benign
6,27487,2,0,12,0,6,6,6.0,0.0,0,0,0.0,0.0,436.5700149,72.76166915,27487.0,0.0,27487,27487,27487,27487.0,0.0,27487,27487,0,0.0,0.0,0,0,0,0,0,0,40,0,72.761665,0.0,6,6,6.0,0.0,0.0,0,0,0,0,1,0,0,0,0,9.0,6.0,0.0,0,0,0,0,0,0,2,12,0,0,16425,-1,1,20,0.0,0.0,0,0,0.0,0.0,0,0,Benign
6,6017318,10,7,710,5461,517,0,71.0,164.68286,1448,0,780.1429,687.289,1025.53995,2.825178925,376082.38,1275072.5,5139839,1,6017318,668590.9,1682583.8,5139839,1,566212,94368.664,145420.39,288159,48,0,0,0,0,328,232,1.66187,1.163309,0,1448,342.83334,556.9574,310201.56,0,0,0,1,0,0,0,0,0,363.0,71.0,780.1429,0,0,0,0,0,0,10,710,7,5461,29200,130,3,32,877478.0,0.0,877478,877478,5139839.0,0.0,5139839,5139839,Benign
17,151,2,2,86,142,43,43,43.0,0.0,71,71,71.0,0.0,1509933.775,26490.06623,50.333332,81.119255,144,3,4,4.0,0.0,4,4,3,3.0,0.0,3,3,0,0,0,0,40,40,13245.033,13245.033,43,71,54.2,15.336231,235.2,0,0,0,0,0,0,0,0,1,67.75,43.0,71.0,0,0,0,0,0,0,2,86,2,142,-1,-1,1,20,0.0,0.0,0,0,0.0,0.0,0,0,Benign
17,30732,1,1,62,78,62,62,62.0,0.0,78,78,78.0,0.0,4555.51217,65.07874528,30732.0,0.0,30732,30732,0,0.0,0.0,0,0,0,0.0,0.0,0,0,0,0,0,0,32,32,32.53937,32.53937,62,78,67.333336,9.237604,85.333336,0,0,0,0,0,0,0,0,1,101.0,62.0,78.0,0,0,0,0,0,0,1,62,1,78,-1,-1,0,32,0.0,0.0,0,0,0.0,0.0,0,0,Benign
17,157,2,2,60,124,30,30,30.0,0.0,62,62,62.0,0.0,1171974.522,25477.70701,52.333332,85.44784,151,3,3,3.0,0.0,3,3,3,3.0,0.0,3,3,0,0,0,0,64,64,12738.854,12738.854,30,62,42.8,17.527122,307.2,0,0,0,0,0,0,0,0,1,53.5,30.0,62.0,0,0,0,0,0,0,2,60,2,124,-1,-1,1,32,0.0,0.0,0,0,0.0,0.0,0,0,Benign
6,1222,2,0,12,0,6,6,6.0,0.0,0,0,0.0,0.0,9819.967267,1636.661211,1222.0,0.0,1222,1222,1222,1222.0,0.0,1222,1222,0,0.0,0.0,0,0,0,0,0,0,40,0,1636.6613,0.0,6,6,6.0,0.0,0.0,0,0,0,0,1,0,0,0,0,9.0,6.0,0.0,0,0,0,0,0,0,2,12,0,0,335,-1,1,20,0.0,0.0,0,0,0.0,0.0,0,0,Benign
6,3,2,0,12,0,6,6,6.0,0.0,0,0,0.0,0.0,4000000.0,666666.6667,3.0,0.0,3,3,3,3.0,0.0,3,3,0,0.0,0.0,0,0,0,0,0,0,40,0,666666.7,0.0,6,6,6.0,0.0,0.0,0,0,0,0,1,0,0,0,0,9.0,6.0,0.0,0,0,0,0,0,0,2,12,0,0,5565,-1,1,20,0.0,0.0,0,0,0.0,0.0,0,0,Benign
6,54172,3,4,442,872,436,0,147.33333,250.01067,860,0,218.0,428.00934,24256.07325,129.2180462,9028.667,11387.797,23349,1,30378,15189.0,11627.664,23411,6967,30857,10285.667,17431.324,30412,1,0,0,0,0,72,92,55.37916,73.83888,0,860,164.25,319.3698,101997.07,0,0,0,1,0,0,0,0,1,187.71428,147.33333,218.0,0,0,0,0,0,0,3,442,4,872,8192,31,2,20,0.0,0.0,0,0,0.0,0.0,0,0,Benign
17,30470,1,1,53,118,53,53,53.0,0.0,118,118,118.0,0.0,5612.077453,65.63833279,30470.0,0.0,30470,30470,0,0.0,0.0,0,0,0,0.0,0.0,0,0,0,0,0,0,20,20,32.819168,32.819168,53,118,74.666664,37.527767,1408.3334,0,0,0,0,0,0,0,0,1,112.0,53.0,118.0,0,0,0,0,0,0,1,53,1,118,-1,-1,0,20,0.0,0.0,0,0,0.0,0.0,0,0,Benign
6,5952306,9,7,622,5698,342,0,69.111115,120.29905,1477,0,814.0,737.3622,1061.77337,2.688033848,396820.4,1413464.0,5504344,4,5952306,744038.25,1923959.1,5504344,4,321747,53624.5,61764.613,146663,48,0,0,0,0,192,148,1.512019,1.1760148,0,1477,371.7647,597.3692,356849.94,0,0,0,1,0,0,0,0,0,395.0,69.111115,814.0,0,0,0,0,0,0,9,622,7,5698,8192,4679,8,20,447958.0,0.0,447958,447958,5504344.0,0.0,5504344,5504344,Benign
17,170,2,2,88,120,44,44,44.0,0.0,60,60,60.0,0.0,1223529.412,23529.41176,56.666668,92.95339,164,3,3,3.0,0.0,3,3,3,3.0,0.0,3,3,0,0,0,0,40,40,11764.706,11764.706,44,60,50.4,8.763561,76.8,0,0,0,0,0,0,0,0,1,63.0,44.0,60.0,0,0,0,0,0,0,2,88,2,120,-1,-1,1,20,0.0,0.0,0,0,0.0,0.0,0,0,Benign
17,62455,1,1,65,97,65,65,65.0,0.0,97,97,97.0,0.0,2593.867585,32.0230566,62455.0,0.0,62455,62455,0,0.0,0.0,0,0,0,0.0,0.0,0,0,0,0,0,0,20,20,16.011528,16.011528,65,97,75.666664,18.475208,341.33334,0,0,0,0,0,0,0,0,1,113.5,65.0,97.0,0,0,0,0,0,0,1,65,1,97,-1,-1,0,20,0.0,0.0,0,0,0.0,0.0,0,0,Benign
6,141328,10,6,587,3834,197,0,58.7,74.54909,2820,0,639.0,1097.5605,31281.84082,113.2118193,9421.866,14283.155,34963,3,141328,15703.111,16086.652,35732,3,80844,16168.8,21596.973,42444,4,0,0,0,0,212,132,70.757385,42.454433,0,2820,260.05884,680.43536,462992.3,0,0,0,1,0,0,0,0,0,276.3125,58.7,639.0,0,0,0,0,0,0,10,587,6,3834,8192,115,9,20,0.0,0.0,0,0,0.0,0.0,0,0,Benign
17,24257,2,2,68,158,34,34,34.0,0.0,79,79,79.0,0.0,9316.898215,164.9008534,8085.6665,13960.637,24206,3,48,48.0,0.0,48,48,3,3.0,0.0,3,3,0,0,0,0,64,64,82.450424,82.450424,34,79,52.0,24.647514,607.5,0,0,0,0,0,0,0,0,1,65.0,34.0,79.0,0,0,0,0,0,0,2,68,2,158,-1,-1,1,32,0.0,0.0,0,0,0.0,0.0,0,0,Benign
6,169322,3,4,440,860,440,0,146.66667,254.03412,860,0,215.0,430.0,7677.679215,41.34134962,28220.334,47449.57,122277,4,145533,72766.5,70018.42,122277,23256,146146,48715.332,84024.336,145738,4,0,0,0,0,104,136,17.717722,23.623629,0,860,162.5,321.1475,103135.71,0,0,0,1,0,0,0,0,1,185.71428,146.66667,215.0,0,0,0,0,0,0,3,440,4,860,29200,31,1,32,0.0,0.0,0,0,0.0,0.0,0,0,Benign
6,5077655,8,5,369,3377,188,0,46.125,71.01798,2920,2,675.4,1265.5651,737.742127,2.56023696,423137.9,1399493.1,4866545,15,5077655,725379.3,1826389.8,4866545,48,118354,29588.5,33415.45,65169,254,0,0,0,0,172,104,1.5755304,0.9847065,0,2920,267.57144,771.48444,595188.25,0,0,0,1,0,0,0,0,0,288.15384,46.125,675.4,0,0,0,0,0,0,8,369,5,3377,8192,30016,7,20,0.0,0.0,0,0,0.0,0.0,0,0,Benign
17,30941,2,2,70,194,35,35,35.0,0.0,97,97,97.0,0.0,8532.368055,129.2783039,10313.667,17816.18,30886,4,4,4.0,0.0,4,4,51,51.0,0.0,51,51,0,0,0,0,64,40,64.63915,64.63915,35,97,59.8,33.958797,1153.2,0,0,0,0,0,0,0,0,1,74.75,35.0,97.0,0,0,0,0,0,0,2,70,2,194,-1,-1,1,32,0.0,0.0,0,0,0.0,0.0,0,0,Benign
6,703304,9,7,515,2871,187,0,57.22222,77.17963,1460,0,410.14285,589.34607,4814.4188,22.74976397,46886.934,111519.44,438321,4,703304,87913.0,144975.34,438321,48,628855,104809.164,176272.55,453745,4,0,0,0,0,192,152,12.796742,9.953022,0,1460,199.17647,408.05978,166512.78,0,0,0,1,0,0,0,0,0,211.625,57.22222,410.14285,0,0,0,0,0,0,9,515,7,2871,8192,31,8,20,0.0,0.0,0,0,0.0,0.0,0,0,Benign
6,47,1,1,0,0,0,0,0.0,0.0,0,0,0.0,0.0,0.0,42553.19149,47.0,0.0,47,47,0,0.0,0.0,0,0,0,0.0,0.0,0,0,0,0,0,0,32,32,21276.596,21276.596,0,0,0.0,0.0,0.0,0,0,0,0,1,1,0,0,1,0.0,0.0,0.0,0,0,0,0,0,0,1,0,1,0,174,442,0,32,0.0,0.0,0,0,0.0,0.0,0,0,Benign
17,61267,2,2,60,264,30,30,30.0,0.0,132,132,132.0,0.0,5288.328137,65.2880017,20422.334,35369.055,61263,1,1,1.0,0.0,1,1,3,3.0,0.0,3,3,0,0,0,0,64,64,32.644,32.644,30,132,70.8,55.867702,3121.2,0,0,0,0,0,0,0,0,1,88.5,30.0,132.0,0,0,0,0,0,0,2,60,2,264,-1,-1,1,32,0.0,0.0,0,0,0.0,0.0,0,0,Benign
6,50417689,11,12,760,4645,391,0,69.09091,125.26009,1460,0,387.08334,568.57806,107.2044377,0.456189097,2291713.2,4235264.0,10000000,3,40700000,4071457.8,5166853.5,10100000,6670,50300000,4574282.5,5197080.0,10100000,3,0,0,0,0,232,300,0.2181774,0.2380117,0,1460,225.20833,434.7039,188967.47,0,0,0,1,0,0,0,0,1,235.0,69.09091,387.08334,0,0,0,0,0,0,11,760,12,4645,8192,245,10,20,163610.2,141260.17,416304,100315,9919927.0,177485.25,10000000,9602492,Benign
6,23250,1,1,0,0,0,0,0.0,0.0,0,0,0.0,0.0,0.0,86.02150538,23250.0,0.0,23250,23250,0,0.0,0.0,0,0,0,0.0,0.0,0,0,0,0,0,0,32,32,43.010754,43.010754,0,0,0.0,0.0,0.0,0,0,0,0,1,1,0,0,1,0.0,0.0,0.0,0,0,0,0,0,0,1,0,1,0,242,31,0,32,0.0,0.0,0,0,0.0,0.0,0,0,Benign
6,102135190,18,19,1313,4697,461,0,72.94444,120.81024,1418,0,247.21053,461.23947,58.84357781,0.362264955,2837088.5,11900000.0,58500000,1,102000000,6007952.5,17100000.0,58600000,17,58900000,3272559.2,13800000.0,58500000,1,0,0,0,0,584,616,0.176237,0.18602794,0,1418,158.1579,344.21335,118482.836,0,0,0,1,0,0,0,0,1,162.43243,72.94444,247.21053,0,0,0,0,0,0,18,1313,19,4697,29200,365,9,32,423427.0,0.0,423427,423427,58500000.0,0.0,58500000,58500000,Benign
17,188,2,2,64,120,32,32,32.0,0.0,60,60,60.0,0.0,978723.4043,21276.59574,62.666668,106.8098,186,1,1,1.0,0.0,1,1,1,1.0,0.0,1,1,0,0,0,0,64,64,10638.298,10638.298,32,60,43.2,15.336231,235.2,0,0,0,0,0,0,0,0,1,54.0,32.0,60.0,0,0,0,0,0,0,2,64,2,120,-1,-1,1,32,0.0,0.0,0,0,0.0,0.0,0,0,Benign
6,7803893,103,154,16629,207643,1605,0,161.44661,413.48148,3780,0,1348.3312,878.8412,28738.47707,32.93228136,30483.957,314312.0,5004715,1,2799178,27442.922,57103.938,163514,37,7661974,50078.26,405795.28,5004799,1,0,0,0,0,2072,3088,13.198541,19.73374,0,3780,869.2713,932.16,868922.2,0,0,0,1,0,0,0,0,1,872.6537,161.44661,1348.3312,0,0,0,0,0,0,103,16629,154,207643,8192,19887,102,20,0.0,0.0,0,0,0.0,0.0,0,0,Benign
6,95923,1,1,0,0,0,0,0.0,0.0,0,0,0.0,0.0,0.0,20.85005682,95923.0,0.0,95923,95923,0,0.0,0.0,0,0,0,0.0,0.0,0,0,0,0,0,0,32,32,10.425029,10.425029,0,0,0.0,0.0,0.0,0,0,0,0,1,1,0,0,1,0.0,0.0,0.0,0,0,0,0,0,0,1,0,1,0,237,512,0,32,0.0,0.0,0,0,0.0,0.0,0,0,Benign
17,245,2,2,70,260,35,35,35.0,0.0,130,130,130.0,0.0,1346938.776,16326.53061,81.666664,100.808395,195,2,2,2.0,0.0,2,2,48,48.0,0.0,48,48,0,0,0,0,40,40,8163.265,8163.265,35,130,73.0,52.03364,2707.5,0,0,0,0,0,0,0,0,1,91.25,35.0,130.0,0,0,0,0,0,0,2,70,2,260,-1,-1,1,20,0.0,0.0,0,0,0.0,0.0,0,0,Benign
6,26151,2,0,0,0,0,0,0.0,0.0,0,0,0.0,0.0,0.0,76.47891094,26151.0,0.0,26151,26151,26151,26151.0,0.0,26151,26151,0,0.0,0.0,0,0,0,0,0,0,64,0,76.47891,0.0,0,0,0.0,0.0,0.0,0,0,0,0,1,0,0,0,0,0.0,0.0,0.0,0,0,0,0,0,0,2,0,0,0,23,-1,0,32,0.0,0.0,0,0,0.0,0.0,0,0,Benign
6,2674669,4,4,505,425,493,0,126.25,244.51636,411,2,106.25,203.17542,347.706576,2.99102431,382095.56,636967.25,1804421,88,870248,290082.66,100379.914,379433,181466,2493291,831097.0,1042958.2,2001700,789,0,0,0,0,92,84,1.4955121,1.4955121,0,493,103.333336,198.75172,39502.25,0,0,0,1,0,0,0,0,1,116.25,126.25,106.25,0,0,0,0,0,0,4,505,4,425,8192,15544,3,20,0.0,0.0,0,0,0.0,0.0,0,0,Benign
17,23559,1,1,52,117,52,52,52.0,0.0,117,117,117.0,0.0,7173.47935,84.89324674,23559.0,0.0,23559,23559,0,0.0,0.0,0,0,0,0.0,0.0,0,0,0,0,0,0,20,20,42.446625,42.446625,52,117,73.666664,37.527767,1408.3334,0,0,0,0,0,0,0,0,1,110.5,52.0,117.0,0,0,0,0,0,0,1,52,1,117,-1,-1,0,20,0.0,0.0,0,0,0.0,0.0,0,0,Benign
6,135,2,0,12,0,6,6,6.0,0.0,0,0,0.0,0.0,88888.88889,14814.81481,135.0,0.0,135,135,135,135.0,0.0,135,135,0,0.0,0.0,0,0,0,0,0,0,40,0,14814.814,0.0,6,6,6.0,0.0,0.0,0,0,0,0,1,0,0,0,0,9.0,6.0,0.0,0,0,0,0,0,0,2,12,0,0,258,-1,1,20,0.0,0.0,0,0,0.0,0.0,0,0,Benign
17,23637,2,2,80,202,40,40,40.0,0.0,101,101,101.0,0.0,11930.44803,169.2262131,7879.0,13641.632,23631,3,3,3.0,0.0,3,3,3,3.0,0.0,3,3,0,0,0,0,64,64,84.613106,84.613106,40,101,64.4,33.411076,1116.3,0,0,0,0,0,0,0,0,1,80.5,40.0,101.0,0,0,0,0,0,0,2,80,2,202,-1,-1,1,32,0.0,0.0,0,0,0.0,0.0,0,0,Benign
6,6007945,3,6,18,11595,18,0,6.0,10.392304,5792,0,1932.5,2181.0083,1932.940465,1.498016377,750993.1,2123607.0,6006652,15,6007192,3003596.0,4246962.5,6006652,540,6007869,1201573.8,2686438.0,6007220,15,0,0,0,0,104,200,0.4993388,0.9986776,0,5792,1161.3,1906.2898,3633941.0,0,0,0,1,0,0,0,0,2,1290.3334,6.0,1932.5,0,0,0,0,0,0,3,18,6,11595,29200,227,1,32,540.0,0.0,540,540,6006652.0,0.0,6006652,6006652,PortScan
17,102832,2,2,110,208,55,55,55.0,0.0,104,104,104.0,0.0,3092.422592,38.89839739,34277.332,59359.69,102820,3,9,9.0,0.0,9,9,3,3.0,0.0,3,3,0,0,0,0,64,64,19.449198,19.449198,55,104,74.6,26.838406,720.3,0,0,0,0,0,0,0,0,1,93.25,55.0,104.0,0,0,0,0,0,0,2,110,2,208,-1,-1,1,32,0.0,0.0,0,0,0.0,0.0,0,0,Benign
6,10475323,9,9,1308,4868,958,0,145.33333,312.522,1460,0,540.8889,651.21375,589.5760923,1.718324103,616195.5,2406303.0,9950397,3,10500000,1309344.4,3492666.5,9950397,5042,10400000,1305721.0,3515369.5,10000000,3,0,0,0,0,192,192,0.85916203,0.85916203,0,1460,325.05264,526.49854,277200.72,0,0,0,1,0,0,0,0,1,343.1111,145.33333,540.8889,0,0,0,0,0,0,9,1308,9,4868,8192,21,8,20,524358.0,0.0,524358,524358,9950397.0,0.0,9950397,9950397,Benign
17,119592,2,2,64,250,32,32,32.0,0.0,125,125,125.0,0.0,2625.593685,33.44705331,39864.0,69039.55,119584,4,4,4.0,0.0,4,4,4,4.0,0.0,4,4,0,0,0,0,40,40,16.723526,16.723526,32,125,69.2,50.938198,2594.7,0,0,0,0,0,0,0,0,1,86.5,32.0,125.0,0,0,0,0,0,0,2,64,2,250,-1,-1,1,20,0.0,0.0,0,0,0.0,0.0,0,0,Benign
6,5768307,8,6,584,3172,326,0,73.0,121.86996,1460,2,528.6667,724.4329,651.1442612,2.427055287,443715.94,1527445.1,5526801,1,5768307,824043.9,2073891.1,5526801,48,163328,32665.6,43769.742,81881,1,0,0,0,0,172,124,1.3868887,1.0401665,0,1460,250.4,500.50272,250502.97,0,0,0,1,0,0,0,0,0,268.2857,73.0,528.6667,0,0,0,0,0,0,8,584,6,3172,8192,34968,7,20,241458.0,0.0,241458,241458,5526801.0,0.0,5526801,5526801,Benign
6,1982310,16,22,1378,4520,378,0,86.125,90.99295,3579,0,205.45454,755.821,2975.316676,19.16955471,53575.945,162214.02,991803,3,1932985,128865.664,258698.0,1041025,340,1933244,92059.234,209203.83,991803,3,0,0,0,0,520,712,8.071391,11.098164,0,3579,151.23077,568.38055,323056.44,0,0,0,1,0,0,0,0,1,155.21053,86.125,205.45454,0,0,0,0,0,0,16,1378,22,4520,29200,175,12,32,0.0,0.0,0,0,0.0,0.0,0,0,Benign
17,70872697,2,2,95,213,54,41,47.5,9.192389,143,70,106.5,51.618793,4.345820225,0.056439224,23600000.0,40800000.0,70800000,23691,70800000,70800000.0,0.0,70800000,70800000,70800000,70800000.0,0.0,70800000,70800000,0,0,0,0,52,52,0.028219612,0.028219612,41,143,69.8,42.622765,1816.7,0,0,0,0,0,0,0,0,1,87.25,47.5,106.5,0,0,0,0,0,0,2,95,2,213,-1,-1,1,20,87721.0,0.0,87721,87721,70800000.0,0.0,70800000,70800000,Benign
17,49148716,2,2,101,178,51,50,50.5,0.70710677,111,67,89.0,31.112698,5.676648806,0.081385646,16400000.0,28300000.0,49100000,30531,49100000,49100000.0,0.0,49100000,49100000,49100000,49100000.0,0.0,49100000,49100000,0,0,0,0,52,40,0.04069282,0.04069282,50,111,66.0,26.134268,683.0,0,0,0,0,0,0,0,0,1,82.5,50.5,89.0,0,0,0,0,0,0,2,101,2,178,-1,-1,1,20,30531.0,0.0,30531,30531,49100000.0,0.0,49100000,49100000,Benign
17,167,2,2,46,46,23,23,23.0,0.0,23,23,23.0,0.0,550898.2036,23952.09581,55.666668,93.82075,164,1,1,1.0,0.0,1,1,2,2.0,0.0,2,2,0,0,0,0,40,40,11976.048,11976.048,23,23,23.0,0.0,0.0,0,0,0,0,0,0,0,0,1,28.75,23.0,23.0,0,0,0,0,0,0,2,46,2,46,-1,-1,1,20,0.0,0.0,0,0,0.0,0.0,0,0,Benign
6,55,1,1,0,0,0,0,0.0,0.0,0,0,0.0,0.0,0.0,36363.63636,55.0,0.0,55,55,0,0.0,0.0,0,0,0,0.0,0.0,0,0,0,0,0,0,32,32,18181.818,18181.818,0,0,0.0,0.0,0.0,0,0,0,0,1,1,0,0,1,0.0,0.0,0.0,0,0,0,0,0,0,1,0,1,0,332,229,0,32,0.0,0.0,0,0,0.0,0.0,0,0,Benign
6,114894934,26,19,3073,5572,439,0,118.19231,198.57916,796,0,293.26315,394.49332,75.24265604,0.391662177,2611248.5,4289937.5,10000000,43,115000000,4594858.5,4863791.5,10000000,1002,115000000,6381732.0,4631545.0,10000000,875,0,0,0,0,840,616,0.2262937,0.16536847,0,796,187.93478,304.03445,92436.95,0,0,0,1,0,0,0,0,0,192.11111,118.19231,293.26315,0,0,0,0,0,0,26,3073,19,5572,29200,298,7,32,547528.94,1690326.1,5642385,23477,9895332.0,407066.47,10000000,8668464,Benign
6,52,1,1,0,0,0,0,0.0,0.0,0,0,0.0,0.0,0.0,38461.53846,52.0,0.0,52,52,0,0.0,0.0,0,0,0,0.0,0.0,0,0,0,0,0,0,32,32,19230.77,19230.77,0,0,0.0,0.0,0.0,0,0,0,0,1,1,0,0,1,0.0,0.0,0.0,0,0,0,0,0,0,1,0,1,0,143,355,0,32,0.0,0.0,0,0,0.0,0.0,0,0,Benign
6,272,2,0,0,0,0,0,0.0,0.0,0,0,0.0,0.0,0.0,7352.941176,272.0,0.0,272,272,272,272.0,0.0,272,272,0,0.0,0.0,0,0,0,0,0,0,64,0,7352.9414,0.0,0,0,0.0,0.0,0.0,0,0,0,0,1,0,0,0,0,0.0,0.0,0.0,0,0,0,0,0,0,2,0,0,0,242,-1,0,32,0.0,0.0,0,0,0.0,0.0,0,0,Benign
6,1154060,9,9,1964,7702,1635,0,218.22223,535.1436,2920,0,855.7778,1068.5486,8375.647713,15.59710934,67885.88,107583.164,245937,2,918863,114857.875,121946.22,245937,147,922034,115254.25,169086.62,435283,2,0,0,0,0,200,192,7.798555,7.798555,0,2920,508.73685,866.9146,751541.0,0,0,0,1,0,0,0,0,1,537.0,218.22223,855.7778,0,0,0,0,0,0,9,1964,9,7702,29200,73,8,20,0.0,0.0,0,0,0.0,0.0,0,0,Benign
6,45,1,1,6,6,6,6,6.0,0.0,6,6,6.0,0.0,266666.6667,44444.44444,45.0,0.0,45,45,0,0.0,0.0,0,0,0,0.0,0.0,0,0,0,0,0,0,20,20,22222.223,22222.223,6,6,6.0,0.0,0.0,0,0,0,0,1,1,0,0,1,9.0,6.0,6.0,0,0,0,0,0,0,1,6,1,6,32391,64240,0,20,0.0,0.0,0,0,0.0,0.0,0,0,Benign
17,409,1,1,50,111,50,50,50.0,0.0,111,111,111.0,0.0,393643.0318,4889.97555,409.0,0.0,409,409,0,0.0,0.0,0,0,0,0.0,0.0,0,0,0,0,0,0,32,32,2444.9878,2444.9878,50,111,70.333336,35.218365,1240.3334,0,0,0,0,0,0,0,0,1,105.5,50.0,111.0,0,0,0,0,0,0,1,50,1,111,-1,-1,0,32,0.0,0.0,0,0,0.0,0.0,0,0,Benign
6,999802,2,0,12,0,6,6,6.0,0.0,0,0,0.0,0.0,12.00237647,2.000396078,999802.0,0.0,999802,999802,999802,999802.0,0.0,999802,999802,0,0.0,0.0,0,0,0,0,0,0,40,0,2.000396,0.0,6,6,6.0,0.0,0.0,0,0,0,0,1,0,0,0,0,9.0,6.0,0.0,0,0,0,0,0,0,2,12,0,0,5288,-1,1,20,0.0,0.0,0,0,0.0,0.0,0,0,Benign
17,50423,1,1,49,65,49,49,49.0,0.0,65,65,65.0,0.0,2260.873014,39.66443885,50423.0,0.0,50423,50423,0,0.0,0.0,0,0,0,0.0,0.0,0,0,0,0,0,0,20,20,19.83222,19.83222,49,65,54.333332,9.237604,85.333336,0,0,0,0,0,0,0,0,1,81.5,49.0,65.0,0,0,0,0,0,0,1,49,1,65,-1,-1,0,20,0.0,0.0,0,0,0.0,0.0,0,0,Benign
6,116086031,22,20,2853,4456,2165,0,129.68182,461.57642,1460,2,222.8,468.6464,62.96192519,0.361800637,2831366.5,4513402.0,10200000,3,116000000,5527906.0,5095452.0,10300000,3,113000000,5939483.0,5174246.0,10300000,4,0,0,0,0,460,404,0.18951462,0.17228602,0,2165,169.97675,456.89133,208749.69,0,0,0,1,0,0,0,0,0,174.0238,129.68182,222.8,0,0,0,0,0,0,22,2853,20,4456,29200,40958,21,20,108282.55,82746.36,357772,83182,10200000.0,56901.355,10200000,10000000,Benign
17,33438,2,2,90,122,45,45,45.0,0.0,61,61,61.0,0.0,6340.092111,119.6243794,11146.0,19299.377,33431,3,3,3.0,0.0,3,3,4,4.0,0.0,4,4,0,0,0,0,64,64,59.81219,59.81219,45,61,51.4,8.763561,76.8,0,0,0,0,0,0,0,0,1,64.25,45.0,61.0,0,0,0,0,0,0,2,90,2,122,-1,-1,1,32,0.0,0.0,0,0,0.0,0.0,0,0,Benign
17,50698,2,2,82,254,41,41,41.0,0.0,127,127,127.0,0.0,6627.480374,78.89857588,16899.334,29265.309,50692,3,3,3.0,0.0,3,3,3,3.0,0.0,3,3,0,0,0,0,64,64,39.449287,39.449287,41,127,75.4,47.10414,2218.8,0,0,0,0,0,0,0,0,1,94.25,41.0,127.0,0,0,0,0,0,0,2,82,2,254,-1,-1,1,32,0.0,0.0,0,0,0.0,0.0,0,0,Benign
17,120201,1,1,45,176,45,45,45.0,0.0,176,176,176.0,0.0,1838.587033,16.63879668,120201.0,0.0,120201,120201,0,0.0,0.0,0,0,0,0.0,0.0,0,0,0,0,0,0,32,40,8.319398,8.319398,45,176,88.666664,75.63289,5720.3335,0,0,0,0,0,0,0,0,1,133.0,45.0,176.0,0,0,0,0,0,0,1,45,1,176,-1,-1,0,32,0.0,0.0,0,0,0.0,0.0,0,0,Benign
17,75690996,2,2,106,215,64,42,53.0,15.556349,157,58,107.5,70.00357,4.240927151,0.052846444,25200000.0,43600000.0,75500000,23673,75600000,75600000.0,0.0,75600000,75600000,75700000,75700000.0,0.0,75700000,75700000,0,0,0,0,52,52,0.026423221,0.026423221,42,157,72.6,48.174683,2320.8,0,0,0,0,0,0,0,0,1,90.75,53.0,107.5,0,0,0,0,0,0,2,106,2,215,-1,-1,1,20,23673.0,0.0,23673,23673,75500000.0,0.0,75500000,75500000,Benign
6,2,2,0,12,0,6,6,6.0,0.0,0,0,0.0,0.0,6000000.0,1000000.0,2.0,0.0,2,2,2,2.0,0.0,2,2,0,0.0,0.0,0,0,0,0,0,0,40,0,1000000.0,0.0,6,6,6.0,0.0,0.0,0,0,0,0,1,0,0,0,0,9.0,6.0,0.0,0,0,0,0,0,0,2,12,0,0,1026,-1,1,20,0.0,0.0,0,0,0.0,0.0,0,0,Benign
6,129,1,1,6,6,6,6,6.0,0.0,6,6,6.0,0.0,93023.25581,15503.87597,129.0,0.0,129,129,0,0.0,0.0,0,0,0,0.0,0.0,0,0,0,0,0,0,20,20,7751.938,7751.938,6,6,6.0,0.0,0.0,0,0,0,0,1,1,0,0,1,9.0,6.0,6.0,0,0,0,0,0,0,1,6,1,6,31590,63292,0,20,0.0,0.0,0,0,0.0,0.0,0,0,Benign
17,70092,1,1,45,125,45,45,45.0,0.0,125,125,125.0,0.0,2425.383781,28.53392684,70092.0,0.0,70092,70092,0,0.0,0.0,0,0,0,0.0,0.0,0,0,0,0,0,0,40,32,14.266963,14.266963,45,125,71.666664,46.188023,2133.3333,0,0,0,0,0,0,0,0,1,107.5,45.0,125.0,0,0,0,0,0,0,1,45,1,125,-1,-1,0,40,0.0,0.0,0,0,0.0,0.0,0,0,Benign
17,31226,2,2,64,180,32,32,32.0,0.0,90,90,90.0,0.0,7814.001153,128.0983796,10408.667,18023.143,31220,3,3,3.0,0.0,3,3,3,3.0,0.0,3,3,0,0,0,0,80,64,64.04919,64.04919,32,90,55.2,31.767908,1009.2,0,0,0,0,0,0,0,0,1,69.0,32.0,90.0,0,0,0,0,0,0,2,64,2,180,-1,-1,1,40,0.0,0.0,0,0,0.0,0.0,0,0,Benign
17,187,2,2,88,188,44,44,44.0,0.0,94,94,94.0,0.0,1475935.829,21390.37433,62.333332,67.648605,136,3,3,3.0,0.0,3,3,48,48.0,0.0,48,48,0,0,0,0,64,64,10695.1875,10695.1875,44,94,64.0,27.386127,750.0,0,0,0,0,0,0,0,0,1,80.0,44.0,94.0,0,0,0,0,0,0,2,88,2,188,-1,-1,1,32,0.0,0.0,0,0,0.0,0.0,0,0,Benign
17,204,2,2,82,152,41,41,41.0,0.0,76,76,76.0,0.0,1147058.824,19607.84314,68.0,112.583305,198,3,3,3.0,0.0,3,3,3,3.0,0.0,3,3,0,0,0,0,64,64,9803.922,9803.922,41,76,55.0,19.17029,367.5,0,0,0,0,0,0,0,0,1,68.75,41.0,76.0,0,0,0,0,0,0,2,82,2,152,-1,-1,1,32,0.0,0.0,0,0,0.0,0.0,0,0,Benign
6,739,3,0,49,0,37,6,16.333334,17.897858,0,0,0.0,0.0,66305.81867,4059.539919,369.5,464.56915,698,41,739,369.5,464.56915,698,41,0,0.0,0.0,0,0,0,0,0,0,60,0,4059.54,0.0,6,37,13.75,15.5,240.25,0,0,0,0,1,0,0,0,0,18.333334,16.333334,0.0,0,0,0,0,0,0,3,49,0,0,65535,-1,2,20,0.0,0.0,0,0,0.0,0.0,0,0,Benign
17,35762,1,1,53,85,53,53,53.0,0.0,85,85,85.0,0.0,3858.844584,55.92528382,35762.0,0.0,35762,35762,0,0.0,0.0,0,0,0,0.0,0.0,0,0,0,0,0,0,32,20,27.962643,27.962643,53,85,63.666668,18.475208,341.33334,0,0,0,0,0,0,0,0,1,95.5,53.0,85.0,0,0,0,0,0,0,1,53,1,85,-1,-1,0,32,0.0,0.0,0,0,0.0,0.0,0,0,Benign
6,740,3,0,43,0,31,6,14.333333,14.433757,0,0,0.0,0.0,58108.10811,4054.054054,370.0,521.8448,739,1,740,370.0,521.8448,739,1,0,0.0,0.0,0,0,0,0,0,0,60,0,4054.054,0.0,6,31,12.25,12.5,156.25,0,0,0,0,1,0,0,0,0,16.333334,14.333333,0.0,0,0,0,0,0,0,3,43,0,0,66,-1,2,20,0.0,0.0,0,0,0.0,0.0,0,0,Benign
6,46068935,8,8,1491,1538,1455,0,186.375,512.6062,1502,0,192.25,529.2231,65.74929505,0.347305619,3071262.2,4580932.5,10000000,69,40100000,5730932.5,5339086.5,10000000,531,46100000,6579065.0,4717135.0,10000000,16116,0,0,0,0,180,172,0.17365281,0.17365281,0,1502,178.17647,489.50003,239610.28,0,0,0,1,0,0,0,0,1,189.3125,186.375,192.25,0,0,0,0,0,0,8,1491,8,1538,29200,32,7,20,28774.0,27292.27,69712,14980,10000000.0,1032.2631,10000000,9998817,Benign
17,86858495,2,2,93,196,50,43,46.5,4.9497476,130,66,98.0,45.254833,3.327250835,0.046051915,29000000.0,50100000.0,86800000,470,86800000,86800000.0,0.0,86800000,86800000,86900000,86900000.0,0.0,86900000,86900000,0,0,0,0,72,64,0.023025958,0.023025958,43,130,67.8,35.779884,1280.2,0,0,0,0,0,0,0,0,1,84.75,46.5,98.0,0,0,0,0,0,0,2,93,2,196,-1,-1,1,32,470.0,0.0,470,470,86800000.0,0.0,86800000,86800000,Benign
6,77098,5,5,2754,153,1448,0,550.8,755.88306,153,0,30.6,68.42368,37705.25824,129.7050507,8566.444,16809.78,38312,3,77095,19273.75,22121.844,38742,48,38869,9717.25,19146.312,38436,48,0,0,0,0,168,168,64.85252,64.85252,0,1448,264.27274,552.9474,305750.8,0,0,0,1,0,0,0,0,1,290.7,550.8,30.6,0,0,0,0,0,0,5,2754,5,153,29200,40,2,32,0.0,0.0,0,0,0.0,0.0,0,0,Benign
17,116540640,2,2,91,259,51,40,45.5,7.7781744,132,127,129.5,3.535534,3.00324419,0.034322791,38800000.0,67200000.0,116000000,23467,117000000,117000000.0,0.0,117000000,117000000,117000000,117000000.0,0.0,117000000,117000000,0,0,0,0,60,52,0.017161395,0.017161395,40,132,80.2,45.262566,2048.7,0,0,0,0,0,0,0,0,1,100.25,45.5,129.5,0,0,0,0,0,0,2,91,2,259,-1,-1,1,20,31650.0,0.0,31650,31650,116000000.0,0.0,116000000,116000000,Benign
17,60187,2,2,60,264,30,30,30.0,0.0,132,132,132.0,0.0,5383.222291,66.45953445,20062.334,34698.758,60129,10,48,48.0,0.0,48,48,10,10.0,0.0,10,10,0,0,0,0,64,64,33.229767,33.229767,30,132,70.8,55.867702,3121.2,0,0,0,0,0,0,0,0,1,88.5,30.0,132.0,0,0,0,0,0,0,2,60,2,264,-1,-1,1,32,0.0,0.0,0,0,0.0,0.0,0,0,Benign
6,196,3,0,65,0,53,6,21.666666,27.135462,0,0,0.0,0.0,331632.6531,15306.12245,98.0,72.12489,149,47,196,98.0,72.12489,149,47,0,0.0,0.0,0,0,0,0,0,0,60,0,15306.122,0.0,6,53,17.75,23.5,552.25,0,0,0,0,1,0,0,0,0,23.666666,21.666666,0.0,0,0,0,0,0,0,3,65,0,0,63830,-1,2,20,0.0,0.0,0,0,0.0,0.0,0,0,Benign
17,62170,2,2,64,542,32,32,32.0,0.0,271,271,271.0,0.0,9747.466624,64.33971369,20723.334,35848.84,62118,4,48,48.0,0.0,48,48,4,4.0,0.0,4,4,0,0,0,0,64,40,32.169857,32.169857,32,271,127.6,130.90569,17136.3,0,0,0,0,0,0,0,0,1,159.5,32.0,271.0,0,0,0,0,0,0,2,64,2,542,-1,-1,1,32,0.0,0.0,0,0,0.0,0.0,0,0,Benign
6,995629,3,3,0,18,0,0,0.0,0.0,6,6,6.0,0.0,18.07902341,6.026341137,199125.8,271878.84,498401,390,995239,497619.5,1986.263,499024,496215,994917,497458.5,1884.4396,498791,496126,0,0,0,0,92,60,3.0131705,3.0131705,0,6,2.5714285,3.207135,10.285714,0,0,0,1,0,0,0,0,1,3.0,0.0,6.0,0,0,0,0,0,0,3,0,3,18,8192,0,0,28,0.0,0.0,0,0,0.0,0.0,0,0,Benign
6,61078504,10,10,1048,297,1000,0,104.8,314.54688,247,2,29.7,76.361786,22.02084059,0.327447444,3214658.0,4712796.5,10000000,67,60300000,6702964.5,4952715.0,10100000,9593,61000000,6780930.5,4897751.5,10100000,1685,0,0,0,0,212,204,0.16372372,0.16372372,0,1000,64.04762,220.84439,48772.246,0,0,0,1,0,0,0,0,1,67.25,104.8,29.7,0,0,0,0,0,0,10,1048,10,297,8192,31000,9,20,91599.836,103126.555,302084,46530,9962847.0,79121.18,10000000,9801570,Benign
17,271,2,2,60,288,30,30,30.0,0.0,144,144,144.0,0.0,1284132.841,14760.1476,90.333336,116.42308,222,1,1,1.0,0.0,1,1,48,48.0,0.0,48,48,0,0,0,0,64,64,7380.0737,7380.0737,30,144,75.6,62.440372,3898.8,0,0,0,0,0,0,0,0,1,94.5,30.0,144.0,0,0,0,0,0,0,2,60,2,288,-1,-1,1,32,0.0,0.0,0,0,0.0,0.0,0,0,Benign
6,49,1,1,6,6,6,6,6.0,0.0,6,6,6.0,0.0,244897.9592,40816.32653,49.0,0.0,49,49,0,0.0,0.0,0,0,0,0.0,0.0,0,0,0,0,0,0,20,20,20408.164,20408.164,6,6,6.0,0.0,0.0,0,0,0,0,1,1,0,0,1,9.0,6.0,6.0,0,0,0,0,0,0,1,6,1,6,66,341,0,20,0.0,0.0,0,0,0.0,0.0,0,0,Benign
6,21192389,14,11,772,6755,448,0,55.142857,128.0666,1495,0,614.0909,694.71655,355.1746809,1.179668795,883016.2,2836259.0,10200000,6,21200000,1630183.8,3781518.0,10300000,154,21100000,2107506.0,4269416.0,10300000,49,0,0,0,0,456,360,0.66061455,0.5190543,0,1495,289.5,531.0824,282048.5,0,0,0,1,0,0,0,0,0,301.08,55.142857,614.0909,0,0,0,0,0,0,14,772,11,6755,29200,122,3,32,372869.0,362581.72,629253,116485,10100000.0,92898.984,10200000,10000000,Benign
17,161,2,2,80,202,40,40,40.0,0.0,101,101,101.0,0.0,1751552.795,24844.7205,53.666668,87.75724,155,3,3,3.0,0.0,3,3,3,3.0,0.0,3,3,0,0,0,0,40,40,12422.36,12422.36,40,101,64.4,33.411076,1116.3,0,0,0,0,0,0,0,0,1,80.5,40.0,101.0,0,0,0,0,0,0,2,80,2,202,-1,-1,1,20,0.0,0.0,0,0,0.0,0.0,0,0,Benign
17,24266,2,2,66,98,33,33,33.0,0.0,49,49,49.0,0.0,6758.427429,164.8396934,8088.6665,14005.651,24261,2,3,3.0,0.0,3,3,2,2.0,0.0,2,2,0,0,0,0,64,64,82.419846,82.419846,33,49,39.4,8.763561,76.8,0,0,0,0,0,0,0,0,1,49.25,33.0,49.0,0,0,0,0,0,0,2,66,2,98,-1,-1,1,32,0.0,0.0,0,0,0.0,0.0,0,0,Benign
17,20077,4,4,188,700,47,47,47.0,0.0,175,175,175.0,0.0,44229.71559,398.4659063,2868.1428,7343.6704,19521,3,19799,6599.6665,11385.948,19747,3,19896,6632.0,11402.956,19799,48,0,0,0,0,80,80,199.23296,199.23296,47,175,103.888885,67.46192,4551.1113,0,0,0,0,0,0,0,0,1,116.875,47.0,175.0,0,0,0,0,0,0,4,188,4,700,-1,-1,3,20,0.0,0.0,0,0,0.0,0.0,0,0,Benign
17,24767,2,2,60,378,30,30,30.0,0.0,189,189,189.0,0.0,17684.82255,161.5052287,8255.667,14294.904,24762,1,1,1.0,0.0,1,1,4,4.0,0.0,4,4,0,0,0,0,80,64,80.75262,80.75262,30,189,93.6,87.08788,7584.3,0,0,0,0,0,0,0,0,1,117.0,30.0,189.0,0,0,0,0,0,0,2,60,2,378,-1,-1,1,40,0.0,0.0,0,0,0.0,0.0,0,0,Benign
6,8619,3,1,43,6,31,6,14.333333,14.433757,6,6,6.0,0.0,5685.114282,464.0909618,2873.0,4972.718,8615,1,8618,4309.0,6089.6035,8615,3,0,0.0,0.0,0,0,0,0,0,0,60,20,348.0682,116.02274,6,31,11.0,11.18034,125.0,0,0,0,0,1,0,0,0,0,13.75,14.333333,6.0,0,0,0,0,0,0,3,43,1,6,987,0,2,20,0.0,0.0,0,0,0.0,0.0,0,0,Benign
17,89078,4,2,296,180,74,74,74.0,0.0,90,90,90.0,0.0,5343.631424,67.35669862,17815.6,28840.68,66300,3,66306,22102.0,38276.59,66300,3,3,3.0,0.0,3,3,0,0,0,0,104,64,44.904465,22.452232,74,90,78.57143,7.8072004,60.95238,0,0,0,0,0,0,0,0,0,91.666664,74.0,90.0,0,0,0,0,0,0,4,296,2,180,-1,-1,3,20,0.0,0.0,0,0,0.0,0.0,0,0,Benign
6,19,1,1,6,6,6,6,6.0,0.0,6,6,6.0,0.0,631578.9474,105263.1579,19.0,0.0,19,19,0,0.0,0.0,0,0,0,0.0,0.0,0,0,0,0,0,0,20,20,52631.58,52631.58,6,6,6.0,0.0,0.0,0,0,0,0,1,1,0,0,1,9.0,6.0,6.0,0,0,0,0,0,0,1,6,1,6,440,16412,0,20,0.0,0.0,0,0,0.0,0.0,0,0,Benign
17,166,2,2,102,134,51,51,51.0,0.0,67,67,67.0,0.0,1421686.747,24096.38554,55.333332,55.96725,115,4,4,4.0,0.0,4,4,47,47.0,0.0,47,47,0,0,0,0,40,40,12048.192,12048.192,51,67,57.4,8.763561,76.8,0,0,0,0,0,0,0,0,1,71.75,51.0,67.0,0,0,0,0,0,0,2,102,2,134,-1,-1,1,20,0.0,0.0,0,0,0.0,0.0,0,0,Benign
17,178,2,2,76,154,38,38,38.0,0.0,77,77,77.0,0.0,1292134.831,22471.91011,59.333332,97.5722,172,3,3,3.0,0.0,3,3,3,3.0,0.0,3,3,0,0,0,0,40,40,11235.955,11235.955,38,77,53.6,21.36118,456.3,0,0,0,0,0,0,0,0,1,67.0,38.0,77.0,0,0,0,0,0,0,2,76,2,154,-1,-1,1,20,0.0,0.0,0,0,0.0,0.0,0,0,Benign
17,275,2,2,88,662,44,44,44.0,0.0,331,331,331.0,0.0,2727272.727,14545.45455,91.666664,115.84616,223,4,4,4.0,0.0,4,4,48,48.0,0.0,48,48,0,0,0,0,40,40,7272.727,7272.727,44,331,158.8,157.19638,24710.7,0,0,0,0,0,0,0,0,1,198.5,44.0,331.0,0,0,0,0,0,0,2,88,2,662,-1,-1,1,20,0.0,0.0,0,0,0.0,0.0,0,0,Benign
6,144,2,0,12,0,6,6,6.0,0.0,0,0,0.0,0.0,83333.33333,13888.88889,144.0,0.0,144,144,144,144.0,0.0,144,144,0,0.0,0.0,0,0,0,0,0,0,40,0,13888.889,0.0,6,6,6.0,0.0,0.0,0,0,0,0,1,0,0,0,0,9.0,6.0,0.0,0,0,0,0,0,0,2,12,0,0,253,-1,1,20,0.0,0.0,0,0,0.0,0.0,0,0,Benign
6,23,1,1,6,6,6,6,6.0,0.0,6,6,6.0,0.0,521739.1304,86956.52174,23.0,0.0,23,23,0,0.0,0.0,0,0,0,0.0,0.0,0,0,0,0,0,0,20,20,43478.26,43478.26,6,6,6.0,0.0,0.0,0,0,0,0,1,1,0,0,1,9.0,6.0,6.0,0,0,0,0,0,0,1,6,1,6,125,16417,0,20,0.0,0.0,0,0,0.0,0.0,0,0,Benign
17,227,2,2,60,264,30,30,30.0,0.0,132,132,132.0,0.0,1427312.775,17621.14537,75.666664,99.44513,189,3,189,189.0,0.0,189,189,3,3.0,0.0,3,3,0,0,0,0,40,40,8810.572,8810.572,30,132,70.8,55.867702,3121.2,0,0,0,0,0,0,0,0,1,88.5,30.0,132.0,0,0,0,0,0,0,2,60,2,264,-1,-1,1,20,0.0,0.0,0,0,0.0,0.0,0,0,Benign
17,42542,4,4,284,596,71,71,71.0,0.0,149,149,149.0,0.0,20685.44027,188.049457,6077.4287,10450.292,24183,3,42375,14125.0,24420.195,42323,3,18356,6118.6665,10592.6455,18350,3,0,0,0,0,104,80,94.02473,94.02473,71,149,105.666664,41.109608,1690.0,0,0,0,0,0,0,0,0,1,118.875,71.0,149.0,0,0,0,0,0,0,4,284,4,596,-1,-1,3,20,0.0,0.0,0,0,0.0,0.0,0,0,Benign
6,6873,2,0,0,0,0,0,0.0,0.0,0,0,0.0,0.0,0.0,290.9937436,6873.0,0.0,6873,6873,6873,6873.0,0.0,6873,6873,0,0.0,0.0,0,0,0,0,0,0,64,0,290.99374,0.0,0,0,0.0,0.0,0.0,0,0,0,0,1,0,0,0,0,0.0,0.0,0.0,0,0,0,0,0,0,2,0,0,0,237,-1,0,32,0.0,0.0,0,0,0.0,0.0,0,0,Benign
6,14852,1,1,6,6,6,6,6.0,0.0,6,6,6.0,0.0,807.9719903,134.6619984,14852.0,0.0,14852,14852,0,0.0,0.0,0,0,0,0.0,0.0,0,0,0,0,0,0,20,20,67.331,67.331,6,6,6.0,0.0,0.0,1,0,0,0,1,0,0,0,1,9.0,6.0,6.0,0,0,0,0,0,0,1,6,1,6,0,0,0,20,0.0,0.0,0,0,0.0,0.0,0,0,Benign
17,30396,1,1,56,72,56,56,56.0,0.0,72,72,72.0,0.0,4211.080405,65.79813133,30396.0,0.0,30396,30396,0,0.0,0.0,0,0,0,0.0,0.0,0,0,0,0,0,0,32,32,32.899067,32.899067,56,72,61.333332,9.237604,85.333336,0,0,0,0,0,0,0,0,1,92.0,56.0,72.0,0,0,0,0,0,0,1,56,1,72,-1,-1,0,32,0.0,0.0,0,0,0.0,0.0,0,0,Benign
17,60954,2,2,68,138,34,34,34.0,0.0,69,69,69.0,0.0,3379.597729,65.62325688,20318.0,35141.586,60896,9,49,49.0,0.0,49,49,9,9.0,0.0,9,9,0,0,0,0,64,64,32.81163,32.81163,34,69,48.0,19.17029,367.5,0,0,0,0,0,0,0,0,1,60.0,34.0,69.0,0,0,0,0,0,0,2,68,2,138,-1,-1,1,32,0.0,0.0,0,0,0.0,0.0,0,0,Benign
6,1001799,3,3,0,18,0,0,0.0,0.0,6,6,6.0,0.0,17.96767615,5.989225384,200359.8,273534.72,500062,373,1001426,500713.0,280.01428,500911,500515,1000950,500475.0,226.27417,500635,500315,0,0,0,0,92,60,2.9946127,2.9946127,0,6,2.5714285,3.207135,10.285714,0,0,0,1,0,0,0,0,1,3.0,0.0,6.0,0,0,0,0,0,0,3,0,3,18,8192,0,0,28,0.0,0.0,0,0,0.0,0.0,0,0,Benign
17,111806477,2,2,88,148,47,41,44.0,4.2426405,79,69,74.0,7.071068,2.110790057,0.035776103,37300000.0,64500000.0,112000000,30584,112000000,112000000.0,0.0,112000000,112000000,112000000,112000000.0,0.0,112000000,112000000,0,0,0,0,64,40,0.01788805,0.01788805,41,79,56.6,16.456001,270.8,0,0,0,0,0,0,0,0,1,70.75,44.0,74.0,0,0,0,0,0,0,2,88,2,148,-1,-1,1,32,30584.0,0.0,30584,30584,112000000.0,0.0,112000000,112000000,Benign
17,263,2,2,46,46,23,23,23.0,0.0,23,23,23.0,0.0,349809.8859,15209.12548,87.666664,144.91492,255,4,4,4.0,0.0,4,4,4,4.0,0.0,4,4,0,0,0,0,64,64,7604.5625,7604.5625,23,23,23.0,0.0,0.0,0,0,0,0,0,0,0,0,1,28.75,23.0,23.0,0,0,0,0,0,0,2,46,2,46,-1,-1,1,32,0.0,0.0,0,0,0.0,0.0,0,0,Benign
17,99538,4,4,172,284,43,43,43.0,0.0,71,71,71.0,0.0,4581.164982,80.37131548,14219.714,26408.771,68014,1,99322,33107.332,57300.29,99272,1,68280,22760.0,39337.473,68183,48,0,0,0,0,80,80,40.185658,40.185658,43,71,55.444443,14.757296,217.77777,0,0,0,0,0,0,0,0,1,62.375,43.0,71.0,0,0,0,0,0,0,4,172,4,284,-1,-1,3,20,0.0,0.0,0,0,0.0,0.0,0,0,Benign
17,60910,2,2,94,226,47,47,47.0,0.0,113,113,113.0,0.0,5253.652931,65.67066163,20303.334,35122.246,60859,3,3,3.0,0.0,3,3,48,48.0,0.0,48,48,0,0,0,0,64,40,32.83533,32.83533,47,113,73.4,36.14969,1306.8,0,0,0,0,0,0,0,0,1,91.75,47.0,113.0,0,0,0,0,0,0,2,94,2,226,-1,-1,1,32,0.0,0.0,0,0,0.0,0.0,0,0,Benign
17,172,2,2,82,138,41,41,41.0,0.0,69,69,69.0,0.0,1279069.767,23255.81395,57.333332,59.551098,121,3,3,3.0,0.0,3,3,48,48.0,0.0,48,48,0,0,0,0,64,64,11627.907,11627.907,41,69,52.2,15.336231,235.2,0,0,0,0,0,0,0,0,1,65.25,41.0,69.0,0,0,0,0,0,0,2,82,2,138,-1,-1,1,32,0.0,0.0,0,0,0.0,0.0,0,0,Benign
17,244,2,2,84,274,42,42,42.0,0.0,137,137,137.0,0.0,1467213.115,16393.44262,81.333336,139.145,242,0,0,0.0,0.0,0,0,2,2.0,0.0,2,2,0,0,0,0,64,64,8196.722,8196.722,42,137,80.0,52.03364,2707.5,0,0,0,0,0,0,0,0,1,100.0,42.0,137.0,0,0,0,0,0,0,2,84,2,274,-1,-1,1,32,0.0,0.0,0,0,0.0,0.0,0,0,Benign
6,16792664,11,12,1007,5046,349,0,91.545456,132.45479,1360,0,420.5,524.3818,360.4550177,1.369645698,763302.94,2301826.0,9953870,4,11800000,1179381.1,3093115.5,9953870,49118,16700000,1518392.1,3190046.0,10100000,4,0,0,0,0,232,264,0.65504795,0.71459776,0,1360,252.20833,411.1275,169025.83,0,0,0,1,0,0,0,0,1,263.17392,91.545456,420.5,0,0,0,0,0,0,11,1007,12,5046,8192,22,10,20,1839941.0,0.0,1839941,1839941,9953870.0,0.0,9953870,9953870,Benign
17,30696,2,2,100,156,50,50,50.0,0.0,78,78,78.0,0.0,8339.84884,130.3101381,10232.0,17640.072,30601,47,48,48.0,0.0,48,48,47,47.0,0.0,47,47,0,0,0,0,40,40,65.15507,65.15507,50,78,61.2,15.336231,235.2,0,0,0,0,0,0,0,0,1,76.5,50.0,78.0,0,0,0,0,0,0,2,100,2,156,-1,-1,1,20,0.0,0.0,0,0,0.0,0.0,0,0,Benign
17,189,2,2,38,38,19,19,19.0,0.0,19,19,19.0,0.0,402116.4021,21164.02116,63.0,25.119713,92,48,49,49.0,0.0,49,49,48,48.0,0.0,48,48,0,0,0,0,64,64,10582.011,10582.011,19,19,19.0,0.0,0.0,0,0,0,0,0,0,0,0,1,23.75,19.0,19.0,0,0,0,0,0,0,2,38,2,38,-1,-1,1,32,0.0,0.0,0,0,0.0,0.0,0,0,Benign
17,186,2,2,80,336,40,40,40.0,0.0,168,168,168.0,0.0,2236559.14,21505.37634,62.0,66.1211,134,4,4,4.0,0.0,4,4,48,48.0,0.0,48,48,0,0,0,0,40,40,10752.688,10752.688,40,168,91.2,70.10849,4915.2,0,0,0,0,0,0,0,0,1,114.0,40.0,168.0,0,0,0,0,0,0,2,80,2,336,-1,-1,1,20,0.0,0.0,0,0,0.0,0.0,0,0,Benign
6,99,2,0,12,0,6,6,6.0,0.0,0,0,0.0,0.0,121212.1212,20202.0202,99.0,0.0,99,99,99,99.0,0.0,99,99,0,0.0,0.0,0,0,0,0,0,0,40,0,20202.02,0.0,6,6,6.0,0.0,0.0,0,0,0,0,1,0,0,0,0,9.0,6.0,0.0,0,0,0,0,0,0,2,12,0,0,259,-1,1,20,0.0,0.0,0,0,0.0,0.0,0,0,Benign
6,6634832,15,18,8799,10660,4149,0,586.6,1251.2743,1493,0,592.2222,666.886,2932.854969,4.973750654,207338.5,973733.5,5528307,1,6634832,473916.56,1458732.0,5528307,1,1071191,63011.234,101271.2,404667,3,0,0,0,0,324,372,2.2607958,2.712955,0,4149,572.32355,950.5642,903572.4,0,0,0,1,0,0,0,0,1,589.6667,586.6,592.2222,0,0,0,0,0,0,15,8799,18,10660,8192,29200,13,20,1106524.0,0.0,1106524,1106524,5528307.0,0.0,5528307,5528307,Benign
6,117855449,39,82,1194,107038,356,0,30.615385,77.178406,2896,0,1305.3414,507.3502,918.3453198,1.026681422,982128.75,7548637.0,58900000,2,118000000,3101459.2,13300000.0,58900000,2,118000000,1454756.6,9175376.0,59000000,3,0,0,0,0,1256,2632,0.33091384,0.6957676,0,2896,887.1475,731.8946,535669.7,0,0,0,1,0,0,0,0,2,894.4793,30.615385,1305.3414,0,0,0,0,0,0,39,1194,82,107038,29200,118,8,32,197373.0,188473.66,330644,64102,58700000.0,308202.38,58900000,58500000,Benign
6,5364084,10,7,355,4541,198,0,35.5,69.473015,1448,0,648.7143,681.8027,912.7373844,3.169227029,335255.25,1204807.4,4849318,6,5364084,596009.3,1596289.2,4849318,47,356535,59422.5,63868.273,120531,48,0,0,0,0,328,232,1.8642511,1.3049759,0,1448,272.0,512.1621,262310.0,0,0,0,1,0,0,0,0,0,288.0,35.5,648.7143,0,0,0,0,0,0,10,355,7,4541,29200,15544,3,32,0.0,0.0,0,0,0.0,0.0,0,0,Benign
17,62116,4,2,160,528,40,40,40.0,0.0,264,264,264.0,0.0,11076.05126,96.59347028,12423.2,20621.527,47567,3,47620,15873.333,27447.53,47567,4,3,3.0,0.0,3,3,0,0,0,0,80,40,64.395645,32.197823,40,264,104.0,109.30081,11946.667,0,0,0,0,0,0,0,0,0,121.333336,40.0,264.0,0,0,0,0,0,0,4,160,2,528,-1,-1,3,20,0.0,0.0,0,0,0.0,0.0,0,0,Benign
6,2118,3,0,43,0,31,6,14.333333,14.433757,0,0,0.0,0.0,20302.17186,1416.430595,1059.0,1491.9954,2114,4,2118,1059.0,1491.9954,2114,4,0,0.0,0.0,0,0,0,0,0,0,60,0,1416.4305,0.0,6,31,12.25,12.5,156.25,0,0,0,0,1,0,0,0,0,16.333334,14.333333,0.0,0,0,0,0,0,0,3,43,0,0,946,-1,2,20,0.0,0.0,0,0,0.0,0.0,0,0,Benign
17,32241008,4,4,156,496,42,36,39.0,3.4641016,164,84,124.0,46.188023,20.22269279,0.2481312,4605858.5,12200000.0,32200000,3,32200000,10700000.0,18600000.0,32200000,3,32200000,10700000.0,18600000.0,32200000,4,0,0,0,0,128,128,0.1240656,0.1240656,36,164,77.111115,52.764675,2784.111,0,0,0,0,0,0,0,0,1,86.75,39.0,124.0,0,0,0,0,0,0,4,156,4,496,-1,-1,3,32,242.0,0.0,242,242,32200000.0,0.0,32200000,32200000,Benign
6,115364063,16,14,517,752,433,0,32.3125,106.86048,746,0,53.714287,199.25995,10.99995932,0.26004632,3978071.2,4869749.0,10000000,11,115000000,7690937.5,4169793.0,10100000,102,110000000,8498892.0,3759300.5,10100000,19737,0,0,0,0,332,424,0.13869137,0.12135495,0,746,40.935482,151.94273,23086.596,0,0,0,1,0,0,0,0,0,42.3,32.3125,53.714287,0,0,0,0,0,0,16,517,14,752,8192,343,15,20,46565.816,32058.006,143224,36765,9997575.0,18611.49,10000000,9945180,Benign
6,115499713,27,27,1080,22077,598,0,40.0,119.17699,2920,0,817.6667,950.48645,200.4940047,0.467533629,2179239.8,4086160.5,10000000,1,115000000,4442296.5,4975235.5,10100000,3,111000000,4269751.5,5055499.0,10100000,75,0,0,0,0,552,684,0.23376681,0.23376681,0,2920,421.03638,772.2407,596355.7,0,0,0,1,0,0,0,0,1,428.83334,40.0,817.6667,0,0,0,0,0,0,27,1080,27,22077,8192,984,26,20,91008.91,111752.33,427954,56988,10000000.0,2489.496,10000000,9999433,Benign
6,5262850,8,5,374,3163,193,0,46.75,72.452446,1646,0,632.6,843.0064,672.0693161,2.470144503,438570.84,1453816.4,5054564,3,5262850,751835.7,1897524.0,5054564,3,133635,33408.75,37432.934,74338,223,0,0,0,0,172,112,1.5200889,0.9500556,0,1646,252.64285,554.9903,308014.25,0,0,0,1,0,0,0,0,0,272.07693,46.75,632.6,0,0,0,0,0,0,8,374,5,3163,8192,62,7,20,208283.0,0.0,208283,208283,5054564.0,0.0,5054564,5054564,Benign
6,116040466,93,118,934,216153,474,0,10.043011,68.118805,4344,0,1831.805,954.6299,1870.787041,1.818331202,552573.6,2282028.8,10200000,-1,116000000,1261309.4,3333476.0,10200000,48,112000000,961065.44,2991189.2,10200000,1,0,0,0,0,2984,3784,0.80144453,1.0168866,0,4344,1023.9953,1153.43,1330401.0,0,0,0,1,0,0,0,0,1,1028.8484,10.043011,1831.805,0,0,0,0,0,0,93,934,118,216153,29200,972,2,32,43317.273,64730.047,238448,23023,10200000.0,86232.44,10200000,9960030,Benign
6,11791,4,1,422,6,309,6,105.5,138.08331,6,6,6.0,0.0,36298.87202,424.0522432,2947.75,5699.5435,11496,3,11791,3930.3333,6616.161,11569,3,0,0.0,0.0,0,0,1,0,0,0,80,20,339.2418,84.81045,6,309,122.833336,146.08958,21342.166,0,1,0,0,1,0,0,0,0,147.4,105.5,6.0,0,0,0,0,0,0,4,422,1,6,343,0,3,20,0.0,0.0,0,0,0.0,0.0,0,0,Benign
6,5504167,9,7,391,3974,210,0,43.444443,74.24135,1460,0,567.7143,635.517,793.0355311,2.906888545,366944.47,1336255.9,5193818,13,5504167,688020.9,1822095.8,5193831,48,288133,48022.168,85853.93,220260,48,0,0,0,0,204,152,1.6351248,1.2717637,0,1460,256.7647,475.63715,226230.69,0,0,0,1,0,0,0,0,0,272.8125,43.444443,567.7143,0,0,0,0,0,0,9,391,7,3974,8192,119,7,20,310301.0,0.0,310301,310301,5193818.0,0.0,5193818,5193818,Benign
17,59470,1,1,51,67,51,51,51.0,0.0,67,67,67.0,0.0,1984.193711,33.63040188,59470.0,0.0,59470,59470,0,0.0,0.0,0,0,0,0.0,0.0,0,0,0,0,0,0,20,32,16.8152,16.8152,51,67,56.333332,9.237604,85.333336,0,0,0,0,0,0,0,0,1,84.5,51.0,67.0,0,0,0,0,0,0,1,51,1,67,-1,-1,0,20,0.0,0.0,0,0,0.0,0.0,0,0,Benign
6,116127335,24,26,820,15771,336,0,34.166668,80.154564,1460,0,606.5769,699.71204,142.8690325,0.430561848,2369945.5,4222198.0,9995879,0,116000000,5049014.5,5008876.5,10000000,1,110000000,4417314.5,5077472.0,10000000,65,0,0,0,0,492,664,0.20666969,0.22389217,0,1460,325.31372,575.92975,331695.1,0,0,0,1,0,0,0,0,1,331.82,34.166668,606.5769,0,0,0,0,0,0,24,820,26,15771,8192,123,23,20,43721.75,30545.352,140716,34735,9633556.0,1251451.5,9995879,5659669,Benign
6,103781,4,1,443,0,431,0,110.75,213.51874,0,0,0.0,0.0,4268.60408,48.17837562,25945.25,46162.664,94994,63,103781,34593.668,52475.723,95057,921,0,0.0,0.0,0,0,0,0,0,0,92,32,38.5427,9.635675,0,431,73.833336,174.99991,30624.967,0,0,0,1,0,0,0,0,0,88.6,110.75,0.0,0,0,0,0,0,0,4,443,1,0,8192,42340,3,20,0.0,0.0,0,0,0.0,0.0,0,0,Benign
17,249,2,2,76,484,38,38,38.0,0.0,242,242,242.0,0.0,2248995.984,16064.25703,83.0,101.88719,198,4,4,4.0,0.0,4,4,47,47.0,0.0,47,47,0,0,0,0,40,40,8032.1284,8032.1284,38,242,119.6,111.735405,12484.8,0,0,0,0,0,0,0,0,1,149.5,38.0,242.0,0,0,0,0,0,0,2,76,2,484,-1,-1,1,20,0.0,0.0,0,0,0.0,0.0,0,0,Benign
6,120,1,1,6,6,6,6,6.0,0.0,6,6,6.0,0.0,100000.0,16666.66667,120.0,0.0,120,120,0,0.0,0.0,0,0,0,0.0,0.0,0,0,0,0,0,0,20,20,8333.333,8333.333,6,6,6.0,0.0,0.0,0,0,0,0,1,1,0,0,1,9.0,6.0,6.0,0,0,0,0,0,0,1,6,1,6,66,255,0,20,0.0,0.0,0,0,0.0,0.0,0,0,Benign
6,979,3,1,0,0,0,0,0.0,0.0,0,0,0.0,0.0,0.0,4085.801839,326.33334,352.195,731,89,979,489.5,467.39758,820,159,0,0.0,0.0,0,0,0,0,0,0,104,40,3064.3513,1021.45044,0,0,0.0,0.0,0.0,0,0,0,1,0,0,0,0,0,0.0,0.0,0.0,0,0,0,0,0,0,3,0,1,0,29200,28960,0,32,0.0,0.0,0,0,0.0,0.0,0,0,PortScan
6,117388310,16,15,1082,5139,418,0,67.625,109.822815,1430,0,342.6,545.20087,52.99505547,0.26408081,3912943.8,14800000.0,58900000,1,117000000,7825887.5,20600000.0,59000000,45,117000000,8378198.5,21200000.0,59000000,1,0,0,0,0,332,312,0.13629977,0.12778103,0,1430,194.40625,400.27094,160216.83,0,0,0,1,0,0,0,0,0,200.67741,67.625,342.6,0,0,0,0,0,0,16,1082,15,5139,8192,360,15,20,202576.5,157142.47,313693,91460,58400000.0,695635.4,58900000,58000000,Benign
17,60160,1,1,50,130,50,50,50.0,0.0,130,130,130.0,0.0,2992.021277,33.24468085,60160.0,0.0,60160,60160,0,0.0,0.0,0,0,0,0.0,0.0,0,0,0,0,0,0,32,32,16.622341,16.622341,50,130,76.666664,46.188023,2133.3333,0,0,0,0,0,0,0,0,1,115.0,50.0,130.0,0,0,0,0,0,0,1,50,1,130,-1,-1,0,32,0.0,0.0,0,0,0.0,0.0,0,0,Benign
17,23965,1,1,52,116,52,52,52.0,0.0,116,116,116.0,0.0,7010.223242,83.4550386,23965.0,0.0,23965,23965,0,0.0,0.0,0,0,0,0.0,0.0,0,0,0,0,0,0,20,20,41.72752,41.72752,52,116,73.333336,36.950417,1365.3334,0,0,0,0,0,0,0,0,1,110.0,52.0,116.0,0,0,0,0,0,0,1,52,1,116,-1,-1,0,20,0.0,0.0,0,0,0.0,0.0,0,0,Benign
17,209,2,2,64,188,32,32,32.0,0.0,94,94,94.0,0.0,1205741.627,19138.75598,69.666664,118.93416,207,1,1,1.0,0.0,1,1,1,1.0,0.0,1,1,0,0,0,0,40,40,9569.378,9569.378,32,94,56.8,33.958797,1153.2,0,0,0,0,0,0,0,0,1,71.0,32.0,94.0,0,0,0,0,0,0,2,64,2,188,-1,-1,1,20,0.0,0.0,0,0,0.0,0.0,0,0,Benign
6,16553,2,0,0,0,0,0,0.0,0.0,0,0,0.0,0.0,0.0,120.8240198,16553.0,0.0,16553,16553,16553,16553.0,0.0,16553,16553,0,0.0,0.0,0,0,0,0,0,0,64,0,120.82402,0.0,0,0,0.0,0.0,0.0,0,0,0,0,1,0,0,0,0,0.0,0.0,0.0,0,0,0,0,0,0,2,0,0,0,130,-1,0,32,0.0,0.0,0,0,0.0,0.0,0,0,Benign
6,116113167,32,39,1193,36977,337,0,37.28125,88.512886,2920,0,948.12823,803.4191,328.7310215,0.611472427,1658759.5,3690406.2,10100000,33,116000000,3745586.0,4846921.5,10100000,49,111000000,2912878.2,4616523.0,10100000,47,0,0,0,0,652,924,0.2755932,0.3358792,0,2920,530.1389,747.1939,558298.7,0,0,0,1,0,0,0,0,1,537.60565,37.28125,948.12823,0,0,0,0,0,0,32,1193,39,36977,8192,127,31,20,46793.5,41065.094,177192,34731,9629300.0,1335590.0,10100000,5388961,Benign
6,4,1,1,0,0,0,0,0.0,0.0,0,0,0.0,0.0,0.0,500000.0,4.0,0.0,4,4,0,0.0,0.0,0,0,0,0.0,0.0,0,0,0,0,0,0,32,32,250000.0,250000.0,0,0,0.0,0.0,0.0,0,0,0,0,1,1,0,0,1,0.0,0.0,0.0,0,0,0,0,0,0,1,0,1,0,118,298,0,32,0.0,0.0,0,0,0.0,0.0,0,0,Benign
6,115953160,16,14,432,1774,432,0,27.0,108.0,1774,0,126.71429,474.12143,19.02492351,0.258725161,3998384.8,4974048.0,10200000,12,116000000,7730210.5,4351849.0,10200000,4676,113000000,8654183.0,3834511.0,10200000,756,0,0,0,0,520,456,0.13798675,0.12073841,0,1774,71.16129,325.40836,105890.61,0,0,0,1,0,0,0,0,0,73.53333,27.0,126.71429,0,0,0,0,0,0,16,432,14,1774,29200,939,1,32,26884.818,8986.875,53981,24119,10200000.0,49863.656,10200000,10100000,Benign
17,165,2,2,70,192,35,35,35.0,0.0,96,96,96.0,0.0,1587878.788,24242.42424,55.0,89.20202,158,3,3,3.0,0.0,3,3,4,4.0,0.0,4,4,0,0,0,0,40,40,12121.212,12121.212,35,96,59.4,33.411076,1116.3,0,0,0,0,0,0,0,0,1,74.25,35.0,96.0,0,0,0,0,0,0,2,70,2,192,-1,-1,1,20,0.0,0.0,0,0,0.0,0.0,0,0,Benign
6,214,3,1,43,6,31,6,14.333333,14.433757,6,6,6.0,0.0,228971.9626,18691.58879,71.333336,69.52937,142,3,214,107.0,147.07822,211,3,0,0.0,0.0,0,0,0,0,0,0,60,20,14018.691,4672.897,6,31,11.0,11.18034,125.0,0,0,0,0,1,0,0,0,0,13.75,14.333333,6.0,0,0,0,0,0,0,3,43,1,6,946,0,2,20,0.0,0.0,0,0,0.0,0.0,0,0,Benign
17,173164,2,2,74,184,37,37,37.0,0.0,92,92,92.0,0.0,1489.917073,23.0994895,57721.332,99971.95,173159,1,1,1.0,0.0,1,1,4,4.0,0.0,4,4,0,0,0,0,40,64,11.549745,11.549745,37,92,59.0,30.12474,907.5,0,0,0,0,0,0,0,0,1,73.75,37.0,92.0,0,0,0,0,0,0,2,74,2,184,-1,-1,1,20,0.0,0.0,0,0,0.0,0.0,0,0,Benign
17,30378,1,1,41,121,41,41,41.0,0.0,121,121,121.0,0.0,5332.806636,65.83711897,30378.0,0.0,30378,30378,0,0.0,0.0,0,0,0,0.0,0.0,0,0,0,0,0,0,40,32,32.91856,32.91856,41,121,67.666664,46.188023,2133.3333,0,0,0,0,0,0,0,0,1,101.5,41.0,121.0,0,0,0,0,0,0,1,41,1,121,-1,-1,0,40,0.0,0.0,0,0,0.0,0.0,0,0,Benign
6,37056,1,1,0,0,0,0,0.0,0.0,0,0,0.0,0.0,0.0,53.97236615,37056.0,0.0,37056,37056,0,0.0,0.0,0,0,0,0.0,0.0,0,0,0,0,0,0,32,32,26.986183,26.986183,0,0,0.0,0.0,0.0,0,0,0,0,1,1,0,0,1,0.0,0.0,0.0,0,0,0,0,0,0,1,0,1,0,256,939,0,32,0.0,0.0,0,0,0.0,0.0,0,0,Benign
6,118068535,25,31,1108,23017,604,0,44.32,137.67194,1448,0,742.4839,717.1676,204.3304764,0.474300795,2146700.8,4010543.2,10000000,1,118000000,4919522.5,4946539.0,10100000,45,114000000,3798077.8,4904026.5,10100000,2,0,0,0,0,512,628,0.21174143,0.26255935,0,1448,423.2456,638.2569,407371.88,0,0,0,1,0,0,0,0,1,430.80356,44.32,742.4839,0,0,0,0,0,0,25,1108,31,23017,8192,5356,24,20,362862.38,859332.2,2953846,103049,9995451.0,15148.93,10000000,9949788,Benign
6,60,1,3,6,18,6,6,6.0,0.0,6,6,6.0,0.0,400000.0,66666.66667,20.0,25.514702,49,1,0,0.0,0.0,0,0,50,25.0,33.941124,49,1,0,0,0,0,20,60,16666.666,50000.0,6,6,6.0,0.0,0.0,0,0,0,0,1,1,0,0,3,7.5,6.0,6.0,0,0,0,0,0,0,1,6,3,18,229,255,0,20,0.0,0.0,0,0,0.0,0.0,0,0,Benign
6,77,2,0,12,0,6,6,6.0,0.0,0,0,0.0,0.0,155844.1558,25974.02597,77.0,0.0,77,77,77,77.0,0.0,77,77,0,0.0,0.0,0,0,0,0,0,0,40,0,25974.025,0.0,6,6,6.0,0.0,0.0,0,0,0,0,1,0,0,0,0,9.0,6.0,0.0,0,0,0,0,0,0,2,12,0,0,16322,-1,1,20,0.0,0.0,0,0,0.0,0.0,0,0,Benign
17,198,2,2,70,254,35,35,35.0,0.0,127,127,127.0,0.0,1636363.636,20202.0202,66.0,73.668175,147,3,3,3.0,0.0,3,3,48,48.0,0.0,48,48,0,0,0,0,40,40,10101.01,10101.01,35,127,71.8,50.390476,2539.2,0,0,0,0,0,0,0,0,1,89.75,35.0,127.0,0,0,0,0,0,0,2,70,2,254,-1,-1,1,20,0.0,0.0,0,0,0.0,0.0,0,0,Benign
6,115496609,23,20,848,8052,505,0,36.869564,111.842545,1791,0,402.6,648.0841,77.05853944,0.372305303,2749919.2,4515357.0,10200000,8,115000000,5249846.0,5127677.5,10200000,49,113000000,5926962.0,5181137.0,10200000,49,0,0,0,0,744,648,0.19914004,0.17316526,0,1791,202.27272,475.64432,226237.5,0,0,0,1,0,0,0,0,0,206.97675,36.869564,402.6,0,0,0,0,0,0,23,848,20,8052,29200,972,4,32,33565.91,32963.688,132934,23175,10200000.0,41279.074,10200000,10100000,Benign
6,117448063,50,48,852,51717,224,0,17.04,48.882183,1803,0,1077.4375,596.8115,447.5935887,0.834411377,1210804.8,8353902.5,58800000,1,117000000,2396899.2,11700000.0,58800000,1,117000000,2498109.8,11900000.0,58800000,1,0,0,0,0,1620,1544,0.4257201,0.4086913,0,1803,531.0,675.21686,455917.8,0,0,0,1,0,0,0,0,0,536.4184,17.04,1077.4375,0,0,0,0,0,0,50,852,48,51717,29200,357,8,32,217696.5,194592.25,355294,80099,58500000.0,370855.6,58800000,58200000,Benign
17,871,2,2,68,158,34,34,34.0,0.0,79,79,79.0,0.0,259471.8714,4592.422503,290.33334,460.09708,821,3,3,3.0,0.0,3,3,47,47.0,0.0,47,47,0,0,0,0,40,40,2296.2112,2296.2112,34,79,52.0,24.647514,607.5,0,0,0,0,0,0,0,0,1,65.0,34.0,79.0,0,0,0,0,0,0,2,68,2,158,-1,-1,1,20,0.0,0.0,0,0,0.0,0.0,0,0,Benign
17,190,2,2,46,46,23,23,23.0,0.0,23,23,23.0,0.0,484210.5263,21052.63158,63.333332,68.303246,138,4,4,4.0,0.0,4,4,48,48.0,0.0,48,48,0,0,0,0,64,64,10526.315,10526.315,23,23,23.0,0.0,0.0,0,0,0,0,0,0,0,0,1,28.75,23.0,23.0,0,0,0,0,0,0,2,46,2,46,-1,-1,1,32,0.0,0.0,0,0,0.0,0.0,0,0,Benign
17,215,2,2,90,218,45,45,45.0,0.0,109,109,109.0,0.0,1432558.14,18604.65116,71.666664,82.09953,163,4,4,4.0,0.0,4,4,48,48.0,0.0,48,48,0,0,0,0,40,40,9302.325,9302.325,45,109,70.6,35.054245,1228.8,0,0,0,0,0,0,0,0,1,88.25,45.0,109.0,0,0,0,0,0,0,2,90,2,218,-1,-1,1,20,0.0,0.0,0,0,0.0,0.0,0,0,Benign
6,108540,1,1,0,0,0,0,0.0,0.0,0,0,0.0,0.0,0.0,18.42638659,108540.0,0.0,108540,108540,0,0.0,0.0,0,0,0,0.0,0.0,0,0,0,0,0,0,32,32,9.213193,9.213193,0,0,0.0,0.0,0.0,0,0,0,0,1,1,0,0,1,0.0,0.0,0.0,0,0,0,0,0,0,1,0,1,0,929,65,0,32,0.0,0.0,0,0,0.0,0.0,0,0,Benign
17,156,2,2,80,112,40,40,40.0,0.0,56,56,56.0,0.0,1230769.231,25641.02564,52.0,84.00595,149,3,4,4.0,0.0,4,4,3,3.0,0.0,3,3,0,0,0,0,40,40,12820.513,12820.513,40,56,46.4,8.763561,76.8,0,0,0,0,0,0,0,0,1,58.0,40.0,56.0,0,0,0,0,0,0,2,80,2,112,-1,-1,1,20,0.0,0.0,0,0,0.0,0.0,0,0,Benign
17,341196,1,1,45,103,45,45,45.0,0.0,103,103,103.0,0.0,433.768274,5.861733432,341196.0,0.0,341196,341196,0,0.0,0.0,0,0,0,0.0,0.0,0,0,0,0,0,0,20,20,2.9308667,2.9308667,45,103,64.333336,33.486317,1121.3334,0,0,0,0,0,0,0,0,1,96.5,45.0,103.0,0,0,0,0,0,0,1,45,1,103,-1,-1,0,20,0.0,0.0,0,0,0.0,0.0,0,0,Benign
17,23668,2,2,66,184,33,33,33.0,0.0,92,92,92.0,0.0,10562.7852,169.0045631,7889.3335,13658.664,23661,3,4,4.0,0.0,4,4,3,3.0,0.0,3,3,0,0,0,0,40,40,84.50228,84.50228,33,92,56.6,32.31563,1044.3,0,0,0,0,0,0,0,0,1,70.75,33.0,92.0,0,0,0,0,0,0,2,66,2,184,-1,-1,1,20,0.0,0.0,0,0,0.0,0.0,0,0,Benign
17,91207,2,2,76,280,38,38,38.0,0.0,140,140,140.0,0.0,3903.209184,43.85628296,30402.334,52652.324,91200,3,4,4.0,0.0,4,4,3,3.0,0.0,3,3,0,0,0,0,40,40,21.92814,21.92814,38,140,78.8,55.867702,3121.2,0,0,0,0,0,0,0,0,1,98.5,38.0,140.0,0,0,0,0,0,0,2,76,2,280,-1,-1,1,20,0.0,0.0,0,0,0.0,0.0,0,0,Benign
6,60,1,1,6,6,6,6,6.0,0.0,6,6,6.0,0.0,200000.0,33333.33333,60.0,0.0,60,60,0,0.0,0.0,0,0,0,0.0,0.0,0,0,0,0,0,0,20,20,16666.666,16666.666,6,6,6.0,0.0,0.0,0,0,0,0,1,1,0,0,1,9.0,6.0,6.0,0,0,0,0,0,0,1,6,1,6,292,253,0,20,0.0,0.0,0,0,0.0,0.0,0,0,Benign
17,182,2,2,70,174,35,35,35.0,0.0,87,87,87.0,0.0,1340659.341,21978.02198,60.666668,65.57693,132,3,3,3.0,0.0,3,3,47,47.0,0.0,47,47,0,0,0,0,40,40,10989.011,10989.011,35,87,55.8,28.481573,811.2,0,0,0,0,0,0,0,0,1,69.75,35.0,87.0,0,0,0,0,0,0,2,70,2,174,-1,-1,1,20,0.0,0.0,0,0,0.0,0.0,0,0,Benign
17,170,2,2,86,118,43,43,43.0,0.0,59,59,59.0,0.0,1200000.0,23529.41176,56.666668,92.08872,163,3,4,4.0,0.0,4,4,3,3.0,0.0,3,3,0,0,0,0,64,64,11764.706,11764.706,43,59,49.4,8.763561,76.8,0,0,0,0,0,0,0,0,1,61.75,43.0,59.0,0,0,0,0,0,0,2,86,2,118,-1,-1,1,32,0.0,0.0,0,0,0.0,0.0,0,0,Benign
17,30841,4,2,200,230,50,50,50.0,0.0,115,115,115.0,0.0,13942.47917,194.5462209,6168.2,10583.079,24458,3,24465,8155.0,14118.8125,24458,3,48,48.0,0.0,48,48,0,0,0,0,80,40,129.69748,64.84874,50,115,68.57143,31.716753,1005.9524,0,0,0,0,0,0,0,0,0,80.0,50.0,115.0,0,0,0,0,0,0,4,200,2,230,-1,-1,3,20,0.0,0.0,0,0,0.0,0.0,0,0,Benign
6,903718,84,111,897,213784,627,0,10.678572,72.320595,2848,0,1925.9819,779.771,237553.0863,215.775275,4658.3403,20419.521,127269,1,903561,10886.277,30474.572,131785,38,776449,7058.6274,25512.814,130441,1,0,0,0,0,2696,3560,92.94935,122.82593,0,2848,1095.3113,1118.4468,1250923.1,0,0,0,1,0,0,0,0,1,1100.9282,10.678572,1925.9819,0,0,0,0,0,0,84,897,111,213784,29200,61,3,32,0.0,0.0,0,0,0.0,0.0,0,0,Benign
6,87,3,1,0,0,0,0,0.0,0.0,0,0,0.0,0.0,0.0,45977.01149,29.0,29.614185,60,1,61,30.5,41.7193,60,1,0,0.0,0.0,0,0,0,0,0,0,120,32,34482.758,11494.253,0,0,0.0,0.0,0.0,0,0,0,0,1,1,0,0,0,0.0,0.0,0.0,0,0,0,0,0,0,3,0,1,0,408,65535,0,32,0.0,0.0,0,0,0.0,0.0,0,0,Benign
17,134,2,2,68,100,34,34,34.0,0.0,50,50,50.0,0.0,1253731.343,29850.74627,44.666668,71.30451,127,3,4,4.0,0.0,4,4,3,3.0,0.0,3,3,0,0,0,0,40,40,14925.373,14925.373,34,50,40.4,8.763561,76.8,0,0,0,0,0,0,0,0,1,50.5,34.0,50.0,0,0,0,0,0,0,2,68,2,100,-1,-1,1,20,0.0,0.0,0,0,0.0,0.0,0,0,Benign
17,23625,1,1,55,71,55,55,55.0,0.0,71,71,71.0,0.0,5333.333333,84.65608466,23625.0,0.0,23625,23625,0,0.0,0.0,0,0,0,0.0,0.0,0,0,0,0,0,0,32,32,42.32804,42.32804,55,71,60.333332,9.237604,85.333336,0,0,0,0,0,0,0,0,1,90.5,55.0,71.0,0,0,0,0,0,0,1,55,1,71,-1,-1,0,32,0.0,0.0,0,0,0.0,0.0,0,0,Benign
6,5801929,3,1,0,0,0,0,0.0,0.0,0,0,0.0,0.0,0.0,0.689425879,1933976.4,3319912.0,5767429,26,5801929,2900964.5,4053793.0,5767429,34500,0,0.0,0.0,0,0,0,0,0,0,104,40,0.5170694,0.17235647,0,0,0.0,0.0,0.0,0,0,0,1,0,0,0,0,0,0.0,0.0,0.0,0,0,0,0,0,0,3,0,1,0,29200,28960,0,32,0.0,0.0,0,0,0.0,0.0,0,0,Benign
6,5463085,9,6,621,4413,342,0,69.0,126.491104,1448,0,735.5,778.7985,921.4573817,2.745701376,390220.34,1421190.6,5327798,1,5463085,682885.6,1876951.4,5327798,16,72116,14423.2,18497.578,40022,192,0,0,0,0,296,200,1.6474209,1.0982805,0,1448,314.625,569.5275,324361.6,0,0,0,1,0,0,0,0,0,335.6,69.0,735.5,0,0,0,0,0,0,9,621,6,4413,29200,4948,3,32,135271.0,0.0,135271,135271,5327798.0,0.0,5327798,5327798,Benign
17,230,2,2,68,276,34,34,34.0,0.0,138,138,138.0,0.0,1495652.174,17391.30435,76.666664,93.361305,181,1,1,1.0,0.0,1,1,48,48.0,0.0,48,48,0,0,0,0,40,40,8695.652,8695.652,34,138,75.6,56.963146,3244.8,0,0,0,0,0,0,0,0,1,94.5,34.0,138.0,0,0,0,0,0,0,2,68,2,276,-1,-1,1,20,0.0,0.0,0,0,0.0,0.0,0,0,Benign
6,110688653,36,36,6418,8350,523,6,178.27777,247.09381,684,6,231.94444,324.06647,133.4192765,0.650473179,1558995.1,3617997.8,9953247,1550,111000000,3162533.0,4661692.0,9953247,1791,111000000,3159976.2,4726477.0,10000000,1550,0,0,0,0,720,720,0.3252366,0.3252366,6,684,202.38356,286.3455,81993.74,0,0,0,0,1,0,0,0,1,205.19444,178.27777,231.94444,0,0,0,0,0,0,36,6418,36,8350,63556,18511,35,20,105106.55,12295.23,125013,93708,9948972.0,7303.455,9953247,9937589,Benign
6,48,3,3,0,0,0,0,0.0,0.0,0,0,0.0,0.0,0.0,125000.0,9.6,19.793938,45,0,1,0.5,0.70710677,1,0,2,1.0,0.0,1,1,0,0,0,0,96,132,62500.0,62500.0,0,0,0.0,0.0,0.0,0,0,0,0,1,1,0,0,1,0.0,0.0,0.0,0,0,0,0,0,0,3,0,3,0,65535,408,0,32,0.0,0.0,0,0,0.0,0.0,0,0,Benign
6,117070663,15,15,1037,5631,316,0,69.13333,98.34332,2860,0,375.4,782.2446,56.95705337,0.256255489,4036919.5,15000000.0,58200000,3,117000000,8362190.0,21100000.0,58300000,48,117000000,8345872.5,21200000.0,58300000,3,0,0,0,0,312,312,0.12812774,0.12812774,0,2860,215.09677,561.3495,315113.22,0,0,0,1,0,0,0,0,1,222.26666,69.13333,375.4,0,0,0,0,0,0,15,1037,15,5631,8192,360,14,20,256296.0,31652.928,278678,233914,58200000.0,70679.56,58200000,58100000,Benign
17,102937,2,2,66,152,33,33,33.0,0.0,76,76,76.0,0.0,2117.800208,38.85871941,34312.332,59427.242,102933,1,1,1.0,0.0,1,1,3,3.0,0.0,3,3,0,0,0,0,80,64,19.42936,19.42936,33,76,50.2,23.55207,554.7,0,0,0,0,0,0,0,0,1,62.75,33.0,76.0,0,0,0,0,0,0,2,66,2,152,-1,-1,1,40,0.0,0.0,0,0,0.0,0.0,0,0,Benign
17,166,2,2,72,104,36,36,36.0,0.0,52,52,52.0,0.0,1060240.964,24096.38554,55.333332,91.52231,161,1,4,4.0,0.0,4,4,1,1.0,0.0,1,1,0,0,0,0,40,40,12048.192,12048.192,36,52,42.4,8.763561,76.8,0,0,0,0,0,0,0,0,1,53.0,36.0,52.0,0,0,0,0,0,0,2,72,2,104,-1,-1,1,20,0.0,0.0,0,0,0.0,0.0,0,0,Benign
17,71903,2,2,62,168,31,31,31.0,0.0,84,84,84.0,0.0,3198.753877,55.6305022,23967.666,41468.188,71851,4,48,48.0,0.0,48,48,4,4.0,0.0,4,4,0,0,0,0,64,64,27.81525,27.81525,31,84,52.2,29.029295,842.7,0,0,0,0,0,0,0,0,1,65.25,31.0,84.0,0,0,0,0,0,0,2,62,2,168,-1,-1,1,32,0.0,0.0,0,0,0.0,0.0,0,0,Benign
6,270,4,0,43,0,31,0,10.75,13.793115,0,0,0.0,0.0,159259.2593,14814.81481,90.0,115.85767,221,1,270,90.0,115.85767,221,1,0,0.0,0.0,0,0,0,0,0,0,92,0,14814.814,0.0,0,31,8.6,12.876335,165.8,0,0,0,0,1,0,0,0,0,10.75,10.75,0.0,0,0,0,0,0,0,4,43,0,0,123,-1,3,20,0.0,0.0,0,0,0.0,0.0,0,0,Benign
17,84751,1,1,48,48,48,48,48.0,0.0,48,48,48.0,0.0,1132.729997,23.59854161,84751.0,0.0,84751,84751,0,0.0,0.0,0,0,0,0.0,0.0,0,0,0,0,0,0,20,20,11.799271,11.799271,48,48,48.0,0.0,0.0,0,0,0,0,0,0,0,0,1,72.0,48.0,48.0,0,0,0,0,0,0,1,48,1,48,-1,-1,0,20,0.0,0.0,0,0,0.0,0.0,0,0,Benign
6,310062,12,8,572,7032,193,0,47.666668,73.529625,1460,0,879.0,672.9058,24524.12743,64.50322839,16319.053,19859.44,50774,4,310062,28187.455,25601.984,66197,4,211918,30274.0,45094.984,116898,49,0,0,0,0,252,172,38.70194,25.80129,0,1460,362.09525,578.1051,334205.5,0,0,0,1,0,0,0,0,0,380.2,47.666668,879.0,0,0,0,0,0,0,12,572,8,7032,8192,62,11,20,0.0,0.0,0,0,0.0,0.0,0,0,Benign
17,222,2,2,76,258,38,38,38.0,0.0,129,129,129.0,0.0,1504504.505,18018.01802,74.0,43.30127,124,49,49,49.0,0.0,49,49,49,49.0,0.0,49,49,0,0,0,0,64,64,9009.009,9009.009,38,129,74.4,49.842754,2484.3,0,0,0,0,0,0,0,0,1,93.0,38.0,129.0,0,0,0,0,0,0,2,76,2,258,-1,-1,1,32,0.0,0.0,0,0,0.0,0.0,0,0,Benign
6,5246479,9,5,355,3088,198,0,39.444443,72.489845,1589,0,617.6,824.178,656.2496486,2.668456311,403575.3,1336140.5,4848826,18,5246479,655809.9,1694840.4,4848826,18,270102,67525.5,78126.19,152366,256,0,0,0,0,296,168,1.7154362,0.9530201,0,1589,229.53334,527.1205,277855.97,0,0,0,1,0,0,0,0,0,245.92857,39.444443,617.6,0,0,0,0,0,0,9,355,5,3088,29200,110,3,32,0.0,0.0,0,0,0.0,0.0,0,0,Benign
17,25861,2,2,70,162,35,35,35.0,0.0,81,81,81.0,0.0,8971.03747,154.6730598,8620.333,14926.525,25856,1,1,1.0,0.0,1,1,4,4.0,0.0,4,4,0,0,0,0,40,80,77.33653,77.33653,35,81,53.4,25.195238,634.8,0,0,0,0,0,0,0,0,1,66.75,35.0,81.0,0,0,0,0,0,0,2,70,2,162,-1,-1,1,20,0.0,0.0,0,0,0.0,0.0,0,0,Benign
17,23841,2,2,94,212,47,47,47.0,0.0,106,106,106.0,0.0,12835.03209,167.7781972,7947.0,13758.546,23834,3,3,3.0,0.0,3,3,4,4.0,0.0,4,4,0,0,0,0,40,40,83.8891,83.8891,47,106,70.6,32.31563,1044.3,0,0,0,0,0,0,0,0,1,88.25,47.0,106.0,0,0,0,0,0,0,2,94,2,212,-1,-1,1,20,0.0,0.0,0,0,0.0,0.0,0,0,Benign
17,60636,2,2,80,294,40,40,40.0,0.0,147,147,147.0,0.0,6167.953031,65.9674121,20212.0,35004.746,60632,1,3,3.0,0.0,3,3,1,1.0,0.0,1,1,0,0,0,0,40,64,32.983707,32.983707,40,147,82.8,58.60631,3434.7,0,0,0,0,0,0,0,0,1,103.5,40.0,147.0,0,0,0,0,0,0,2,80,2,294,-1,-1,1,20,0.0,0.0,0,0,0.0,0.0,0,0,Benign
17,131881,2,2,76,438,38,38,38.0,0.0,219,219,219.0,0.0,3897.453007,30.33037359,43960.332,76096.5,131829,3,49,49.0,0.0,49,49,3,3.0,0.0,3,3,0,0,0,0,40,40,15.165187,15.165187,38,219,110.4,99.13778,9828.3,0,0,0,0,0,0,0,0,1,138.0,38.0,219.0,0,0,0,0,0,0,2,76,2,438,-1,-1,1,20,0.0,0.0,0,0,0.0,0.0,0,0,Benign
6,38358,1,1,6,6,6,6,6.0,0.0,6,6,6.0,0.0,312.8421711,52.14036185,38358.0,0.0,38358,38358,0,0.0,0.0,0,0,0,0.0,0.0,0,0,0,0,0,0,20,20,26.07018,26.07018,6,6,6.0,0.0,0.0,0,0,0,0,1,1,0,0,1,9.0,6.0,6.0,0,0,0,0,0,0,1,6,1,6,16298,71,0,20,0.0,0.0,0,0,0.0,0.0,0,0,Benign
6,108552,2,0,12,0,6,6,6.0,0.0,0,0,0.0,0.0,110.5460977,18.42434962,108552.0,0.0,108552,108552,108552,108552.0,0.0,108552,108552,0,0.0,0.0,0,0,0,0,0,0,40,0,18.424349,0.0,6,6,6.0,0.0,0.0,0,0,0,0,1,0,0,0,0,9.0,6.0,0.0,0,0,0,0,0,0,2,12,0,0,16220,-1,1,20,0.0,0.0,0,0,0.0,0.0,0,0,Benign
17,3752626,6,6,204,570,34,34,34.0,0.0,95,95,95.0,0.0,206.2555661,3.197760715,341147.8,619603.25,1814308,1,1029069,205813.8,444180.62,1000071,3,1814389,362877.8,811374.1,1814308,1,0,0,0,0,192,120,1.5988804,1.5988804,34,95,62.153847,31.651346,1001.8077,0,0,0,0,0,0,0,0,1,67.333336,34.0,95.0,0,0,0,0,0,0,6,204,6,570,-1,-1,5,32,0.0,0.0,0,0,0.0,0.0,0,0,Benign
6,5688247,3,1,0,0,0,0,0.0,0.0,0,0,0.0,0.0,0.0,0.703204344,1896082.4,3262535.0,5663306,87,5688247,2844123.5,3987049.2,5663393,24854,0,0.0,0.0,0,0,0,0,0,0,104,40,0.52740324,0.17580108,0,0,0.0,0.0,0.0,0,0,0,1,0,0,0,0,0,0.0,0.0,0.0,0,0,0,0,0,0,3,0,1,0,29200,14480,0,32,0.0,0.0,0,0,0.0,0.0,0,0,Benign
17,51212,2,2,64,196,32,32,32.0,0.0,98,98,98.0,0.0,5076.935093,78.10669374,17070.666,29562.932,51207,1,1,1.0,0.0,1,1,4,4.0,0.0,4,4,0,0,0,0,64,64,39.05335,39.05335,32,98,58.4,36.14969,1306.8,0,0,0,0,0,0,0,0,1,73.0,32.0,98.0,0,0,0,0,0,0,2,64,2,196,-1,-1,1,32,0.0,0.0,0,0,0.0,0.0,0,0,Benign
6,4209120,5,1,123,46,46,0,24.6,23.276598,46,46,46.0,0.0,40.1509104,1.425476109,841824.0,1858515.1,4166373,19,4209120,1052280.0,2076092.5,4166373,19,0,0.0,0.0,0,0,1,0,0,0,160,32,1.1878967,0.23757935,0,46,30.714285,21.684975,470.2381,0,1,0,0,1,0,0,0,0,35.833332,24.6,46.0,0,0,0,0,0,0,5,123,1,46,374,69,2,32,0.0,0.0,0,0,0.0,0.0,0,0,Benign
17,31050,2,2,58,90,29,29,29.0,0.0,45,45,45.0,0.0,4766.505636,128.8244767,10350.0,17920.664,31043,3,3,3.0,0.0,3,3,4,4.0,0.0,4,4,0,0,0,0,64,64,64.41224,64.41224,29,45,35.4,8.763561,76.8,0,0,0,0,0,0,0,0,1,44.25,29.0,45.0,0,0,0,0,0,0,2,58,2,90,-1,-1,1,32,0.0,0.0,0,0,0.0,0.0,0,0,Benign
6,80,1,1,0,0,0,0,0.0,0.0,0,0,0.0,0.0,0.0,25000.0,80.0,0.0,80,80,0,0.0,0.0,0,0,0,0.0,0.0,0,0,0,0,0,0,32,32,12500.0,12500.0,0,0,0.0,0.0,0.0,0,0,0,0,1,1,0,0,1,0.0,0.0,0.0,0,0,0,0,0,0,1,0,1,0,122,300,0,32,0.0,0.0,0,0,0.0,0.0,0,0,Benign
6,4,3,0,0,0,0,0,0.0,0.0,0,0,0.0,0.0,0.0,750000.0,2.0,1.4142135,3,1,4,2.0,1.4142135,3,1,0,0.0,0.0,0,0,0,0,0,0,96,0,750000.0,0.0,0,0,0.0,0.0,0.0,0,0,0,0,1,0,0,0,0,0.0,0.0,0.0,0,0,0,0,0,0,3,0,0,0,1027,-1,0,32,0.0,0.0,0,0,0.0,0.0,0,0,Benign
17,203,2,2,82,338,41,41,41.0,0.0,169,169,169.0,0.0,2068965.517,19704.4335,67.666664,76.13365,152,4,4,4.0,0.0,4,4,47,47.0,0.0,47,47,0,0,0,0,40,40,9852.217,9852.217,41,169,92.2,70.10849,4915.2,0,0,0,0,0,0,0,0,1,115.25,41.0,169.0,0,0,0,0,0,0,2,82,2,338,-1,-1,1,20,0.0,0.0,0,0,0.0,0.0,0,0,Benign
6,115108933,21,18,2255,3736,433,0,107.38095,186.52626,746,0,207.55556,343.613,52.04635161,0.3388095,3029182.5,4508659.5,9998410,173,115000000,5753624.0,4845464.0,10000000,45945,115000000,6768421.0,4579563.0,10000000,21143,0,0,0,0,432,504,0.18243589,0.15637362,0,746,149.775,269.05814,72392.28,0,0,0,1,0,0,0,0,0,153.61539,107.38095,207.55556,0,0,0,0,0,0,21,2255,18,3736,8192,377,20,20,485016.9,1487944.0,4971337,36216,9976117.0,58299.457,9998410,9800586,Benign
6,115770031,18,15,874,1492,437,0,48.555557,141.31743,746,0,99.46667,262.49188,20.43706804,0.285047864,3617813.5,4857672.5,10200000,44,116000000,6810002.0,4806838.0,10300000,105,113000000,8054301.0,4310834.5,10300000,20665,0,0,0,0,584,488,0.15548065,0.1295672,0,746,69.588234,200.78061,40312.855,0,0,0,1,0,0,0,0,0,71.69697,48.555557,99.46667,0,0,0,0,0,0,18,874,15,1492,29200,349,2,32,64420.91,91420.61,340064,36724,10200000.0,60774.523,10200000,10000000,Benign
17,256,2,2,58,166,29,29,29.0,0.0,83,83,83.0,0.0,875000.0,15625.0,85.333336,107.95524,207,1,1,1.0,0.0,1,1,48,48.0,0.0,48,48,0,0,0,0,40,40,7812.5,7812.5,29,83,50.6,29.577019,874.8,0,0,0,0,0,0,0,0,1,63.25,29.0,83.0,0,0,0,0,0,0,2,58,2,166,-1,-1,1,20,0.0,0.0,0,0,0.0,0.0,0,0,Benign
6,274130,10,7,553,4009,196,0,55.3,71.70472,1430,0,572.7143,642.9367,16641.73932,62.01437274,17133.125,33051.285,126760,3,274130,30458.889,40125.832,126760,3,105766,17627.666,28383.412,67195,3,0,0,0,0,212,152,36.479042,25.53533,0,1430,253.44444,466.3285,217462.27,0,0,0,1,0,0,0,0,0,268.35294,55.3,572.7143,0,0,0,0,0,0,10,553,7,4009,8192,343,9,20,0.0,0.0,0,0,0.0,0.0,0,0,Benign
17,470,1,1,64,149,64,64,64.0,0.0,149,149,149.0,0.0,453191.4894,4255.319149,470.0,0.0,470,470,0,0.0,0.0,0,0,0,0.0,0.0,0,0,0,0,0,0,32,32,2127.6597,2127.6597,64,149,92.333336,49.07477,2408.3333,0,0,0,0,0,0,0,0,1,138.5,64.0,149.0,0,0,0,0,0,0,1,64,1,149,-1,-1,0,32,0.0,0.0,0,0,0.0,0.0,0,0,Benign
17,30482,1,1,48,147,48,48,48.0,0.0,147,147,147.0,0.0,6397.21803,65.61249262,30482.0,0.0,30482,30482,0,0.0,0.0,0,0,0,0.0,0.0,0,0,0,0,0,0,44,40,32.806248,32.806248,48,147,81.0,57.157677,3267.0,0,0,0,0,0,0,0,0,1,121.5,48.0,147.0,0,0,0,0,0,0,1,48,1,147,-1,-1,0,44,0.0,0.0,0,0,0.0,0.0,0,0,Benign
6,84,1,1,0,0,0,0,0.0,0.0,0,0,0.0,0.0,0.0,23809.52381,84.0,0.0,84,84,0,0.0,0.0,0,0,0,0.0,0.0,0,0,0,0,0,0,32,32,11904.762,11904.762,0,0,0.0,0.0,0.0,0,0,0,0,1,1,0,0,1,0.0,0.0,0.0,0,0,0,0,0,0,1,0,1,0,118,244,0,32,0.0,0.0,0,0,0.0,0.0,0,0,Benign
6,61625625,53,72,2368,104652,358,0,44.679245,105.998505,4230,0,1453.5,890.7173,1736.615247,2.028376994,496980.84,2133439.8,10000000,3,61600000,1185108.1,3215842.8,10100000,49,61500000,866547.75,2796091.0,10100000,3,0,0,0,0,1084,1512,0.86003184,1.1683451,0,4230,849.36505,972.5532,945859.8,0,0,0,1,0,0,0,0,1,856.16,44.679245,1453.5,0,0,0,0,0,0,53,2368,72,104652,8192,11,51,20,354823.84,623165.44,1626855,100298,9916078.0,226031.02,10000000,9454694,Benign
6,1080,2,0,12,0,6,6,6.0,0.0,0,0,0.0,0.0,11111.11111,1851.851852,1080.0,0.0,1080,1080,1080,1080.0,0.0,1080,1080,0,0.0,0.0,0,0,0,0,0,0,40,0,1851.8518,0.0,6,6,6.0,0.0,0.0,0,0,0,0,1,0,0,0,0,9.0,6.0,0.0,0,0,0,0,0,0,2,12,0,0,913,-1,1,20,0.0,0.0,0,0,0.0,0.0,0,0,Benign
17,188310,1,1,41,170,41,41,41.0,0.0,170,170,170.0,0.0,1120.492804,10.62078488,188310.0,0.0,188310,188310,0,0.0,0.0,0,0,0,0.0,0.0,0,0,0,0,0,0,32,32,5.3103924,5.3103924,41,170,84.0,74.47819,5547.0,0,0,0,0,0,0,0,0,1,126.0,41.0,170.0,0,0,0,0,0,0,1,41,1,170,-1,-1,0,32,0.0,0.0,0,0,0.0,0.0,0,0,Benign
6,117980433,27,33,2068,5409,446,0,76.59259,100.13578,1430,0,163.90909,353.65054,63.37491574,0.508558907,1999668.4,10600000.0,58100000,1,118000000,4537709.0,15800000.0,58200000,33,118000000,3683915.2,14300000.0,58200000,1,0,0,0,0,552,672,0.22885151,0.2797074,0,1430,122.57377,270.53647,73189.984,0,0,0,1,0,0,0,0,1,124.61667,76.59259,163.90909,0,0,0,0,0,0,27,2068,33,5409,8192,393,26,20,879851.0,1121436.0,1672826,86876,58100000.0,84320.36,58100000,58000000,Benign
17,235,2,2,76,154,38,38,38.0,0.0,77,77,77.0,0.0,978723.4043,17021.2766,78.333336,52.538876,139,48,48,48.0,0.0,48,48,48,48.0,0.0,48,48,0,0,0,0,64,64,8510.639,8510.639,38,77,53.6,21.36118,456.3,0,0,0,0,0,0,0,0,1,67.0,38.0,77.0,0,0,0,0,0,0,2,76,2,154,-1,-1,1,32,0.0,0.0,0,0,0.0,0.0,0,0,Benign
6,3,2,0,0,0,0,0,0.0,0.0,0,0,0.0,0.0,0.0,666666.6667,3.0,0.0,3,3,3,3.0,0.0,3,3,0,0.0,0.0,0,0,0,0,0,0,64,0,666666.7,0.0,0,0,0.0,0.0,0.0,0,0,0,0,1,0,0,0,0,0.0,0.0,0.0,0,0,0,0,0,0,2,0,0,0,4485,-1,0,32,0.0,0.0,0,0,0.0,0.0,0,0,Benign
6,23527557,17,23,426,30553,336,0,25.058823,80.14087,4290,0,1328.3914,928.9066,1316.711293,1.700134017,603270.7,2273145.5,9997262,33,23500000,1470472.4,3434359.5,10000000,194,20200000,917137.9,2950995.2,10000000,48,0,0,0,0,352,496,0.72255695,0.97757703,0,4290,755.5854,952.3075,906889.56,0,0,0,1,0,0,0,0,1,774.475,25.058823,1328.3914,0,0,0,0,0,0,17,426,23,30553,8192,343,16,20,99620.5,89248.9,162729,36512,9988916.0,11802.319,9997262,9980571,Benign
6,5213329,8,6,390,5205,209,0,48.75,77.13578,2021,0,867.5,883.05194,1073.210611,2.685424227,401025.3,1357222.8,4914721,17,5213329,744761.3,1840373.9,4914721,48,79419,15883.8,20150.484,43231,50,0,0,0,0,172,132,1.5345281,1.1508961,0,2021,373.0,675.48755,456283.44,0,0,0,1,0,0,0,0,0,399.64285,48.75,867.5,0,0,0,0,0,0,8,390,6,5205,8192,119,7,20,0.0,0.0,0,0,0.0,0.0,0,0,Benign
17,23731,2,2,68,100,34,34,34.0,0.0,50,50,50.0,0.0,7079.347689,168.5558973,7910.3335,13695.903,23725,3,3,3.0,0.0,3,3,3,3.0,0.0,3,3,0,0,0,0,64,64,84.27795,84.27795,34,50,40.4,8.763561,76.8,0,0,0,0,0,0,0,0,1,50.5,34.0,50.0,0,0,0,0,0,0,2,68,2,100,-1,-1,1,32,0.0,0.0,0,0,0.0,0.0,0,0,Benign
6,48,2,0,31,0,31,0,15.5,21.920311,0,0,0.0,0.0,645833.3333,41666.66667,48.0,0.0,48,48,48,48.0,0.0,48,48,0,0.0,0.0,0,0,1,0,0,0,64,0,41666.668,0.0,0,31,20.666666,17.897858,320.33334,0,1,0,0,1,0,0,0,0,31.0,15.5,0.0,0,0,0,0,0,0,2,31,0,0,995,-1,0,32,0.0,0.0,0,0,0.0,0.0,0,0,Benign
6,1327018,41,44,2664,6954,456,0,64.97561,109.86457,976,0,158.04546,312.67526,7247.829344,64.05338888,15797.833,104843.66,955528,0,1327018,33175.45,159182.95,996327,3,371382,8636.791,21846.256,107640,0,0,0,0,0,1328,1424,30.896341,33.157047,0,976,111.83721,239.68684,57449.785,0,0,0,1,0,0,0,0,1,113.15294,64.97561,158.04546,0,0,0,0,0,0,41,2664,44,6954,29200,243,24,32,0.0,0.0,0,0,0.0,0.0,0,0,Benign
6,5048505,6,4,611,164,517,0,101.833336,204.30508,152,0,41.0,74.05403,153.5107918,1.98078441,560945.0,1641743.8,4938578,35,5048505,1009701.0,2231210.5,5000957,48,86767,28922.334,31705.303,62978,259,0,0,0,0,132,92,1.1884706,0.79231375,0,517,70.454544,154.75682,23949.672,0,0,0,1,0,0,0,0,0,77.5,101.833336,41.0,0,0,0,0,0,0,6,611,4,164,8192,946,5,20,0.0,0.0,0,0,0.0,0.0,0,0,Benign
17,23805,2,2,90,162,45,45,45.0,0.0,81,81,81.0,0.0,10586.01134,168.0319261,7935.0,13736.895,23797,4,4,4.0,0.0,4,4,4,4.0,0.0,4,4,0,0,0,0,40,64,84.01596,84.01596,45,81,59.4,19.718012,388.8,0,0,0,0,0,0,0,0,1,74.25,45.0,81.0,0,0,0,0,0,0,2,90,2,162,-1,-1,1,20,0.0,0.0,0,0,0.0,0.0,0,0,Benign
17,30384,1,1,51,112,51,51,51.0,0.0,112,112,112.0,0.0,5364.665613,65.82411796,30384.0,0.0,30384,30384,0,0.0,0.0,0,0,0,0.0,0.0,0,0,0,0,0,0,32,32,32.91206,32.91206,51,112,71.333336,35.218365,1240.3334,0,0,0,0,0,0,0,0,1,107.0,51.0,112.0,0,0,0,0,0,0,1,51,1,112,-1,-1,0,32,0.0,0.0,0,0,0.0,0.0,0,0,Benign
6,15198,1,1,6,6,6,6,6.0,0.0,6,6,6.0,0.0,789.577576,131.5962627,15198.0,0.0,15198,15198,0,0.0,0.0,0,0,0,0.0,0.0,0,0,0,0,0,0,20,20,65.798134,65.798134,6,6,6.0,0.0,0.0,0,0,0,0,1,1,0,0,1,9.0,6.0,6.0,0,0,0,0,0,0,1,6,1,6,243,30,0,20,0.0,0.0,0,0,0.0,0.0,0,0,Benign
17,224,2,2,86,322,43,43,43.0,0.0,161,161,161.0,0.0,1821428.571,17857.14286,74.666664,86.40794,171,4,4,4.0,0.0,4,4,49,49.0,0.0,49,49,0,0,0,0,64,64,8928.571,8928.571,43,161,90.2,64.63126,4177.2,0,0,0,0,0,0,0,0,1,112.75,43.0,161.0,0,0,0,0,0,0,2,86,2,322,-1,-1,1,32,0.0,0.0,0,0,0.0,0.0,0,0,Benign
6,992785,3,3,0,18,0,0,0.0,0.0,6,6,6.0,0.0,18.13081382,6.043604607,198557.0,271100.47,499260,445,992251,496125.5,5520.383,500029,492222,992340,496170.0,5125.11,499794,492546,0,0,0,0,92,60,3.0218022,3.0218022,0,6,2.5714285,3.207135,10.285714,0,0,0,1,0,0,0,0,1,3.0,0.0,6.0,0,0,0,0,0,0,3,0,3,18,8192,0,0,28,0.0,0.0,0,0,0.0,0.0,0,0,Benign
17,184,2,2,70,198,35,35,35.0,0.0,99,99,99.0,0.0,1456521.739,21739.13043,61.333332,65.033325,132,4,4,4.0,0.0,4,4,48,48.0,0.0,48,48,0,0,0,0,40,40,10869.565,10869.565,35,99,60.6,35.054245,1228.8,0,0,0,0,0,0,0,0,1,75.75,35.0,99.0,0,0,0,0,0,0,2,70,2,198,-1,-1,1,20,0.0,0.0,0,0,0.0,0.0,0,0,Benign
17,274,2,2,76,652,38,38,38.0,0.0,326,326,326.0,0.0,2656934.307,14598.54015,91.333336,114.52656,221,4,4,4.0,0.0,4,4,49,49.0,0.0,49,49,0,0,0,0,40,40,7299.27,7299.27,38,326,153.2,157.7441,24883.2,0,0,0,0,0,0,0,0,1,191.5,38.0,326.0,0,0,0,0,0,0,2,76,2,652,-1,-1,1,20,0.0,0.0,0,0,0.0,0.0,0,0,Benign
17,23977,2,2,74,262,37,37,37.0,0.0,131,131,131.0,0.0,14013.42954,166.8265421,7992.3335,13836.199,23969,4,4,4.0,0.0,4,4,4,4.0,0.0,4,4,0,0,0,0,40,40,83.41327,83.41327,37,131,74.6,51.48592,2650.8,0,0,0,0,0,0,0,0,1,93.25,37.0,131.0,0,0,0,0,0,0,2,74,2,262,-1,-1,1,20,0.0,0.0,0,0,0.0,0.0,0,0,Benign
6,77866,2,0,6,0,6,0,3.0,4.2426405,0,0,0.0,0.0,77.05545424,25.68515141,77866.0,0.0,77866,77866,77866,77866.0,0.0,77866,77866,0,0.0,0.0,0,0,0,0,0,0,52,0,25.685152,0.0,0,6,2.0,3.4641016,12.0,0,0,0,0,1,0,0,0,0,3.0,3.0,0.0,0,0,0,0,0,0,2,6,0,0,256,-1,1,20,0.0,0.0,0,0,0.0,0.0,0,0,Benign
17,330,2,2,66,450,33,33,33.0,0.0,225,225,225.0,0.0,1563636.364,12121.21212,110.0,107.38715,234,48,48,48.0,0.0,48,48,48,48.0,0.0,48,48,0,0,0,0,64,64,6060.606,6060.606,33,225,109.8,105.16273,11059.2,0,0,0,0,0,0,0,0,1,137.25,33.0,225.0,0,0,0,0,0,0,2,66,2,450,-1,-1,1,32,0.0,0.0,0,0,0.0,0.0,0,0,Benign
6,149049,2,1,12,6,6,6,6.0,0.0,6,6,6.0,0.0,120.7656542,20.12760904,74524.5,105361.03,149026,23,149049,149049.0,0.0,149049,149049,0,0.0,0.0,0,0,0,0,0,0,40,20,13.4184065,6.7092032,6,6,6.0,0.0,0.0,0,0,0,0,1,1,0,0,0,8.0,6.0,6.0,0,0,0,0,0,0,2,12,1,6,64,256,1,20,0.0,0.0,0,0,0.0,0.0,0,0,Benign
17,958462,1,1,60,188,60,60,60.0,0.0,188,188,188.0,0.0,258.747869,2.086676363,958462.0,0.0,958462,958462,0,0.0,0.0,0,0,0,0.0,0.0,0,0,0,0,0,0,32,20,1.0433382,1.0433382,60,188,102.666664,73.90083,5461.3335,0,0,0,0,0,0,0,0,1,154.0,60.0,188.0,0,0,0,0,0,0,1,60,1,188,-1,-1,0,32,0.0,0.0,0,0,0.0,0.0,0,0,Benign
17,23575,1,1,48,113,48,48,48.0,0.0,113,113,113.0,0.0,6829.268293,84.83563097,23575.0,0.0,23575,23575,0,0.0,0.0,0,0,0,0.0,0.0,0,0,0,0,0,0,32,40,42.417816,42.417816,48,113,69.666664,37.527767,1408.3334,0,0,0,0,0,0,0,0,1,104.5,48.0,113.0,0,0,0,0,0,0,1,48,1,113,-1,-1,0,32,0.0,0.0,0,0,0.0,0.0,0,0,Benign
6,20,1,1,6,6,6,6,6.0,0.0,6,6,6.0,0.0,600000.0,100000.0,20.0,0.0,20,20,0,0.0,0.0,0,0,0,0.0,0.0,0,0,0,0,0,0,20,20,50000.0,50000.0,6,6,6.0,0.0,0.0,0,0,0,0,1,1,0,0,1,9.0,6.0,6.0,0,0,0,0,0,0,1,6,1,6,21,16425,0,20,0.0,0.0,0,0,0.0,0.0,0,0,Benign
17,179,2,2,70,166,35,35,35.0,0.0,83,83,83.0,0.0,1318435.754,22346.36872,59.666668,96.417496,171,4,4,4.0,0.0,4,4,4,4.0,0.0,4,4,0,0,0,0,64,64,11173.185,11173.185,35,83,54.2,26.290682,691.2,0,0,0,0,0,0,0,0,1,67.75,35.0,83.0,0,0,0,0,0,0,2,70,2,166,-1,-1,1,32,0.0,0.0,0,0,0.0,0.0,0,0,Benign
6,133,2,0,12,0,6,6,6.0,0.0,0,0,0.0,0.0,90225.56391,15037.59398,133.0,0.0,133,133,133,133.0,0.0,133,133,0,0.0,0.0,0,0,0,0,0,0,40,0,15037.594,0.0,6,6,6.0,0.0,0.0,0,0,0,0,1,0,0,0,0,9.0,6.0,0.0,0,0,0,0,0,0,2,12,0,0,16113,-1,1,20,0.0,0.0,0,0,0.0,0.0,0,0,Benign
17,30405,1,1,58,186,58,58,58.0,0.0,186,186,186.0,0.0,8024.995889,65.77865483,30405.0,0.0,30405,30405,0,0.0,0.0,0,0,0,0.0,0.0,0,0,0,0,0,0,32,32,32.889328,32.889328,58,186,100.666664,73.90083,5461.3335,0,0,0,0,0,0,0,0,1,151.0,58.0,186.0,0,0,0,0,0,0,1,58,1,186,-1,-1,0,32,0.0,0.0,0,0,0.0,0.0,0,0,Benign
17,332,2,2,80,156,40,40,40.0,0.0,78,78,78.0,0.0,710843.3735,12048.19277,110.666664,149.21909,281,3,48,48.0,0.0,48,48,3,3.0,0.0,3,3,0,0,0,0,64,64,6024.096,6024.096,40,78,55.2,20.813457,433.2,0,0,0,0,0,0,0,0,1,69.0,40.0,78.0,0,0,0,0,0,0,2,80,2,156,-1,-1,1,32,0.0,0.0,0,0,0.0,0.0,0,0,Benign
6,34,1,1,6,6,6,6,6.0,0.0,6,6,6.0,0.0,352941.1765,58823.52941,34.0,0.0,34,34,0,0.0,0.0,0,0,0,0.0,0.0,0,0,0,0,0,0,20,20,29411.766,29411.766,6,6,6.0,0.0,0.0,0,0,0,0,1,1,0,0,1,9.0,6.0,6.0,0,0,0,0,0,0,1,6,1,6,286,256,0,20,0.0,0.0,0,0,0.0,0.0,0,0,Benign
6,45657130,19,22,708,28398,357,0,37.263157,87.577805,3114,0,1290.8182,847.5295,637.4907928,0.89799775,1141428.2,6806074.0,43100000,0,45700000,2536507.2,10100000.0,43100000,2,2464021,117334.336,402322.72,1831127,50,0,0,0,0,620,712,0.4161453,0.48185244,0,3114,693.0,879.7875,774026.06,0,0,0,1,0,0,0,0,1,709.90247,37.263157,1290.8182,0,0,0,0,0,0,19,708,22,28398,65535,243,6,32,2580055.0,0.0,2580055,2580055,43100000.0,0.0,43100000,43100000,Benign
6,33498,15,6,18467,24,2920,0,1231.1333,1054.4924,6,0,4.0,3.0983868,552003.1047,626.9030987,1674.9,6067.8735,26763,1,33498,2392.7144,7211.6323,26763,2,27138,5427.6,12027.044,26942,3,0,0,0,0,324,144,447.78793,179.11517,0,2920,840.5,1041.0883,1083864.8,0,0,0,1,0,0,0,0,0,880.5238,1231.1333,4.0,0,0,0,0,0,0,15,18467,6,24,8192,357,13,20,0.0,0.0,0,0,0.0,0.0,0,0,Benign
17,31186,2,2,80,336,40,40,40.0,0.0,168,168,168.0,0.0,13339.31893,128.262682,10395.333,17921.24,31089,48,48,48.0,0.0,48,48,49,49.0,0.0,49,49,0,0,0,0,40,40,64.13134,64.13134,40,168,91.2,70.10849,4915.2,0,0,0,0,0,0,0,0,1,114.0,40.0,168.0,0,0,0,0,0,0,2,80,2,336,-1,-1,1,20,0.0,0.0,0,0,0.0,0.0,0,0,Benign
17,23319,1,1,47,63,47,47,47.0,0.0,63,63,63.0,0.0,4717.183413,85.76697114,23319.0,0.0,23319,23319,0,0.0,0.0,0,0,0,0.0,0.0,0,0,0,0,0,0,32,32,42.883484,42.883484,47,63,52.333332,9.237604,85.333336,0,0,0,0,0,0,0,0,1,78.5,47.0,63.0,0,0,0,0,0,0,1,47,1,63,-1,-1,0,32,0.0,0.0,0,0,0.0,0.0,0,0,Benign
6,25685245,9,9,722,4644,344,0,80.22222,148.99478,1460,0,516.0,656.0404,208.9137168,0.700791447,1510896.8,3348521.8,9995011,1,25700000,3210655.5,4451862.5,10100000,105389,21300000,2666663.0,4593035.5,10100000,50,0,0,0,0,192,192,0.3503957,0.3503957,0,1460,282.42105,503.29254,253303.38,0,0,0,1,0,0,0,0,1,298.1111,80.22222,516.0,0,0,0,0,0,0,9,722,9,4644,8192,1026,8,20,675070.5,806212.75,1245149,104992,9991658.0,4741.858,9995011,9988305,Benign
6,310981,3,1,90,6,78,6,30.0,41.569218,6,6,6.0,0.0,308.7005315,12.86252215,103660.336,89907.07,160957,38,310981,155490.5,7730.7983,160957,150024,0,0.0,0.0,0,0,1,0,0,0,60,20,9.646892,3.2156305,6,78,34.8,39.436024,1555.2,0,1,0,0,1,0,0,0,0,43.5,30.0,6.0,0,0,0,0,0,0,3,90,1,6,33,0,2,20,0.0,0.0,0,0,0.0,0.0,0,0,Benign
6,117815529,15,13,820,4358,204,0,54.666668,77.330154,1448,0,335.23077,529.0928,43.95006366,0.237659672,4363538.0,15700000.0,58900000,3,118000000,8415395.0,21400000.0,58900000,17,118000000,9816114.0,22900000.0,59000000,3,0,0,0,0,488,424,0.12731768,0.11034199,0,1448,178.55173,379.10663,143721.83,0,0,0,1,0,0,0,0,0,184.92857,54.666668,335.23077,0,0,0,0,0,0,15,820,13,4358,29200,126,7,32,98368.0,49249.99,133193,63543,58800000.0,197375.42,58900000,58700000,Benign
6,5831286,8,6,372,4141,191,0,46.5,71.87688,1460,0,690.1667,694.34125,773.9287697,2.400842627,448560.47,1576472.6,5695123,3,5831286,833040.9,2144136.8,5695123,3,62414,12482.8,17018.227,36505,48,0,0,0,0,172,132,1.3719101,1.0289326,0,1460,300.86667,532.1238,283155.7,0,0,0,1,0,0,0,0,0,322.35715,46.5,690.1667,0,0,0,0,0,0,8,372,6,4141,8192,946,7,20,136160.0,0.0,136160,136160,5695123.0,0.0,5695123,5695123,Benign
6,115,1,1,0,0,0,0,0.0,0.0,0,0,0.0,0.0,0.0,17391.30435,115.0,0.0,115,115,0,0.0,0.0,0,0,0,0.0,0.0,0,0,0,0,0,0,32,32,8695.652,8695.652,0,0,0.0,0.0,0.0,0,0,0,0,1,1,0,0,1,0.0,0.0,0.0,0,0,0,0,0,0,1,0,1,0,290,243,0,32,0.0,0.0,0,0,0.0,0.0,0,0,Benign
6,996969,3,3,0,18,0,0,0.0,0.0,6,6,6.0,0.0,18.05472387,6.018241289,199393.8,272203.53,498712,491,996205,498102.5,1556.342,499203,497002,996408,498204.0,1798.8796,499476,496932,0,0,0,0,92,60,3.0091207,3.0091207,0,6,2.5714285,3.207135,10.285714,0,0,0,1,0,0,0,0,1,3.0,0.0,6.0,0,0,0,0,0,0,3,0,3,18,8192,0,0,28,0.0,0.0,0,0,0.0,0.0,0,0,Benign
17,15032096,4,4,200,288,51,49,50.0,1.1547005,79,65,72.0,8.082904,32.46386931,0.532194579,2147442.2,5667781.0,15000000,3,15000000,5000309.5,8660744.0,15000000,4,15000000,5010651.5,8678659.0,15000000,3,0,0,0,0,80,80,0.26609728,0.26609728,49,79,59.666668,12.727922,162.0,0,0,0,0,0,0,0,0,1,67.125,50.0,72.0,0,0,0,0,0,0,4,200,4,288,-1,-1,3,20,189.0,0.0,189,189,15000000.0,0.0,15000000,15000000,Benign
6,124,3,0,43,0,31,6,14.333333,14.433757,0,0,0.0,0.0,346774.1935,24193.54839,62.0,19.79899,76,48,124,62.0,19.79899,76,48,0,0.0,0.0,0,0,0,0,0,0,60,0,24193.549,0.0,6,31,12.25,12.5,156.25,0,0,0,0,1,0,0,0,0,16.333334,14.333333,0.0,0,0,0,0,0,0,3,43,0,0,63765,-1,2,20,0.0,0.0,0,0,0.0,0.0,0,0,Benign
6,55,2,0,12,0,6,6,6.0,0.0,0,0,0.0,0.0,218181.8182,36363.63636,55.0,0.0,55,55,55,55.0,0.0,55,55,0,0.0,0.0,0,0,0,0,0,0,40,0,36363.637,0.0,6,6,6.0,0.0,0.0,0,0,0,0,1,0,0,0,0,9.0,6.0,0.0,0,0,0,0,0,0,2,12,0,0,254,-1,1,20,0.0,0.0,0,0,0.0,0.0,0,0,Benign
17,930,2,2,96,148,48,48,48.0,0.0,74,74,74.0,0.0,262365.5914,4301.075269,310.0,495.0586,881,1,1,1.0,0.0,1,1,48,48.0,0.0,48,48,0,0,0,0,80,80,2150.5376,2150.5376,48,74,58.4,14.240787,202.8,0,0,0,0,0,0,0,0,1,73.0,48.0,74.0,0,0,0,0,0,0,2,96,2,148,-1,-1,1,40,0.0,0.0,0,0,0.0,0.0,0,0,Benign
6,605,3,1,43,6,31,6,14.333333,14.433757,6,6,6.0,0.0,80991.73554,6611.570248,201.66667,288.03183,532,3,535,267.5,374.05948,532,3,0,0.0,0.0,0,0,0,0,0,0,60,20,4958.6777,1652.8926,6,31,11.0,11.18034,125.0,0,0,0,0,1,0,0,0,0,13.75,14.333333,6.0,0,0,0,0,0,0,3,43,1,6,980,0,2,20,0.0,0.0,0,0,0.0,0.0,0,0,Benign
6,438596,11,8,535,3431,198,0,48.636364,79.006676,1533,0,428.875,661.31525,9042.490128,43.32004852,24366.445,58069.86,250601,2,438596,43859.6,74675.36,250601,48,381607,54515.285,96167.46,268120,2,0,0,0,0,372,264,25.080029,18.24002,0,1533,198.3,449.25775,201832.53,0,0,0,1,0,0,0,0,0,208.73685,48.636364,428.875,0,0,0,0,0,0,11,535,8,3431,29200,118,4,32,0.0,0.0,0,0,0.0,0.0,0,0,Benign
6,7731103,19,30,23694,10408,4760,0,1247.0526,1566.1204,1439,0,346.93332,559.6011,4411.013538,6.338034819,161064.64,870753.56,6029604,0,7731103,429505.72,1406872.5,6029604,49,1627983,56137.344,137395.2,701154,0,0,0,0,0,400,608,2.4576054,3.8804295,0,4760,682.04,1135.0651,1288372.6,0,0,0,1,0,0,0,0,1,695.95917,1247.0526,346.93332,0,0,0,0,0,0,19,23694,30,10408,29200,51100,18,20,0.0,0.0,0,0,0.0,0.0,0,0,Benign
17,288,2,2,70,692,35,35,35.0,0.0,346,346,346.0,0.0,2645833.333,13888.88889,96.0,123.9879,237,4,4,4.0,0.0,4,4,47,47.0,0.0,47,47,0,0,0,0,40,40,6944.4443,6944.4443,35,346,159.4,170.34172,29016.3,0,0,0,0,0,0,0,0,1,199.25,35.0,346.0,0,0,0,0,0,0,2,70,2,692,-1,-1,1,20,0.0,0.0,0,0,0.0,0.0,0,0,Benign
17,299158,1,1,64,80,64,64,64.0,0.0,80,80,80.0,0.0,481.3509918,6.685430441,299158.0,0.0,299158,299158,0,0.0,0.0,0,0,0,0.0,0.0,0,0,0,0,0,0,20,20,3.3427153,3.3427153,64,80,69.333336,9.237604,85.333336,0,0,0,0,0,0,0,0,1,104.0,64.0,80.0,0,0,0,0,0,0,1,64,1,80,-1,-1,0,20,0.0,0.0,0,0,0.0,0.0,0,0,Benign
17,137,2,2,84,162,42,42,42.0,0.0,81,81,81.0,0.0,1795620.438,29197.08029,45.666668,68.73379,125,4,4,4.0,0.0,4,4,8,8.0,0.0,8,8,0,0,0,0,40,40,14598.54,14598.54,42,81,57.6,21.36118,456.3,0,0,0,0,0,0,0,0,1,72.0,42.0,81.0,0,0,0,0,0,0,2,84,2,162,-1,-1,1,20,0.0,0.0,0,0,0.0,0.0,0,0,Benign
6,76669,4,5,1600,309,1600,0,400.0,800.0,309,0,61.8,138.189,24899.2422,117.3877317,9583.625,17581.826,38329,1,76664,25554.666,22008.168,38658,146,38862,9715.5,19208.934,38528,4,0,0,0,0,136,168,52.172325,65.21541,0,1600,190.9,504.5408,254561.44,0,0,0,1,0,0,0,0,1,212.11111,400.0,61.8,0,0,0,0,0,0,4,1600,5,309,29200,40,1,32,0.0,0.0,0,0,0.0,0.0,0,0,Benign
17,104216,2,2,74,200,37,37,37.0,0.0,100,100,100.0,0.0,2629.154832,38.38182237,34738.668,60165.67,104212,0,0,0.0,0.0,0,0,4,4.0,0.0,4,4,0,0,0,0,64,64,19.19091,19.19091,37,100,62.2,34.50652,1190.7,0,0,0,0,0,0,0,0,1,77.75,37.0,100.0,0,0,0,0,0,0,2,74,2,200,-1,-1,1,32,0.0,0.0,0,0,0.0,0.0,0,0,Benign
6,953339,6,9,1191,3804,615,0,198.5,286.83847,1460,0,422.66666,629.716,5239.479346,15.73417221,68095.64,101349.84,232244,0,693791,138758.2,126385.32,232351,266,721239,90154.875,119266.8,271893,0,0,0,0,0,140,192,6.2936687,9.440503,0,1460,312.1875,507.84384,257905.36,0,0,0,1,0,0,0,0,1,333.0,198.5,422.66666,0,0,0,0,0,0,6,1191,9,3804,29200,67,5,20,0.0,0.0,0,0,0.0,0.0,0,0,Benign
6,147,1,1,2,6,2,2,2.0,0.0,6,6,6.0,0.0,54421.76871,13605.44218,147.0,0.0,147,147,0,0.0,0.0,0,0,0,0.0,0.0,0,0,0,0,0,0,24,20,6802.721,6802.721,2,6,3.3333333,2.309401,5.3333335,0,0,0,1,0,0,0,0,1,5.0,2.0,6.0,0,0,0,0,0,0,1,2,1,6,1024,0,0,24,0.0,0.0,0,0,0.0,0.0,0,0,PortScan
6,19998,1,1,0,0,0,0,0.0,0.0,0,0,0.0,0.0,0.0,100.010001,19998.0,0.0,19998,19998,0,0.0,0.0,0,0,0,0.0,0.0,0,0,0,0,0,0,32,32,50.005,50.005,0,0,0.0,0.0,0.0,0,0,0,0,1,1,0,0,1,0.0,0.0,0.0,0,0,0,0,0,0,1,0,1,0,1324,31,0,32,0.0,0.0,0,0,0.0,0.0,0,0,Benign
17,235,2,2,72,146,36,36,36.0,0.0,73,73,73.0,0.0,927659.5745,17021.2766,78.333336,52.538876,139,48,48,48.0,0.0,48,48,48,48.0,0.0,48,48,0,0,0,0,80,80,8510.639,8510.639,36,73,50.8,20.265734,410.7,0,0,0,0,0,0,0,0,1,63.5,36.0,73.0,0,0,0,0,0,0,2,72,2,146,-1,-1,1,40,0.0,0.0,0,0,0.0,0.0,0,0,Benign
17,60691,1,1,46,190,46,46,46.0,0.0,190,190,190.0,0.0,3888.550197,32.95381523,60691.0,0.0,60691,60691,0,0.0,0.0,0,0,0,0.0,0.0,0,0,0,0,0,0,32,32,16.476908,16.476908,46,190,94.0,83.138435,6912.0,0,0,0,0,0,0,0,0,1,141.0,46.0,190.0,0,0,0,0,0,0,1,46,1,190,-1,-1,0,32,0.0,0.0,0,0,0.0,0.0,0,0,Benign
6,1110,3,1,0,0,0,0,0.0,0.0,0,0,0.0,0.0,0.0,3603.603604,370.0,574.2534,1033,29,1110,555.0,717.0063,1062,48,0,0.0,0.0,0,0,0,0,0,0,104,40,2702.7026,900.9009,0,0,0.0,0.0,0.0,0,0,0,1,0,0,0,0,0,0.0,0.0,0.0,0,0,0,0,0,0,3,0,1,0,29200,28960,0,32,0.0,0.0,0,0,0.0,0.0,0,0,PortScan
17,304301,1,1,50,123,50,50,50.0,0.0,123,123,123.0,0.0,568.5160417,6.572439788,304301.0,0.0,304301,304301,0,0.0,0.0,0,0,0,0.0,0.0,0,0,0,0,0,0,32,32,3.2862198,3.2862198,50,123,74.333336,42.14657,1776.3334,0,0,0,0,0,0,0,0,1,111.5,50.0,123.0,0,0,0,0,0,0,1,50,1,123,-1,-1,0,32,0.0,0.0,0,0,0.0,0.0,0,0,Benign
6,212562,6,7,4737,370,2920,0,789.5,1149.0443,182,2,52.857143,74.61999,24025.93126,61.15862666,17713.5,18832.342,39625,17,169642,33928.4,29626.059,78209,667,174362,29060.334,35839.746,91935,17,0,0,0,0,132,144,28.227058,32.93157,0,2920,364.7857,810.09875,656260.0,0,0,0,1,0,0,0,0,1,392.84616,789.5,52.857143,0,0,0,0,0,0,6,4737,7,370,8192,37960,5,20,0.0,0.0,0,0,0.0,0.0,0,0,Benign
6,18,1,1,6,6,6,6,6.0,0.0,6,6,6.0,0.0,666666.6667,111111.1111,18.0,0.0,18,18,0,0.0,0.0,0,0,0,0.0,0.0,0,0,0,0,0,0,20,20,55555.555,55555.555,6,6,6.0,0.0,0.0,0,0,0,0,1,1,0,0,1,9.0,6.0,6.0,0,0,0,0,0,0,1,6,1,6,8190,63486,0,20,0.0,0.0,0,0,0.0,0.0,0,0,Benign
6,371260,3,0,65,0,53,6,21.666666,27.135462,0,0,0.0,0.0,175.0794591,8.080590422,185630.0,262516.22,371257,3,371260,185630.0,262516.22,371257,3,0,0.0,0.0,0,0,0,0,0,0,60,0,8.08059,0.0,6,53,17.75,23.5,552.25,0,0,0,0,1,0,0,0,0,23.666666,21.666666,0.0,0,0,0,0,0,0,3,65,0,0,63159,-1,2,20,0.0,0.0,0,0,0.0,0.0,0,0,Benign
17,195,2,2,98,130,49,49,49.0,0.0,65,65,65.0,0.0,1169230.769,20512.82051,65.0,71.35825,143,3,3,3.0,0.0,3,3,49,49.0,0.0,49,49,0,0,0,0,40,40,10256.41,10256.41,49,65,55.4,8.763561,76.8,0,0,0,0,0,0,0,0,1,69.25,49.0,65.0,0,0,0,0,0,0,2,98,2,130,-1,-1,1,20,0.0,0.0,0,0,0.0,0.0,0,0,Benign
17,175,2,2,70,166,35,35,35.0,0.0,83,83,83.0,0.0,1348571.429,22857.14286,58.333332,94.97543,168,3,4,4.0,0.0,4,4,3,3.0,0.0,3,3,0,0,0,0,64,64,11428.571,11428.571,35,83,54.2,26.290682,691.2,0,0,0,0,0,0,0,0,1,67.75,35.0,83.0,0,0,0,0,0,0,2,70,2,166,-1,-1,1,32,0.0,0.0,0,0,0.0,0.0,0,0,Benign
6,49,1,1,6,6,6,6,6.0,0.0,6,6,6.0,0.0,244897.9592,40816.32653,49.0,0.0,49,49,0,0.0,0.0,0,0,0,0.0,0.0,0,0,0,0,0,0,20,20,20408.164,20408.164,6,6,6.0,0.0,0.0,0,0,0,0,1,1,0,0,1,9.0,6.0,6.0,0,0,0,0,0,0,1,6,1,6,65535,256,0,20,0.0,0.0,0,0,0.0,0.0,0,0,Benign
6,141,1,1,6,6,6,6,6.0,0.0,6,6,6.0,0.0,85106.38298,14184.39716,141.0,0.0,141,141,0,0.0,0.0,0,0,0,0.0,0.0,0,0,0,0,0,0,20,20,7092.1987,7092.1987,6,6,6.0,0.0,0.0,0,0,0,0,1,1,0,0,1,9.0,6.0,6.0,0,0,0,0,0,0,1,6,1,6,286,256,0,20,0.0,0.0,0,0,0.0,0.0,0,0,Benign
17,165009,1,1,47,223,47,47,47.0,0.0,223,223,223.0,0.0,1636.274385,12.120551,165009.0,0.0,165009,165009,0,0.0,0.0,0,0,0,0.0,0.0,0,0,0,0,0,0,20,32,6.0602756,6.0602756,47,223,105.666664,101.61365,10325.333,0,0,0,0,0,0,0,0,1,158.5,47.0,223.0,0,0,0,0,0,0,1,47,1,223,-1,-1,0,20,0.0,0.0,0,0,0.0,0.0,0,0,Benign
17,53648,2,2,62,138,31,31,31.0,0.0,69,69,69.0,0.0,3728.004772,74.56009544,17882.666,30967.625,53641,3,4,4.0,0.0,4,4,3,3.0,0.0,3,3,0,0,0,0,64,40,37.28005,37.28005,31,69,46.2,20.813457,433.2,0,0,0,0,0,0,0,0,1,57.75,31.0,69.0,0,0,0,0,0,0,2,62,2,138,-1,-1,1,32,0.0,0.0,0,0,0.0,0.0,0,0,Benign
6,29346,1,1,6,6,6,6,6.0,0.0,6,6,6.0,0.0,408.9143324,68.15238874,29346.0,0.0,29346,29346,0,0.0,0.0,0,0,0,0.0,0.0,0,0,0,0,0,0,20,20,34.076195,34.076195,6,6,6.0,0.0,0.0,0,0,0,0,1,1,0,0,1,9.0,6.0,6.0,0,0,0,0,0,0,1,6,1,6,256,980,0,20,0.0,0.0,0,0,0.0,0.0,0,0,Benign
17,30974,1,1,54,82,54,54,54.0,0.0,82,82,82.0,0.0,4390.779363,64.57028475,30974.0,0.0,30974,30974,0,0.0,0.0,0,0,0,0.0,0.0,0,0,0,0,0,0,20,20,32.28514,32.28514,54,82,63.333332,16.165808,261.33334,0,0,0,0,0,0,0,0,1,95.0,54.0,82.0,0,0,0,0,0,0,1,54,1,82,-1,-1,0,20,0.0,0.0,0,0,0.0,0.0,0,0,Benign
17,30856,2,2,74,154,37,37,37.0,0.0,77,77,77.0,0.0,7389.162562,129.6344309,10285.333,17770.568,30805,2,49,49.0,0.0,49,49,2,2.0,0.0,2,2,0,0,0,0,40,40,64.817215,64.817215,37,77,53.0,21.908903,480.0,0,0,0,0,0,0,0,0,1,66.25,37.0,77.0,0,0,0,0,0,0,2,74,2,154,-1,-1,1,20,0.0,0.0,0,0,0.0,0.0,0,0,Benign
6,98,2,0,12,0,6,6,6.0,0.0,0,0,0.0,0.0,122448.9796,20408.16327,98.0,0.0,98,98,98,98.0,0.0,98,98,0,0.0,0.0,0,0,0,0,0,0,40,0,20408.164,0.0,6,6,6.0,0.0,0.0,0,0,0,0,1,0,0,0,0,9.0,6.0,0.0,0,0,0,0,0,0,2,12,0,0,339,-1,1,20,0.0,0.0,0,0,0.0,0.0,0,0,Benign
6,171,2,0,12,0,6,6,6.0,0.0,0,0,0.0,0.0,70175.4386,11695.90643,171.0,0.0,171,171,171,171.0,0.0,171,171,0,0.0,0.0,0,0,0,0,0,0,40,0,11695.906,0.0,6,6,6.0,0.0,0.0,0,0,0,0,1,0,0,0,0,9.0,6.0,0.0,0,0,0,0,0,0,2,12,0,0,342,-1,1,20,0.0,0.0,0,0,0.0,0.0,0,0,Benign
6,5333030,9,11,934,7185,586,0,103.77778,193.4514,1460,0,653.1818,668.3309,1522.399086,3.750213293,280685.78,1129706.2,4942866,3,390161,48770.125,58611.55,168943,199,5309650,530965.0,1572427.2,5000875,3,0,0,0,0,192,228,1.687596,2.0626173,0,1460,386.61905,566.4419,320856.44,0,0,0,1,0,0,0,0,1,405.95,103.77778,653.1818,0,0,0,0,0,0,9,934,11,7185,8192,25,8,20,0.0,0.0,0,0,0.0,0.0,0,0,Benign
6,116431605,18,15,874,1492,437,0,48.555557,141.31743,746,0,99.46667,262.49188,20.32094293,0.283428198,3638487.8,4840477.5,10200000,51,116000000,6848918.0,4744582.5,10200000,36297,113000000,8084171.0,4232283.0,10200000,19902,0,0,0,0,584,488,0.1545972,0.128831,0,746,69.588234,200.78061,40312.855,0,0,0,1,0,0,0,0,0,71.69697,48.555557,99.46667,0,0,0,0,0,0,18,874,15,1492,29200,349,2,32,111970.0,250974.0,868685,36195,10200000.0,63699.25,10200000,10000000,Benign
6,90,2,0,12,0,6,6,6.0,0.0,0,0,0.0,0.0,133333.3333,22222.22222,90.0,0.0,90,90,90,90.0,0.0,90,90,0,0.0,0.0,0,0,0,0,0,0,40,0,22222.223,0.0,6,6,6.0,0.0,0.0,0,0,0,0,1,0,0,0,0,9.0,6.0,0.0,0,0,0,0,0,0,2,12,0,0,16317,-1,1,20,0.0,0.0,0,0,0.0,0.0,0,0,Benign
6,5074596,10,7,381,5751,188,0,38.1,73.054695,1448,0,821.5714,704.8692,1208.372056,3.350020376,317162.25,1230937.2,4932869,3,5074596,563844.0,1638555.0,4932869,3,71813,11968.833,17497.176,38559,48,0,0,0,0,328,232,1.9706002,1.3794202,0,1448,340.66666,578.00275,334087.2,0,0,0,1,0,0,0,0,0,360.70587,38.1,821.5714,0,0,0,0,0,0,10,381,7,5751,29200,122,3,32,0.0,0.0,0,0,0.0,0.0,0,0,Benign
17,70908,1,1,55,95,55,55,55.0,0.0,95,95,95.0,0.0,2115.41716,28.20556214,70908.0,0.0,70908,70908,0,0.0,0.0,0,0,0,0.0,0.0,0,0,0,0,0,0,20,20,14.102781,14.102781,55,95,68.333336,23.094011,533.3333,0,0,0,0,0,0,0,0,1,102.5,55.0,95.0,0,0,0,0,0,0,1,55,1,95,-1,-1,0,20,0.0,0.0,0,0,0.0,0.0,0,0,Benign
17,32981,1,1,49,130,49,49,49.0,0.0,130,130,130.0,0.0,5427.367272,60.64097511,32981.0,0.0,32981,32981,0,0.0,0.0,0,0,0,0.0,0.0,0,0,0,0,0,0,32,32,30.320488,30.320488,49,130,76.0,46.765373,2187.0,0,0,0,0,0,0,0,0,1,114.0,49.0,130.0,0,0,0,0,0,0,1,49,1,130,-1,-1,0,32,0.0,0.0,0,0,0.0,0.0,0,0,Benign
6,40952035,9,8,898,3560,431,0,99.77778,187.79562,1774,0,445.0,820.28076,108.8590591,0.415119786,2559502.2,4129206.5,10000000,68,34300000,4281837.5,4948386.0,10000000,150,40900000,5843973.0,4555853.0,10000000,639,0,0,0,0,192,208,0.2197693,0.19535048,0,1774,247.66667,571.98645,327168.47,0,0,0,1,0,0,0,0,0,262.2353,99.77778,445.0,0,0,0,0,0,0,9,898,8,3560,8192,980,8,20,1416818.0,2377459.8,4162072,44177,10000000.0,945.3895,10000000,10000000,Benign
6,3,1,1,6,6,6,6,6.0,0.0,6,6,6.0,0.0,4000000.0,666666.6667,3.0,0.0,3,3,0,0.0,0.0,0,0,0,0.0,0.0,0,0,0,0,0,0,20,20,333333.34,333333.34,6,6,6.0,0.0,0.0,0,0,0,0,1,1,0,0,1,9.0,6.0,6.0,0,0,0,0,0,0,1,6,1,6,1187,16394,0,20,0.0,0.0,0,0,0.0,0.0,0,0,Benign
17,262,2,2,90,196,45,45,45.0,0.0,98,98,98.0,0.0,1091603.053,15267.17557,87.333336,149.53372,260,1,1,1.0,0.0,1,1,1,1.0,0.0,1,1,0,0,0,0,64,64,7633.588,7633.588,45,98,66.2,29.029295,842.7,0,0,0,0,0,0,0,0,1,82.75,45.0,98.0,0,0,0,0,0,0,2,90,2,196,-1,-1,1,32,0.0,0.0,0,0,0.0,0.0,0,0,Benign
17,53310,2,2,92,170,46,46,46.0,0.0,85,85,85.0,0.0,4914.650159,75.03282686,17770.0,30732.652,53257,4,49,49.0,0.0,49,49,4,4.0,0.0,4,4,0,0,0,0,64,80,37.516415,37.516415,46,85,61.6,21.36118,456.3,0,0,0,0,0,0,0,0,1,77.0,46.0,85.0,0,0,0,0,0,0,2,92,2,170,-1,-1,1,32,0.0,0.0,0,0,0.0,0.0,0,0,Benign
6,46710902,8,8,487,2132,451,0,60.875,157.64828,2096,0,266.5,739.2326,56.06828145,0.342532456,3114060.2,4555259.0,10000000,31,40800000,5823705.0,5233050.0,10000000,15218,46700000,6670816.5,4577243.0,10000000,13801,0,0,0,0,180,172,0.17126623,0.17126623,0,2096,154.05882,511.95514,262098.06,0,0,0,1,0,0,0,0,1,163.6875,60.875,266.5,0,0,0,0,0,0,8,487,8,2132,29200,30,7,20,186849.0,343266.7,701749,15053,10000000.0,10848.232,10000000,9996192,Benign
6,116229846,43,55,2404,57604,439,0,55.90698,133.85135,2836,0,1047.3455,651.88385,516.287357,0.843156929,1198245.9,3210429.8,10000000,1,116000000,2767377.2,4457915.0,10000000,4,111000000,2054858.6,4079777.5,10100000,4,0,0,0,0,1384,1768,0.3699566,0.47320032,0,2836,606.1414,698.3382,487676.22,0,0,0,1,0,0,0,0,1,612.32654,55.90698,1047.3455,0,0,0,0,0,0,43,2404,55,57604,29200,390,8,32,77754.164,142542.67,530378,36211,9608066.0,1378494.9,10000000,5231007,Benign
6,5502288,8,5,371,3121,190,0,46.375,71.58998,1604,0,624.2,830.50055,634.6450786,2.3626535,458524.0,1392788.8,4873691,47,5502288,786041.1,1805413.5,4873691,47,389804,97451.0,110334.24,194206,228,0,0,0,0,172,112,1.4539406,0.90871286,0,1604,249.42857,546.9587,299163.8,0,0,0,1,0,0,0,0,0,268.6154,46.375,624.2,0,0,0,0,0,0,8,371,5,3121,8192,119,7,20,0.0,0.0,0,0,0.0,0.0,0,0,Benign
6,10253347,11,7,1017,1482,517,0,92.454544,194.28452,763,0,211.71428,313.17178,243.7252928,1.755524318,603138.06,2421186.2,9997480,4,10300000,1025334.7,3152874.5,9997480,4,10200000,1705576.9,4064552.8,10000000,4,0,0,0,0,360,232,1.0728204,0.6827039,0,763,131.52632,240.95029,58057.04,0,0,0,1,0,0,0,0,0,138.83333,92.454544,211.71428,0,0,0,0,0,0,11,1017,7,1482,29200,33,3,32,252502.0,0.0,252502,252502,9997480.0,0.0,9997480,9997480,Benign
17,325,2,2,82,254,41,41,41.0,0.0,127,127,127.0,0.0,1033846.154,12307.69231,108.333336,145.07355,274,4,47,47.0,0.0,47,47,4,4.0,0.0,4,4,0,0,0,0,64,64,6153.846,6153.846,41,127,75.4,47.10414,2218.8,0,0,0,0,0,0,0,0,1,94.25,41.0,127.0,0,0,0,0,0,0,2,82,2,254,-1,-1,1,32,0.0,0.0,0,0,0.0,0.0,0,0,Benign
17,171,2,2,74,106,37,37,37.0,0.0,53,53,53.0,0.0,1052631.579,23391.81287,57.0,58.025856,119,4,4,4.0,0.0,4,4,48,48.0,0.0,48,48,0,0,0,0,40,40,11695.906,11695.906,37,53,43.4,8.763561,76.8,0,0,0,0,0,0,0,0,1,54.25,37.0,53.0,0,0,0,0,0,0,2,74,2,106,-1,-1,1,20,0.0,0.0,0,0,0.0,0.0,0,0,Benign
6,77030,4,6,3787,153,2339,0,946.75,1152.1404,153,0,25.5,62.461987,51148.90302,129.8195508,8558.889,16720.027,38087,1,38314,12771.333,21932.746,38097,51,39018,7803.6,17098.473,38389,1,0,0,0,0,136,200,51.927822,77.89173,0,2339,358.18182,786.1169,617979.75,0,0,0,1,0,0,0,0,1,394.0,946.75,25.5,0,0,0,0,0,0,4,3787,6,153,29200,46,2,32,0.0,0.0,0,0,0.0,0.0,0,0,Benign
17,358,2,2,90,380,45,45,45.0,0.0,190,190,190.0,0.0,1312849.162,11173.18436,119.333336,165.9287,309,1,1,1.0,0.0,1,1,48,48.0,0.0,48,48,0,0,0,0,40,40,5586.5923,5586.5923,45,190,103.0,79.41977,6307.5,0,0,0,0,0,0,0,0,1,128.75,45.0,190.0,0,0,0,0,0,0,2,90,2,380,-1,-1,1,20,0.0,0.0,0,0,0.0,0.0,0,0,Benign
17,180816,1,1,41,113,41,41,41.0,0.0,113,113,113.0,0.0,851.6945403,11.06096806,180816.0,0.0,180816,180816,0,0.0,0.0,0,0,0,0.0,0.0,0,0,0,0,0,0,32,32,5.530484,5.530484,41,113,65.0,41.569218,1728.0,0,0,0,0,0,0,0,0,1,97.5,41.0,113.0,0,0,0,0,0,0,1,41,1,113,-1,-1,0,32,0.0,0.0,0,0,0.0,0.0,0,0,Benign
17,201,2,2,86,118,43,43,43.0,0.0,59,59,59.0,0.0,1014925.373,19900.49751,67.0,104.0,187,3,187,187.0,0.0,187,187,3,3.0,0.0,3,3,0,0,0,0,64,64,9950.249,9950.249,43,59,49.4,8.763561,76.8,0,0,0,0,0,0,0,0,1,61.75,43.0,59.0,0,0,0,0,0,0,2,86,2,118,-1,-1,1,32,0.0,0.0,0,0,0.0,0.0,0,0,Benign
6,2,2,0,31,0,31,0,15.5,21.920311,0,0,0.0,0.0,15500000.0,1000000.0,2.0,0.0,2,2,2,2.0,0.0,2,2,0,0.0,0.0,0,0,1,0,0,0,64,0,1000000.0,0.0,0,31,20.666666,17.897858,320.33334,0,1,0,0,1,0,0,0,0,31.0,15.5,0.0,0,0,0,0,0,0,2,31,0,0,122,-1,0,32,0.0,0.0,0,0,0.0,0.0,0,0,Benign
6,265019,5,3,1072,822,1054,0,214.4,469.35785,814,2,274.0,467.658,7146.657409,30.18651493,37859.855,53633.203,153216,75,265019,66254.75,64263.21,153216,11502,179186,89593.0,124686.97,177760,1426,0,0,0,0,112,64,18.866571,11.319943,0,1054,210.44444,414.5899,171884.78,0,0,0,1,0,0,0,0,0,236.75,214.4,274.0,0,0,0,0,0,0,5,1072,3,822,8192,8190,4,20,0.0,0.0,0,0,0.0,0.0,0,0,Benign
6,88,1,1,0,0,0,0,0.0,0.0,0,0,0.0,0.0,0.0,22727.27273,88.0,0.0,88,88,0,0.0,0.0,0,0,0,0.0,0.0,0,0,0,0,0,0,32,32,11363.637,11363.637,0,0,0.0,0.0,0.0,0,0,0,0,1,1,0,0,1,0.0,0.0,0.0,0,0,0,0,0,0,1,0,1,0,349,252,0,32,0.0,0.0,0,0,0.0,0.0,0,0,Benign
17,174,2,2,70,176,35,35,35.0,0.0,88,88,88.0,0.0,1413793.103,22988.50575,58.0,93.53075,166,4,4,4.0,0.0,4,4,4,4.0,0.0,4,4,0,0,0,0,80,80,11494.253,11494.253,35,88,56.2,29.029295,842.7,0,0,0,0,0,0,0,0,1,70.25,35.0,88.0,0,0,0,0,0,0,2,70,2,176,-1,-1,1,40,0.0,0.0,0,0,0.0,0.0,0,0,Benign
6,93642,5,7,1724,3515,1724,0,344.8,770.9962,1448,0,502.14285,684.53595,55947.11775,128.1476261,8512.909,15801.066,40651,1,93633,23408.25,27495.023,54782,214,55649,9274.833,16654.48,41295,1,0,0,0,0,168,232,53.394844,74.752785,0,1724,403.0,673.1412,453119.0,0,0,0,1,0,0,0,0,1,436.58334,344.8,502.14285,0,0,0,0,0,0,5,1724,7,3515,29200,40,1,32,0.0,0.0,0,0,0.0,0.0,0,0,Benign
17,432,1,1,58,139,58,58,58.0,0.0,139,139,139.0,0.0,456018.5185,4629.62963,432.0,0.0,432,432,0,0.0,0.0,0,0,0,0.0,0.0,0,0,0,0,0,0,32,32,2314.8147,2314.8147,58,139,85.0,46.765373,2187.0,0,0,0,0,0,0,0,0,1,127.5,58.0,139.0,0,0,0,0,0,0,1,58,1,139,-1,-1,0,32,0.0,0.0,0,0,0.0,0.0,0,0,Benign
6,118712275,45,74,1114,87353,358,0,24.755556,65.67176,2836,0,1180.4459,599.602,745.2220084,1.002423717,1006036.25,7601332.5,58700000,0,119000000,2698006.2,12400000.0,58800000,22,119000000,1625697.8,9646668.0,58700000,1,0,0,0,0,1448,2376,0.37906778,0.6233559,0,2836,737.225,735.40643,540822.7,0,0,0,1,0,0,0,0,1,743.42017,24.755556,1180.4459,0,0,0,0,0,0,45,1114,74,87353,29200,357,10,32,691341.5,868672.9,1305586,77097,58600000.0,89647.0,58700000,58600000,Benign
17,24709,2,2,70,290,35,35,35.0,0.0,145,145,145.0,0.0,14569.59003,161.8843336,8236.333,14181.743,24612,48,49,49.0,0.0,49,49,48,48.0,0.0,48,48,0,0,0,0,64,40,80.94217,80.94217,35,145,79.0,60.24948,3630.0,0,0,0,0,0,0,0,0,1,98.75,35.0,145.0,0,0,0,0,0,0,2,70,2,290,-1,-1,1,32,0.0,0.0,0,0,0.0,0.0,0,0,Benign
17,23929,2,2,74,138,37,37,37.0,0.0,69,69,69.0,0.0,8859.542814,167.1611852,7976.3335,13771.266,23878,3,3,3.0,0.0,3,3,48,48.0,0.0,48,48,0,0,0,0,40,40,83.58059,83.58059,37,69,49.8,17.527122,307.2,0,0,0,0,0,0,0,0,1,62.25,37.0,69.0,0,0,0,0,0,0,2,74,2,138,-1,-1,1,20,0.0,0.0,0,0,0.0,0.0,0,0,Benign
6,627,3,1,0,0,0,0,0.0,0.0,0,0,0.0,0.0,0.0,6379.585327,209.0,306.09967,562,17,627,313.5,375.4737,579,48,0,0.0,0.0,0,0,0,0,0,0,104,40,4784.689,1594.8964,0,0,0.0,0.0,0.0,0,0,0,1,0,0,0,0,0,0.0,0.0,0.0,0,0,0,0,0,0,3,0,1,0,29200,28960,0,32,0.0,0.0,0,0,0.0,0.0,0,0,PortScan
6,5201597,6,4,611,168,517,0,101.833336,204.30508,156,0,42.0,76.05261,149.7616982,1.922486498,577955.25,1681515.8,5061691,4,5201597,1040319.4,2281264.5,5121106,4,120070,40023.332,34842.234,65473,313,0,0,0,0,132,92,1.1534919,0.76899457,0,517,70.818184,154.97214,24016.363,0,0,0,1,0,0,0,0,0,77.9,101.833336,42.0,0,0,0,0,0,0,6,611,4,168,8192,31,5,20,139902.0,0.0,139902,139902,5061691.0,0.0,5061691,5061691,Benign
17,39967,2,2,74,190,37,37,37.0,0.0,95,95,95.0,0.0,6605.449496,100.0825681,13322.333,23070.629,39962,1,1,1.0,0.0,1,1,4,4.0,0.0,4,4,0,0,0,0,40,64,50.041283,50.041283,37,95,60.2,31.767908,1009.2,0,0,0,0,0,0,0,0,1,75.25,37.0,95.0,0,0,0,0,0,0,2,74,2,190,-1,-1,1,20,0.0,0.0,0,0,0.0,0.0,0,0,Benign
6,47,1,1,6,6,6,6,6.0,0.0,6,6,6.0,0.0,255319.1489,42553.19149,47.0,0.0,47,47,0,0.0,0.0,0,0,0,0.0,0.0,0,0,0,0,0,0,20,20,21276.596,21276.596,6,6,6.0,0.0,0.0,0,0,0,0,1,1,0,0,1,9.0,6.0,6.0,0,0,0,0,0,0,1,6,1,6,913,256,0,20,0.0,0.0,0,0,0.0,0.0,0,0,Benign
6,115593700,33,47,500,50608,314,0,15.151515,53.658714,2860,0,1076.766,745.46265,442.1348222,0.69207924,1463211.4,3501580.8,10000000,24,116000000,3612303.0,4804852.5,10000000,127,111000000,2403856.5,4328211.5,10100000,49,0,0,0,0,672,1084,0.28548267,0.40659654,0,2860,630.96295,773.8564,598853.7,0,0,0,1,0,0,0,0,1,638.85,15.151515,1076.766,0,0,0,0,0,0,33,500,47,50608,8192,343,32,20,49371.273,41546.39,174638,36704,10000000.0,5234.815,10000000,9999297,Benign
6,10731590,25,20,7978,3368,3120,0,319.12,715.94666,420,0,168.4,138.09166,1057.252467,4.193227658,243899.77,1617272.5,10700000,1,10700000,447149.6,2189782.0,10700000,1,10700000,564814.56,2461111.2,10700000,2,0,0,0,0,524,424,2.329571,1.8636568,0,3120,246.65218,537.0459,288418.28,0,0,0,1,0,0,0,0,0,252.13333,319.12,168.4,0,0,0,0,0,0,25,7978,20,3368,8192,2051,23,20,3425.0,0.0,3425,3425,10700000.0,0.0,10700000,10700000,Benign
6,10105961,6,8,1571,2958,991,0,261.83334,410.04947,1460,0,369.75,629.02344,448.1513435,1.385321,777381.6,2770577.0,9998307,1,107653,21530.6,18786.105,36866,695,10100000,1439104.8,3774316.2,9998370,1,0,0,0,0,132,172,0.593709,0.791612,0,1460,301.93332,517.4112,267714.34,0,0,0,1,0,0,0,0,1,323.5,261.83334,369.75,0,0,0,0,0,0,6,1571,8,2958,8192,58,5,20,107653.0,0.0,107653,107653,9998307.0,0.0,9998307,9998307,Benign
17,82497894,2,2,106,362,58,48,53.0,7.071068,282,80,181.0,142.83557,5.672872086,0.048486086,27500000.0,47500000.0,82400000,30687,82500000,82500000.0,0.0,82500000,82500000,82400000,82400000.0,0.0,82400000,82400000,0,0,0,0,40,52,0.024243044,0.024243044,48,282,103.2,100.80278,10161.2,0,0,0,0,0,0,0,0,1,129.0,53.0,181.0,0,0,0,0,0,0,2,106,2,362,-1,-1,1,20,65370.0,0.0,65370,65370,82400000.0,0.0,82400000,82400000,Benign
17,121729,2,2,78,164,39,39,39.0,0.0,82,82,82.0,0.0,1988.022575,32.85987727,40576.332,70275.94,121724,1,1,1.0,0.0,1,1,4,4.0,0.0,4,4,0,0,0,0,64,64,16.42994,16.42994,39,82,56.2,23.55207,554.7,0,0,0,0,0,0,0,0,1,70.25,39.0,82.0,0,0,0,0,0,0,2,78,2,164,-1,-1,1,32,0.0,0.0,0,0,0.0,0.0,0,0,Benign
17,48091,2,2,70,194,35,35,35.0,0.0,97,97,97.0,0.0,5489.592647,83.17564617,16030.333,27682.213,47995,48,48,48.0,0.0,48,48,48,48.0,0.0,48,48,0,0,0,0,64,64,41.587822,41.587822,35,97,59.8,33.958797,1153.2,0,0,0,0,0,0,0,0,1,74.75,35.0,97.0,0,0,0,0,0,0,2,70,2,194,-1,-1,1,32,0.0,0.0,0,0,0.0,0.0,0,0,Benign
6,52,1,1,0,0,0,0,0.0,0.0,0,0,0.0,0.0,0.0,38461.53846,52.0,0.0,52,52,0,0.0,0.0,0,0,0,0.0,0.0,0,0,0,0,0,0,32,32,19230.77,19230.77,0,0,0.0,0.0,0.0,0,0,0,0,1,1,0,0,1,0.0,0.0,0.0,0,0,0,0,0,0,1,0,1,0,419,1906,0,32,0.0,0.0,0,0,0.0,0.0,0,0,Benign
17,421380,4,2,128,124,32,32,32.0,0.0,62,62,62.0,0.0,598.0350278,14.23892923,84276.0,171580.83,390262,3,31115,10371.667,17958.191,31108,3,3,3.0,0.0,3,3,0,0,0,0,128,40,9.4926195,4.7463098,32,62,40.57143,14.638501,214.28572,0,0,0,0,0,0,0,0,0,47.333332,32.0,62.0,0,0,0,0,0,0,4,128,2,124,-1,-1,3,32,0.0,0.0,0,0,0.0,0.0,0,0,Benign
17,160,2,2,64,96,32,32,32.0,0.0,48,48,48.0,0.0,1000000.0,25000.0,53.333332,87.17989,154,3,3,3.0,0.0,3,3,3,3.0,0.0,3,3,0,0,0,0,40,40,12500.0,12500.0,32,48,38.4,8.763561,76.8,0,0,0,0,0,0,0,0,1,48.0,32.0,48.0,0,0,0,0,0,0,2,64,2,96,-1,-1,1,20,0.0,0.0,0,0,0.0,0.0,0,0,Benign
17,30981,1,1,51,67,51,51,51.0,0.0,67,67,67.0,0.0,3808.78603,64.55569543,30981.0,0.0,30981,30981,0,0.0,0.0,0,0,0,0.0,0.0,0,0,0,0,0,0,32,32,32.277847,32.277847,51,67,56.333332,9.237604,85.333336,0,0,0,0,0,0,0,0,1,84.5,51.0,67.0,0,0,0,0,0,0,1,51,1,67,-1,-1,0,32,0.0,0.0,0,0,0.0,0.0,0,0,Benign
6,149758,2,0,12,0,6,6,6.0,0.0,0,0,0.0,0.0,80.12927523,13.35487921,149758.0,0.0,149758,149758,149758,149758.0,0.0,149758,149758,0,0.0,0.0,0,0,0,0,0,0,40,0,13.354879,0.0,6,6,6.0,0.0,0.0,0,0,0,0,1,0,0,0,0,9.0,6.0,0.0,0,0,0,0,0,0,2,12,0,0,253,-1,1,20,0.0,0.0,0,0,0.0,0.0,0,0,Benign
17,558,1,1,81,209,81,81,81.0,0.0,209,209,209.0,0.0,519713.2616,3584.229391,558.0,0.0,558,558,0,0.0,0.0,0,0,0,0.0,0.0,0,0,0,0,0,0,20,20,1792.1147,1792.1147,81,209,123.666664,73.90083,5461.3335,0,0,0,0,0,0,0,0,1,185.5,81.0,209.0,0,0,0,0,0,0,1,81,1,209,-1,-1,0,20,0.0,0.0,0,0,0.0,0.0,0,0,Benign
17,76616,4,2,140,358,35,35,35.0,0.0,179,179,179.0,0.0,6499.947792,78.31262399,15323.2,20984.402,39059,3,39066,13022.0,22548.703,39059,3,3,3.0,0.0,3,3,0,0,0,0,80,40,52.208416,26.104208,35,179,76.14286,70.26481,4937.143,0,0,0,0,0,0,0,0,0,88.833336,35.0,179.0,0,0,0,0,0,0,4,140,2,358,-1,-1,3,20,0.0,0.0,0,0,0.0,0.0,0,0,Benign
17,143786,2,2,102,438,51,51,51.0,0.0,219,219,219.0,0.0,3755.581211,27.81912008,47928.668,83009.69,143780,3,3,3.0,0.0,3,3,3,3.0,0.0,3,3,0,0,0,0,64,64,13.90956,13.90956,51,219,118.2,92.01739,8467.2,0,0,0,0,0,0,0,0,1,147.75,51.0,219.0,0,0,0,0,0,0,2,102,2,438,-1,-1,1,32,0.0,0.0,0,0,0.0,0.0,0,0,Benign
6,5590888,8,6,390,3716,209,0,48.75,77.13578,1460,0,619.3333,679.909,734.4092745,2.504074487,430068.3,1491446.4,5393501,3,5590888,798698.3,2026327.2,5393501,3,111822,22364.4,31037.854,71289,50,0,0,0,0,172,132,1.4308997,1.0731748,0,1460,273.73334,503.5259,253538.36,0,0,0,1,0,0,0,0,0,293.2857,48.75,619.3333,0,0,0,0,0,0,8,390,6,3716,8192,119,7,20,197384.0,0.0,197384,197384,5393501.0,0.0,5393501,5393501,Benign
17,70899,1,1,47,112,47,47,47.0,0.0,112,112,112.0,0.0,2242.626835,28.20914258,70899.0,0.0,70899,70899,0,0.0,0.0,0,0,0,0.0,0.0,0,0,0,0,0,0,20,32,14.104571,14.104571,47,112,68.666664,37.527767,1408.3334,0,0,0,0,0,0,0,0,1,103.0,47.0,112.0,0,0,0,0,0,0,1,47,1,112,-1,-1,0,20,0.0,0.0,0,0,0.0,0.0,0,0,Benign
6,76,1,1,6,6,6,6,6.0,0.0,6,6,6.0,0.0,157894.7368,26315.78947,76.0,0.0,76,76,0,0.0,0.0,0,0,0,0.0,0.0,0,0,0,0,0,0,20,20,13157.895,13157.895,6,6,6.0,0.0,0.0,0,0,0,0,1,1,0,0,1,9.0,6.0,6.0,0,0,0,0,0,0,1,6,1,6,371,16310,0,20,0.0,0.0,0,0,0.0,0.0,0,0,Benign
17,191,2,2,60,264,30,30,30.0,0.0,132,132,132.0,0.0,1696335.079,20942.40838,63.666668,104.21292,184,3,4,4.0,0.0,4,4,3,3.0,0.0,3,3,0,0,0,0,40,40,10471.204,10471.204,30,132,70.8,55.867702,3121.2,0,0,0,0,0,0,0,0,1,88.5,30.0,132.0,0,0,0,0,0,0,2,60,2,264,-1,-1,1,20,0.0,0.0,0,0,0.0,0.0,0,0,Benign
17,272,2,2,64,200,32,32,32.0,0.0,100,100,100.0,0.0,970588.2353,14705.88235,90.666664,116.04022,222,2,2,2.0,0.0,2,2,48,48.0,0.0,48,48,0,0,0,0,64,64,7352.9414,7352.9414,32,100,59.2,37.245132,1387.2,0,0,0,0,0,0,0,0,1,74.0,32.0,100.0,0,0,0,0,0,0,2,64,2,200,-1,-1,1,32,0.0,0.0,0,0,0.0,0.0,0,0,Benign
17,30944,2,2,62,222,31,31,31.0,0.0,111,111,111.0,0.0,9177.8697,129.2657704,10314.667,17819.64,30891,4,4,4.0,0.0,4,4,49,49.0,0.0,49,49,0,0,0,0,64,40,64.63289,64.63289,31,111,63.0,43.817806,1920.0,0,0,0,0,0,0,0,0,1,78.75,31.0,111.0,0,0,0,0,0,0,2,62,2,222,-1,-1,1,32,0.0,0.0,0,0,0.0,0.0,0,0,Benign
17,30564,1,1,47,79,47,47,47.0,0.0,79,79,79.0,0.0,4122.497055,65.4364612,30564.0,0.0,30564,30564,0,0.0,0.0,0,0,0,0.0,0.0,0,0,0,0,0,0,20,20,32.71823,32.71823,47,79,57.666668,18.475208,341.33334,0,0,0,0,0,0,0,0,1,86.5,47.0,79.0,0,0,0,0,0,0,1,47,1,79,-1,-1,0,20,0.0,0.0,0,0,0.0,0.0,0,0,Benign
17,389,2,2,352,358,176,176,176.0,0.0,179,179,179.0,0.0,1825192.802,10282.77635,129.66667,182.74117,339,2,48,48.0,0.0,48,48,2,2.0,0.0,2,2,0,0,0,0,64,64,5141.388,5141.388,176,179,177.2,1.6431676,2.7,0,0,0,0,0,0,0,0,1,221.5,176.0,179.0,0,0,0,0,0,0,2,352,2,358,-1,-1,1,32,0.0,0.0,0,0,0.0,0.0,0,0,Benign
6,37658,2,1,0,0,0,0,0.0,0.0,0,0,0.0,0.0,0.0,79.66434755,18829.0,26558.932,37609,49,49,49.0,0.0,49,49,0,0.0,0.0,0,0,0,0,0,0,64,32,53.109566,26.554783,0,0,0.0,0.0,0.0,0,0,0,0,1,1,0,0,0,0.0,0.0,0.0,0,0,0,0,0,0,2,0,1,0,250,131,0,32,0.0,0.0,0,0,0.0,0.0,0,0,Benign
6,115464925,18,15,960,1598,435,0,53.333332,138.8588,796,0,106.53333,279.927,22.15391384,0.285801078,3608279.0,4759573.0,9997036,28,115000000,6792054.5,4607203.0,10000000,15692,111000000,7893503.0,4218263.0,10000000,816,0,0,0,0,372,444,0.1558915,0.12990957,0,796,75.23529,209.89218,44054.73,0,0,0,1,0,0,0,0,0,77.51515,53.333332,106.53333,0,0,0,0,0,0,18,960,15,1598,8192,290,17,20,71579.37,159028.75,551069,23504,9974693.0,57779.152,9997036,9800580,Benign
17,62291,2,2,160,416,80,80,80.0,0.0,208,208,208.0,0.0,9246.921706,64.21473407,20763.666,35918.7,62239,4,48,48.0,0.0,48,48,4,4.0,0.0,4,4,0,0,0,0,80,64,32.10737,32.10737,80,208,131.2,70.10849,4915.2,0,0,0,0,0,0,0,0,1,164.0,80.0,208.0,0,0,0,0,0,0,2,160,2,416,-1,-1,1,40,0.0,0.0,0,0,0.0,0.0,0,0,Benign
6,115978,2,1,12,6,6,6,6.0,0.0,6,6,6.0,0.0,155.2018486,25.86697477,57989.0,81938.12,115928,50,50,50.0,0.0,50,50,0,0.0,0.0,0,0,0,0,0,0,40,20,17.24465,8.622325,6,6,6.0,0.0,0.0,0,0,0,0,1,1,0,0,0,8.0,6.0,6.0,0,0,0,0,0,0,2,12,1,6,252,66,1,20,0.0,0.0,0,0,0.0,0.0,0,0,Benign
6,50808,2,1,12,6,6,6,6.0,0.0,6,6,6.0,0.0,354.2749173,59.04581956,25404.0,35885.668,50779,29,50808,50808.0,0.0,50808,50808,0,0.0,0.0,0,0,0,0,0,0,40,20,39.36388,19.68194,6,6,6.0,0.0,0.0,0,0,0,0,1,1,0,0,0,8.0,6.0,6.0,0,0,0,0,0,0,2,12,1,6,227,253,1,20,0.0,0.0,0,0,0.0,0.0,0,0,Benign
17,515,1,1,54,114,54,54,54.0,0.0,114,114,114.0,0.0,326213.5922,3883.495146,515.0,0.0,515,515,0,0.0,0.0,0,0,0,0.0,0.0,0,0,0,0,0,0,32,32,1941.7476,1941.7476,54,114,74.0,34.641018,1200.0,0,0,0,0,0,0,0,0,1,111.0,54.0,114.0,0,0,0,0,0,0,1,54,1,114,-1,-1,0,32,0.0,0.0,0,0,0.0,0.0,0,0,Benign
6,48,1,1,0,0,0,0,0.0,0.0,0,0,0.0,0.0,0.0,41666.66667,48.0,0.0,48,48,0,0.0,0.0,0,0,0,0.0,0.0,0,0,0,0,0,0,32,32,20833.334,20833.334,0,0,0.0,0.0,0.0,0,0,0,0,1,1,0,0,1,0.0,0.0,0.0,0,0,0,0,0,0,1,0,1,0,123,531,0,32,0.0,0.0,0,0,0.0,0.0,0,0,Benign
17,165,2,2,46,46,23,23,23.0,0.0,23,23,23.0,0.0,557575.7576,24242.42424,55.0,92.66607,162,1,2,2.0,0.0,2,2,1,1.0,0.0,1,1,0,0,0,0,64,64,12121.212,12121.212,23,23,23.0,0.0,0.0,0,0,0,0,0,0,0,0,1,28.75,23.0,23.0,0,0,0,0,0,0,2,46,2,46,-1,-1,1,32,0.0,0.0,0,0,0.0,0.0,0,0,Benign
6,2223635,10,10,702,3950,266,0,70.2,100.26055,1448,0,395.0,587.48315,2092.069967,8.994281885,117033.42,202601.12,706990,0,2223635,247070.56,308334.9,802465,248,2127398,236377.56,252315.92,706990,48,0,0,0,0,328,328,4.497141,4.497141,0,1448,221.5238,434.49393,188784.97,0,0,0,1,0,0,0,0,1,232.6,70.2,395.0,0,0,0,0,0,0,10,702,10,3950,29200,252,4,32,0.0,0.0,0,0,0.0,0.0,0,0,Benign
6,114641611,40,20,8060,1440,403,0,201.5,204.06699,72,72,72.0,0.0,82.86694436,0.523370175,1943078.1,5009259.5,16500000,3,115000000,2939528.5,5940806.0,16500000,3,115000000,6033746.0,7403128.5,16500000,3,1,0,0,0,1280,640,0.34891346,0.17445673,0,403,162.34427,178.25888,31776.23,0,1,0,0,1,0,0,0,0,165.05,201.5,72.0,0,0,0,0,0,0,40,8060,20,1440,299,2076,19,32,423.125,39.642826,473,359,14000000.0,3909645.5,16500000,7398524,Benign
17,48091,1,1,43,124,43,43,43.0,0.0,124,124,124.0,0.0,3472.583228,41.58782309,48091.0,0.0,48091,48091,0,0.0,0.0,0,0,0,0.0,0.0,0,0,0,0,0,0,20,20,20.793911,20.793911,43,124,70.0,46.765373,2187.0,0,0,0,0,0,0,0,0,1,105.0,43.0,124.0,0,0,0,0,0,0,1,43,1,124,-1,-1,0,20,0.0,0.0,0,0,0.0,0.0,0,0,Benign
17,23525,1,1,48,113,48,48,48.0,0.0,113,113,113.0,0.0,6843.783209,85.01594049,23525.0,0.0,23525,23525,0,0.0,0.0,0,0,0,0.0,0.0,0,0,0,0,0,0,20,20,42.50797,42.50797,48,113,69.666664,37.527767,1408.3334,0,0,0,0,0,0,0,0,1,104.5,48.0,113.0,0,0,0,0,0,0,1,48,1,113,-1,-1,0,20,0.0,0.0,0,0,0.0,0.0,0,0,Benign
6,114,3,1,43,6,31,6,14.333333,14.433757,6,6,6.0,0.0,429824.5614,35087.7193,38.0,49.78956,95,3,19,9.5,9.192389,16,3,0,0.0,0.0,0,0,0,0,0,0,60,20,26315.79,8771.93,6,31,11.0,11.18034,125.0,0,0,0,0,1,0,0,0,0,13.75,14.333333,6.0,0,0,0,0,0,0,3,43,1,6,980,0,2,20,0.0,0.0,0,0,0.0,0.0,0,0,Benign
17,190,2,2,78,272,39,39,39.0,0.0,136,136,136.0,0.0,1842105.263,21052.63158,63.333332,104.5004,184,3,3,3.0,0.0,3,3,3,3.0,0.0,3,3,0,0,0,0,40,40,10526.315,10526.315,39,136,77.8,53.12909,2822.7,0,0,0,0,0,0,0,0,1,97.25,39.0,136.0,0,0,0,0,0,0,2,78,2,272,-1,-1,1,20,0.0,0.0,0,0,0.0,0.0,0,0,Benign
17,198,2,2,82,114,41,41,41.0,0.0,57,57,57.0,0.0,989898.9899,20202.0202,66.0,112.583305,196,1,1,1.0,0.0,1,1,1,1.0,0.0,1,1,0,0,0,0,40,40,10101.01,10101.01,41,57,47.4,8.763561,76.8,0,0,0,0,0,0,0,0,1,59.25,41.0,57.0,0,0,0,0,0,0,2,82,2,114,-1,-1,1,20,0.0,0.0,0,0,0.0,0.0,0,0,Benign
17,23590,2,2,68,100,34,34,34.0,0.0,50,50,50.0,0.0,7121.661721,169.5633743,7863.3335,13613.631,23583,3,4,4.0,0.0,4,4,3,3.0,0.0,3,3,0,0,0,0,64,64,84.781685,84.781685,34,50,40.4,8.763561,76.8,0,0,0,0,0,0,0,0,1,50.5,34.0,50.0,0,0,0,0,0,0,2,68,2,100,-1,-1,1,32,0.0,0.0,0,0,0.0,0.0,0,0,Benign
17,88094458,2,2,128,330,66,62,64.0,2.828427,187,143,165.0,31.112698,5.198964956,0.045405807,29400000.0,50700000.0,88000000,60257,88000000,88000000.0,0.0,88000000,88000000,88000000,88000000.0,0.0,88000000,88000000,0,0,0,0,72,72,0.022702904,0.022702904,62,187,104.0,57.840298,3345.5,0,0,0,0,0,0,0,0,1,130.0,64.0,165.0,0,0,0,0,0,0,2,128,2,330,-1,-1,1,32,60257.0,0.0,60257,60257,88000000.0,0.0,88000000,88000000,Benign
6,5032834,4,4,416,2439,404,0,104.0,200.02,2427,0,609.75,1211.5033,567.2748197,1.589561666,718976.3,1887673.4,4999783,36,33051,11017.0,9431.915,16798,133,5016750,1672250.0,2881794.5,4999847,513,0,0,0,0,92,92,0.79478085,0.79478085,0,2427,317.22223,802.18604,643502.44,0,0,0,1,0,0,0,0,1,356.875,104.0,609.75,0,0,0,0,0,0,4,416,4,2439,8192,237,3,20,0.0,0.0,0,0,0.0,0.0,0,0,Benign
6,50571,1,1,6,6,6,6,6.0,0.0,6,6,6.0,0.0,237.2901465,39.54835775,50571.0,0.0,50571,50571,0,0.0,0.0,0,0,0,0.0,0.0,0,0,0,0,0,0,20,20,19.77418,19.77418,6,6,6.0,0.0,0.0,0,0,0,0,1,1,0,0,1,9.0,6.0,6.0,0,0,0,0,0,0,1,6,1,6,256,112,0,20,0.0,0.0,0,0,0.0,0.0,0,0,Benign
17,401,1,1,53,119,53,53,53.0,0.0,119,119,119.0,0.0,428927.6808,4987.531172,401.0,0.0,401,401,0,0.0,0.0,0,0,0,0.0,0.0,0,0,0,0,0,0,40,40,2493.7656,2493.7656,53,119,75.0,38.105118,1452.0,0,0,0,0,0,0,0,0,1,112.5,53.0,119.0,0,0,0,0,0,0,1,53,1,119,-1,-1,0,40,0.0,0.0,0,0,0.0,0.0,0,0,Benign
17,69832,1,1,60,165,60,60,60.0,0.0,165,165,165.0,0.0,3222.018559,28.64016497,69832.0,0.0,69832,69832,0,0.0,0.0,0,0,0,0.0,0.0,0,0,0,0,0,0,20,20,14.320083,14.320083,60,165,95.0,60.621777,3675.0,0,0,0,0,0,0,0,0,1,142.5,60.0,165.0,0,0,0,0,0,0,1,60,1,165,-1,-1,0,20,0.0,0.0,0,0,0.0,0.0,0,0,Benign
6,368,2,0,12,0,6,6,6.0,0.0,0,0,0.0,0.0,32608.69565,5434.782609,368.0,0.0,368,368,368,368.0,0.0,368,368,0,0.0,0.0,0,0,0,0,0,0,40,0,5434.7827,0.0,6,6,6.0,0.0,0.0,0,0,0,0,1,0,0,0,0,9.0,6.0,0.0,0,0,0,0,0,0,2,12,0,0,31,-1,1,20,0.0,0.0,0,0,0.0,0.0,0,0,Benign
17,30823,4,2,148,188,37,37,37.0,0.0,94,94,94.0,0.0,10900.95059,194.6598319,6164.6,11668.803,26807,3,26814,8938.0,15475.008,26807,3,4,4.0,0.0,4,4,0,0,0,0,128,64,129.77322,64.88661,37,94,53.285713,27.813152,773.5714,0,0,0,0,0,0,0,0,0,62.166668,37.0,94.0,0,0,0,0,0,0,4,148,2,188,-1,-1,3,32,0.0,0.0,0,0,0.0,0.0,0,0,Benign
6,12725354,11,10,1275,5466,488,0,115.90909,184.52016,1448,0,546.6,634.35535,529.7298606,1.650248787,636267.7,1385709.0,5000014,3,7725337,772533.7,1230003.9,3327365,202,12700000,1407941.1,1856402.5,5000058,3,0,0,0,0,360,328,0.864416,0.78583276,0,1448,306.4091,489.51547,239625.39,0,0,0,1,0,0,0,0,0,321.0,115.90909,546.6,0,0,0,0,0,0,11,1275,10,5466,29200,147,4,32,7725337.0,0.0,7725337,7725337,5000014.0,0.0,5000014,5000014,Benign
17,232,2,2,68,100,34,34,34.0,0.0,50,50,50.0,0.0,724137.931,17241.37931,77.333336,50.806824,136,48,48,48.0,0.0,48,48,48,48.0,0.0,48,48,0,0,0,0,40,40,8620.689,8620.689,34,50,40.4,8.763561,76.8,0,0,0,0,0,0,0,0,1,50.5,34.0,50.0,0,0,0,0,0,0,2,68,2,100,-1,-1,1,20,0.0,0.0,0,0,0.0,0.0,0,0,Benign
6,131322,20,25,176,438,43,0,8.8,12.680694,51,0,17.52,15.98468,4675.530376,342.6691643,2984.5908,13074.294,75758,0,131243,6907.5264,27458.2,120065,0,131153,5464.7085,17488.293,75758,0,0,0,0,0,656,816,152.29741,190.37177,0,51,13.347826,15.066102,226.98744,0,0,0,1,0,0,0,0,1,13.644444,8.8,17.52,0,0,0,0,0,0,20,176,25,438,29200,227,12,32,0.0,0.0,0,0,0.0,0.0,0,0,Benign
6,161,2,0,0,0,0,0,0.0,0.0,0,0,0.0,0.0,0.0,12422.36025,161.0,0.0,161,161,161,161.0,0.0,161,161,0,0.0,0.0,0,0,0,0,0,0,64,0,12422.36,0.0,0,0,0.0,0.0,0.0,0,0,0,0,1,0,0,0,0,0.0,0.0,0.0,0,0,0,0,0,0,2,0,0,0,455,-1,0,32,0.0,0.0,0,0,0.0,0.0,0,0,Benign
6,5403151,3,1,12,0,6,0,4.0,3.4641016,0,0,0.0,0.0,2.220926271,0.740308757,1801050.4,3008952.5,5274698,4,5403151,2701575.5,3638944.8,5274698,128453,0,0.0,0.0,0,0,0,0,0,0,72,32,0.5552316,0.18507719,0,6,2.4,3.2863352,10.8,0,0,0,1,0,0,0,0,0,3.0,4.0,0.0,0,0,0,0,0,0,3,12,1,0,8192,1410,2,20,0.0,0.0,0,0,0.0,0.0,0,0,Benign
17,244,2,2,82,498,41,41,41.0,0.0,249,249,249.0,0.0,2377049.18,16393.44262,81.333336,98.33277,192,4,4,4.0,0.0,4,4,48,48.0,0.0,48,48,0,0,0,0,64,64,8196.722,8196.722,41,249,124.2,113.92629,12979.2,0,0,0,0,0,0,0,0,1,155.25,41.0,249.0,0,0,0,0,0,0,2,82,2,498,-1,-1,1,32,0.0,0.0,0,0,0.0,0.0,0,0,Benign
17,23720,2,2,134,264,67,67,67.0,0.0,132,132,132.0,0.0,16779.08938,168.6340641,7906.6665,13687.82,23712,4,4,4.0,0.0,4,4,4,4.0,0.0,4,4,0,0,0,0,40,40,84.31703,84.31703,67,132,93.0,35.601967,1267.5,0,0,0,0,0,0,0,0,1,116.25,67.0,132.0,0,0,0,0,0,0,2,134,2,264,-1,-1,1,20,0.0,0.0,0,0,0.0,0.0,0,0,Benign
17,32841,2,2,92,228,46,46,46.0,0.0,114,114,114.0,0.0,9743.917664,121.7989708,10947.0,18916.605,32790,3,48,48.0,0.0,48,48,3,3.0,0.0,3,3,0,0,0,0,64,40,60.899487,60.899487,46,114,73.2,37.245132,1387.2,0,0,0,0,0,0,0,0,1,91.5,46.0,114.0,0,0,0,0,0,0,2,92,2,228,-1,-1,1,32,0.0,0.0,0,0,0.0,0.0,0,0,Benign
6,213,2,0,0,0,0,0,0.0,0.0,0,0,0.0,0.0,0.0,9389.671362,213.0,0.0,213,213,213,213.0,0.0,213,213,0,0.0,0.0,0,0,0,0,0,0,64,0,9389.671,0.0,0,0,0.0,0.0,0.0,0,0,0,0,1,0,0,0,0,0.0,0.0,0.0,0,0,0,0,0,0,2,0,0,0,323,-1,0,32,0.0,0.0,0,0,0.0,0.0,0,0,Benign
17,219,2,2,88,344,44,44,44.0,0.0,172,172,172.0,0.0,1972602.74,18264.84018,73.0,84.326744,167,4,4,4.0,0.0,4,4,48,48.0,0.0,48,48,0,0,0,0,40,40,9132.42,9132.42,44,172,95.2,70.10849,4915.2,0,0,0,0,0,0,0,0,1,119.0,44.0,172.0,0,0,0,0,0,0,2,88,2,344,-1,-1,1,20,0.0,0.0,0,0,0.0,0.0,0,0,Benign
6,5316090,8,7,584,4575,326,0,73.0,121.86996,1460,2,653.5714,755.49274,970.4500864,2.821622659,379720.72,1353741.4,5082505,2,5316090,759441.44,1906484.0,5082505,44,158765,26460.834,41623.47,95246,2,0,0,0,0,172,144,1.5048654,1.3167572,0,1460,322.4375,571.42206,326523.2,0,0,0,1,0,0,0,0,0,343.93332,73.0,653.5714,0,0,0,0,0,0,8,584,7,4575,8192,34968,7,20,233541.0,0.0,233541,233541,5082505.0,0.0,5082505,5082505,Benign
6,5934460,3,1,12,0,6,0,4.0,3.4641016,0,0,0.0,0.0,2.022087941,0.674029314,1978153.4,3247157.8,5725713,63,5934460,2967230.0,3901084.0,5725713,208747,0,0.0,0.0,0,0,0,0,0,0,72,32,0.505522,0.16850732,0,6,2.4,3.2863352,10.8,0,0,0,1,0,0,0,0,0,3.0,4.0,0.0,0,0,0,0,0,0,3,12,1,0,8192,14600,2,20,0.0,0.0,0,0,0.0,0.0,0,0,Benign
6,23628,14,6,18467,24,2920,0,1319.0714,1183.4308,6,0,4.0,3.0983868,782588.4544,846.4533604,1243.579,4376.8247,18881,1,23628,1817.5385,5254.3276,18881,2,19253,3850.6,8478.593,19017,3,0,0,0,0,304,144,592.51733,253.936,0,2920,880.5238,1146.3917,1314214.0,0,0,0,1,0,0,0,0,0,924.55,1319.0714,4.0,0,0,0,0,0,0,14,18467,6,24,8192,357,12,20,0.0,0.0,0,0,0.0,0.0,0,0,Benign
6,5318547,5,1,135,46,46,6,27.0,20.12461,46,46,46.0,0.0,34.03185118,1.128127663,1063709.4,2223749.2,5039375,3,5318547,1329636.8,2475228.0,5039375,3,0,0.0,0.0,0,0,1,0,0,0,100,20,0.9401064,0.18802127,6,46,32.42857,18.866701,355.9524,0,1,0,0,1,0,0,0,0,37.833332,27.0,46.0,0,0,0,0,0,0,5,135,1,46,256,351,4,20,233735.0,0.0,233735,233735,5039375.0,0.0,5039375,5039375,Benign
17,198157,2,2,72,268,36,36,36.0,0.0,134,134,134.0,0.0,1715.8112,20.18601412,66052.336,114399.94,198150,3,3,3.0,0.0,3,3,4,4.0,0.0,4,4,0,0,0,0,40,40,10.093007,10.093007,36,134,75.2,53.67681,2881.2,0,0,0,0,0,0,0,0,1,94.0,36.0,134.0,0,0,0,0,0,0,2,72,2,268,-1,-1,1,20,0.0,0.0,0,0,0.0,0.0,0,0,Benign
17,232682,4,2,128,800,32,32,32.0,0.0,400,400,400.0,0.0,3988.275844,25.78626623,46536.4,80928.3,186896,1,45782,15260.667,26428.785,45778,1,4,4.0,0.0,4,4,0,0,0,0,104,40,17.190844,8.595422,32,400,137.14285,179.56561,32243.809,0,0,0,0,0,0,0,0,0,160.0,32.0,400.0,0,0,0,0,0,0,4,128,2,800,-1,-1,3,20,0.0,0.0,0,0,0.0,0.0,0,0,Benign
17,31221,4,2,108,178,27,27,27.0,0.0,89,89,89.0,0.0,9160.500945,192.1783415,6244.2,13495.333,30378,3,30384,10128.0,17537.014,30378,3,49,49.0,0.0,49,49,0,0,0,0,104,64,128.1189,64.05945,27,89,44.714287,30.252903,915.2381,0,0,0,0,0,0,0,0,0,52.166668,27.0,89.0,0,0,0,0,0,0,4,108,2,178,-1,-1,3,20,0.0,0.0,0,0,0.0,0.0,0,0,Benign
6,142,1,1,0,6,0,0,0.0,0.0,6,6,6.0,0.0,42253.52113,14084.50704,142.0,0.0,142,142,0,0.0,0.0,0,0,0,0.0,0.0,0,0,0,0,0,0,40,20,7042.2534,7042.2534,0,6,2.0,3.4641016,12.0,0,0,0,1,0,0,0,0,1,3.0,0.0,6.0,0,0,0,0,0,0,1,0,1,6,29200,0,0,40,0.0,0.0,0,0,0.0,0.0,0,0,PortScan
17,61457,2,2,68,482,34,34,34.0,0.0,241,241,241.0,0.0,8949.346698,65.0861578,20485.666,35475.29,61449,4,4,4.0,0.0,4,4,4,4.0,0.0,4,4,0,0,0,0,64,64,32.54308,32.54308,34,241,116.8,113.37857,12854.7,0,0,0,0,0,0,0,0,1,146.0,34.0,241.0,0,0,0,0,0,0,2,68,2,482,-1,-1,1,32,0.0,0.0,0,0,0.0,0.0,0,0,Benign
17,253,2,2,66,450,33,33,33.0,0.0,225,225,225.0,0.0,2039525.692,15810.27668,84.333336,62.06717,156,48,49,49.0,0.0,49,49,48,48.0,0.0,48,48,0,0,0,0,40,40,7905.138,7905.138,33,225,109.8,105.16273,11059.2,0,0,0,0,0,0,0,0,1,137.25,33.0,225.0,0,0,0,0,0,0,2,66,2,450,-1,-1,1,20,0.0,0.0,0,0,0.0,0.0,0,0,Benign
6,44,1,1,6,6,6,6,6.0,0.0,6,6,6.0,0.0,272727.2727,45454.54545,44.0,0.0,44,44,0,0.0,0.0,0,0,0,0.0,0.0,0,0,0,0,0,0,20,20,22727.273,22727.273,6,6,6.0,0.0,0.0,0,0,0,0,1,1,0,0,1,9.0,6.0,6.0,0,0,0,0,0,0,1,6,1,6,36500,63462,0,20,0.0,0.0,0,0,0.0,0.0,0,0,Benign
17,189,2,2,62,260,31,31,31.0,0.0,130,130,130.0,0.0,1703703.704,21164.02116,63.0,68.73863,138,3,3,3.0,0.0,3,3,48,48.0,0.0,48,48,0,0,0,0,40,64,10582.011,10582.011,31,130,70.6,54.224533,2940.3,0,0,0,0,0,0,0,0,1,88.25,31.0,130.0,0,0,0,0,0,0,2,62,2,260,-1,-1,1,20,0.0,0.0,0,0,0.0,0.0,0,0,Benign
17,182,2,2,90,172,45,45,45.0,0.0,86,86,86.0,0.0,1439560.44,21978.02198,60.666668,63.947895,130,4,4,4.0,0.0,4,4,48,48.0,0.0,48,48,0,0,0,0,40,40,10989.011,10989.011,45,86,61.4,22.456625,504.3,0,0,0,0,0,0,0,0,1,76.75,45.0,86.0,0,0,0,0,0,0,2,90,2,172,-1,-1,1,20,0.0,0.0,0,0,0.0,0.0,0,0,Benign
17,26094,2,2,78,208,39,39,39.0,0.0,104,104,104.0,0.0,10960.37403,153.2919445,8698.0,15061.048,26089,1,1,1.0,0.0,1,1,4,4.0,0.0,4,4,0,0,0,0,64,64,76.64597,76.64597,39,104,65.0,35.601967,1267.5,0,0,0,0,0,0,0,0,1,81.25,39.0,104.0,0,0,0,0,0,0,2,78,2,208,-1,-1,1,32,0.0,0.0,0,0,0.0,0.0,0,0,Benign
6,45,1,2,6,12,6,6,6.0,0.0,6,6,6.0,0.0,400000.0,66666.66667,22.5,28.991379,43,2,0,0.0,0.0,0,0,2,2.0,0.0,2,2,0,0,0,0,20,40,22222.223,44444.445,6,6,6.0,0.0,0.0,0,0,0,0,1,1,0,0,2,8.0,6.0,6.0,0,0,0,0,0,0,1,6,2,12,229,255,0,20,0.0,0.0,0,0,0.0,0.0,0,0,Benign
6,115059920,16,14,439,796,439,0,27.4375,109.75,796,0,56.857143,212.73994,10.73353779,0.260733712,3967583.5,4987231.5,10200000,39,115000000,7670661.5,4434580.5,10200000,55,113000000,8662632.0,3839161.2,10200000,733,0,0,0,0,520,456,0.13905798,0.12167573,0,796,39.83871,160.94887,25904.54,0,0,0,1,0,0,0,0,0,41.166668,27.4375,56.857143,0,0,0,0,0,0,16,439,14,796,29200,285,1,32,25977.727,7460.2344,48467,23541,10200000.0,15190.288,10200000,10200000,Benign
6,112811265,48,24,9672,7584,403,0,201.5,203.63234,316,316,316.0,0.0,152.9634474,0.638234134,1588891.0,4276634.0,16400000,2,113000000,2400239.8,5083525.5,16400000,2,113000000,4904821.5,6418268.0,16400000,3,1,0,0,0,1536,768,0.42548943,0.21274471,0,403,241.90411,174.20392,30347.004,0,1,0,0,1,0,0,0,0,245.26389,201.5,316.0,0,0,0,0,0,0,48,9672,24,7584,978,2079,23,32,489346.12,1092421.2,3204465,284,12000000.0,4213636.5,16400000,5300651,Benign
17,24212,1,1,94,222,94,94,94.0,0.0,222,222,222.0,0.0,13051.37948,82.6036676,24212.0,0.0,24212,24212,0,0.0,0.0,0,0,0,0.0,0.0,0,0,0,0,0,0,32,32,41.301834,41.301834,94,222,136.66667,73.90083,5461.3335,0,0,0,0,0,0,0,0,1,205.0,94.0,222.0,0,0,0,0,0,0,1,94,1,222,-1,-1,0,32,0.0,0.0,0,0,0.0,0.0,0,0,Benign
6,115692574,16,14,439,796,439,0,27.4375,109.75,796,0,56.857143,212.73994,10.67484245,0.259307914,3989399.0,4890585.5,10000000,43,116000000,7712838.5,4173817.5,10000000,52,111000000,8501485.0,3767603.2,10000000,966,0,0,0,0,520,456,0.13829756,0.12101036,0,796,39.83871,160.94887,25904.54,0,0,0,1,0,0,0,0,0,41.166668,27.4375,56.857143,0,0,0,0,0,0,16,439,14,796,29200,285,1,32,25806.727,7435.275,48222,23429,10000000.0,7756.3877,10000000,9999172,Benign
6,79,1,1,6,6,6,6,6.0,0.0,6,6,6.0,0.0,151898.7342,25316.4557,79.0,0.0,79,79,0,0.0,0.0,0,0,0,0.0,0.0,0,0,0,0,0,0,20,20,12658.228,12658.228,6,6,6.0,0.0,0.0,0,0,0,0,1,1,0,0,1,9.0,6.0,6.0,0,0,0,0,0,0,1,6,1,6,123,255,0,20,0.0,0.0,0,0,0.0,0.0,0,0,Benign
6,74102,4,2,184,0,184,0,46.0,92.0,0,0,0.0,0.0,2483.063885,80.96947451,14820.4,20004.867,36845,63,74102,24700.666,21029.51,36908,418,37104,37104.0,0.0,37104,37104,0,0,0,0,136,72,53.97965,26.989824,0,184,26.285715,69.54546,4836.5713,0,0,0,1,0,0,0,0,0,30.666666,46.0,0.0,0,0,0,0,0,0,4,184,2,0,29200,340,1,32,0.0,0.0,0,0,0.0,0.0,0,0,Benign
17,60825,1,1,49,107,49,49,49.0,0.0,107,107,107.0,0.0,2564.734895,32.88121661,60825.0,0.0,60825,60825,0,0.0,0.0,0,0,0,0.0,0.0,0,0,0,0,0,0,20,32,16.440609,16.440609,49,107,68.333336,33.486317,1121.3334,0,0,0,0,0,0,0,0,1,102.5,49.0,107.0,0,0,0,0,0,0,1,49,1,107,-1,-1,0,20,0.0,0.0,0,0,0.0,0.0,0,0,Benign
17,62775,1,1,46,135,46,46,46.0,0.0,135,135,135.0,0.0,2883.313421,31.85981681,62775.0,0.0,62775,62775,0,0.0,0.0,0,0,0,0.0,0.0,0,0,0,0,0,0,32,32,15.929909,15.929909,46,135,75.666664,51.384174,2640.3333,0,0,0,0,0,0,0,0,1,113.5,46.0,135.0,0,0,0,0,0,0,1,46,1,135,-1,-1,0,32,0.0,0.0,0,0,0.0,0.0,0,0,Benign
17,6766079,4,4,216,376,60,48,54.0,6.928203,112,76,94.0,20.784609,87.49528346,1.182368695,966582.7,2557189.2,6765743,3,6765936,2255312.0,3906309.0,6765929,3,6765893,2255297.8,3906245.0,6765841,3,0,0,0,0,128,128,0.5911844,0.5911844,48,112,71.111115,25.595139,655.1111,0,0,0,0,0,0,0,0,1,80.0,54.0,94.0,0,0,0,0,0,0,4,216,4,376,-1,-1,3,32,189.0,0.0,189,189,6765743.0,0.0,6765743,6765743,Benign
17,31313,4,4,132,1076,33,33,33.0,0.0,269,269,269.0,0.0,38578.2263,255.4849424,4473.2856,11654.669,30903,3,30910,10303.333,17839.834,30903,3,219,73.0,85.29361,168,3,0,0,0,0,80,80,127.74247,127.74247,33,269,137.88889,124.38292,15471.111,0,0,0,0,0,0,0,0,1,155.125,33.0,269.0,0,0,0,0,0,0,4,132,4,1076,-1,-1,3,20,0.0,0.0,0,0,0.0,0.0,0,0,Benign
17,23428,1,1,43,99,43,43,43.0,0.0,99,99,99.0,0.0,6061.123442,85.3679358,23428.0,0.0,23428,23428,0,0.0,0.0,0,0,0,0.0,0.0,0,0,0,0,0,0,32,20,42.683968,42.683968,43,99,61.666668,32.331615,1045.3334,0,0,0,0,0,0,0,0,1,92.5,43.0,99.0,0,0,0,0,0,0,1,43,1,99,-1,-1,0,32,0.0,0.0,0,0,0.0,0.0,0,0,Benign
6,5461771,9,6,391,3974,210,0,43.444443,74.24135,1992,0,662.3333,848.6124,799.1913246,2.74636194,390126.5,1369243.1,5143817,3,5461771,682721.4,1804124.0,5143817,3,295740,59148.0,95043.4,226236,89,0,0,0,0,204,132,1.6478171,1.0985447,0,1992,272.8125,583.27136,340205.5,0,0,0,1,0,0,0,0,0,291.0,43.444443,662.3333,0,0,0,0,0,0,9,391,6,3974,8192,119,7,20,317951.0,0.0,317951,317951,5143817.0,0.0,5143817,5143817,Benign
6,11046337,7,6,2801,2038,952,0,400.14285,493.63834,989,0,339.66666,454.80487,438.0637672,1.17686071,920528.06,2696472.2,9466019,51,1580318,263386.34,176857.97,560966,23084,11000000,2204660.8,4180202.5,9664816,1802,0,0,0,0,152,128,0.63369423,0.54316646,0,989,345.64285,450.36612,202829.62,0,0,0,1,0,0,0,0,0,372.23077,400.14285,339.66666,0,0,0,0,0,0,7,2801,6,2038,8192,14280,6,20,0.0,0.0,0,0,0.0,0.0,0,0,Benign
17,86877,4,2,152,196,38,38,38.0,0.0,98,98,98.0,0.0,4005.663179,69.06315826,17375.4,25373.246,55976,3,30897,10299.0,17793.373,30845,3,4,4.0,0.0,4,4,0,0,0,0,104,40,46.042107,23.021053,38,98,55.142857,29.277002,857.1429,0,0,0,0,0,0,0,0,0,64.333336,38.0,98.0,0,0,0,0,0,0,4,152,2,196,-1,-1,3,20,0.0,0.0,0,0,0.0,0.0,0,0,Benign
17,23831,1,1,50,98,50,50,50.0,0.0,98,98,98.0,0.0,6210.398221,83.92430028,23831.0,0.0,23831,23831,0,0.0,0.0,0,0,0,0.0,0.0,0,0,0,0,0,0,32,20,41.96215,41.96215,50,98,66.0,27.712812,768.0,0,0,0,0,0,0,0,0,1,99.0,50.0,98.0,0,0,0,0,0,0,1,50,1,98,-1,-1,0,32,0.0,0.0,0,0,0.0,0.0,0,0,Benign
17,48253,2,2,48,172,24,24,24.0,0.0,86,86,86.0,0.0,4559.302012,82.89640022,16084.333,27853.686,48247,3,3,3.0,0.0,3,3,3,3.0,0.0,3,3,0,0,0,0,64,64,41.4482,41.4482,24,86,48.8,33.958797,1153.2,0,0,0,0,0,0,0,0,1,61.0,24.0,86.0,0,0,0,0,0,0,2,48,2,172,-1,-1,1,32,0.0,0.0,0,0,0.0,0.0,0,0,Benign
6,30,1,1,0,0,0,0,0.0,0.0,0,0,0.0,0.0,0.0,66666.66667,30.0,0.0,30,30,0,0.0,0.0,0,0,0,0.0,0.0,0,0,0,0,0,0,32,32,33333.332,33333.332,0,0,0.0,0.0,0.0,0,0,0,0,1,1,0,0,1,0.0,0.0,0.0,0,0,0,0,0,0,1,0,1,0,357,339,0,32,0.0,0.0,0,0,0.0,0.0,0,0,Benign
17,34212535,2,2,88,257,45,43,44.0,1.4142135,167,90,128.5,54.447224,10.0840233,0.116916212,11400000.0,19500000.0,33900000,31118,33900000,33900000.0,0.0,33900000,33900000,34200000,34200000.0,0.0,34200000,34200000,0,0,0,0,52,52,0.058458105,0.058458105,43,167,78.0,53.544373,2867.0,0,0,0,0,0,0,0,0,1,97.5,44.0,128.5,0,0,0,0,0,0,2,88,2,257,-1,-1,1,20,31118.0,0.0,31118,31118,33900000.0,0.0,33900000,33900000,Benign
17,191,2,2,66,252,33,33,33.0,0.0,126,126,126.0,0.0,1664921.466,20942.40838,63.666668,97.34646,176,4,4,4.0,0.0,4,4,11,11.0,0.0,11,11,0,0,0,0,40,40,10471.204,10471.204,33,126,70.2,50.938198,2594.7,0,0,0,0,0,0,0,0,1,87.75,33.0,126.0,0,0,0,0,0,0,2,66,2,252,-1,-1,1,20,0.0,0.0,0,0,0.0,0.0,0,0,Benign
17,164,2,2,88,120,44,44,44.0,0.0,60,60,60.0,0.0,1268292.683,24390.2439,54.666668,47.961792,106,11,11,11.0,0.0,11,11,47,47.0,0.0,47,47,0,0,0,0,64,64,12195.122,12195.122,44,60,50.4,8.763561,76.8,0,0,0,0,0,0,0,0,1,63.0,44.0,60.0,0,0,0,0,0,0,2,88,2,120,-1,-1,1,32,0.0,0.0,0,0,0.0,0.0,0,0,Benign
6,195,2,0,12,0,6,6,6.0,0.0,0,0,0.0,0.0,61538.46154,10256.41026,195.0,0.0,195,195,195,195.0,0.0,195,195,0,0.0,0.0,0,0,0,0,0,0,40,0,10256.41,0.0,6,6,6.0,0.0,0.0,0,0,0,0,1,0,0,0,0,9.0,6.0,0.0,0,0,0,0,0,0,2,12,0,0,255,-1,1,20,0.0,0.0,0,0,0.0,0.0,0,0,Benign
17,69600,4,2,144,104,36,36,36.0,0.0,52,52,52.0,0.0,3563.218391,86.20689655,13920.0,20063.844,43735,3,43783,14594.333,25236.566,43735,3,4,4.0,0.0,4,4,0,0,0,0,128,40,57.471264,28.735632,36,52,40.57143,7.8072004,60.95238,0,0,0,0,0,0,0,0,0,47.333332,36.0,52.0,0,0,0,0,0,0,4,144,2,104,-1,-1,3,32,0.0,0.0,0,0,0.0,0.0,0,0,Benign
17,61248,4,2,156,488,39,39,39.0,0.0,244,244,244.0,0.0,10514.62905,97.96238245,12249.6,16768.562,30711,3,30533,10177.667,17622.174,30526,3,4,4.0,0.0,4,4,0,0,0,0,80,40,65.30826,32.65413,39,244,97.57143,100.029755,10005.952,0,0,0,0,0,0,0,0,0,113.833336,39.0,244.0,0,0,0,0,0,0,4,156,2,488,-1,-1,3,20,0.0,0.0,0,0,0.0,0.0,0,0,Benign
6,98733,3,1,12,0,6,0,4.0,3.4641016,0,0,0.0,0.0,121.5399107,40.51330356,32911.0,38162.164,74785,88,98733,49366.5,35947.188,74785,23948,0,0.0,0.0,0,0,0,0,0,0,72,32,30.384977,10.128325,0,6,2.4,3.2863352,10.8,0,0,0,1,0,0,0,0,0,3.0,4.0,0.0,0,0,0,0,0,0,3,12,1,0,8192,65535,2,20,0.0,0.0,0,0,0.0,0.0,0,0,Benign
6,166276,7,8,1122,5613,517,0,160.28572,229.47528,1826,2,701.625,763.4433,40504.94359,90.21145565,11876.857,20094.223,50297,3,113546,18924.334,25200.143,52315,3,116077,16582.428,25309.277,56027,3,0,0,0,0,152,164,42.09868,48.112778,0,1826,420.9375,615.30054,378594.72,0,0,0,1,0,0,0,0,1,449.0,160.28572,701.625,0,0,0,0,0,0,7,1122,8,5613,8192,31088,6,20,0.0,0.0,0,0,0.0,0.0,0,0,Benign
17,249,2,2,88,662,44,44,44.0,0.0,331,331,331.0,0.0,3012048.193,16064.25703,83.0,101.14841,197,4,4,4.0,0.0,4,4,48,48.0,0.0,48,48,0,0,0,0,40,40,8032.1284,8032.1284,44,331,158.8,157.19638,24710.7,0,0,0,0,0,0,0,0,1,198.5,44.0,331.0,0,0,0,0,0,0,2,88,2,662,-1,-1,1,20,0.0,0.0,0,0,0.0,0.0,0,0,Benign
17,81515,1,1,60,76,60,60,60.0,0.0,76,76,76.0,0.0,1668.404588,24.53536159,81515.0,0.0,81515,81515,0,0.0,0.0,0,0,0,0.0,0.0,0,0,0,0,0,0,20,20,12.267681,12.267681,60,76,65.333336,9.237604,85.333336,0,0,0,0,0,0,0,0,1,98.0,60.0,76.0,0,0,0,0,0,0,1,60,1,76,-1,-1,0,20,0.0,0.0,0,0,0.0,0.0,0,0,Benign
17,1402610,2,2,66,288,33,33,33.0,0.0,144,144,144.0,0.0,252.3866221,2.851826238,467536.66,809793.8,1402606,1,1,1.0,0.0,1,1,3,3.0,0.0,3,3,0,0,0,0,64,40,1.4259131,1.4259131,33,144,77.4,60.797203,3696.3,0,0,0,0,0,0,0,0,1,96.75,33.0,144.0,0,0,0,0,0,0,2,66,2,288,-1,-1,1,32,0.0,0.0,0,0,0.0,0.0,0,0,Benign
6,10272932,8,11,2992,6047,1460,0,374.0,557.7385,1469,2,549.7273,724.5378,879.8851195,1.849520663,570718.44,2353214.8,9999037,1,273894,39127.715,73637.016,202530,49,10200000,1024070.1,3153748.5,9999062,1,0,0,0,0,172,224,0.77874553,1.0707752,0,1469,451.95,640.11053,409741.53,0,0,0,1,0,0,0,0,1,475.73685,374.0,549.7273,0,0,0,0,0,0,8,2992,11,6047,8192,35040,7,20,273894.0,0.0,273894,273894,9999037.0,0.0,9999037,9999037,Benign
6,77,1,1,0,0,0,0,0.0,0.0,0,0,0.0,0.0,0.0,25974.02597,77.0,0.0,77,77,0,0.0,0.0,0,0,0,0.0,0.0,0,0,0,0,0,0,32,32,12987.013,12987.013,0,0,0.0,0.0,0.0,0,0,0,0,1,1,0,0,1,0.0,0.0,0.0,0,0,0,0,0,0,1,0,1,0,365,275,0,32,0.0,0.0,0,0,0.0,0.0,0,0,Benign
6,77,1,1,0,0,0,0,0.0,0.0,0,0,0.0,0.0,0.0,25974.02597,77.0,0.0,77,77,0,0.0,0.0,0,0,0,0.0,0.0,0,0,0,0,0,0,32,32,12987.013,12987.013,0,0,0.0,0.0,0.0,0,0,0,0,1,0,0,0,1,0.0,0.0,0.0,0,0,0,0,0,0,1,0,1,0,349,308,0,32,0.0,0.0,0,0,0.0,0.0,0,0,Benign
17,289,2,2,62,94,31,31,31.0,0.0,47,47,47.0,0.0,539792.3875,13840.83045,96.333336,83.72176,193,47,49,49.0,0.0,49,49,47,47.0,0.0,47,47,0,0,0,0,64,64,6920.415,6920.415,31,47,37.4,8.763561,76.8,0,0,0,0,0,0,0,0,1,46.75,31.0,47.0,0,0,0,0,0,0,2,62,2,94,-1,-1,1,32,0.0,0.0,0,0,0.0,0.0,0,0,Benign
6,28,1,1,6,6,6,6,6.0,0.0,6,6,6.0,0.0,428571.4286,71428.57143,28.0,0.0,28,28,0,0.0,0.0,0,0,0,0.0,0.0,0,0,0,0,0,0,20,20,35714.285,35714.285,6,6,6.0,0.0,0.0,0,0,0,0,1,1,0,0,1,9.0,6.0,6.0,0,0,0,0,0,0,1,6,1,6,58,256,0,20,0.0,0.0,0,0,0.0,0.0,0,0,Benign
17,166,2,2,66,130,33,33,33.0,0.0,65,65,65.0,0.0,1180722.892,24096.38554,55.333332,56.95905,116,3,3,3.0,0.0,3,3,47,47.0,0.0,47,47,0,0,0,0,40,40,12048.192,12048.192,33,65,45.8,17.527122,307.2,0,0,0,0,0,0,0,0,1,57.25,33.0,65.0,0,0,0,0,0,0,2,66,2,130,-1,-1,1,20,0.0,0.0,0,0,0.0,0.0,0,0,Benign
17,41509,2,2,94,542,47,47,47.0,0.0,271,271,271.0,0.0,15321.97837,96.36464381,13836.333,23919.344,41456,4,49,49.0,0.0,49,49,4,4.0,0.0,4,4,0,0,0,0,40,40,48.182323,48.182323,47,271,136.6,122.68985,15052.8,0,0,0,0,0,0,0,0,1,170.75,47.0,271.0,0,0,0,0,0,0,2,94,2,542,-1,-1,1,20,0.0,0.0,0,0,0.0,0.0,0,0,Benign
6,4312428,7,7,932,5500,454,0,133.14285,219.1981,1460,0,785.7143,734.75116,1491.503162,3.246431013,331725.22,825645.2,2999759,5,4312423,718737.2,1141216.9,2999759,264,4108263,684710.5,1186843.2,2999851,200,0,0,0,0,152,152,1.6232156,1.6232156,0,1460,428.8,610.323,372494.16,0,0,0,1,0,0,0,0,1,459.42856,133.14285,785.7143,0,0,0,0,0,0,7,932,7,5500,8192,131,6,20,0.0,0.0,0,0,0.0,0.0,0,0,Benign
17,135,2,2,66,98,33,33,33.0,0.0,49,49,49.0,0.0,1214814.815,29629.62963,45.0,71.88185,128,3,4,4.0,0.0,4,4,3,3.0,0.0,3,3,0,0,0,0,64,64,14814.814,14814.814,33,49,39.4,8.763561,76.8,0,0,0,0,0,0,0,0,1,49.25,33.0,49.0,0,0,0,0,0,0,2,66,2,98,-1,-1,1,32,0.0,0.0,0,0,0.0,0.0,0,0,Benign
6,5702337,8,5,620,2725,342,0,77.5,126.64236,1400,0,545.0,712.05194,586.6015986,2.27976705,475194.75,1579355.2,5489942,2,5702337,814619.56,2061824.8,5489942,4,127238,31809.5,38455.34,78653,2,0,0,0,0,172,108,1.4029336,0.8768335,0,1400,238.92857,470.21262,221099.92,0,0,0,1,0,0,0,0,0,257.30768,77.5,545.0,0,0,0,0,0,0,8,620,5,2725,8192,11256,7,20,212391.0,0.0,212391,212391,5489942.0,0.0,5489942,5489942,Benign
17,387,1,1,52,129,52,52,52.0,0.0,129,129,129.0,0.0,467700.2584,5167.958656,387.0,0.0,387,387,0,0.0,0.0,0,0,0,0.0,0.0,0,0,0,0,0,0,20,20,2583.9792,2583.9792,52,129,77.666664,44.45597,1976.3334,0,0,0,0,0,0,0,0,1,116.5,52.0,129.0,0,0,0,0,0,0,1,52,1,129,-1,-1,0,20,0.0,0.0,0,0,0.0,0.0,0,0,Benign
17,23896,1,1,50,66,50,50,50.0,0.0,66,66,66.0,0.0,4854.368932,83.69601607,23896.0,0.0,23896,23896,0,0.0,0.0,0,0,0,0.0,0.0,0,0,0,0,0,0,20,32,41.848007,41.848007,50,66,55.333332,9.237604,85.333336,0,0,0,0,0,0,0,0,1,83.0,50.0,66.0,0,0,0,0,0,0,1,50,1,66,-1,-1,0,20,0.0,0.0,0,0,0.0,0.0,0,0,Benign
6,350450,1,1,0,6,0,0,0.0,0.0,6,6,6.0,0.0,17.12084463,5.706948209,350450.0,0.0,350450,350450,0,0.0,0.0,0,0,0,0.0,0.0,0,0,0,0,0,0,40,20,2.8534741,2.8534741,0,6,2.0,3.4641016,12.0,0,0,0,1,0,0,0,0,1,3.0,0.0,6.0,0,0,0,0,0,0,1,0,1,6,29200,0,0,40,0.0,0.0,0,0,0.0,0.0,0,0,Benign
6,115675028,16,14,517,801,433,0,32.3125,106.86048,795,0,57.214287,212.35536,11.39398903,0.259347246,3988794.0,4877462.0,10000000,25,116000000,7711668.5,4143300.0,10000000,23238,110000000,8487174.0,3751518.8,10000000,1652,0,0,0,0,332,424,0.13831852,0.121028714,0,795,42.51613,159.58464,25467.258,0,0,0,1,0,0,0,0,0,43.933334,32.3125,57.214287,0,0,0,0,0,0,16,517,14,801,8192,946,15,20,33804.727,35622.83,141211,22919,9996422.0,15325.907,10000000,9950847,Benign
6,3,2,0,12,0,6,6,6.0,0.0,0,0,0.0,0.0,4000000.0,666666.6667,3.0,0.0,3,3,3,3.0,0.0,3,3,0,0.0,0.0,0,0,0,0,0,0,40,0,666666.7,0.0,6,6,6.0,0.0,0.0,0,0,0,0,1,0,0,0,0,9.0,6.0,0.0,0,0,0,0,0,0,2,12,0,0,361,-1,1,20,0.0,0.0,0,0,0.0,0.0,0,0,Benign
6,10446238,5,5,898,1059,486,0,179.6,242.3774,549,0,211.8,285.12314,187.3401697,0.957282421,1160693.1,3296160.5,9948589,50,497649,124412.25,86535.8,201236,188,10300000,2575055.5,4950042.0,9999384,1888,0,0,0,0,112,112,0.4786412,0.4786412,0,549,177.90909,244.45386,59757.69,0,0,0,1,0,0,0,0,1,195.7,179.6,211.8,0,0,0,0,0,0,5,898,5,1059,8192,120,4,20,0.0,0.0,0,0,0.0,0.0,0,0,Benign
6,98054,2,2,0,12,0,0,0.0,0.0,6,6,6.0,0.0,122.3815449,40.79384829,32684.666,56593.316,98033,1,98054,98054.0,0.0,98054,98054,1,1.0,0.0,1,1,0,0,0,0,64,40,20.396925,20.396925,0,6,2.4,3.2863352,10.8,0,0,0,0,1,0,0,0,1,3.0,0.0,6.0,0,0,0,0,0,0,2,0,2,12,349,0,0,32,0.0,0.0,0,0,0.0,0.0,0,0,Benign
17,31257,4,2,172,142,43,43,43.0,0.0,71,71,71.0,0.0,10045.74975,191.9570016,6251.4,13834.179,30998,3,31004,10334.667,17894.97,30998,3,4,4.0,0.0,4,4,0,0,0,0,104,40,127.97134,63.98567,43,71,51.0,13.662601,186.66667,0,0,0,0,0,0,0,0,0,59.5,43.0,71.0,0,0,0,0,0,0,4,172,2,142,-1,-1,3,20,0.0,0.0,0,0,0.0,0.0,0,0,Benign
17,31133,1,1,53,150,53,53,53.0,0.0,150,150,150.0,0.0,6520.412424,64.24051649,31133.0,0.0,31133,31133,0,0.0,0.0,0,0,0,0.0,0.0,0,0,0,0,0,0,32,32,32.12026,32.12026,53,150,85.333336,56.002975,3136.3333,0,0,0,0,0,0,0,0,1,128.0,53.0,150.0,0,0,0,0,0,0,1,53,1,150,-1,-1,0,32,0.0,0.0,0,0,0.0,0.0,0,0,Benign
17,189,2,2,70,166,35,35,35.0,0.0,83,83,83.0,0.0,1248677.249,21164.02116,63.0,103.92305,183,3,3,3.0,0.0,3,3,3,3.0,0.0,3,3,0,0,0,0,64,64,10582.011,10582.011,35,83,54.2,26.290682,691.2,0,0,0,0,0,0,0,0,1,67.75,35.0,83.0,0,0,0,0,0,0,2,70,2,166,-1,-1,1,32,0.0,0.0,0,0,0.0,0.0,0,0,Benign
6,47048,2,1,12,0,6,6,6.0,0.0,0,0,0.0,0.0,255.0586635,63.76466587,23524.0,33263.72,47045,3,3,3.0,0.0,3,3,0,0.0,0.0,0,0,0,0,0,0,40,32,42.509777,21.254889,0,6,4.5,3.0,9.0,1,0,0,0,0,0,0,0,0,6.0,6.0,0.0,0,0,0,0,0,0,2,12,1,0,0,61,1,20,0.0,0.0,0,0,0.0,0.0,0,0,Benign
17,31381,2,2,82,182,41,41,41.0,0.0,91,91,91.0,0.0,8412.73382,127.4656639,10460.333,18072.809,31329,4,48,48.0,0.0,48,48,4,4.0,0.0,4,4,0,0,0,0,64,64,63.732834,63.732834,41,91,61.0,27.386127,750.0,0,0,0,0,0,0,0,0,1,76.25,41.0,91.0,0,0,0,0,0,0,2,82,2,182,-1,-1,1,32,0.0,0.0,0,0,0.0,0.0,0,0,Benign
17,193,2,2,78,272,39,39,39.0,0.0,136,136,136.0,0.0,1813471.503,20725.3886,64.333336,106.23245,187,3,3,3.0,0.0,3,3,3,3.0,0.0,3,3,0,0,0,0,64,64,10362.694,10362.694,39,136,77.8,53.12909,2822.7,0,0,0,0,0,0,0,0,1,97.25,39.0,136.0,0,0,0,0,0,0,2,78,2,272,-1,-1,1,32,0.0,0.0,0,0,0.0,0.0,0,0,Benign
6,94,1,1,0,0,0,0,0.0,0.0,0,0,0.0,0.0,0.0,21276.59574,94.0,0.0,94,94,0,0.0,0.0,0,0,0,0.0,0.0,0,0,0,0,0,0,32,32,10638.298,10638.298,0,0,0.0,0.0,0.0,0,0,0,0,1,1,0,0,1,0.0,0.0,0.0,0,0,0,0,0,0,1,0,1,0,350,246,0,32,0.0,0.0,0,0,0.0,0.0,0,0,Benign
6,11011822,4,2,18,0,18,0,4.5,9.0,0,0,0.0,0.0,1.63460688,0.54486896,2202364.5,3036146.8,6006859,121,11000000,3670607.2,3217606.2,6006859,595,6007459,6007459.0,0.0,6007459,6007459,0,0,0,0,136,72,0.36324596,0.18162298,0,18,2.5714285,6.8033605,46.285713,0,0,0,1,0,0,0,0,0,3.0,4.5,0.0,0,0,0,0,0,0,4,18,2,0,29200,227,1,32,595.0,0.0,595,595,6006859.0,0.0,6006859,6006859,PortScan
17,172,2,2,62,190,31,31,31.0,0.0,95,95,95.0,0.0,1465116.279,23255.81395,57.333332,94.10809,166,3,3,3.0,0.0,3,3,3,3.0,0.0,3,3,0,0,0,0,40,40,11627.907,11627.907,31,95,56.6,35.054245,1228.8,0,0,0,0,0,0,0,0,1,70.75,31.0,95.0,0,0,0,0,0,0,2,62,2,190,-1,-1,1,20,0.0,0.0,0,0,0.0,0.0,0,0,Benign
17,1156,2,2,66,470,33,33,33.0,0.0,235,235,235.0,0.0,463667.8201,3460.207612,385.33334,660.4887,1148,4,4,4.0,0.0,4,4,4,4.0,0.0,4,4,0,0,0,0,40,40,1730.1038,1730.1038,33,235,113.8,110.63995,12241.2,0,0,0,0,0,0,0,0,1,142.25,33.0,235.0,0,0,0,0,0,0,2,66,2,470,-1,-1,1,20,0.0,0.0,0,0,0.0,0.0,0,0,Benign
6,429792,10,7,318,5354,192,0,31.8,68.82151,1448,0,764.8571,661.9646,13197.08138,39.55401683,26862.0,46149.023,137022,1,429792,47754.668,53641.39,137022,263,272964,45494.0,72164.77,165627,224,0,0,0,0,328,232,23.267069,16.286947,0,1448,315.1111,541.76495,293509.28,0,0,0,1,0,0,0,0,0,333.64706,31.8,764.8571,0,0,0,0,0,0,10,318,7,5354,29200,939,2,32,0.0,0.0,0,0,0.0,0.0,0,0,Benign
6,352,2,0,0,0,0,0,0.0,0.0,0,0,0.0,0.0,0.0,5681.818182,352.0,0.0,352,352,352,352.0,0.0,352,352,0,0.0,0.0,0,0,0,0,0,0,64,0,5681.8184,0.0,0,0,0.0,0.0,0.0,0,0,0,0,1,0,0,0,0,0.0,0.0,0.0,0,0,0,0,0,0,2,0,0,0,235,-1,0,32,0.0,0.0,0,0,0.0,0.0,0,0,Benign
6,15520,1,1,0,356,0,0,0.0,0.0,356,356,356.0,0.0,22938.14433,128.8659794,15520.0,0.0,15520,15520,0,0.0,0.0,0,0,0,0.0,0.0,0,0,0,0,0,0,32,32,64.43299,64.43299,0,356,118.666664,205.5367,42245.332,0,0,0,0,1,0,0,0,1,178.0,0.0,356.0,0,0,0,0,0,0,1,0,1,356,319,66,0,32,0.0,0.0,0,0,0.0,0.0,0,0,Benign
6,60424564,14,12,867,3210,546,0,61.92857,151.4862,1448,0,267.5,553.3369,67.47255967,0.430288583,2416982.5,4355313.0,10200000,40,60400000,4648043.5,5205693.5,10200000,196,60400000,5488881.5,5241225.5,10200000,212,0,0,0,0,456,392,0.23169385,0.19859473,0,1448,151.0,390.41714,152425.53,0,0,0,1,0,0,0,0,0,156.8077,61.92857,267.5,0,0,0,0,0,0,14,867,12,3210,29200,123,3,32,64623.668,41988.785,150270,46608,10000000.0,330081.06,10200000,9350548,Benign
6,47167,3,4,443,872,437,0,147.66667,250.58798,860,0,218.0,428.00934,27879.66163,148.4088452,7861.1665,11891.687,23341,4,23451,11725.5,16194.866,23177,274,24084,8028.0,13581.384,23709,4,0,0,0,0,72,92,63.60379,84.80505,0,860,164.375,319.49155,102074.836,0,0,0,1,0,0,0,0,1,187.85715,147.66667,218.0,0,0,0,0,0,0,3,443,4,872,8192,31,2,20,0.0,0.0,0,0,0.0,0.0,0,0,Benign
17,348,1,1,40,213,40,40,40.0,0.0,213,213,213.0,0.0,727011.4943,5747.126437,348.0,0.0,348,348,0,0.0,0.0,0,0,0,0.0,0.0,0,0,0,0,0,0,32,32,2873.5632,2873.5632,40,213,97.666664,99.8816,9976.333,0,0,0,0,0,0,0,0,1,146.5,40.0,213.0,0,0,0,0,0,0,1,40,1,213,-1,-1,0,32,0.0,0.0,0,0,0.0,0.0,0,0,Benign
17,47621,2,2,70,102,35,35,35.0,0.0,51,51,51.0,0.0,3611.851914,83.99655614,15873.667,27488.8,47615,3,3,3.0,0.0,3,3,3,3.0,0.0,3,3,0,0,0,0,64,64,41.99828,41.99828,35,51,41.4,8.763561,76.8,0,0,0,0,0,0,0,0,1,51.75,35.0,51.0,0,0,0,0,0,0,2,70,2,102,-1,-1,1,32,0.0,0.0,0,0,0.0,0.0,0,0,Benign
17,49851,4,2,132,140,33,33,33.0,0.0,70,70,70.0,0.0,5456.259654,120.3586688,9970.2,14246.434,30700,3,30707,10235.667,17722.633,30700,3,3,3.0,0.0,3,3,0,0,0,0,80,40,80.23911,40.119556,33,70,43.57143,18.054152,325.9524,0,0,0,0,0,0,0,0,0,50.833332,33.0,70.0,0,0,0,0,0,0,4,132,2,140,-1,-1,3,20,0.0,0.0,0,0,0.0,0.0,0,0,Benign
17,639,1,1,87,169,87,87,87.0,0.0,169,169,169.0,0.0,400625.9781,3129.890454,639.0,0.0,639,639,0,0.0,0.0,0,0,0,0.0,0.0,0,0,0,0,0,0,32,32,1564.9452,1564.9452,87,169,114.333336,47.342724,2241.3333,0,0,0,0,0,0,0,0,1,171.5,87.0,169.0,0,0,0,0,0,0,1,87,1,169,-1,-1,0,32,0.0,0.0,0,0,0.0,0.0,0,0,Benign
6,412,3,1,18,6,6,6,6.0,0.0,6,6,6.0,0.0,58252.42718,9708.737864,137.33333,228.35571,401,3,412,206.0,287.08536,409,3,0,0.0,0.0,0,0,0,0,0,0,60,20,7281.553,2427.1846,6,6,6.0,0.0,0.0,0,0,0,0,1,0,0,0,0,7.5,6.0,6.0,0,0,0,0,0,0,3,18,1,6,4733,63440,2,20,0.0,0.0,0,0,0.0,0.0,0,0,Benign
6,33228,1,1,0,0,0,0,0.0,0.0,0,0,0.0,0.0,0.0,60.19020104,33228.0,0.0,33228,33228,0,0.0,0.0,0,0,0,0.0,0.0,0,0,0,0,0,0,32,32,30.0951,30.0951,0,0,0.0,0.0,0.0,0,0,0,0,1,1,0,0,1,0.0,0.0,0.0,0,0,0,0,0,0,1,0,1,0,1343,1006,0,32,0.0,0.0,0,0,0.0,0.0,0,0,Benign
17,201,2,2,86,408,43,43,43.0,0.0,204,204,204.0,0.0,2457711.443,19900.49751,67.0,109.98637,194,3,3,3.0,0.0,3,3,4,4.0,0.0,4,4,0,0,0,0,64,64,9950.249,9950.249,43,204,107.4,88.183334,7776.3,0,0,0,0,0,0,0,0,1,134.25,43.0,204.0,0,0,0,0,0,0,2,86,2,408,-1,-1,1,32,0.0,0.0,0,0,0.0,0.0,0,0,Benign
17,212,2,2,100,256,50,50,50.0,0.0,128,128,128.0,0.0,1679245.283,18867.92453,70.666664,79.73916,159,4,4,4.0,0.0,4,4,49,49.0,0.0,49,49,0,0,0,0,40,40,9433.962,9433.962,50,128,81.2,42.72236,1825.2,0,0,0,0,0,0,0,0,1,101.5,50.0,128.0,0,0,0,0,0,0,2,100,2,256,-1,-1,1,20,0.0,0.0,0,0,0.0,0.0,0,0,Benign
6,39,2,0,12,0,6,6,6.0,0.0,0,0,0.0,0.0,307692.3077,51282.05128,39.0,0.0,39,39,39,39.0,0.0,39,39,0,0.0,0.0,0,0,0,0,0,0,40,0,51282.05,0.0,6,6,6.0,0.0,0.0,0,0,0,0,1,0,0,0,0,9.0,6.0,0.0,0,0,0,0,0,0,2,12,0,0,16231,-1,1,20,0.0,0.0,0,0,0.0,0.0,0,0,Benign
17,80545,1,1,47,172,47,47,47.0,0.0,172,172,172.0,0.0,2718.976969,24.8308399,80545.0,0.0,80545,80545,0,0.0,0.0,0,0,0,0.0,0.0,0,0,0,0,0,0,20,32,12.41542,12.41542,47,172,88.666664,72.168785,5208.3335,0,0,0,0,0,0,0,0,1,133.0,47.0,172.0,0,0,0,0,0,0,1,47,1,172,-1,-1,0,20,0.0,0.0,0,0,0.0,0.0,0,0,Benign
17,233,2,2,84,366,42,42,42.0,0.0,183,183,183.0,0.0,1931330.472,17167.38197,77.666664,131.06233,229,1,1,1.0,0.0,1,1,3,3.0,0.0,3,3,0,0,0,0,64,64,8583.691,8583.691,42,183,98.4,77.22888,5964.3,0,0,0,0,0,0,0,0,1,123.0,42.0,183.0,0,0,0,0,0,0,2,84,2,366,-1,-1,1,32,0.0,0.0,0,0,0.0,0.0,0,0,Benign
17,82633,1,1,45,201,45,45,45.0,0.0,201,201,201.0,0.0,2977.018867,24.20340542,82633.0,0.0,82633,82633,0,0.0,0.0,0,0,0,0.0,0.0,0,0,0,0,0,0,32,20,12.101703,12.101703,45,201,97.0,90.06664,8112.0,0,0,0,0,0,0,0,0,1,145.5,45.0,201.0,0,0,0,0,0,0,1,45,1,201,-1,-1,0,32,0.0,0.0,0,0,0.0,0.0,0,0,Benign
17,307,2,2,76,308,38,38,38.0,0.0,154,154,154.0,0.0,1250814.332,13029.31596,102.333336,175.51448,305,1,1,1.0,0.0,1,1,1,1.0,0.0,1,1,0,0,0,0,64,64,6514.658,6514.658,38,154,84.4,63.535816,4036.8,0,0,0,0,0,0,0,0,1,105.5,38.0,154.0,0,0,0,0,0,0,2,76,2,308,-1,-1,1,32,0.0,0.0,0,0,0.0,0.0,0,0,Benign
6,1,2,0,12,0,6,6,6.0,0.0,0,0,0.0,0.0,12000000.0,2000000.0,1.0,0.0,1,1,1,1.0,0.0,1,1,0,0.0,0.0,0,0,0,0,0,0,40,0,2000000.0,0.0,6,6,6.0,0.0,0.0,0,0,0,0,1,0,0,0,0,9.0,6.0,0.0,0,0,0,0,0,0,2,12,0,0,187,-1,1,20,0.0,0.0,0,0,0.0,0.0,0,0,Benign
6,30270933,18,22,2247,24084,998,0,124.833336,296.54883,2920,0,1094.7273,959.71906,869.8443487,1.321399641,776177.75,2690607.8,10000000,3,20300000,1195044.0,3322519.8,10000000,167,30200000,1439768.6,3581152.2,10000000,3,0,0,0,0,372,476,0.5946298,0.7267698,0,2920,642.2195,874.2555,764322.6,0,0,0,1,0,0,0,0,1,658.275,124.833336,1094.7273,0,0,0,0,0,0,18,2247,22,24084,8192,67,17,20,114110.0,136009.33,271160,35478,9976200.0,49114.117,10000000,9919491,Benign
17,333,2,2,72,146,36,36,36.0,0.0,73,73,73.0,0.0,654654.6547,12012.01201,111.0,95.85927,186,3,3,3.0,0.0,3,3,186,186.0,0.0,186,186,0,0,0,0,40,40,6006.006,6006.006,36,73,50.8,20.265734,410.7,0,0,0,0,0,0,0,0,1,63.5,36.0,73.0,0,0,0,0,0,0,2,72,2,146,-1,-1,1,20,0.0,0.0,0,0,0.0,0.0,0,0,Benign
6,258,2,0,12,0,6,6,6.0,0.0,0,0,0.0,0.0,46511.62791,7751.937984,258.0,0.0,258,258,258,258.0,0.0,258,258,0,0.0,0.0,0,0,0,0,0,0,40,0,7751.938,0.0,6,6,6.0,0.0,0.0,0,0,0,0,1,0,0,0,0,9.0,6.0,0.0,0,0,0,0,0,0,2,12,0,0,32,-1,1,20,0.0,0.0,0,0,0.0,0.0,0,0,Benign
17,93224,1,1,48,146,48,48,48.0,0.0,146,146,146.0,0.0,2081.009182,21.45370291,93224.0,0.0,93224,93224,0,0.0,0.0,0,0,0,0.0,0.0,0,0,0,0,0,0,44,32,10.726851,10.726851,48,146,80.666664,56.580326,3201.3333,0,0,0,0,0,0,0,0,1,121.0,48.0,146.0,0,0,0,0,0,0,1,48,1,146,-1,-1,0,44,0.0,0.0,0,0,0.0,0.0,0,0,Benign
17,121152,1,1,52,176,52,52,52.0,0.0,176,176,176.0,0.0,1881.933439,16.50818806,121152.0,0.0,121152,121152,0,0.0,0.0,0,0,0,0.0,0.0,0,0,0,0,0,0,40,32,8.254094,8.254094,52,176,93.333336,71.59143,5125.3335,0,0,0,0,0,0,0,0,1,140.0,52.0,176.0,0,0,0,0,0,0,1,52,1,176,-1,-1,0,40,0.0,0.0,0,0,0.0,0.0,0,0,Benign
17,277,2,2,68,182,34,34,34.0,0.0,91,91,91.0,0.0,902527.0758,14440.43321,92.333336,118.68165,227,3,3,3.0,0.0,3,3,47,47.0,0.0,47,47,0,0,0,0,40,40,7220.217,7220.217,34,91,56.8,31.220186,974.7,0,0,0,0,0,0,0,0,1,71.0,34.0,91.0,0,0,0,0,0,0,2,68,2,182,-1,-1,1,20,0.0,0.0,0,0,0.0,0.0,0,0,Benign
6,2692184,3,4,432,2280,426,0,144.0,244.2376,2266,2,570.0,1130.6682,1007.360567,2.600119457,448697.34,1066739.6,2625930,5,2658625,1329312.5,1833694.0,2625930,32695,2659521,886507.0,1534697.5,2658623,5,0,0,0,0,72,84,1.114337,1.4857825,0,2266,339.0,792.5525,628139.44,0,0,0,1,0,0,0,0,1,387.42856,144.0,570.0,0,0,0,0,0,0,3,432,4,2280,8192,30016,2,20,0.0,0.0,0,0,0.0,0.0,0,0,Benign
17,47398,1,1,45,136,45,45,45.0,0.0,136,136,136.0,0.0,3818.726529,42.19587324,47398.0,0.0,47398,47398,0,0.0,0.0,0,0,0,0.0,0.0,0,0,0,0,0,0,32,32,21.097937,21.097937,45,136,75.333336,52.538876,2760.3333,0,0,0,0,0,0,0,0,1,113.0,45.0,136.0,0,0,0,0,0,0,1,45,1,136,-1,-1,0,32,0.0,0.0,0,0,0.0,0.0,0,0,Benign
17,476,1,1,58,145,58,58,58.0,0.0,145,145,145.0,0.0,426470.5882,4201.680672,476.0,0.0,476,476,0,0.0,0.0,0,0,0,0.0,0.0,0,0,0,0,0,0,32,32,2100.8403,2100.8403,58,145,87.0,50.229473,2523.0,0,0,0,0,0,0,0,0,1,130.5,58.0,145.0,0,0,0,0,0,0,1,58,1,145,-1,-1,0,32,0.0,0.0,0,0,0.0,0.0,0,0,Benign
17,158,2,2,70,134,35,35,35.0,0.0,67,67,67.0,0.0,1291139.241,25316.4557,52.666668,85.16063,151,3,4,4.0,0.0,4,4,3,3.0,0.0,3,3,0,0,0,0,40,40,12658.228,12658.228,35,67,47.8,17.527122,307.2,0,0,0,0,0,0,0,0,1,59.75,35.0,67.0,0,0,0,0,0,0,2,70,2,134,-1,-1,1,20,0.0,0.0,0,0,0.0,0.0,0,0,Benign
6,1,2,1,12,6,6,6,6.0,0.0,6,6,6.0,0.0,18000000.0,3000000.0,0.5,0.70710677,1,0,1,1.0,0.0,1,1,0,0.0,0.0,0,0,0,0,0,0,40,20,2000000.0,1000000.0,6,6,6.0,0.0,0.0,0,0,0,0,1,0,0,0,0,8.0,6.0,6.0,0,0,0,0,0,0,2,12,1,6,360,16312,1,20,0.0,0.0,0,0,0.0,0.0,0,0,Benign
6,79,1,1,6,2,6,6,6.0,0.0,2,2,2.0,0.0,101265.8228,25316.4557,79.0,0.0,79,79,0,0.0,0.0,0,0,0,0.0,0.0,0,0,0,0,0,0,20,24,12658.228,12658.228,2,6,4.6666665,2.309401,5.3333335,1,0,0,0,1,0,0,0,1,7.0,6.0,2.0,0,0,0,0,0,0,1,6,1,2,0,1024,0,20,0.0,0.0,0,0,0.0,0.0,0,0,Benign
6,1,2,0,0,0,0,0,0.0,0.0,0,0,0.0,0.0,0.0,2000000.0,1.0,0.0,1,1,1,1.0,0.0,1,1,0,0.0,0.0,0,0,0,0,0,0,64,0,2000000.0,0.0,0,0,0.0,0.0,0.0,0,0,0,0,1,0,0,0,0,0.0,0.0,0.0,0,0,0,0,0,0,2,0,0,0,126,-1,0,32,0.0,0.0,0,0,0.0,0.0,0,0,Benign
17,94671,1,1,45,222,45,45,45.0,0.0,222,222,222.0,0.0,2820.293437,21.12579354,94671.0,0.0,94671,94671,0,0.0,0.0,0,0,0,0.0,0.0,0,0,0,0,0,0,32,20,10.562897,10.562897,45,222,104.0,102.190994,10443.0,0,0,0,0,0,0,0,0,1,156.0,45.0,222.0,0,0,0,0,0,0,1,45,1,222,-1,-1,0,32,0.0,0.0,0,0,0.0,0.0,0,0,Benign
6,11053172,9,16,2967,11386,1743,0,329.66666,660.0894,1439,0,711.625,695.9747,1298.541269,2.261794171,460548.84,2037495.5,10000000,1,11000000,1372511.4,3495029.5,10000000,11650,11000000,735037.6,2578236.8,10000000,1,0,0,0,0,204,340,0.8142459,1.4475483,0,1743,552.03845,690.1806,476349.25,0,0,0,1,0,0,0,0,1,574.12,329.66666,711.625,0,0,0,0,0,0,9,2967,16,11386,8192,13140,7,20,976595.0,0.0,976595,976595,10000000.0,0.0,10000000,10000000,Benign
17,55030,1,1,44,151,44,44,44.0,0.0,151,151,151.0,0.0,3543.521715,36.34381247,55030.0,0.0,55030,55030,0,0.0,0.0,0,0,0,0.0,0.0,0,0,0,0,0,0,32,32,18.171906,18.171906,44,151,79.666664,61.776478,3816.3333,0,0,0,0,0,0,0,0,1,119.5,44.0,151.0,0,0,0,0,0,0,1,44,1,151,-1,-1,0,32,0.0,0.0,0,0,0.0,0.0,0,0,Benign
6,100,1,1,0,0,0,0,0.0,0.0,0,0,0.0,0.0,0.0,20000.0,100.0,0.0,100,100,0,0.0,0.0,0,0,0,0.0,0.0,0,0,0,0,0,0,32,32,10000.0,10000.0,0,0,0.0,0.0,0.0,0,0,0,0,1,1,0,0,1,0.0,0.0,0.0,0,0,0,0,0,0,1,0,1,0,358,339,0,32,0.0,0.0,0,0,0.0,0.0,0,0,Benign
17,92477,2,2,78,270,39,39,39.0,0.0,135,135,135.0,0.0,3763.097851,43.25399829,30825.666,53385.56,92470,3,3,3.0,0.0,3,3,4,4.0,0.0,4,4,0,0,0,0,64,64,21.626999,21.626999,39,135,77.4,52.581364,2764.8,0,0,0,0,0,0,0,0,1,96.75,39.0,135.0,0,0,0,0,0,0,2,78,2,270,-1,-1,1,32,0.0,0.0,0,0,0.0,0.0,0,0,Benign
6,117458446,15,12,2006,4868,884,0,133.73334,264.22485,1398,0,405.66666,516.15546,58.52282432,0.229868527,4517632.5,15900000.0,58900000,6,117000000,8389889.0,21300000.0,58900000,98,117000000,10700000.0,23700000.0,59000000,48,0,0,0,0,488,392,0.12770474,0.10216379,0,1398,245.5,406.5881,165313.89,0,0,0,1,0,0,0,0,0,254.59259,133.73334,405.66666,0,0,0,0,0,0,15,2006,12,4868,29200,130,7,32,66283.5,10697.818,73848,58719,58700000.0,410930.88,58900000,58400000,Benign
6,12743260,6,9,4668,3682,2381,0,778.0,1198.8265,1460,0,409.1111,610.99536,655.248343,1.177092832,910232.9,2685178.0,9948760,2,2794500,558900.0,1095007.9,2516614,32279,12700000,1588889.8,3511415.5,9999156,2,0,0,0,0,132,192,0.47083715,0.7062557,0,2381,521.875,854.5113,730189.56,0,0,0,1,0,0,0,0,1,556.6667,778.0,409.1111,0,0,0,0,0,0,6,4668,9,3682,8192,75,5,20,0.0,0.0,0,0,0.0,0.0,0,0,Benign
6,12436,2,1,298,6,298,0,149.0,210.71782,6,6,6.0,0.0,24445.15922,241.2351238,6218.0,8718.627,12383,53,12436,12436.0,0.0,12436,12436,0,0.0,0.0,0,0,1,0,0,0,64,20,160.82341,80.411705,0,298,150.5,170.33594,29014.334,0,1,0,0,1,0,0,0,0,200.66667,149.0,6.0,0,0,0,0,0,0,2,298,1,6,349,0,0,32,0.0,0.0,0,0,0.0,0.0,0,0,Benign
6,2504,2,1,43,6,37,6,21.5,21.920311,6,6,6.0,0.0,19568.6901,1198.083067,1252.0,1764.9385,2500,4,2504,2504.0,0.0,2504,2504,0,0.0,0.0,0,0,0,0,0,0,40,20,798.72205,399.36102,6,37,21.5,17.897858,320.33334,0,0,0,0,1,1,0,0,0,28.666666,21.5,6.0,0,0,0,0,0,0,2,43,1,6,40958,0,1,20,0.0,0.0,0,0,0.0,0.0,0,0,Benign
17,48273,1,1,53,116,53,53,53.0,0.0,116,116,116.0,0.0,3500.92184,41.4310277,48273.0,0.0,48273,48273,0,0.0,0.0,0,0,0,0.0,0.0,0,0,0,0,0,0,32,20,20.715513,20.715513,53,116,74.0,36.373066,1323.0,0,0,0,0,0,0,0,0,1,111.0,53.0,116.0,0,0,0,0,0,0,1,53,1,116,-1,-1,0,32,0.0,0.0,0,0,0.0,0.0,0,0,Benign
17,240,2,2,68,350,34,34,34.0,0.0,175,175,175.0,0.0,1741666.667,16666.66667,80.0,96.0833,188,4,4,4.0,0.0,4,4,48,48.0,0.0,48,48,0,0,0,0,40,40,8333.333,8333.333,34,175,90.4,77.22888,5964.3,0,0,0,0,0,0,0,0,1,113.0,34.0,175.0,0,0,0,0,0,0,2,68,2,350,-1,-1,1,20,0.0,0.0,0,0,0.0,0.0,0,0,Benign
6,65767774,18,20,1036,14390,384,0,57.555557,122.21015,1486,0,719.5,714.8639,234.5525637,0.577790576,1777507.4,3752186.2,10200000,1,62100000,3651179.8,4994504.0,10300000,150,65600000,3453826.2,4804059.5,10300000,3,0,0,0,0,584,648,0.27369028,0.3041003,0,1486,395.53845,612.91223,375661.4,0,0,0,1,0,0,0,0,1,405.94736,57.555557,719.5,0,0,0,0,0,0,18,1036,20,14390,29200,1026,4,32,254908.0,269985.72,806014,144615,10100000.0,71089.23,10200000,9968027,Benign
6,115503048,20,19,2298,5171,1839,0,114.9,409.11984,1460,0,272.1579,543.1724,64.66496018,0.337653427,3039554.0,4569831.0,10000000,2,116000000,6079108.0,4875293.5,10000000,3,110000000,6137457.5,5021094.0,10000000,48,0,0,0,0,412,524,0.1731556,0.16449782,0,1839,186.725,474.1409,224809.6,0,0,0,1,0,0,0,0,0,191.51282,114.9,272.1579,0,0,0,0,0,0,20,2298,19,5171,8192,133,19,20,48810.273,63689.492,240841,29443,9994305.0,20313.885,10000000,9933089,Benign
6,54208809,150,279,9878,344934,1051,0,65.85333,237.98698,2920,0,1236.3226,566.26355,6545.283074,7.913842933,126656.09,1012064.06,10000000,2,48300000,323893.78,1632763.8,10000000,170,54200000,194941.36,1254442.1,10000000,2,0,0,0,0,3012,5640,2.767078,5.1467648,0,2920,825.14417,735.24347,540582.94,0,0,0,1,0,0,0,0,1,827.0676,65.85333,1236.3226,0,0,0,0,0,0,150,9878,279,344934,8192,47,149,20,2076517.2,4122024.5,8259554,15070,9988526.0,24567.467,10000000,9951684,Benign
17,41606,1,1,46,119,46,46,46.0,0.0,119,119,119.0,0.0,3965.774167,48.06998991,41606.0,0.0,41606,41606,0,0.0,0.0,0,0,0,0.0,0.0,0,0,0,0,0,0,20,20,24.034994,24.034994,46,119,70.333336,42.14657,1776.3334,0,0,0,0,0,0,0,0,1,105.5,46.0,119.0,0,0,0,0,0,0,1,46,1,119,-1,-1,0,20,0.0,0.0,0,0,0.0,0.0,0,0,Benign
6,116184114,20,17,1403,924,804,0,70.15,207.59862,557,0,54.35294,157.06604,20.02855571,0.318460061,3227336.5,4722923.5,10200000,10,116000000,6114953.5,4999354.5,10200000,17,113000000,7033463.0,4871581.5,10200000,48,0,0,0,0,648,552,0.17214057,0.1463195,0,804,61.236843,181.5628,32965.05,0,0,0,1,0,0,0,0,0,62.89189,70.15,54.35294,0,0,0,0,0,0,20,1403,17,924,29200,124,4,32,39439.816,57573.777,213031,21936,10200000.0,67186.12,10200000,10000000,Benign
17,162,2,2,80,112,40,40,40.0,0.0,56,56,56.0,0.0,1185185.185,24691.35802,54.0,53.25411,110,4,4,4.0,0.0,4,4,48,48.0,0.0,48,48,0,0,0,0,64,64,12345.679,12345.679,40,56,46.4,8.763561,76.8,0,0,0,0,0,0,0,0,1,58.0,40.0,56.0,0,0,0,0,0,0,2,80,2,112,-1,-1,1,32,0.0,0.0,0,0,0.0,0.0,0,0,Benign
17,36426266,2,2,104,152,71,33,52.0,26.870058,87,65,76.0,15.556349,7.02789575,0.109810871,12100000.0,21000000.0,36400000,23005,36400000,36400000.0,0.0,36400000,36400000,36400000,36400000.0,0.0,36400000,36400000,0,0,0,0,40,52,0.054905437,0.054905437,33,87,57.8,24.024986,577.2,0,0,0,0,0,0,0,0,1,72.25,52.0,76.0,0,0,0,0,0,0,2,104,2,152,-1,-1,1,20,23005.0,0.0,23005,23005,36400000.0,0.0,36400000,36400000,Benign
6,41519226,8,9,806,2902,770,0,100.75,270.426,1460,0,322.44446,636.4784,89.30802323,0.409448866,2594951.5,4422154.0,9999785,39,40400000,5766921.0,5324691.5,10100000,27728,41500000,5183566.0,5212357.5,10100000,216,0,0,0,0,172,240,0.19268182,0.21676704,0,1460,206.0,485.42523,235637.64,0,0,0,1,0,0,0,0,1,218.11765,100.75,322.44446,0,0,0,0,0,0,8,806,9,2902,8192,223,7,20,94151.0,86748.69,224274,50710,9997961.0,3059.5674,9999785,9993411,Benign
17,224,2,2,72,246,36,36,36.0,0.0,123,123,123.0,0.0,1419642.857,17857.14286,74.666664,45.324753,127,48,49,49.0,0.0,49,49,48,48.0,0.0,48,48,0,0,0,0,64,64,8928.571,8928.571,36,123,70.8,47.651863,2270.7,0,0,0,0,0,0,0,0,1,88.5,36.0,123.0,0,0,0,0,0,0,2,72,2,246,-1,-1,1,32,0.0,0.0,0,0,0.0,0.0,0,0,Benign
6,10,2,0,0,0,0,0,0.0,0.0,0,0,0.0,0.0,0.0,200000.0,10.0,0.0,10,10,10,10.0,0.0,10,10,0,0.0,0.0,0,0,0,0,0,0,64,0,200000.0,0.0,0,0,0.0,0.0,0.0,0,0,0,0,1,0,0,0,0,0.0,0.0,0.0,0,0,0,0,0,0,2,0,0,0,65535,-1,0,32,0.0,0.0,0,0,0.0,0.0,0,0,Benign
6,111177038,21,19,8262,3344,4158,0,393.42856,1189.9081,1533,0,176.0,466.04257,104.3920598,0.359786524,2850693.2,4539302.5,10200000,17,111000000,5554613.5,5119953.0,10200000,396,111000000,6171797.0,5046447.0,10200000,225,0,0,0,0,680,616,0.18888792,0.1708986,0,4158,283.07318,905.2741,819521.25,0,0,0,1,0,0,0,0,0,290.15,393.42856,176.0,0,0,0,0,0,0,21,8262,19,3344,29200,177,4,32,109602.73,81989.414,356808,84570,9989694.0,457587.25,10200000,8620696,Benign
6,10697158,25,20,7882,3368,3072,0,315.28,704.407,420,0,168.4,138.09166,1051.681204,4.206724814,243117.23,1612175.8,10700000,1,10700000,445714.9,2182883.5,10700000,1,10700000,563002.0,2453373.2,10700000,1,0,0,0,0,524,424,2.3370693,1.8696555,0,3072,244.56522,528.55585,279371.28,0,0,0,1,0,0,0,0,0,250.0,315.28,168.4,0,0,0,0,0,0,25,7882,20,3368,8192,2051,23,20,2862.0,0.0,2862,2862,10700000.0,0.0,10700000,10700000,Benign
17,194,2,2,72,200,36,36,36.0,0.0,100,100,100.0,0.0,1402061.856,20618.5567,64.666664,109.40902,191,1,2,2.0,0.0,2,2,1,1.0,0.0,1,1,0,0,0,0,64,64,10309.278,10309.278,36,100,61.6,35.054245,1228.8,0,0,0,0,0,0,0,0,1,77.0,36.0,100.0,0,0,0,0,0,0,2,72,2,200,-1,-1,1,32,0.0,0.0,0,0,0.0,0.0,0,0,Benign
6,85365947,20,20,1618,6190,427,0,80.9,117.72488,1410,0,309.5,464.20465,91.46504285,0.468570916,2188870.5,10100000.0,58500000,1,85400000,4492944.5,14300000.0,58500000,26,85300000,4488439.0,14300000.0,58600000,1,0,0,0,0,424,412,0.23428546,0.23428546,0,1410,190.43903,350.61768,122932.75,0,0,0,1,0,0,0,0,1,195.2,80.9,309.5,0,0,0,0,0,0,20,1618,20,6190,8192,132,18,20,620266.5,756234.44,1155005,85528,42000000.0,23400000.0,58500000,25500000,Benign
6,2829686,2,1,0,0,0,0,0.0,0.0,0,0,0.0,0.0,0.0,1.060188304,1414843.0,1945815.0,2790742,38944,2829686,2829686.0,0.0,2829686,2829686,0,0.0,0.0,0,0,0,0,0,0,64,32,0.7067922,0.3533961,0,0,0.0,0.0,0.0,0,0,0,0,1,0,0,0,0,0.0,0.0,0.0,0,0,0,0,0,0,2,0,1,0,302,972,0,32,0.0,0.0,0,0,0.0,0.0,0,0,Benign
17,24362,2,2,66,252,33,33,33.0,0.0,126,126,126.0,0.0,13053.11551,164.1901322,8120.6665,14058.4795,24354,4,4,4.0,0.0,4,4,4,4.0,0.0,4,4,0,0,0,0,40,40,82.09507,82.09507,33,126,70.2,50.938198,2594.7,0,0,0,0,0,0,0,0,1,87.75,33.0,126.0,0,0,0,0,0,0,2,66,2,252,-1,-1,1,20,0.0,0.0,0,0,0.0,0.0,0,0,Benign
6,227,4,0,46,0,46,0,11.5,23.0,0,0,0.0,0.0,202643.1718,17621.14537,75.666664,68.339836,137,2,227,75.666664,68.339836,137,2,0,0.0,0.0,0,0,0,0,0,0,128,0,17621.145,0.0,0,46,9.2,20.571825,423.2,0,0,0,0,1,0,0,0,0,11.5,11.5,0.0,0,0,0,0,0,0,4,46,0,0,307,-1,1,32,0.0,0.0,0,0,0.0,0.0,0,0,Benign
6,133,2,0,12,0,6,6,6.0,0.0,0,0,0.0,0.0,90225.56391,15037.59398,133.0,0.0,133,133,133,133.0,0.0,133,133,0,0.0,0.0,0,0,0,0,0,0,40,0,15037.594,0.0,6,6,6.0,0.0,0.0,0,0,0,0,1,0,0,0,0,9.0,6.0,0.0,0,0,0,0,0,0,2,12,0,0,62801,-1,1,20,0.0,0.0,0,0,0.0,0.0,0,0,Benign
6,97,2,0,12,0,6,6,6.0,0.0,0,0,0.0,0.0,123711.3402,20618.5567,97.0,0.0,97,97,97,97.0,0.0,97,97,0,0.0,0.0,0,0,0,0,0,0,40,0,20618.557,0.0,6,6,6.0,0.0,0.0,0,0,0,0,1,0,0,0,0,9.0,6.0,0.0,0,0,0,0,0,0,2,12,0,0,16304,-1,1,20,0.0,0.0,0,0,0.0,0.0,0,0,Benign
17,222,2,2,58,166,29,29,29.0,0.0,83,83,83.0,0.0,1009009.009,18018.01802,74.0,122.97561,216,3,3,3.0,0.0,3,3,3,3.0,0.0,3,3,0,0,0,0,64,64,9009.009,9009.009,29,83,50.6,29.577019,874.8,0,0,0,0,0,0,0,0,1,63.25,29.0,83.0,0,0,0,0,0,0,2,58,2,166,-1,-1,1,32,0.0,0.0,0,0,0.0,0.0,0,0,Benign
17,31050,2,2,76,418,38,38,38.0,0.0,209,209,209.0,0.0,15909.82287,128.8244767,10350.0,17916.334,31038,1,11,11.0,0.0,11,11,1,1.0,0.0,1,1,0,0,0,0,40,52,64.41224,64.41224,38,209,106.4,93.66056,8772.3,0,0,0,0,0,0,0,0,1,133.0,38.0,209.0,0,0,0,0,0,0,2,76,2,418,-1,-1,1,20,0.0,0.0,0,0,0.0,0.0,0,0,Benign
17,193,2,2,92,348,46,46,46.0,0.0,174,174,174.0,0.0,2279792.746,20725.3886,64.333336,104.5004,185,4,4,4.0,0.0,4,4,4,4.0,0.0,4,4,0,0,0,0,40,40,10362.694,10362.694,46,174,97.2,70.10849,4915.2,0,0,0,0,0,0,0,0,1,121.5,46.0,174.0,0,0,0,0,0,0,2,92,2,348,-1,-1,1,20,0.0,0.0,0,0,0.0,0.0,0,0,Benign
17,220,2,2,64,636,32,32,32.0,0.0,318,318,318.0,0.0,3181818.182,18181.81818,73.333336,117.51737,209,3,3,3.0,0.0,3,3,8,8.0,0.0,8,8,0,0,0,0,40,40,9090.909,9090.909,32,318,146.4,156.64865,24538.8,0,0,0,0,0,0,0,0,1,183.0,32.0,318.0,0,0,0,0,0,0,2,64,2,636,-1,-1,1,20,0.0,0.0,0,0,0.0,0.0,0,0,Benign
6,20541159,9,10,754,4306,378,0,83.77778,132.3837,1460,0,430.6,601.08905,246.3346883,0.92497215,1141175.5,3211654.2,9977655,49,10500000,1317429.5,3499737.2,9977655,34747,20500000,2277602.5,4379472.5,10000000,49,0,0,0,0,192,208,0.4381447,0.48682743,0,1460,253.0,460.49905,212059.38,0,0,0,1,0,0,0,0,1,266.3158,83.77778,430.6,0,0,0,0,0,0,9,754,10,4306,8192,35,8,20,302330.5,366918.4,561781,42880,9968144.0,13450.585,9977655,9958633,Benign
6,5848,3,0,18,0,6,6,6.0,0.0,0,0,0.0,0.0,3077.975376,512.995896,2924.0,4130.918,5845,3,5848,2924.0,4130.918,5845,3,0,0.0,0.0,0,0,0,0,0,0,60,0,512.9959,0.0,6,6,6.0,0.0,0.0,0,0,0,0,1,0,0,0,0,8.0,6.0,0.0,0,0,0,0,0,0,3,18,0,0,8192,-1,2,20,0.0,0.0,0,0,0.0,0.0,0,0,Benign
6,31589,3,4,92,19,86,0,30.666666,48.013885,7,0,4.75,3.2015622,3513.881414,221.5961252,5264.8335,7673.5415,15267,3,16015,8007.5,10597.409,15501,514,16322,5440.6665,8989.631,15817,3,0,0,0,0,84,92,94.969765,126.62636,0,86,13.875,29.308397,858.9821,0,0,0,1,0,0,0,0,1,15.857142,30.666666,4.75,0,0,0,0,0,0,3,92,4,19,65535,29,2,20,0.0,0.0,0,0,0.0,0.0,0,0,Benign
6,16,1,1,6,6,6,6,6.0,0.0,6,6,6.0,0.0,750000.0,125000.0,16.0,0.0,16,16,0,0.0,0.0,0,0,0,0.0,0.0,0,0,0,0,0,0,20,20,62500.0,62500.0,6,6,6.0,0.0,0.0,0,0,0,0,1,1,0,0,1,9.0,6.0,6.0,0,0,0,0,0,0,1,6,1,6,119,255,0,20,0.0,0.0,0,0,0.0,0.0,0,0,Benign
17,31532,2,2,86,242,43,43,43.0,0.0,121,121,121.0,0.0,10402.13117,126.8552582,10510.667,18198.08,31524,4,4,4.0,0.0,4,4,4,4.0,0.0,4,4,0,0,0,0,40,40,63.427628,63.427628,43,121,74.2,42.72236,1825.2,0,0,0,0,0,0,0,0,1,92.75,43.0,121.0,0,0,0,0,0,0,2,86,2,242,-1,-1,1,20,0.0,0.0,0,0,0.0,0.0,0,0,Benign
6,1014245,3,3,0,18,0,0,0.0,0.0,6,6,6.0,0.0,17.74719126,5.91573042,202849.0,276960.78,513006,601,1013638,506819.0,9654.836,513646,499992,1013605,506802.5,9623.017,513607,499998,0,0,0,0,92,60,2.9578652,2.9578652,0,6,2.5714285,3.207135,10.285714,0,0,0,1,0,0,0,0,1,3.0,0.0,6.0,0,0,0,0,0,0,3,0,3,18,8192,0,0,28,0.0,0.0,0,0,0.0,0.0,0,0,Benign
17,158,2,2,86,118,43,43,43.0,0.0,59,59,59.0,0.0,1291139.241,25316.4557,52.666668,85.16063,151,3,3,3.0,0.0,3,3,4,4.0,0.0,4,4,0,0,0,0,64,64,12658.228,12658.228,43,59,49.4,8.763561,76.8,0,0,0,0,0,0,0,0,1,61.75,43.0,59.0,0,0,0,0,0,0,2,86,2,118,-1,-1,1,32,0.0,0.0,0,0,0.0,0.0,0,0,Benign
6,11,1,1,6,6,6,6,6.0,0.0,6,6,6.0,0.0,1090909.091,181818.1818,11.0,0.0,11,11,0,0.0,0.0,0,0,0,0.0,0.0,0,0,0,0,0,0,20,20,90909.09,90909.09,6,6,6.0,0.0,0.0,0,0,0,0,1,0,0,0,1,9.0,6.0,6.0,0,0,0,0,0,0,1,6,1,6,16435,412,0,20,0.0,0.0,0,0,0.0,0.0,0,0,Benign
6,52,3,1,31,6,31,0,10.333333,17.897858,6,6,6.0,0.0,711538.4615,76923.07692,17.333334,25.735838,47,1,5,2.5,2.1213202,4,1,0,0.0,0.0,0,0,0,0,0,0,96,20,57692.31,19230.77,0,31,7.4,13.446189,180.8,0,0,0,0,1,0,0,0,0,9.25,10.333333,6.0,0,0,0,0,0,0,3,31,1,6,1039,0,1,32,0.0,0.0,0,0,0.0,0.0,0,0,Benign
6,113,1,1,6,6,6,6,6.0,0.0,6,6,6.0,0.0,106194.6903,17699.11504,113.0,0.0,113,113,0,0.0,0.0,0,0,0,0.0,0.0,0,0,0,0,0,0,20,20,8849.558,8849.558,6,6,6.0,0.0,0.0,1,0,0,0,1,0,0,0,1,9.0,6.0,6.0,0,0,0,0,0,0,1,6,1,6,0,946,0,20,0.0,0.0,0,0,0.0,0.0,0,0,Benign
17,139,2,2,76,108,38,38,38.0,0.0,54,54,54.0,0.0,1323741.007,28776.97842,46.333332,74.19119,132,3,4,4.0,0.0,4,4,3,3.0,0.0,3,3,0,0,0,0,40,40,14388.489,14388.489,38,54,44.4,8.763561,76.8,0,0,0,0,0,0,0,0,1,55.5,38.0,54.0,0,0,0,0,0,0,2,76,2,108,-1,-1,1,20,0.0,0.0,0,0,0.0,0.0,0,0,Benign
17,33094,4,4,156,268,39,39,39.0,0.0,67,67,67.0,0.0,12811.99009,241.7356621,4727.7144,11668.944,31154,4,32897,10965.667,18948.07,32845,4,1892,630.6667,1047.5444,1840,4,0,0,0,0,104,80,120.86783,120.86783,39,67,51.444443,14.757296,217.77777,0,0,0,0,0,0,0,0,1,57.875,39.0,67.0,0,0,0,0,0,0,4,156,4,268,-1,-1,3,20,0.0,0.0,0,0,0.0,0.0,0,0,Benign
17,172,2,2,102,158,51,51,51.0,0.0,79,79,79.0,0.0,1511627.907,23255.81395,57.333332,58.56051,120,4,4,4.0,0.0,4,4,48,48.0,0.0,48,48,0,0,0,0,40,40,11627.907,11627.907,51,79,62.2,15.336231,235.2,0,0,0,0,0,0,0,0,1,77.75,51.0,79.0,0,0,0,0,0,0,2,102,2,158,-1,-1,1,20,0.0,0.0,0,0,0.0,0.0,0,0,Benign
17,193,2,2,62,190,31,31,31.0,0.0,95,95,95.0,0.0,1305699.482,20725.3886,64.333336,70.26616,141,3,3,3.0,0.0,3,3,49,49.0,0.0,49,49,0,0,0,0,40,40,10362.694,10362.694,31,95,56.6,35.054245,1228.8,0,0,0,0,0,0,0,0,1,70.75,31.0,95.0,0,0,0,0,0,0,2,62,2,190,-1,-1,1,20,0.0,0.0,0,0,0.0,0.0,0,0,Benign
6,49,1,1,6,6,6,6,6.0,0.0,6,6,6.0,0.0,244897.9592,40816.32653,49.0,0.0,49,49,0,0.0,0.0,0,0,0,0.0,0.0,0,0,0,0,0,0,20,20,20408.164,20408.164,6,6,6.0,0.0,0.0,0,0,0,0,1,1,0,0,1,9.0,6.0,6.0,0,0,0,0,0,0,1,6,1,6,66,257,0,20,0.0,0.0,0,0,0.0,0.0,0,0,Benign
6,5087798,9,7,397,3974,216,0,44.11111,75.93162,1460,0,567.7143,635.517,859.1142966,3.14477894,339186.53,1223111.6,4756509,3,5087798,635974.75,1666758.4,4756509,3,301223,50203.832,90588.74,232465,48,0,0,0,0,204,152,1.7689382,1.3758408,0,1460,257.11765,475.6025,226197.73,0,0,0,1,0,0,0,0,0,273.1875,44.11111,567.7143,0,0,0,0,0,0,9,397,7,3974,8192,119,7,20,0.0,0.0,0,0,0.0,0.0,0,0,Benign
6,60939476,10,11,544,1302,502,0,54.4,157.29039,645,0,118.36364,260.38675,30.29235105,0.34460421,3046973.8,4651751.0,9995947,5,60500000,6723581.0,4935733.5,10000000,50245,60900000,6088922.5,5078769.0,10000000,1587,0,0,0,0,224,304,0.16409725,0.18050696,0,645,83.90909,210.38307,44261.04,0,0,0,1,0,0,0,0,1,87.90476,54.4,118.36364,0,0,0,0,0,0,10,544,11,1302,8192,75,8,20,113883.664,154917.67,430108,50503,9971488.0,59577.03,9995947,9849877,Benign
6,5664452,9,6,352,3747,195,0,39.11111,71.6719,1448,0,624.5,675.6998,723.6357551,2.648093761,404603.72,1462525.6,5485689,8,5664452,708056.5,1930603.4,5485689,48,106837,21367.4,29693.244,65822,48,0,0,0,0,296,200,1.5888562,1.0592375,0,1448,256.1875,491.77246,241840.16,0,0,0,1,0,0,0,0,0,273.26666,39.11111,624.5,0,0,0,0,0,0,9,352,6,3747,29200,118,3,32,178715.0,0.0,178715,178715,5485689.0,0.0,5485689,5485689,Benign
17,81237,1,1,54,70,54,54,54.0,0.0,70,70,70.0,0.0,1526.39807,24.61932371,81237.0,0.0,81237,81237,0,0.0,0.0,0,0,0,0.0,0.0,0,0,0,0,0,0,32,20,12.309662,12.309662,54,70,59.333332,9.237604,85.333336,0,0,0,0,0,0,0,0,1,89.0,54.0,70.0,0,0,0,0,0,0,1,54,1,70,-1,-1,0,32,0.0,0.0,0,0,0.0,0.0,0,0,Benign
6,142804,46,55,1325,104393,570,0,28.804348,111.40729,4344,0,1898.0546,1070.3622,740301.3921,707.2631019,1428.04,5229.141,23369,1,142804,3173.422,7595.6885,23990,1,119536,2213.6296,6394.351,24165,1,0,0,0,0,1168,1768,322.11984,385.14328,0,4344,1036.4509,1222.8647,1495398.2,0,0,0,1,0,0,0,0,1,1046.7129,28.804348,1898.0546,0,0,0,0,0,0,46,1325,55,104393,29200,61,30,20,0.0,0.0,0,0,0.0,0.0,0,0,Benign
17,221,2,2,132,388,66,66,66.0,0.0,194,194,194.0,0.0,2352941.176,18099.54751,73.666664,86.95018,170,1,1,1.0,0.0,1,1,50,50.0,0.0,50,50,0,0,0,0,40,40,9049.773,9049.773,66,194,117.2,70.10849,4915.2,0,0,0,0,0,0,0,0,1,146.5,66.0,194.0,0,0,0,0,0,0,2,132,2,388,-1,-1,1,20,0.0,0.0,0,0,0.0,0.0,0,0,Benign
17,53348,1,1,46,233,46,46,46.0,0.0,233,233,233.0,0.0,5229.811802,37.48969034,53348.0,0.0,53348,53348,0,0.0,0.0,0,0,0,0.0,0.0,0,0,0,0,0,0,20,20,18.744844,18.744844,46,233,108.333336,107.9645,11656.333,0,0,0,0,0,0,0,0,1,162.5,46.0,233.0,0,0,0,0,0,0,1,46,1,233,-1,-1,0,20,0.0,0.0,0,0,0.0,0.0,0,0,Benign
17,47819,1,1,48,64,48,48,48.0,0.0,64,64,64.0,0.0,2342.165248,41.82437943,47819.0,0.0,47819,47819,0,0.0,0.0,0,0,0,0.0,0.0,0,0,0,0,0,0,20,20,20.91219,20.91219,48,64,53.333332,9.237604,85.333336,0,0,0,0,0,0,0,0,1,80.0,48.0,64.0,0,0,0,0,0,0,1,48,1,64,-1,-1,0,20,0.0,0.0,0,0,0.0,0.0,0,0,Benign
6,62787437,7,2,169,92,46,0,24.142857,23.197906,46,46,46.0,0.0,4.15688253,0.143340777,7848429.5,20700000.0,59000000,31,62800000,10500000.0,23800000.0,59000000,48,59000000,59000000.0,0.0,59000000,59000000,1,0,0,0,224,64,0.11148727,0.031853504,0,46,30.7,21.684864,470.23334,0,1,0,0,1,0,0,0,0,34.11111,24.142857,46.0,0,0,0,0,0,0,7,169,2,92,354,416,3,32,36560.0,0.0,36560,36560,59000000.0,0.0,59000000,59000000,Benign
6,219,2,1,31,6,31,0,15.5,21.920311,6,6,6.0,0.0,168949.7717,13698.63014,109.5,41.7193,139,80,219,219.0,0.0,219,219,0,0.0,0.0,0,0,1,0,0,0,64,20,9132.42,4566.21,0,31,17.0,16.35033,267.33334,0,1,0,0,1,0,0,0,0,22.666666,15.5,6.0,0,0,0,0,0,0,2,31,1,6,1140,0,0,32,0.0,0.0,0,0,0.0,0.0,0,0,Benign
17,491,1,1,48,108,48,48,48.0,0.0,108,108,108.0,0.0,317718.9409,4073.319756,491.0,0.0,491,491,0,0.0,0.0,0,0,0,0.0,0.0,0,0,0,0,0,0,32,32,2036.6599,2036.6599,48,108,68.0,34.641018,1200.0,0,0,0,0,0,0,0,0,1,102.0,48.0,108.0,0,0,0,0,0,0,1,48,1,108,-1,-1,0,32,0.0,0.0,0,0,0.0,0.0,0,0,Benign
6,722935,2,3,12,12,6,6,6.0,0.0,6,0,4.0,3.4641016,33.19800535,6.916251115,180733.75,227961.72,473857,4,249038,249038.0,0.0,249038,249038,722931,361465.5,158945.58,473857,249074,0,0,0,0,40,72,2.7665005,4.1497507,0,6,5.0,2.4494898,6.0,0,0,0,0,1,1,0,0,1,6.0,6.0,4.0,0,0,0,0,0,0,2,12,3,12,388,256,1,20,0.0,0.0,0,0,0.0,0.0,0,0,Benign
17,47992,1,1,43,59,43,43,43.0,0.0,59,59,59.0,0.0,2125.354226,41.67361227,47992.0,0.0,47992,47992,0,0.0,0.0,0,0,0,0.0,0.0,0,0,0,0,0,0,32,40,20.836805,20.836805,43,59,48.333332,9.237604,85.333336,0,0,0,0,0,0,0,0,1,72.5,43.0,59.0,0,0,0,0,0,0,1,43,1,59,-1,-1,0,32,0.0,0.0,0,0,0.0,0.0,0,0,Benign
17,91378,1,1,73,125,73,73,73.0,0.0,125,125,125.0,0.0,2166.823524,21.88710631,91378.0,0.0,91378,91378,0,0.0,0.0,0,0,0,0.0,0.0,0,0,0,0,0,0,20,20,10.943553,10.943553,73,125,90.333336,30.022215,901.3333,0,0,0,0,0,0,0,0,1,135.5,73.0,125.0,0,0,0,0,0,0,1,73,1,125,-1,-1,0,20,0.0,0.0,0,0,0.0,0.0,0,0,Benign
17,61614,1,1,48,115,48,48,48.0,0.0,115,115,115.0,0.0,2645.502646,32.46015516,61614.0,0.0,61614,61614,0,0.0,0.0,0,0,0,0.0,0.0,0,0,0,0,0,0,32,32,16.230078,16.230078,48,115,70.333336,38.68247,1496.3334,0,0,0,0,0,0,0,0,1,105.5,48.0,115.0,0,0,0,0,0,0,1,48,1,115,-1,-1,0,32,0.0,0.0,0,0,0.0,0.0,0,0,Benign
6,66831694,76,116,3330,192801,592,0,43.81579,120.68578,4380,0,1662.0776,915.8891,2934.700413,2.872888423,349904.16,1793704.2,10200000,0,62900000,838698.75,2773170.2,10200000,3,66800000,580937.1,2293538.0,10200000,3,0,0,0,0,1540,2332,1.137185,1.7357035,0,4380,1016.2228,1067.6195,1139811.4,0,0,0,1,0,0,0,0,1,1021.5156,43.81579,1662.0776,0,0,0,0,0,0,76,3330,116,192801,29200,72,75,20,332173.5,755534.56,1874402,23557,10200000.0,102493.46,10200000,9988003,Benign
6,20,1,1,0,0,0,0,0.0,0.0,0,0,0.0,0.0,0.0,100000.0,20.0,0.0,20,20,0,0.0,0.0,0,0,0,0.0,0.0,0,0,0,0,0,0,32,32,50000.0,50000.0,0,0,0.0,0.0,0.0,0,0,0,0,1,1,0,0,1,0.0,0.0,0.0,0,0,0,0,0,0,1,0,1,0,371,256,0,32,0.0,0.0,0,0,0.0,0.0,0,0,Benign
6,252,3,2,77,12,46,0,25.666666,23.459185,6,6,6.0,0.0,353174.6032,19841.26984,63.0,86.27089,185,1,252,126.0,173.94827,249,3,1,1.0,0.0,1,1,1,0,0,0,96,40,11904.762,7936.508,0,46,22.5,21.10687,445.5,0,1,0,0,1,0,0,0,0,27.0,25.666666,6.0,0,0,0,0,0,0,3,77,2,12,145,0,1,32,0.0,0.0,0,0,0.0,0.0,0,0,Benign
6,5806332,8,6,388,4566,207,0,48.5,76.543175,1460,0,761.0,738.85614,853.2064649,2.411160781,446640.94,1508885.0,5465325,22,5806332,829476.0,2046010.1,5465325,48,102132,20426.4,24602.621,51216,49,0,0,0,0,172,132,1.3778062,1.0333546,0,1460,330.26666,574.95074,330568.34,0,0,0,1,0,0,0,0,0,353.85715,48.5,761.0,0,0,0,0,0,0,8,388,6,4566,8192,123,7,20,340959.0,0.0,340959,340959,5465325.0,0.0,5465325,5465325,Benign
6,5660730,5,1,129,41,45,6,25.8,18.78031,41,41,41.0,0.0,30.03146237,1.059933966,1132146.0,2522356.0,5644259,3,5660730,1415182.5,2819393.0,5644259,3,0,0.0,0.0,0,0,1,0,0,0,100,20,0.8832783,0.17665567,6,45,30.142857,17.03358,290.14285,0,1,0,0,1,0,0,0,0,35.166668,25.8,41.0,0,0,0,0,0,0,5,129,1,41,845,32,4,20,15346.0,0.0,15346,15346,5644259.0,0.0,5644259,5644259,Benign
6,112225751,25,30,1901,15901,541,0,76.04,172.94423,1779,0,530.0333,653.32654,158.6266952,0.490083599,2078254.6,4051300.0,10000000,2,112000000,4675104.0,5032649.5,10000000,182,112000000,3869056.8,4908065.0,10000000,4,0,0,0,0,808,968,0.22276527,0.26731834,0,1779,317.89285,539.5208,291082.7,0,0,0,1,0,0,0,0,1,323.67273,76.04,530.0333,0,0,0,0,0,0,25,1901,30,15901,29200,294,5,32,199251.45,536947.5,1816110,23013,10000000.0,48657.754,10000000,9857284,Benign
6,29632,4,1,243,0,231,0,60.75,113.53524,0,0,0.0,0.0,8200.593952,168.7365011,7408.0,11344.749,24031,51,29632,9877.333,12557.665,24082,252,0,0.0,0.0,0,0,0,0,0,0,92,32,134.9892,33.7473,0,231,40.5,93.37183,8718.3,0,0,0,1,0,0,0,0,0,48.6,60.75,0.0,0,0,0,0,0,0,4,243,1,0,8192,29200,3,20,0.0,0.0,0,0,0.0,0.0,0,0,Benign
6,218248,17,17,881,20131,232,0,51.82353,75.80339,2920,0,1184.1765,899.76904,96275.79634,155.7860782,6613.5757,11947.239,36321,3,218248,13640.5,15249.968,37889,3,161565,10097.8125,20979.605,67928,4,0,0,0,0,352,352,77.893036,77.893036,0,2920,600.34283,845.6671,715152.8,0,0,0,1,0,0,0,0,1,618.0,51.82353,1184.1765,0,0,0,0,0,0,17,881,17,20131,8192,127,16,20,0.0,0.0,0,0,0.0,0.0,0,0,Benign
6,5610914,10,5,351,7297,194,0,35.1,68.43724,4159,0,1459.4,1942.5125,1363.057783,2.673361238,400779.56,1456449.1,5460849,17,5610914,623434.9,1814145.4,5460849,48,84408,21102.0,22341.383,42259,192,0,0,0,0,328,168,1.7822409,0.89112043,0,4159,478.0,1214.9456,1476092.6,0,0,0,1,0,0,0,0,0,509.86667,35.1,1459.4,0,0,0,0,0,0,10,351,5,7297,29200,118,3,32,150016.0,0.0,150016,150016,5460849.0,0.0,5460849,5460849,Benign
17,191,2,2,68,100,34,34,34.0,0.0,50,50,50.0,0.0,879581.1518,20942.40838,63.666668,28.00595,96,47,47,47.0,0.0,47,47,48,48.0,0.0,48,48,0,0,0,0,40,40,10471.204,10471.204,34,50,40.4,8.763561,76.8,0,0,0,0,0,0,0,0,1,50.5,34.0,50.0,0,0,0,0,0,0,2,68,2,100,-1,-1,1,20,0.0,0.0,0,0,0.0,0.0,0,0,Benign
6,62159210,18,15,871,5301,550,0,48.38889,135.96156,1448,0,353.4,573.77954,99.29341123,0.530894778,1942475.4,3962677.0,10300000,8,62200000,3656424.0,4907574.0,10300000,185,62100000,4436315.0,5094297.0,10300000,49,0,0,0,0,584,488,0.28957897,0.24131581,0,1448,181.52942,416.27847,173287.77,0,0,0,1,0,0,0,0,0,187.0303,48.38889,353.4,0,0,0,0,0,0,18,871,15,5301,29200,122,3,32,311177.66,638144.2,1613784,50394,10000000.0,301546.34,10300000,9455089,Benign
6,11386,2,0,12,0,6,6,6.0,0.0,0,0,0.0,0.0,1053.925874,175.6543123,11386.0,0.0,11386,11386,11386,11386.0,0.0,11386,11386,0,0.0,0.0,0,0,0,0,0,0,40,0,175.65431,0.0,6,6,6.0,0.0,0.0,0,0,0,0,1,0,0,0,0,9.0,6.0,0.0,0,0,0,0,0,0,2,12,0,0,63965,-1,1,20,0.0,0.0,0,0,0.0,0.0,0,0,Benign
17,110050186,2,2,98,194,49,49,49.0,0.0,101,93,97.0,5.656854,2.653334907,0.036347054,36700000.0,63500000.0,110000000,23742,110000000,110000000.0,0.0,110000000,110000000,110000000,110000000.0,0.0,110000000,110000000,0,0,0,0,52,40,0.018173527,0.018173527,49,101,68.2,26.44239,699.2,0,0,0,0,0,0,0,0,1,85.25,49.0,97.0,0,0,0,0,0,0,2,98,2,194,-1,-1,1,20,59949.0,0.0,59949,59949,110000000.0,0.0,110000000,110000000,Benign
17,62494,1,1,40,99,40,40,40.0,0.0,99,99,99.0,0.0,2224.213524,32.00307229,62494.0,0.0,62494,62494,0,0.0,0.0,0,0,0,0.0,0.0,0,0,0,0,0,0,20,20,16.001535,16.001535,40,99,59.666668,34.063667,1160.3334,0,0,0,0,0,0,0,0,1,89.5,40.0,99.0,0,0,0,0,0,0,1,40,1,99,-1,-1,0,20,0.0,0.0,0,0,0.0,0.0,0,0,Benign
17,24073,2,2,134,296,67,67,67.0,0.0,148,148,148.0,0.0,17862.3354,166.1612595,8024.3335,13894.223,24068,2,3,3.0,0.0,3,3,2,2.0,0.0,2,2,0,0,0,0,40,40,83.08063,83.08063,67,148,99.4,44.36553,1968.3,0,0,0,0,0,0,0,0,1,124.25,67.0,148.0,0,0,0,0,0,0,2,134,2,296,-1,-1,1,20,0.0,0.0,0,0,0.0,0.0,0,0,Benign
17,135588,4,2,172,194,43,43,43.0,0.0,97,97,97.0,0.0,2699.353925,44.25170369,27117.6,45454.734,104874,3,30711,10237.0,17725.809,30705,3,3,3.0,0.0,3,3,0,0,0,0,128,64,29.501135,14.750567,43,97,58.42857,26.349302,694.2857,0,0,0,0,0,0,0,0,0,68.166664,43.0,97.0,0,0,0,0,0,0,4,172,2,194,-1,-1,3,32,0.0,0.0,0,0,0.0,0.0,0,0,Benign
17,452,1,1,47,108,47,47,47.0,0.0,108,108,108.0,0.0,342920.354,4424.778761,452.0,0.0,452,452,0,0.0,0.0,0,0,0,0.0,0.0,0,0,0,0,0,0,20,20,2212.3894,2212.3894,47,108,67.333336,35.218365,1240.3334,0,0,0,0,0,0,0,0,1,101.0,47.0,108.0,0,0,0,0,0,0,1,47,1,108,-1,-1,0,20,0.0,0.0,0,0,0.0,0.0,0,0,Benign
6,41,1,1,6,6,6,6,6.0,0.0,6,6,6.0,0.0,292682.9268,48780.4878,41.0,0.0,41,41,0,0.0,0.0,0,0,0,0.0,0.0,0,0,0,0,0,0,20,20,24390.244,24390.244,6,6,6.0,0.0,0.0,0,0,0,0,1,1,0,0,1,9.0,6.0,6.0,0,0,0,0,0,0,1,6,1,6,946,256,0,20,0.0,0.0,0,0,0.0,0.0,0,0,Benign
17,60538,1,1,49,146,49,49,49.0,0.0,146,146,146.0,0.0,3221.117315,33.03710066,60538.0,0.0,60538,60538,0,0.0,0.0,0,0,0,0.0,0.0,0,0,0,0,0,0,20,20,16.51855,16.51855,49,146,81.333336,56.002975,3136.3333,0,0,0,0,0,0,0,0,1,122.0,49.0,146.0,0,0,0,0,0,0,1,49,1,146,-1,-1,0,20,0.0,0.0,0,0,0.0,0.0,0,0,Benign
6,66579400,37,53,2356,68401,517,0,63.675674,156.92763,3405,0,1290.585,1051.8647,1062.746135,1.351769466,748083.1,2533955.8,10000000,1,62800000,1743675.1,3833287.2,10200000,120,66400000,1276165.0,3304862.5,10200000,1,0,0,0,0,1192,1704,0.5557274,0.796042,0,3405,777.54944,1010.11884,1020340.06,0,0,0,1,0,0,0,0,1,786.1889,63.675674,1290.585,0,0,0,0,0,0,37,2356,53,68401,29200,155,6,32,450872.66,570949.75,1616319,217621,10000000.0,23320.0,10000000,9964002,Benign
6,2953459,2,1,0,0,0,0,0.0,0.0,0,0,0.0,0.0,0.0,1.015758133,1476729.5,2054243.5,2929299,24160,2953459,2953459.0,0.0,2953459,2953459,0,0.0,0.0,0,0,0,0,0,0,64,32,0.67717206,0.33858603,0,0,0.0,0.0,0.0,0,0,0,0,1,0,0,0,0,0.0,0.0,0.0,0,0,0,0,0,0,2,0,1,0,284,972,0,32,0.0,0.0,0,0,0.0,0.0,0,0,Benign
6,165,1,1,0,0,0,0,0.0,0.0,0,0,0.0,0.0,0.0,12121.21212,165.0,0.0,165,165,0,0.0,0.0,0,0,0,0.0,0.0,0,0,0,0,0,0,32,32,6060.606,6060.606,0,0,0.0,0.0,0.0,0,0,0,0,1,1,0,0,1,0.0,0.0,0.0,0,0,0,0,0,0,1,0,1,0,122,32853,0,32,0.0,0.0,0,0,0.0,0.0,0,0,Benign
17,85566,1,1,46,227,46,46,46.0,0.0,227,227,227.0,0.0,3190.519599,23.37376996,85566.0,0.0,85566,85566,0,0.0,0.0,0,0,0,0.0,0.0,0,0,0,0,0,0,32,32,11.686885,11.686885,46,227,106.333336,104.5004,10920.333,0,0,0,0,0,0,0,0,1,159.5,46.0,227.0,0,0,0,0,0,0,1,46,1,227,-1,-1,0,32,0.0,0.0,0,0,0.0,0.0,0,0,Benign
17,24144,2,2,62,188,31,31,31.0,0.0,94,94,94.0,0.0,10354.53943,165.6726309,8048.0,13735.336,23908,49,49,49.0,0.0,49,49,187,187.0,0.0,187,187,0,0,0,0,40,40,82.83632,82.83632,31,94,56.2,34.50652,1190.7,0,0,0,0,0,0,0,0,1,70.25,31.0,94.0,0,0,0,0,0,0,2,62,2,188,-1,-1,1,20,0.0,0.0,0,0,0.0,0.0,0,0,Benign
6,63073160,7,2,176,82,45,6,25.142857,18.397722,41,41,41.0,0.0,4.090487935,0.14269144,7884145.0,20700000.0,59000000,3,63100000,10500000.0,23800000.0,59000000,3,59000000,59000000.0,0.0,59000000,59000000,1,0,0,0,140,40,0.11098223,0.03170921,6,45,29.9,16.861856,284.32224,0,1,0,0,1,0,0,0,0,33.22222,25.142857,41.0,0,0,0,0,0,0,7,176,2,82,646,38,6,20,15132.0,0.0,15132,15132,59000000.0,0.0,59000000,59000000,Benign
17,61528,2,2,60,236,30,30,30.0,0.0,118,118,118.0,0.0,4810.817839,65.01105188,20509.334,35517.145,61521,3,3,3.0,0.0,3,3,4,4.0,0.0,4,4,0,0,0,0,40,40,32.505527,32.505527,30,118,65.2,48.199585,2323.2,0,0,0,0,0,0,0,0,1,81.5,30.0,118.0,0,0,0,0,0,0,2,60,2,236,-1,-1,1,20,0.0,0.0,0,0,0.0,0.0,0,0,Benign
17,23895,2,2,72,246,36,36,36.0,0.0,123,123,123.0,0.0,13308.22348,167.3990375,7965.0,13792.32,23891,1,1,1.0,0.0,1,1,3,3.0,0.0,3,3,0,0,0,0,40,64,83.69952,83.69952,36,123,70.8,47.651863,2270.7,0,0,0,0,0,0,0,0,1,88.5,36.0,123.0,0,0,0,0,0,0,2,72,2,246,-1,-1,1,20,0.0,0.0,0,0,0.0,0.0,0,0,Benign
17,3986905,2,2,121,236,64,57,60.5,4.9497476,119,117,118.0,1.4142135,89.54314186,1.003284503,1328968.4,2249221.2,3925915,539,3986366,3986366.0,0.0,3986366,3986366,3926454,3926454.0,0.0,3926454,3926454,0,0,0,0,52,40,0.5016422,0.5016422,57,119,84.2,30.995161,960.7,0,0,0,0,0,0,0,0,1,105.25,60.5,118.0,0,0,0,0,0,0,2,121,2,236,-1,-1,1,20,0.0,0.0,0,0,0.0,0.0,0,0,Benign
6,162180,8,8,557,3700,204,0,69.625,82.37881,1460,0,462.5,633.8098,26248.61265,98.65581453,10812.0,15456.591,41938,4,151297,21613.857,20015.516,46856,4,120290,17184.285,23318.656,55717,244,0,0,0,0,172,172,49.327908,49.327908,0,1460,250.41176,470.60706,221471.0,0,0,0,1,0,0,0,0,1,266.0625,69.625,462.5,0,0,0,0,0,0,8,557,8,3700,8192,980,7,20,0.0,0.0,0,0,0.0,0.0,0,0,Benign
6,77206,4,5,2716,153,1448,0,679.0,787.47784,153,0,30.6,68.42368,37160.32433,116.5712509,9650.75,17627.295,38390,1,38396,12798.667,21896.01,38082,149,39178,9794.5,19309.986,38758,1,0,0,0,0,136,168,51.809444,64.7618,0,1448,286.9,568.11786,322757.88,0,0,0,1,0,0,0,0,1,318.77777,679.0,30.6,0,0,0,0,0,0,4,2716,5,153,29200,40,2,32,0.0,0.0,0,0,0.0,0.0,0,0,Benign
17,48892,1,1,58,74,58,58,58.0,0.0,74,74,74.0,0.0,2699.828193,40.90648777,48892.0,0.0,48892,48892,0,0.0,0.0,0,0,0,0.0,0.0,0,0,0,0,0,0,32,32,20.453243,20.453243,58,74,63.333332,9.237604,85.333336,0,0,0,0,0,0,0,0,1,95.0,58.0,74.0,0,0,0,0,0,0,1,58,1,74,-1,-1,0,32,0.0,0.0,0,0,0.0,0.0,0,0,Benign
17,23468,1,1,76,158,76,76,76.0,0.0,158,158,158.0,0.0,9971.024374,85.22243054,23468.0,0.0,23468,23468,0,0.0,0.0,0,0,0,0.0,0.0,0,0,0,0,0,0,32,32,42.611214,42.611214,76,158,103.333336,47.342724,2241.3333,0,0,0,0,0,0,0,0,1,155.0,76.0,158.0,0,0,0,0,0,0,1,76,1,158,-1,-1,0,32,0.0,0.0,0,0,0.0,0.0,0,0,Benign
6,78,1,1,6,6,6,6,6.0,0.0,6,6,6.0,0.0,153846.1538,25641.02564,78.0,0.0,78,78,0,0.0,0.0,0,0,0,0.0,0.0,0,0,0,0,0,0,20,20,12820.513,12820.513,6,6,6.0,0.0,0.0,0,0,0,0,1,1,0,0,1,9.0,6.0,6.0,0,0,0,0,0,0,1,6,1,6,35,502,0,20,0.0,0.0,0,0,0.0,0.0,0,0,Benign
6,15,2,0,12,0,6,6,6.0,0.0,0,0,0.0,0.0,800000.0,133333.3333,15.0,0.0,15,15,15,15.0,0.0,15,15,0,0.0,0.0,0,0,0,0,0,0,40,0,133333.33,0.0,6,6,6.0,0.0,0.0,0,0,0,0,1,0,0,0,0,9.0,6.0,0.0,0,0,0,0,0,0,2,12,0,0,5684,-1,1,20,0.0,0.0,0,0,0.0,0.0,0,0,Benign
17,349898,2,2,62,254,31,31,31.0,0.0,127,127,127.0,0.0,903.1203379,11.43190301,116632.664,201969.53,349847,4,4,4.0,0.0,4,4,47,47.0,0.0,47,47,0,0,0,0,40,64,5.7159514,5.7159514,31,127,69.4,52.581364,2764.8,0,0,0,0,0,0,0,0,1,86.75,31.0,127.0,0,0,0,0,0,0,2,62,2,254,-1,-1,1,20,0.0,0.0,0,0,0.0,0.0,0,0,Benign
17,186,2,2,68,324,34,34,34.0,0.0,162,162,162.0,0.0,2107526.882,21505.37634,62.0,67.10439,135,3,3,3.0,0.0,3,3,48,48.0,0.0,48,48,0,0,0,0,64,64,10752.688,10752.688,34,162,85.2,70.10849,4915.2,0,0,0,0,0,0,0,0,1,106.5,34.0,162.0,0,0,0,0,0,0,2,68,2,324,-1,-1,1,32,0.0,0.0,0,0,0.0,0.0,0,0,Benign
6,115561239,23,19,1080,6207,517,0,46.95652,143.25739,1448,0,326.6842,588.01874,63.05747553,0.363443663,2818566.8,4481124.5,10000000,1,116000000,5252783.5,5008667.0,10000000,1,111000000,6144480.0,5030009.5,10000000,49,0,0,0,0,744,616,0.19902867,0.16441499,0,1448,169.46512,423.10745,179019.92,0,0,0,1,0,0,0,0,0,173.5,46.95652,326.6842,0,0,0,0,0,0,23,1080,19,6207,29200,61,4,32,33970.727,35374.324,140628,23201,10000000.0,9416.932,10000000,9996259,Benign
6,5601718,3,1,12,0,6,0,4.0,3.4641016,0,0,0.0,0.0,2.142199947,0.714066649,1867239.4,3213555.0,5577908,79,5601718,2800859.0,3927340.2,5577908,23810,0,0.0,0.0,0,0,0,0,0,0,72,32,0.53555,0.17851666,0,6,2.4,3.2863352,10.8,0,0,0,1,0,0,0,0,0,3.0,4.0,0.0,0,0,0,0,0,0,3,12,1,0,8192,65535,2,20,0.0,0.0,0,0,0.0,0.0,0,0,Benign
6,5123856,8,5,390,3716,209,0,48.75,77.13578,1992,0,743.2,922.5688,801.3496086,2.537151708,426988.0,1423911.9,4948204,4,5123856,731979.44,1859321.4,4948204,4,103812,25953.0,30155.568,63944,193,0,0,0,0,172,112,1.5613241,0.9758276,0,1992,293.2857,621.5795,386361.16,0,0,0,1,0,0,0,0,0,315.84616,48.75,743.2,0,0,0,0,0,0,8,390,5,3716,8192,119,7,20,0.0,0.0,0,0,0.0,0.0,0,0,Benign
6,15154,1,1,6,6,6,6,6.0,0.0,6,6,6.0,0.0,791.8701333,131.9783555,15154.0,0.0,15154,15154,0,0.0,0.0,0,0,0,0.0,0.0,0,0,0,0,0,0,20,20,65.98918,65.98918,6,6,6.0,0.0,0.0,0,0,0,0,1,1,0,0,1,9.0,6.0,6.0,0,0,0,0,0,0,1,6,1,6,1278,32,0,20,0.0,0.0,0,0,0.0,0.0,0,0,Benign
17,157,2,2,90,122,45,45,45.0,0.0,61,61,61.0,0.0,1350318.471,25477.70701,52.333332,84.58329,150,3,3,3.0,0.0,3,3,4,4.0,0.0,4,4,0,0,0,0,64,64,12738.854,12738.854,45,61,51.4,8.763561,76.8,0,0,0,0,0,0,0,0,1,64.25,45.0,61.0,0,0,0,0,0,0,2,90,2,122,-1,-1,1,32,0.0,0.0,0,0,0.0,0.0,0,0,Benign
6,1843285,16,24,1380,4574,362,0,86.25,86.45577,1430,0,190.58333,409.2062,3230.102778,21.70038817,47263.72,125697.59,770941,1,1792851,119523.4,207117.72,821263,678,1793065,77959.35,157619.56,770941,1,0,0,0,0,332,492,8.680155,13.020233,0,1430,145.21951,319.74908,102239.48,0,0,0,1,0,0,0,0,1,148.85,86.25,190.58333,0,0,0,0,0,0,16,1380,24,4574,8192,176,15,20,0.0,0.0,0,0,0.0,0.0,0,0,Benign
6,3625056,4,5,438,860,438,0,109.5,219.0,860,0,172.0,384.6037,358.0634341,2.482720267,453132.0,831726.8,1993802,4,3601104,1200368.0,1039690.94,1993802,23392,3601710,900427.5,1054260.2,2017088,4,0,0,0,0,136,176,1.1034312,1.379289,0,860,129.8,291.1593,84773.734,0,0,0,1,0,0,0,0,1,144.22223,109.5,172.0,0,0,0,0,0,0,4,438,5,860,29200,31,1,32,0.0,0.0,0,0,0.0,0.0,0,0,Benign
17,309,2,2,84,212,42,42,42.0,0.0,106,106,106.0,0.0,957928.8026,12944.98382,103.0,172.33978,302,3,4,4.0,0.0,4,4,3,3.0,0.0,3,3,0,0,0,0,40,40,6472.4917,6472.4917,42,106,67.6,35.054245,1228.8,0,0,0,0,0,0,0,0,1,84.5,42.0,106.0,0,0,0,0,0,0,2,84,2,212,-1,-1,1,20,0.0,0.0,0,0,0.0,0.0,0,0,Benign
17,157294,2,2,70,156,35,35,35.0,0.0,78,78,78.0,0.0,1436.799878,25.43008634,52431.332,90808.54,157288,3,3,3.0,0.0,3,3,3,3.0,0.0,3,3,0,0,0,0,64,64,12.715043,12.715043,35,78,52.2,23.55207,554.7,0,0,0,0,0,0,0,0,1,65.25,35.0,78.0,0,0,0,0,0,0,2,70,2,156,-1,-1,1,32,0.0,0.0,0,0,0.0,0.0,0,0,Benign
17,201,2,2,84,168,42,42,42.0,0.0,84,84,84.0,0.0,1253731.343,19900.49751,67.0,112.587746,197,1,3,3.0,0.0,3,3,1,1.0,0.0,1,1,0,0,0,0,40,40,9950.249,9950.249,42,84,58.8,23.004347,529.2,0,0,0,0,0,0,0,0,1,73.5,42.0,84.0,0,0,0,0,0,0,2,84,2,168,-1,-1,1,20,0.0,0.0,0,0,0.0,0.0,0,0,Benign
17,61503,2,2,68,324,34,34,34.0,0.0,162,162,162.0,0.0,6373.672829,65.03747785,20501.0,35374.617,61348,4,151,151.0,0.0,151,151,4,4.0,0.0,4,4,0,0,0,0,64,40,32.518738,32.518738,34,162,85.2,70.10849,4915.2,0,0,0,0,0,0,0,0,1,106.5,34.0,162.0,0,0,0,0,0,0,2,68,2,324,-1,-1,1,32,0.0,0.0,0,0,0.0,0.0,0,0,Benign
17,264,2,2,76,180,38,38,38.0,0.0,90,90,90.0,0.0,969696.9697,15151.51515,88.0,70.14984,169,47,48,48.0,0.0,48,48,47,47.0,0.0,47,47,0,0,0,0,80,80,7575.758,7575.758,38,90,58.8,28.481573,811.2,0,0,0,0,0,0,0,0,1,73.5,38.0,90.0,0,0,0,0,0,0,2,76,2,180,-1,-1,1,40,0.0,0.0,0,0,0.0,0.0,0,0,Benign
17,48777,4,2,140,102,35,35,35.0,0.0,51,51,51.0,0.0,4961.354737,123.0087951,9755.4,14215.776,31335,3,31342,10447.333,18089.25,31335,3,48,48.0,0.0,48,48,0,0,0,0,128,40,82.00587,41.002934,35,51,39.57143,7.8072004,60.95238,0,0,0,0,0,0,0,0,0,46.166668,35.0,51.0,0,0,0,0,0,0,4,140,2,102,-1,-1,3,32,0.0,0.0,0,0,0.0,0.0,0,0,Benign
17,31061,1,1,43,87,43,43,43.0,0.0,87,87,87.0,0.0,4185.312772,64.38942726,31061.0,0.0,31061,31061,0,0.0,0.0,0,0,0,0.0,0.0,0,0,0,0,0,0,20,20,32.194714,32.194714,43,87,57.666668,25.403412,645.3333,0,0,0,0,0,0,0,0,1,86.5,43.0,87.0,0,0,0,0,0,0,1,43,1,87,-1,-1,0,20,0.0,0.0,0,0,0.0,0.0,0,0,Benign
6,4207331,5,1,123,46,46,0,24.6,23.276598,46,46,46.0,0.0,40.16798298,1.426082236,841466.2,1853878.2,4157564,48,4207331,1051832.8,2070618.5,4157564,48,0,0.0,0.0,0,0,1,0,0,0,160,32,1.1884018,0.23768038,0,46,30.714285,21.684975,470.2381,0,1,0,0,1,0,0,0,0,35.833332,24.6,46.0,0,0,0,0,0,0,5,123,1,46,332,179,2,32,0.0,0.0,0,0,0.0,0.0,0,0,Benign
6,297,3,0,31,0,31,0,10.333333,17.897858,0,0,0.0,0.0,104377.1044,10101.0101,148.5,142.12846,249,48,297,148.5,142.12846,249,48,0,0.0,0.0,0,0,0,0,0,0,96,0,10101.01,0.0,0,31,7.75,15.5,240.25,0,0,0,0,1,0,0,0,0,10.333333,10.333333,0.0,0,0,0,0,0,0,3,31,0,0,61,-1,1,32,0.0,0.0,0,0,0.0,0.0,0,0,Benign
6,42,2,1,31,6,31,0,15.5,21.920311,6,6,6.0,0.0,880952.381,71428.57143,21.0,25.455845,39,3,3,3.0,0.0,3,3,0,0.0,0.0,0,0,1,0,0,0,64,20,47619.047,23809.523,0,31,17.0,16.35033,267.33334,0,1,0,0,1,0,0,0,0,22.666666,15.5,6.0,0,0,0,0,0,0,2,31,1,6,1006,0,0,32,0.0,0.0,0,0,0.0,0.0,0,0,Benign
6,67064484,16,13,3334,3784,842,0,208.375,363.01587,960,0,291.07693,452.45984,106.136655,0.43241964,2395160.2,4087372.2,10000000,81,66600000,4437916.0,4789598.0,10100000,151,67000000,5584485.5,4719205.0,10100000,846,0,0,0,0,332,344,0.23857635,0.19384329,0,960,237.26666,395.69406,156573.78,0,0,0,1,0,0,0,0,0,245.44827,208.375,291.07693,0,0,0,0,0,0,16,3334,13,3784,8192,132,15,20,1098447.4,2566417.0,6337124,50578,9996342.0,10380.8125,10000000,9975181,Benign
17,734987,2,2,62,168,31,31,31.0,0.0,84,84,84.0,0.0,312.9307049,5.442273129,244995.67,424341.47,734983,1,1,1.0,0.0,1,1,3,3.0,0.0,3,3,0,0,0,0,40,40,2.7211366,2.7211366,31,84,52.2,29.029295,842.7,0,0,0,0,0,0,0,0,1,65.25,31.0,84.0,0,0,0,0,0,0,2,62,2,168,-1,-1,1,20,0.0,0.0,0,0,0.0,0.0,0,0,Benign
6,61115409,10,10,625,797,577,0,62.5,180.78671,747,2,79.7,234.46869,23.26745453,0.327249712,3216600.5,4714045.5,10000000,119,60500000,6725348.5,4928149.0,10100000,50535,61100000,6784999.0,4899798.5,10100000,2075,0,0,0,0,212,204,0.16362485,0.16362485,0,747,67.71429,199.40265,39761.414,0,0,0,1,0,0,0,0,1,71.1,62.5,79.7,0,0,0,0,0,0,10,625,10,797,8192,30004,9,20,119959.336,170004.72,466980,50491,9968064.0,79458.664,10000000,9805871,Benign
17,215136,1,1,38,83,38,38,38.0,0.0,83,83,83.0,0.0,562.4349249,9.296445039,215136.0,0.0,215136,215136,0,0.0,0.0,0,0,0,0.0,0.0,0,0,0,0,0,0,20,20,4.6482224,4.6482224,38,83,53.0,25.980762,675.0,0,0,0,0,0,0,0,0,1,79.5,38.0,83.0,0,0,0,0,0,0,1,38,1,83,-1,-1,0,20,0.0,0.0,0,0,0.0,0.0,0,0,Benign
17,178,2,2,62,94,31,31,31.0,0.0,47,47,47.0,0.0,876404.4944,22471.91011,59.333332,62.772076,127,3,48,48.0,0.0,48,48,3,3.0,0.0,3,3,0,0,0,0,40,40,11235.955,11235.955,31,47,37.4,8.763561,76.8,0,0,0,0,0,0,0,0,1,46.75,31.0,47.0,0,0,0,0,0,0,2,62,2,94,-1,-1,1,20,0.0,0.0,0,0,0.0,0.0,0,0,Benign
17,153,2,2,66,150,33,33,33.0,0.0,75,75,75.0,0.0,1411764.706,26143.79085,51.0,83.138435,147,3,3,3.0,0.0,3,3,3,3.0,0.0,3,3,0,0,0,0,40,40,13071.8955,13071.8955,33,75,49.8,23.004347,529.2,0,0,0,0,0,0,0,0,1,62.25,33.0,75.0,0,0,0,0,0,0,2,66,2,150,-1,-1,1,20,0.0,0.0,0,0,0.0,0.0,0,0,Benign
6,58467,1,1,0,0,0,0,0.0,0.0,0,0,0.0,0.0,0.0,34.20733063,58467.0,0.0,58467,58467,0,0.0,0.0,0,0,0,0.0,0.0,0,0,0,0,0,0,32,32,17.103664,17.103664,0,0,0.0,0.0,0.0,0,0,0,0,1,1,0,0,1,0.0,0.0,0.0,0,0,0,0,0,0,1,0,1,0,237,944,0,32,0.0,0.0,0,0,0.0,0.0,0,0,Benign
17,23445,1,1,96,178,96,96,96.0,0.0,178,178,178.0,0.0,11686.92685,85.3060354,23445.0,0.0,23445,23445,0,0.0,0.0,0,0,0,0.0,0.0,0,0,0,0,0,0,20,20,42.65302,42.65302,96,178,123.333336,47.342724,2241.3333,0,0,0,0,0,0,0,0,1,185.0,96.0,178.0,0,0,0,0,0,0,1,96,1,178,-1,-1,0,20,0.0,0.0,0,0,0.0,0.0,0,0,Benign
6,181,2,0,0,0,0,0,0.0,0.0,0,0,0.0,0.0,0.0,11049.72376,181.0,0.0,181,181,181,181.0,0.0,181,181,0,0.0,0.0,0,0,0,0,0,0,64,0,11049.724,0.0,0,0,0.0,0.0,0.0,0,0,0,0,1,0,0,0,0,0.0,0.0,0.0,0,0,0,0,0,0,2,0,0,0,242,-1,0,32,0.0,0.0,0,0,0.0,0.0,0,0,Benign
6,116392414,24,20,2944,8514,2593,0,122.666664,528.20416,2209,0,425.7,699.758,98.44284182,0.37803151,2706800.2,4406168.5,10000000,3,116000000,5060539.5,4975603.0,10000000,4,111000000,5838938.0,5036136.0,10000000,192,0,0,0,0,776,648,0.206199,0.1718325,0,2593,254.62222,617.7053,381559.88,0,0,0,1,0,0,0,0,0,260.4091,122.666664,425.7,0,0,0,0,0,0,24,2944,20,8514,29200,70,4,32,77601.164,216290.28,764415,15004,9621766.0,1317747.5,10000000,5437382,Benign
17,23690,1,1,41,105,41,41,41.0,0.0,105,105,105.0,0.0,6162.937949,84.42380751,23690.0,0.0,23690,23690,0,0.0,0.0,0,0,0,0.0,0.0,0,0,0,0,0,0,20,20,42.211903,42.211903,41,105,62.333332,36.950417,1365.3334,0,0,0,0,0,0,0,0,1,93.5,41.0,105.0,0,0,0,0,0,0,1,41,1,105,-1,-1,0,20,0.0,0.0,0,0,0.0,0.0,0,0,Benign
17,331,2,2,74,558,37,37,37.0,0.0,279,279,279.0,0.0,1909365.559,12084.59215,110.333336,107.9645,235,48,48,48.0,0.0,48,48,48,48.0,0.0,48,48,0,0,0,0,80,80,6042.296,6042.296,37,279,133.8,132.54886,17569.2,0,0,0,0,0,0,0,0,1,167.25,37.0,279.0,0,0,0,0,0,0,2,74,2,558,-1,-1,1,40,0.0,0.0,0,0,0.0,0.0,0,0,Benign
6,1648,2,0,0,0,0,0,0.0,0.0,0,0,0.0,0.0,0.0,1213.592233,1648.0,0.0,1648,1648,1648,1648.0,0.0,1648,1648,0,0.0,0.0,0,0,0,0,0,0,64,0,1213.5923,0.0,0,0,0.0,0.0,0.0,0,0,0,0,1,0,0,0,0,0.0,0.0,0.0,0,0,0,0,0,0,2,0,0,0,242,-1,0,32,0.0,0.0,0,0,0.0,0.0,0,0,Benign
6,5131085,8,5,390,3716,209,0,48.75,77.13578,2920,0,743.2,1236.3549,800.2206161,2.533577206,427590.4,1387845.5,4831065,4,5131085,733012.1,1808742.5,4831065,4,78727,19681.75,24123.023,52722,207,0,0,0,0,172,112,1.5591245,0.9744528,0,2920,293.2857,771.23553,594804.25,0,0,0,1,0,0,0,0,0,315.84616,48.75,743.2,0,0,0,0,0,0,8,390,5,3716,8192,119,7,20,0.0,0.0,0,0,0.0,0.0,0,0,Benign
6,67,1,1,0,0,0,0,0.0,0.0,0,0,0.0,0.0,0.0,29850.74627,67.0,0.0,67,67,0,0.0,0.0,0,0,0,0.0,0.0,0,0,0,0,0,0,32,32,14925.373,14925.373,0,0,0.0,0.0,0.0,0,0,0,0,1,0,0,0,1,0.0,0.0,0.0,0,0,0,0,0,0,1,0,1,0,357,880,0,32,0.0,0.0,0,0,0.0,0.0,0,0,Benign
17,50208,2,2,72,146,36,36,36.0,0.0,73,73,73.0,0.0,4341.93754,79.66857871,16736.0,28944.31,50158,1,49,49.0,0.0,49,49,1,1.0,0.0,1,1,0,0,0,0,52,40,39.83429,39.83429,36,73,50.8,20.265734,410.7,0,0,0,0,0,0,0,0,1,63.5,36.0,73.0,0,0,0,0,0,0,2,72,2,146,-1,-1,1,20,0.0,0.0,0,0,0.0,0.0,0,0,Benign
17,83692,1,1,64,117,64,64,64.0,0.0,117,117,117.0,0.0,2162.691775,23.89714668,83692.0,0.0,83692,83692,0,0.0,0.0,0,0,0,0.0,0.0,0,0,0,0,0,0,20,20,11.948573,11.948573,64,117,81.666664,30.599564,936.3333,0,0,0,0,0,0,0,0,1,122.5,64.0,117.0,0,0,0,0,0,0,1,64,1,117,-1,-1,0,20,0.0,0.0,0,0,0.0,0.0,0,0,Benign
17,164,2,2,136,264,68,68,68.0,0.0,132,132,132.0,0.0,2439024.39,24390.2439,54.666668,87.75724,156,4,4,4.0,0.0,4,4,4,4.0,0.0,4,4,0,0,0,0,40,40,12195.122,12195.122,68,132,93.6,35.054245,1228.8,0,0,0,0,0,0,0,0,1,117.0,68.0,132.0,0,0,0,0,0,0,2,136,2,264,-1,-1,1,20,0.0,0.0,0,0,0.0,0.0,0,0,Benign
17,31024,2,2,82,248,41,41,41.0,0.0,124,124,124.0,0.0,10636.92625,128.9324394,10341.333,17830.309,30930,46,46,46.0,0.0,46,46,48,48.0,0.0,48,48,0,0,0,0,64,64,64.46622,64.46622,41,124,74.2,45.46097,2066.7,0,0,0,0,0,0,0,0,1,92.75,41.0,124.0,0,0,0,0,0,0,2,82,2,248,-1,-1,1,32,0.0,0.0,0,0,0.0,0.0,0,0,Benign
6,69420,2,0,0,0,0,0,0.0,0.0,0,0,0.0,0.0,0.0,28.81014117,69420.0,0.0,69420,69420,69420,69420.0,0.0,69420,69420,0,0.0,0.0,0,0,0,0,0,0,64,0,28.81014,0.0,0,0,0.0,0.0,0.0,0,0,0,0,1,0,0,0,0,0.0,0.0,0.0,0,0,0,0,0,0,2,0,0,0,1092,-1,0,32,0.0,0.0,0,0,0.0,0.0,0,0,Benign
6,1621286,8,8,325,6195,199,0,40.625,77.71181,2896,0,774.375,1079.1809,4021.498983,9.868709161,108085.734,323313.88,1268290,3,352993,50427.57,59214.19,140616,93,1525491,217927.28,484878.16,1311647,3,0,0,0,0,264,264,4.934355,4.934355,0,2896,383.52942,810.26764,656533.6,0,0,0,1,0,0,0,0,1,407.5,40.625,774.375,0,0,0,0,0,0,8,325,8,6195,29200,237,2,32,0.0,0.0,0,0,0.0,0.0,0,0,Benign
17,61071,4,2,132,184,33,33,33.0,0.0,92,92,92.0,0.0,5174.305317,98.24630348,12214.2,16701.557,30793,3,30275,10091.667,17435.127,30224,3,3,3.0,0.0,3,3,0,0,0,0,80,40,65.497536,32.748768,33,92,49.857143,28.789053,828.8095,0,0,0,0,0,0,0,0,0,58.166668,33.0,92.0,0,0,0,0,0,0,4,132,2,184,-1,-1,3,20,0.0,0.0,0,0,0.0,0.0,0,0,Benign
17,46976,1,1,61,111,61,61,61.0,0.0,111,111,111.0,0.0,3661.444142,42.57493188,46976.0,0.0,46976,46976,0,0.0,0.0,0,0,0,0.0,0.0,0,0,0,0,0,0,20,32,21.287466,21.287466,61,111,77.666664,28.867514,833.3333,0,0,0,0,0,0,0,0,1,116.5,61.0,111.0,0,0,0,0,0,0,1,61,1,111,-1,-1,0,20,0.0,0.0,0,0,0.0,0.0,0,0,Benign
6,733,3,1,0,0,0,0,0.0,0.0,0,0,0.0,0.0,0.0,5457.025921,244.33333,229.63522,486,29,733,366.5,210.01071,515,218,0,0.0,0.0,0,0,0,0,0,0,104,40,4092.7695,1364.2565,0,0,0.0,0.0,0.0,0,0,0,1,0,0,0,0,0,0.0,0.0,0.0,0,0,0,0,0,0,3,0,1,0,29200,28960,0,32,0.0,0.0,0,0,0.0,0.0,0,0,PortScan
17,168059,1,1,60,124,60,60,60.0,0.0,124,124,124.0,0.0,1094.853593,11.90058253,168059.0,0.0,168059,168059,0,0.0,0.0,0,0,0,0.0,0.0,0,0,0,0,0,0,32,20,5.950291,5.950291,60,124,81.333336,36.950417,1365.3334,0,0,0,0,0,0,0,0,1,122.0,60.0,124.0,0,0,0,0,0,0,1,60,1,124,-1,-1,0,32,0.0,0.0,0,0,0.0,0.0,0,0,Benign
17,64422,2,2,62,142,31,31,31.0,0.0,71,71,71.0,0.0,3166.620099,62.09059017,21474.0,37151.633,64373,1,1,1.0,0.0,1,1,48,48.0,0.0,48,48,0,0,0,0,64,64,31.045296,31.045296,31,71,47.0,21.908903,480.0,0,0,0,0,0,0,0,0,1,58.75,31.0,71.0,0,0,0,0,0,0,2,62,2,142,-1,-1,1,32,0.0,0.0,0,0,0.0,0.0,0,0,Benign
17,189,2,2,94,350,47,47,47.0,0.0,175,175,175.0,0.0,2349206.349,21164.02116,63.0,102.190994,181,4,4,4.0,0.0,4,4,4,4.0,0.0,4,4,0,0,0,0,40,40,10582.011,10582.011,47,175,98.2,70.10849,4915.2,0,0,0,0,0,0,0,0,1,122.75,47.0,175.0,0,0,0,0,0,0,2,94,2,350,-1,-1,1,20,0.0,0.0,0,0,0.0,0.0,0,0,Benign
17,31069,2,2,64,536,32,32,32.0,0.0,268,268,268.0,0.0,19311.85426,128.7456951,10356.333,17934.23,31065,1,1,1.0,0.0,1,1,3,3.0,0.0,3,3,0,0,0,0,40,40,64.37285,64.37285,32,268,126.4,129.26253,16708.8,0,0,0,0,0,0,0,0,1,158.0,32.0,268.0,0,0,0,0,0,0,2,64,2,536,-1,-1,1,20,0.0,0.0,0,0,0.0,0.0,0,0,Benign
6,118557547,28,23,4226,6342,1404,0,150.92857,380.90924,3578,0,275.73914,753.54553,89.13814656,0.430170844,2371151.0,4160159.5,10000000,20,119000000,4391020.5,4868625.0,10100000,49,114000000,5167653.5,5007759.5,10100000,221,0,0,0,0,904,744,0.23617223,0.19399862,0,3578,203.23077,571.3516,326442.7,0,0,0,1,0,0,0,0,0,207.21568,150.92857,275.73914,0,0,0,0,0,0,28,4226,23,6342,29200,410,7,32,322941.47,949173.44,3184807,36619,10000000.0,5105.175,10000000,10000000,Benign
6,4,1,1,0,0,0,0,0.0,0.0,0,0,0.0,0.0,0.0,500000.0,4.0,0.0,4,4,0,0.0,0.0,0,0,0,0.0,0.0,0,0,0,0,0,0,32,32,250000.0,250000.0,0,0,0.0,0.0,0.0,0,0,0,0,1,1,0,0,1,0.0,0.0,0.0,0,0,0,0,0,0,1,0,1,0,290,266,0,32,0.0,0.0,0,0,0.0,0.0,0,0,Benign
17,135,2,2,86,142,43,43,43.0,0.0,71,71,71.0,0.0,1688888.889,29629.62963,45.0,71.88185,128,3,3,3.0,0.0,3,3,4,4.0,0.0,4,4,0,0,0,0,40,40,14814.814,14814.814,43,71,54.2,15.336231,235.2,0,0,0,0,0,0,0,0,1,67.75,43.0,71.0,0,0,0,0,0,0,2,86,2,142,-1,-1,1,20,0.0,0.0,0,0,0.0,0.0,0,0,Benign
6,54971640,7,6,42,0,6,6,6.0,0.0,0,0,0.0,0.0,0.764030325,0.236485577,4580970.0,4960674.5,10000000,38225,55000000,9161940.0,2147623.5,10000000,4778122,50200000,10000000.0,319.1899,10000000,10000000,0,0,0,0,140,192,0.1273384,0.10914719,0,6,3.4285715,3.0813155,9.494506,0,0,0,0,1,0,0,0,0,3.6923077,6.0,0.0,0,0,0,0,0,0,7,42,6,0,253,980,6,20,38311.4,62.44838,38406,38253,10000000.0,381.3079,10000000,10000000,Benign
6,100577,4,5,2562,153,1448,0,640.5,752.0503,153,0,30.6,68.42368,26994.24322,89.48367917,12572.125,22621.953,50589,3,50840,16946.666,29176.734,50637,48,49988,12497.0,23712.326,48059,3,0,0,0,0,136,168,39.770523,49.713154,0,1448,271.5,539.95746,291554.06,0,0,0,1,0,0,0,0,1,301.66666,640.5,30.6,0,0,0,0,0,0,4,2562,5,153,29200,40,2,32,0.0,0.0,0,0,0.0,0.0,0,0,Benign
17,235,2,2,64,158,32,32,32.0,0.0,79,79,79.0,0.0,944680.8511,17021.2766,78.333336,96.15786,186,1,1,1.0,0.0,1,1,48,48.0,0.0,48,48,0,0,0,0,64,64,8510.639,8510.639,32,79,50.8,25.74296,662.7,0,0,0,0,0,0,0,0,1,63.5,32.0,79.0,0,0,0,0,0,0,2,64,2,158,-1,-1,1,32,0.0,0.0,0,0,0.0,0.0,0,0,Benign
17,23505594,2,2,103,185,52,51,51.5,0.70710677,117,68,92.5,34.64823,12.25240256,0.170172258,7835198.0,13500000.0,23500000,459,23500000,23500000.0,0.0,23500000,23500000,23500000,23500000.0,0.0,23500000,23500000,0,0,0,0,52,64,0.08508613,0.08508613,51,117,68.0,28.293108,800.5,0,0,0,0,0,0,0,0,1,85.0,51.5,92.5,0,0,0,0,0,0,2,103,2,185,-1,-1,1,20,459.0,0.0,459,459,23500000.0,0.0,23500000,23500000,Benign
17,175,2,2,86,280,43,43,43.0,0.0,140,140,140.0,0.0,2091428.571,22857.14286,58.333332,94.97543,168,3,4,4.0,0.0,4,4,3,3.0,0.0,3,3,0,0,0,0,40,40,11428.571,11428.571,43,140,81.8,53.12909,2822.7,0,0,0,0,0,0,0,0,1,102.25,43.0,140.0,0,0,0,0,0,0,2,86,2,280,-1,-1,1,20,0.0,0.0,0,0,0.0,0.0,0,0,Benign
6,47751,3,4,435,871,429,0,145.0,245.96951,859,0,217.75,427.50937,27350.21256,146.5937886,7958.5,11910.577,23357,4,23718,11859.0,16346.895,23418,300,24394,8131.3335,13459.084,23667,4,0,0,0,0,72,92,62.82591,83.767876,0,859,163.25,318.215,101260.79,0,0,0,1,0,0,0,0,1,186.57143,145.0,217.75,0,0,0,0,0,0,3,435,4,871,8192,31,2,20,0.0,0.0,0,0,0.0,0.0,0,0,Benign
17,271,2,2,92,348,46,46,46.0,0.0,174,174,174.0,0.0,1623616.236,14760.1476,90.333336,149.53372,263,4,4,4.0,0.0,4,4,4,4.0,0.0,4,4,0,0,0,0,64,64,7380.0737,7380.0737,46,174,97.2,70.10849,4915.2,0,0,0,0,0,0,0,0,1,121.5,46.0,174.0,0,0,0,0,0,0,2,92,2,348,-1,-1,1,32,0.0,0.0,0,0,0.0,0.0,0,0,Benign
6,5326035,9,8,395,3211,208,0,43.88889,73.267395,1360,0,401.375,608.94543,677.0515027,3.191867872,332877.2,1280814.9,5135513,3,5326035,665754.4,1806128.9,5135513,48,149283,21326.143,37470.15,95335,3,0,0,0,0,192,168,1.6898124,1.5020555,0,1360,200.33333,435.3765,189552.7,0,0,0,1,0,0,0,0,0,212.11765,43.88889,401.375,0,0,0,0,0,0,9,395,8,3211,8192,4414,8,20,190474.0,0.0,190474,190474,5135513.0,0.0,5135513,5135513,Benign
6,6080719,3,1,12,0,6,0,4.0,3.4641016,0,0,0.0,0.0,1.973450837,0.657816946,2026906.4,3482659.2,6048292,126,6080719,3040359.5,4253859.0,6048292,32427,0,0.0,0.0,0,0,0,0,0,0,72,32,0.4933627,0.16445424,0,6,2.4,3.2863352,10.8,0,0,0,1,0,0,0,0,0,3.0,4.0,0.0,0,0,0,0,0,0,3,12,1,0,8192,29200,2,20,0.0,0.0,0,0,0.0,0.0,0,0,Benign
17,136,2,2,58,90,29,29,29.0,0.0,45,45,45.0,0.0,1088235.294,29411.76471,45.333332,73.32349,130,3,3,3.0,0.0,3,3,3,3.0,0.0,3,3,0,0,0,0,64,64,14705.883,14705.883,29,45,35.4,8.763561,76.8,0,0,0,0,0,0,0,0,1,44.25,29.0,45.0,0,0,0,0,0,0,2,58,2,90,-1,-1,1,32,0.0,0.0,0,0,0.0,0.0,0,0,Benign
17,48653,2,2,56,220,28,28,28.0,0.0,110,110,110.0,0.0,5672.825931,82.21486856,16217.667,28086.36,48649,1,1,1.0,0.0,1,1,3,3.0,0.0,3,3,0,0,0,0,64,40,41.107433,41.107433,28,110,60.8,44.91325,2017.2,0,0,0,0,0,0,0,0,1,76.0,28.0,110.0,0,0,0,0,0,0,2,56,2,220,-1,-1,1,32,0.0,0.0,0,0,0.0,0.0,0,0,Benign
17,174,2,2,90,206,45,45,45.0,0.0,103,103,103.0,0.0,1701149.425,22988.50575,58.0,60.398674,122,2,2,2.0,0.0,2,2,50,50.0,0.0,50,50,0,0,0,0,64,64,11494.253,11494.253,45,103,68.2,31.767908,1009.2,0,0,0,0,0,0,0,0,1,85.25,45.0,103.0,0,0,0,0,0,0,2,90,2,206,-1,-1,1,32,0.0,0.0,0,0,0.0,0.0,0,0,Benign
6,40,3,0,43,0,31,6,14.333333,14.433757,0,0,0.0,0.0,1075000.0,75000.0,20.0,24.04163,37,3,40,20.0,24.04163,37,3,0,0.0,0.0,0,0,0,0,0,0,60,0,75000.0,0.0,6,31,12.25,12.5,156.25,0,0,0,0,1,0,0,0,0,16.333334,14.333333,0.0,0,0,0,0,0,0,3,43,0,0,946,-1,2,20,0.0,0.0,0,0,0.0,0.0,0,0,Benign
6,117530583,12,12,608,4645,192,0,50.666668,65.45829,1430,0,387.08334,602.5987,44.69474979,0.204202169,5110025.5,16900000.0,58900000,4,118000000,10700000.0,23700000.0,58900000,192,117000000,10700000.0,23700000.0,59000000,4,0,0,0,0,252,252,0.10210109,0.10210109,0,1430,210.12,445.65292,198606.53,0,0,0,1,0,0,0,0,1,218.875,50.666668,387.08334,0,0,0,0,0,0,12,608,12,4645,8192,351,11,20,143239.0,79415.164,199394,87084,58600000.0,519905.9,58900000,58200000,Benign
17,61979,2,2,78,178,39,39,39.0,0.0,89,89,89.0,0.0,4130.431275,64.53798867,20659.666,35700.453,61883,47,47,47.0,0.0,47,47,49,49.0,0.0,49,49,0,0,0,0,64,64,32.268993,32.268993,39,89,59.0,27.386127,750.0,0,0,0,0,0,0,0,0,1,73.75,39.0,89.0,0,0,0,0,0,0,2,78,2,178,-1,-1,1,32,0.0,0.0,0,0,0.0,0.0,0,0,Benign
6,2550,2,0,12,0,6,6,6.0,0.0,0,0,0.0,0.0,4705.882353,784.3137255,2550.0,0.0,2550,2550,2550,2550.0,0.0,2550,2550,0,0.0,0.0,0,0,0,0,0,0,40,0,784.3137,0.0,6,6,6.0,0.0,0.0,0,0,0,0,1,0,0,0,0,9.0,6.0,0.0,0,0,0,0,0,0,2,12,0,0,253,-1,1,20,0.0,0.0,0,0,0.0,0.0,0,0,Benign
17,47138,1,1,50,114,50,50,50.0,0.0,114,114,114.0,0.0,3479.146336,42.42861386,47138.0,0.0,47138,47138,0,0.0,0.0,0,0,0,0.0,0.0,0,0,0,0,0,0,40,32,21.214308,21.214308,50,114,71.333336,36.950417,1365.3334,0,0,0,0,0,0,0,0,1,107.0,50.0,114.0,0,0,0,0,0,0,1,50,1,114,-1,-1,0,40,0.0,0.0,0,0,0.0,0.0,0,0,Benign
6,10244778,4,3,406,470,394,0,101.5,195.02051,464,0,156.66667,266.17538,85.50697731,0.683274933,1707463.0,3991621.2,9854719,180,390059,130019.664,99570.95,242192,52084,10100000,5074587.5,6964759.5,9999416,149759,0,0,0,0,92,72,0.39044282,0.2928321,0,464,109.5,198.10458,39245.43,0,0,0,1,0,0,0,0,0,125.14286,101.5,156.66667,0,0,0,0,0,0,4,406,3,470,8192,11,3,20,0.0,0.0,0,0,0.0,0.0,0,0,Benign
6,4,2,0,37,0,31,6,18.5,17.67767,0,0,0.0,0.0,9250000.0,500000.0,4.0,0.0,4,4,4,4.0,0.0,4,4,0,0.0,0.0,0,0,1,0,0,0,40,0,500000.0,0.0,6,31,22.666666,14.433757,208.33333,0,1,0,0,1,0,0,0,0,34.0,18.5,0.0,0,0,0,0,0,0,2,37,0,0,59495,-1,1,20,0.0,0.0,0,0,0.0,0.0,0,0,Benign
17,25027,2,2,62,276,31,31,31.0,0.0,138,138,138.0,0.0,13505.41415,159.8273864,8342.333,14445.016,25022,1,1,1.0,0.0,1,1,4,4.0,0.0,4,4,0,0,0,0,64,64,79.9137,79.9137,31,138,73.8,58.60631,3434.7,0,0,0,0,0,0,0,0,1,92.25,31.0,138.0,0,0,0,0,0,0,2,62,2,276,-1,-1,1,32,0.0,0.0,0,0,0.0,0.0,0,0,Benign
6,148140,2,1,0,0,0,0,0.0,0.0,0,0,0.0,0.0,0.0,20.25111381,74070.0,104681.5,148091,49,49,49.0,0.0,49,49,0,0.0,0.0,0,0,0,0,0,0,64,32,13.500743,6.7503715,0,0,0.0,0.0,0.0,0,0,0,0,1,1,0,0,0,0.0,0.0,0.0,0,0,0,0,0,0,2,0,1,0,387,1040,0,32,0.0,0.0,0,0,0.0,0.0,0,0,Benign
17,48636,1,1,44,60,44,44,44.0,0.0,60,60,60.0,0.0,2138.333745,41.12180278,48636.0,0.0,48636,48636,0,0.0,0.0,0,0,0,0.0,0.0,0,0,0,0,0,0,20,20,20.560902,20.560902,44,60,49.333332,9.237604,85.333336,0,0,0,0,0,0,0,0,1,74.0,44.0,60.0,0,0,0,0,0,0,1,44,1,60,-1,-1,0,20,0.0,0.0,0,0,0.0,0.0,0,0,Benign
17,124797,1,1,40,140,40,40,40.0,0.0,140,140,140.0,0.0,1442.342364,16.02602627,124797.0,0.0,124797,124797,0,0.0,0.0,0,0,0,0.0,0.0,0,0,0,0,0,0,40,20,8.013013,8.013013,40,140,73.333336,57.735027,3333.3333,0,0,0,0,0,0,0,0,1,110.0,40.0,140.0,0,0,0,0,0,0,1,40,1,140,-1,-1,0,40,0.0,0.0,0,0,0.0,0.0,0,0,Benign
6,31221,2,0,0,0,0,0,0.0,0.0,0,0,0.0,0.0,0.0,64.05944717,31221.0,0.0,31221,31221,31221,31221.0,0.0,31221,31221,0,0.0,0.0,0,0,0,0,0,0,64,0,64.05945,0.0,0,0,0.0,0.0,0.0,0,0,0,0,1,0,0,0,0,0.0,0.0,0.0,0,0,0,0,0,0,2,0,0,0,264,-1,0,32,0.0,0.0,0,0,0.0,0.0,0,0,Benign
6,5760081,9,5,626,2725,342,0,69.55556,120.836784,1400,0,545.0,712.05194,581.7626523,2.430521376,443083.16,1524708.9,5516917,18,5760081,720010.1,1938516.5,5516917,48,166671,41667.75,55884.38,118590,206,0,0,0,0,200,108,1.5624781,0.86804336,0,1400,223.4,457.08218,208924.11,0,0,0,1,0,0,0,0,0,239.35715,69.55556,545.0,0,0,0,0,0,0,9,626,5,2725,29200,11256,8,20,243116.0,0.0,243116,243116,5516917.0,0.0,5516917,5516917,Benign
6,6753049,9,12,884,7461,533,0,98.22222,177.25037,1460,0,621.75,647.32794,1235.738109,3.109706445,337652.44,1059128.0,4734383,4,2018662,252332.75,314934.97,948723,701,6729362,611760.2,1484991.1,4998942,4,0,0,0,0,192,248,1.3327314,1.7769752,0,1460,379.31818,552.95764,305762.12,0,0,0,1,0,0,0,0,1,397.38095,98.22222,621.75,0,0,0,0,0,0,9,884,12,7461,8192,25,8,20,0.0,0.0,0,0,0.0,0.0,0,0,Benign
17,50176,1,1,48,76,48,48,48.0,0.0,76,76,76.0,0.0,2471.30102,39.85969388,50176.0,0.0,50176,50176,0,0.0,0.0,0,0,0,0.0,0.0,0,0,0,0,0,0,32,20,19.929848,19.929848,48,76,57.333332,16.165808,261.33334,0,0,0,0,0,0,0,0,1,86.0,48.0,76.0,0,0,0,0,0,0,1,48,1,76,-1,-1,0,32,0.0,0.0,0,0,0.0,0.0,0,0,Benign
17,23822,1,1,90,186,90,90,90.0,0.0,186,186,186.0,0.0,11585.92897,83.95600705,23822.0,0.0,23822,23822,0,0.0,0.0,0,0,0,0.0,0.0,0,0,0,0,0,0,20,20,41.978004,41.978004,90,186,122.0,55.425625,3072.0,0,0,0,0,0,0,0,0,1,183.0,90.0,186.0,0,0,0,0,0,0,1,90,1,186,-1,-1,0,20,0.0,0.0,0,0,0.0,0.0,0,0,Benign
17,245646,1,1,48,205,48,48,48.0,0.0,205,205,205.0,0.0,1029.93739,8.141797546,245646.0,0.0,245646,245646,0,0.0,0.0,0,0,0,0.0,0.0,0,0,0,0,0,0,32,32,4.070899,4.070899,48,205,100.333336,90.64399,8216.333,0,0,0,0,0,0,0,0,1,150.5,48.0,205.0,0,0,0,0,0,0,1,48,1,205,-1,-1,0,32,0.0,0.0,0,0,0.0,0.0,0,0,Benign
17,30974,2,2,94,350,47,47,47.0,0.0,175,175,175.0,0.0,14334.60322,129.1405695,10324.667,17837.828,30922,4,4,4.0,0.0,4,4,48,48.0,0.0,48,48,0,0,0,0,80,80,64.57028,64.57028,47,175,98.2,70.10849,4915.2,0,0,0,0,0,0,0,0,1,122.75,47.0,175.0,0,0,0,0,0,0,2,94,2,350,-1,-1,1,40,0.0,0.0,0,0,0.0,0.0,0,0,Benign
17,151,2,2,94,206,47,47,47.0,0.0,103,103,103.0,0.0,1986754.967,26490.06623,50.333332,81.98374,145,3,3,3.0,0.0,3,3,3,3.0,0.0,3,3,0,0,0,0,64,64,13245.033,13245.033,47,103,69.4,30.672462,940.8,0,0,0,0,0,0,0,0,1,86.75,47.0,103.0,0,0,0,0,0,0,2,94,2,206,-1,-1,1,32,0.0,0.0,0,0,0.0,0.0,0,0,Benign
6,5983030,3,1,12,0,6,0,4.0,3.4641016,0,0,0.0,0.0,2.005672711,0.66855757,1994343.4,3440992.2,5967649,48,5983030,2991515.0,4208889.0,5967649,15381,0,0.0,0.0,0,0,0,0,0,0,72,32,0.5014182,0.1671394,0,6,2.4,3.2863352,10.8,0,0,0,1,0,0,0,0,0,3.0,4.0,0.0,0,0,0,0,0,0,3,12,1,0,8192,29200,2,20,0.0,0.0,0,0,0.0,0.0,0,0,Benign
6,178,1,1,0,0,0,0,0.0,0.0,0,0,0.0,0.0,0.0,11235.95506,178.0,0.0,178,178,0,0.0,0.0,0,0,0,0.0,0.0,0,0,0,0,0,0,32,32,5617.9775,5617.9775,0,0,0.0,0.0,0.0,0,0,0,0,1,1,0,0,1,0.0,0.0,0.0,0,0,0,0,0,0,1,0,1,0,383,32832,0,32,0.0,0.0,0,0,0.0,0.0,0,0,Benign
17,90527,1,1,48,48,48,48,48.0,0.0,48,48,48.0,0.0,1060.457101,22.09285627,90527.0,0.0,90527,90527,0,0.0,0.0,0,0,0,0.0,0.0,0,0,0,0,0,0,32,20,11.046428,11.046428,48,48,48.0,0.0,0.0,0,0,0,0,0,0,0,0,1,72.0,48.0,48.0,0,0,0,0,0,0,1,48,1,48,-1,-1,0,32,0.0,0.0,0,0,0.0,0.0,0,0,Benign
17,209,2,2,78,206,39,39,39.0,0.0,103,103,103.0,0.0,1358851.675,19138.75598,69.666664,118.93416,207,1,1,1.0,0.0,1,1,1,1.0,0.0,1,1,0,0,0,0,40,40,9569.378,9569.378,39,103,64.6,35.054245,1228.8,0,0,0,0,0,0,0,0,1,80.75,39.0,103.0,0,0,0,0,0,0,2,78,2,206,-1,-1,1,20,0.0,0.0,0,0,0.0,0.0,0,0,Benign
17,162,2,2,58,90,29,29,29.0,0.0,45,45,45.0,0.0,913580.2469,24691.35802,54.0,53.674946,110,3,3,3.0,0.0,3,3,49,49.0,0.0,49,49,0,0,0,0,40,40,12345.679,12345.679,29,45,35.4,8.763561,76.8,0,0,0,0,0,0,0,0,1,44.25,29.0,45.0,0,0,0,0,0,0,2,58,2,90,-1,-1,1,20,0.0,0.0,0,0,0.0,0.0,0,0,Benign
17,23507,1,1,44,110,44,44,44.0,0.0,110,110,110.0,0.0,6551.240056,85.08103969,23507.0,0.0,23507,23507,0,0.0,0.0,0,0,0,0.0,0.0,0,0,0,0,0,0,20,20,42.54052,42.54052,44,110,66.0,38.105118,1452.0,0,0,0,0,0,0,0,0,1,99.0,44.0,110.0,0,0,0,0,0,0,1,44,1,110,-1,-1,0,20,0.0,0.0,0,0,0.0,0.0,0,0,Benign
17,30437,1,1,64,92,64,64,64.0,0.0,92,92,92.0,0.0,5125.340868,65.70949831,30437.0,0.0,30437,30437,0,0.0,0.0,0,0,0,0.0,0.0,0,0,0,0,0,0,32,32,32.854748,32.854748,64,92,73.333336,16.165808,261.33334,0,0,0,0,0,0,0,0,1,110.0,64.0,92.0,0,0,0,0,0,0,1,64,1,92,-1,-1,0,32,0.0,0.0,0,0,0.0,0.0,0,0,Benign
6,3009270,10,11,851,3950,267,0,85.1,99.870415,1448,0,359.0909,569.91833,1595.403536,6.978436631,150463.5,320530.22,1308117,2,2838883,315431.44,485286.56,1403293,228,2913697,291369.7,425000.75,1308117,4,0,0,0,0,328,360,3.323065,3.6553717,0,1448,218.22728,424.31772,180045.52,0,0,0,1,0,0,0,0,1,228.61905,85.1,359.0909,0,0,0,0,0,0,10,851,11,3950,29200,252,5,32,0.0,0.0,0,0,0.0,0.0,0,0,Benign
6,60848608,14,14,2567,1391,2221,0,183.35715,589.6772,1191,0,99.35714,316.52017,65.0466811,0.460158431,2253652.2,4217613.0,10000000,3,60800000,4680662.0,5162012.0,10100000,482,60800000,4676004.5,5178021.0,10100000,3,0,0,0,0,292,364,0.23007922,0.23007922,0,2221,136.48276,458.70312,210408.55,0,0,0,1,0,0,0,0,1,141.35715,183.35715,99.35714,0,0,0,0,0,0,14,2567,14,1391,8192,133,13,20,88199.836,96068.37,284263,46657,9995985.0,10475.817,10000000,9974616,Benign
6,5393079,3,1,12,0,6,0,4.0,3.4641016,0,0,0.0,0.0,2.225074025,0.741691342,1797693.0,3040461.5,5308174,45,5393079,2696539.5,3693409.0,5308174,84905,0,0.0,0.0,0,0,0,0,0,0,72,32,0.5562685,0.18542284,0,6,2.4,3.2863352,10.8,0,0,0,1,0,0,0,0,0,3.0,4.0,0.0,0,0,0,0,0,0,3,12,1,0,8192,26883,2,20,0.0,0.0,0,0,0.0,0.0,0,0,Benign
6,5971190,9,5,377,5005,190,0,41.88889,68.30528,2920,0,1001.0,1313.3008,901.327876,2.344591279,459322.3,1568984.4,5680208,35,5971190,746398.75,1993961.0,5680208,49,182121,45530.25,58220.887,123433,220,0,0,0,0,192,112,1.5072372,0.837354,0,2920,358.8,846.4673,716506.9,0,0,0,1,0,0,0,0,0,384.42856,41.88889,1001.0,0,0,0,0,0,0,9,377,5,5005,8192,237,8,20,290933.0,0.0,290933,290933,5680208.0,0.0,5680208,5680208,Benign
6,4,2,0,31,0,31,0,15.5,21.920311,0,0,0.0,0.0,7750000.0,500000.0,4.0,0.0,4,4,4,4.0,0.0,4,4,0,0.0,0.0,0,0,1,0,0,0,64,0,500000.0,0.0,0,31,20.666666,17.897858,320.33334,0,1,0,0,1,0,0,0,0,31.0,15.5,0.0,0,0,0,0,0,0,2,31,0,0,64,-1,0,32,0.0,0.0,0,0,0.0,0.0,0,0,Benign
17,50405,1,1,49,65,49,49,49.0,0.0,65,65,65.0,0.0,2261.680389,39.67860331,50405.0,0.0,50405,50405,0,0.0,0.0,0,0,0,0.0,0.0,0,0,0,0,0,0,44,32,19.839302,19.839302,49,65,54.333332,9.237604,85.333336,0,0,0,0,0,0,0,0,1,81.5,49.0,65.0,0,0,0,0,0,0,1,49,1,65,-1,-1,0,44,0.0,0.0,0,0,0.0,0.0,0,0,Benign
17,147,2,2,84,116,42,42,42.0,0.0,58,58,58.0,0.0,1360544.218,27210.88435,49.0,79.67434,141,3,3,3.0,0.0,3,3,3,3.0,0.0,3,3,0,0,0,0,64,64,13605.442,13605.442,42,58,48.4,8.763561,76.8,0,0,0,0,0,0,0,0,1,60.5,42.0,58.0,0,0,0,0,0,0,2,84,2,116,-1,-1,1,32,0.0,0.0,0,0,0.0,0.0,0,0,Benign
17,258,2,2,58,166,29,29,29.0,0.0,83,83,83.0,0.0,868217.0543,15503.87597,86.0,106.22617,206,4,4,4.0,0.0,4,4,48,48.0,0.0,48,48,0,0,0,0,80,80,7751.938,7751.938,29,83,50.6,29.577019,874.8,0,0,0,0,0,0,0,0,1,63.25,29.0,83.0,0,0,0,0,0,0,2,58,2,166,-1,-1,1,40,0.0,0.0,0,0,0.0,0.0,0,0,Benign
17,188,2,2,60,264,30,30,30.0,0.0,132,132,132.0,0.0,1723404.255,21276.59574,62.666668,68.19335,137,3,3,3.0,0.0,3,3,48,48.0,0.0,48,48,0,0,0,0,40,40,10638.298,10638.298,30,132,70.8,55.867702,3121.2,0,0,0,0,0,0,0,0,1,88.5,30.0,132.0,0,0,0,0,0,0,2,60,2,264,-1,-1,1,20,0.0,0.0,0,0,0.0,0.0,0,0,Benign
17,48638,2,2,70,102,35,35,35.0,0.0,51,51,51.0,0.0,3536.329619,82.24022369,16212.667,28037.87,48588,3,47,47.0,0.0,47,47,3,3.0,0.0,3,3,0,0,0,0,80,40,41.120113,41.120113,35,51,41.4,8.763561,76.8,0,0,0,0,0,0,0,0,1,51.75,35.0,51.0,0,0,0,0,0,0,2,70,2,102,-1,-1,1,40,0.0,0.0,0,0,0.0,0.0,0,0,Benign
17,60356,1,1,55,93,55,55,55.0,0.0,93,93,93.0,0.0,2452.117437,33.13672212,60356.0,0.0,60356,60356,0,0.0,0.0,0,0,0,0.0,0.0,0,0,0,0,0,0,32,32,16.568361,16.568361,55,93,67.666664,21.93931,481.33334,0,0,0,0,0,0,0,0,1,101.5,55.0,93.0,0,0,0,0,0,0,1,55,1,93,-1,-1,0,32,0.0,0.0,0,0,0.0,0.0,0,0,Benign
17,201,2,2,62,244,31,31,31.0,0.0,122,122,122.0,0.0,1522388.06,19900.49751,67.0,71.39328,144,3,3,3.0,0.0,3,3,54,54.0,0.0,54,54,0,0,0,0,80,80,9950.249,9950.249,31,122,67.4,49.842754,2484.3,0,0,0,0,0,0,0,0,1,84.25,31.0,122.0,0,0,0,0,0,0,2,62,2,244,-1,-1,1,40,0.0,0.0,0,0,0.0,0.0,0,0,Benign
6,7253403,16,11,4476,7072,1448,0,279.75,444.88208,1448,0,642.9091,584.2098,1592.080297,3.722390718,278977.03,1139361.2,5842476,3,7253403,483560.2,1487996.2,5842476,3,1150134,115013.4,146832.81,342321,48,0,0,0,0,520,360,2.205861,1.5165296,0,1448,412.42856,524.1537,274737.06,0,0,0,1,0,0,0,0,0,427.7037,279.75,642.9091,0,0,0,0,0,0,16,4476,11,7072,29200,173,7,32,1410924.0,0.0,1410924,1410924,5842476.0,0.0,5842476,5842476,Benign
6,31116129,9,8,722,4611,344,0,80.22222,148.99478,1460,0,576.375,671.0899,171.3902137,0.546340453,1944758.1,3965869.5,10000000,65,21200000,2652095.5,4567163.5,10100000,65664,31000000,4431532.5,5211106.0,10100000,233,0,0,0,0,192,172,0.28923905,0.2571014,0,1460,296.27777,512.5291,262686.1,0,0,0,1,0,0,0,0,0,313.70587,80.22222,576.375,0,0,0,0,0,0,9,722,8,4611,8192,1026,8,20,605908.5,722106.6,1116515,95302,10000000.0,13721.407,10000000,9992771,Benign
6,20835020,14,13,2180,5181,597,0,155.71428,227.47559,2491,0,398.53845,746.94275,353.2993969,1.295895084,801346.94,2701237.5,9999568,48,20800000,1602584.8,3722954.8,10000000,5927,20800000,1733782.4,3869660.0,10000000,48,0,0,0,0,292,268,0.6719456,0.62394947,0,2491,262.89285,538.75366,290255.5,0,0,0,1,0,0,0,0,0,272.62964,155.71428,398.53845,0,0,0,0,0,0,14,2180,13,5181,8192,6512,13,20,441985.0,583918.9,854878,29092,9974816.0,35004.613,9999568,9950064,Benign
6,80,1,1,6,6,6,6,6.0,0.0,6,6,6.0,0.0,150000.0,25000.0,80.0,0.0,80,80,0,0.0,0.0,0,0,0,0.0,0.0,0,0,0,0,0,0,20,20,12500.0,12500.0,6,6,6.0,0.0,0.0,0,0,0,0,1,1,0,0,1,9.0,6.0,6.0,0,0,0,0,0,0,1,6,1,6,30016,64158,0,20,0.0,0.0,0,0,0.0,0.0,0,0,Benign
6,63,1,1,0,0,0,0,0.0,0.0,0,0,0.0,0.0,0.0,31746.03175,63.0,0.0,63,63,0,0.0,0.0,0,0,0,0.0,0.0,0,0,0,0,0,0,32,32,15873.016,15873.016,0,0,0.0,0.0,0.0,0,0,0,0,1,1,0,0,1,0.0,0.0,0.0,0,0,0,0,0,0,1,0,1,0,290,266,0,32,0.0,0.0,0,0,0.0,0.0,0,0,Benign
6,1907155,2,0,12,0,6,6,6.0,0.0,0,0,0.0,0.0,6.292094769,1.048682462,1907155.0,0.0,1907155,1907155,1907155,1907155.0,0.0,1907155,1907155,0,0.0,0.0,0,0,0,0,0,0,40,0,1.0486825,0.0,6,6,6.0,0.0,0.0,0,0,0,0,1,0,0,0,0,9.0,6.0,0.0,0,0,0,0,0,0,2,12,0,0,237,-1,1,20,0.0,0.0,0,0,0.0,0.0,0,0,Benign
6,25071,2,0,12,0,6,6,6.0,0.0,0,0,0.0,0.0,478.6406605,79.77344342,25071.0,0.0,25071,25071,25071,25071.0,0.0,25071,25071,0,0.0,0.0,0,0,0,0,0,0,40,0,79.773445,0.0,6,6,6.0,0.0,0.0,0,0,0,0,1,0,0,0,0,9.0,6.0,0.0,0,0,0,0,0,0,2,12,0,0,64240,-1,1,20,0.0,0.0,0,0,0.0,0.0,0,0,Benign
17,36765,1,1,51,107,51,51,51.0,0.0,107,107,107.0,0.0,4297.565619,54.3995648,36765.0,0.0,36765,36765,0,0.0,0.0,0,0,0,0.0,0.0,0,0,0,0,0,0,32,32,27.199783,27.199783,51,107,69.666664,32.331615,1045.3334,0,0,0,0,0,0,0,0,1,104.5,51.0,107.0,0,0,0,0,0,0,1,51,1,107,-1,-1,0,32,0.0,0.0,0,0,0.0,0.0,0,0,Benign
17,135,2,2,100,132,50,50,50.0,0.0,66,66,66.0,0.0,1718518.519,29629.62963,45.0,72.74613,129,3,3,3.0,0.0,3,3,3,3.0,0.0,3,3,0,0,0,0,64,64,14814.814,14814.814,50,66,56.4,8.763561,76.8,0,0,0,0,0,0,0,0,1,70.5,50.0,66.0,0,0,0,0,0,0,2,100,2,132,-1,-1,1,32,0.0,0.0,0,0,0.0,0.0,0,0,Benign
17,92233,2,2,84,188,42,42,42.0,0.0,94,94,94.0,0.0,2949.052942,43.36842562,30744.334,53205.72,92181,4,48,48.0,0.0,48,48,4,4.0,0.0,4,4,0,0,0,0,64,64,21.684214,21.684214,42,94,62.8,28.481573,811.2,0,0,0,0,0,0,0,0,1,78.5,42.0,94.0,0,0,0,0,0,0,2,84,2,188,-1,-1,1,32,0.0,0.0,0,0,0.0,0.0,0,0,Benign
17,63777,1,1,43,124,43,43,43.0,0.0,124,124,124.0,0.0,2618.498832,31.35926745,63777.0,0.0,63777,63777,0,0.0,0.0,0,0,0,0.0,0.0,0,0,0,0,0,0,32,32,15.679634,15.679634,43,124,70.0,46.765373,2187.0,0,0,0,0,0,0,0,0,1,105.0,43.0,124.0,0,0,0,0,0,0,1,43,1,124,-1,-1,0,32,0.0,0.0,0,0,0.0,0.0,0,0,Benign
17,31220,4,2,136,100,34,34,34.0,0.0,50,50,50.0,0.0,7559.256887,192.1844971,6244.0,12551.307,28606,3,28614,9538.0,16513.373,28606,3,3,3.0,0.0,3,3,0,0,0,0,80,40,128.123,64.0615,34,50,38.57143,7.8072004,60.95238,0,0,0,0,0,0,0,0,0,45.0,34.0,50.0,0,0,0,0,0,0,4,136,2,100,-1,-1,3,20,0.0,0.0,0,0,0.0,0.0,0,0,Benign
6,4,1,1,6,6,6,6,6.0,0.0,6,6,6.0,0.0,3000000.0,500000.0,4.0,0.0,4,4,0,0.0,0.0,0,0,0,0.0,0.0,0,0,0,0,0,0,20,20,250000.0,250000.0,6,6,6.0,0.0,0.0,0,0,0,0,1,1,0,0,1,9.0,6.0,6.0,0,0,0,0,0,0,1,6,1,6,31088,63123,0,20,0.0,0.0,0,0,0.0,0.0,0,0,Benign
6,391,1,1,6,6,6,6,6.0,0.0,6,6,6.0,0.0,30690.53708,5115.089514,391.0,0.0,391,391,0,0.0,0.0,0,0,0,0.0,0.0,0,0,0,0,0,0,20,20,2557.5447,2557.5447,6,6,6.0,0.0,0.0,1,0,0,0,1,0,0,0,1,9.0,6.0,6.0,0,0,0,0,0,0,1,6,1,6,0,0,0,20,0.0,0.0,0,0,0.0,0.0,0,0,Benign
17,44770,2,2,60,264,30,30,30.0,0.0,132,132,132.0,0.0,7236.989055,89.34554389,14923.333,25803.814,44719,3,3,3.0,0.0,3,3,48,48.0,0.0,48,48,0,0,0,0,64,64,44.67277,44.67277,30,132,70.8,55.867702,3121.2,0,0,0,0,0,0,0,0,1,88.5,30.0,132.0,0,0,0,0,0,0,2,60,2,264,-1,-1,1,32,0.0,0.0,0,0,0.0,0.0,0,0,Benign
6,116240455,22,21,839,8864,385,0,38.136364,91.03704,1460,0,422.09525,607.3818,83.47352047,0.369922847,2767630.0,4438557.5,10000000,3,116000000,5535260.0,4945802.5,10000000,3,111000000,5550587.5,5075373.5,10000000,56,0,0,0,0,464,564,0.18926285,0.18066,0,1460,220.52272,462.19928,213628.16,0,0,0,1,0,0,0,0,0,225.65117,38.136364,422.09525,0,0,0,0,0,0,22,839,21,8864,8192,62,20,20,77193.414,214982.98,759856,14994,9609511.0,1384400.4,10000000,5213511,Benign
17,23965,1,1,58,139,58,58,58.0,0.0,139,139,139.0,0.0,8220.321302,83.4550386,23965.0,0.0,23965,23965,0,0.0,0.0,0,0,0,0.0,0.0,0,0,0,0,0,0,20,20,41.72752,41.72752,58,139,85.0,46.765373,2187.0,0,0,0,0,0,0,0,0,1,127.5,58.0,139.0,0,0,0,0,0,0,1,58,1,139,-1,-1,0,20,0.0,0.0,0,0,0.0,0.0,0,0,Benign
6,59,1,1,0,0,0,0,0.0,0.0,0,0,0.0,0.0,0.0,33898.30508,59.0,0.0,59,59,0,0.0,0.0,0,0,0,0.0,0.0,0,0,0,0,0,0,32,32,16949.152,16949.152,0,0,0.0,0.0,0.0,0,0,0,0,1,1,0,0,1,0.0,0.0,0.0,0,0,0,0,0,0,1,0,1,0,59,296,0,32,0.0,0.0,0,0,0.0,0.0,0,0,Benign
17,151551,4,2,124,164,31,31,31.0,0.0,82,82,82.0,0.0,1900.350377,39.59063286,30310.2,52171.223,120499,3,31004,10334.667,17894.97,30998,3,48,48.0,0.0,48,48,0,0,0,0,104,40,26.393755,13.1968775,31,82,45.57143,24.885452,619.2857,0,0,0,0,0,0,0,0,0,53.166668,31.0,82.0,0,0,0,0,0,0,4,124,2,164,-1,-1,3,20,0.0,0.0,0,0,0.0,0.0,0,0,Benign
17,159,2,2,136,200,68,68,68.0,0.0,100,100,100.0,0.0,2113207.547,25157.2327,53.0,52.67827,108,3,3,3.0,0.0,3,3,48,48.0,0.0,48,48,0,0,0,0,64,64,12578.616,12578.616,68,100,80.8,17.527122,307.2,0,0,0,0,0,0,0,0,1,101.0,68.0,100.0,0,0,0,0,0,0,2,136,2,200,-1,-1,1,32,0.0,0.0,0,0,0.0,0.0,0,0,Benign
6,28,1,1,0,0,0,0,0.0,0.0,0,0,0.0,0.0,0.0,71428.57143,28.0,0.0,28,28,0,0.0,0.0,0,0,0,0.0,0.0,0,0,0,0,0,0,32,32,35714.285,35714.285,0,0,0.0,0.0,0.0,0,0,0,0,1,1,0,0,1,0.0,0.0,0.0,0,0,0,0,0,0,1,0,1,0,114,338,0,32,0.0,0.0,0,0,0.0,0.0,0,0,Benign
6,15,1,1,0,6,0,0,0.0,0.0,6,6,6.0,0.0,400000.0,133333.3333,15.0,0.0,15,15,0,0.0,0.0,0,0,0,0.0,0.0,0,0,0,0,0,0,40,20,66666.664,66666.664,0,6,2.0,3.4641016,12.0,0,0,0,1,0,0,0,0,1,3.0,0.0,6.0,0,0,0,0,0,0,1,0,1,6,29200,0,0,40,0.0,0.0,0,0,0.0,0.0,0,0,PortScan
17,74433,4,2,172,198,43,43,43.0,0.0,99,99,99.0,0.0,4970.913439,80.60940712,14886.6,20970.469,44295,3,30135,10045.0,17354.297,30084,3,3,3.0,0.0,3,3,0,0,0,0,128,40,53.739605,26.869802,43,99,59.0,27.325203,746.6667,0,0,0,0,0,0,0,0,0,68.833336,43.0,99.0,0,0,0,0,0,0,4,172,2,198,-1,-1,3,32,0.0,0.0,0,0,0.0,0.0,0,0,Benign
17,53671,1,1,54,70,54,54,54.0,0.0,70,70,70.0,0.0,2310.372454,37.26407185,53671.0,0.0,53671,53671,0,0.0,0.0,0,0,0,0.0,0.0,0,0,0,0,0,0,32,20,18.632036,18.632036,54,70,59.333332,9.237604,85.333336,0,0,0,0,0,0,0,0,1,89.0,54.0,70.0,0,0,0,0,0,0,1,54,1,70,-1,-1,0,32,0.0,0.0,0,0,0.0,0.0,0,0,Benign
6,119997325,12,12,60,12,6,0,5.0,2.335497,6,0,1.0,2.335497,0.600013375,0.200004458,5217275.0,11600000.0,30000000,0,120000000,10900000.0,15100000.0,30000000,2,120000000,10900000.0,15100000.0,30000000,3,0,0,0,0,264,360,0.10000223,0.10000223,0,6,3.12,3.0594118,9.36,0,0,0,0,1,0,0,0,1,3.25,5.0,1.0,0,0,0,0,0,0,12,60,12,12,252,2048,9,20,4551.0,8891.618,17888,54,30000000.0,8778.347,30000000,30000000,Benign
6,127,2,0,0,0,0,0,0.0,0.0,0,0,0.0,0.0,0.0,15748.0315,127.0,0.0,127,127,127,127.0,0.0,127,127,0,0.0,0.0,0,0,0,0,0,0,64,0,15748.031,0.0,0,0,0.0,0.0,0.0,0,0,0,0,1,0,0,0,0,0.0,0.0,0.0,0,0,0,0,0,0,2,0,0,0,264,-1,0,32,0.0,0.0,0,0,0.0,0.0,0,0,Benign
6,33202001,24,21,3240,17832,692,0,135.0,243.31068,1845,0,849.1429,672.22424,634.6605435,1.355339999,754590.94,2525017.8,10200000,6,33200000,1443560.2,3387236.2,10200000,93,33200000,1658647.6,3595648.8,10300000,48,0,0,0,0,776,680,0.722848,0.632492,0,1845,458.08694,602.32544,362795.94,0,0,0,1,0,0,0,0,0,468.26666,135.0,849.1429,0,0,0,0,0,0,24,3240,21,17832,29200,284,7,32,1138342.6,1921610.2,3357227,28806,9928932.0,513731.03,10200000,9335954,Benign
17,166,2,2,96,96,48,48,48.0,0.0,48,48,48.0,0.0,1156626.506,24096.38554,55.333332,89.77936,159,3,4,4.0,0.0,4,4,3,3.0,0.0,3,3,0,0,0,0,64,64,12048.192,12048.192,48,48,48.0,0.0,0.0,0,0,0,0,0,0,0,0,1,60.0,48.0,48.0,0,0,0,0,0,0,2,96,2,96,-1,-1,1,32,0.0,0.0,0,0,0.0,0.0,0,0,Benign
6,32220,2,1,12,6,6,6,6.0,0.0,6,6,6.0,0.0,558.6592179,93.10986965,16110.0,22749.04,32196,24,32220,32220.0,0.0,32220,32220,0,0.0,0.0,0,0,0,0,0,0,40,20,62.073246,31.036623,6,6,6.0,0.0,0.0,0,0,0,0,1,1,0,0,0,8.0,6.0,6.0,0,0,0,0,0,0,2,12,1,6,40880,62791,1,20,0.0,0.0,0,0,0.0,0.0,0,0,Benign
6,123059,8,6,528,4342,206,0,66.0,84.26659,1430,0,723.6667,692.3172,39574.51304,113.7665673,9466.077,15649.353,36917,4,123059,17579.857,18438.576,37753,4,85755,17151.0,23408.37,47560,48,0,0,0,0,172,132,65.00947,48.7571,0,1430,324.66666,537.32825,288721.66,0,0,0,1,0,0,0,0,0,347.85715,66.0,723.6667,0,0,0,0,0,0,8,528,6,4342,8192,343,7,20,0.0,0.0,0,0,0.0,0.0,0,0,Benign
6,69,1,1,6,6,6,6,6.0,0.0,6,6,6.0,0.0,173913.0435,28985.50725,69.0,0.0,69,69,0,0.0,0.0,0,0,0,0.0,0.0,0,0,0,0,0,0,20,20,14492.754,14492.754,6,6,6.0,0.0,0.0,0,0,0,0,1,1,0,0,1,9.0,6.0,6.0,0,0,0,0,0,0,1,6,1,6,343,255,0,20,0.0,0.0,0,0,0.0,0.0,0,0,Benign
6,248458,5,0,0,0,0,0,0.0,0.0,0,0,0.0,0.0,0.0,20.12412561,62114.5,98814.04,207476,0,248458,62114.5,98814.04,207476,0,0,0.0,0.0,0,0,0,0,0,0,160,0,20.124126,0.0,0,0,0.0,0.0,0.0,0,0,0,0,1,0,0,0,0,0.0,0.0,0.0,0,0,0,0,0,0,5,0,0,0,306,-1,0,32,0.0,0.0,0,0,0.0,0.0,0,0,Benign
17,30872,1,1,60,76,60,60,60.0,0.0,76,76,76.0,0.0,4405.286344,64.7836227,30872.0,0.0,30872,30872,0,0.0,0.0,0,0,0,0.0,0.0,0,0,0,0,0,0,32,32,32.39181,32.39181,60,76,65.333336,9.237604,85.333336,0,0,0,0,0,0,0,0,1,98.0,60.0,76.0,0,0,0,0,0,0,1,60,1,76,-1,-1,0,32,0.0,0.0,0,0,0.0,0.0,0,0,Benign
6,337,2,0,12,0,6,6,6.0,0.0,0,0,0.0,0.0,35608.30861,5934.718101,337.0,0.0,337,337,337,337.0,0.0,337,337,0,0.0,0.0,0,0,0,0,0,0,40,0,5934.7183,0.0,6,6,6.0,0.0,0.0,0,0,0,0,1,0,0,0,0,9.0,6.0,0.0,0,0,0,0,0,0,2,12,0,0,40905,-1,1,20,0.0,0.0,0,0,0.0,0.0,0,0,Benign
6,115154910,28,38,498,54863,342,0,17.785715,63.55013,4380,0,1443.7632,1343.1776,480.7524056,0.573140998,1771614.0,3788981.2,10000000,4,115000000,4264996.5,4947929.5,10000000,198,110000000,2979893.2,4641549.0,10000000,48,0,0,0,0,572,904,0.24315073,0.32999027,0,4380,826.28357,1232.9802,1520240.2,0,0,0,1,0,0,0,0,1,838.80304,17.785715,1443.7632,0,0,0,0,0,0,28,498,38,54863,8192,288,27,20,27639.363,15009.001,72892,22985,9995633.0,5286.5034,10000000,9982635,Benign
6,359136,2,0,12,0,6,6,6.0,0.0,0,0,0.0,0.0,33.4135258,5.568920966,359136.0,0.0,359136,359136,359136,359136.0,0.0,359136,359136,0,0.0,0.0,0,0,0,0,0,0,40,0,5.568921,0.0,6,6,6.0,0.0,0.0,0,0,0,0,1,0,0,0,0,9.0,6.0,0.0,0,0,0,0,0,0,2,12,0,0,16210,-1,1,20,0.0,0.0,0,0,0.0,0.0,0,0,Benign
6,110383455,12,12,72,0,6,6,6.0,0.0,0,0,0.0,0.0,0.652271665,0.217423888,4799280.5,5086619.0,9995892,34962,110000000,10000000.0,2965.7178,10000000,10000000,110000000,10000000.0,4257.624,10000000,10000000,0,0,0,0,240,384,0.10871194,0.10871194,0,6,3.12,3.0594118,9.36,0,0,0,0,1,0,0,0,1,3.25,6.0,0.0,0,0,0,0,0,0,12,72,12,0,16306,62,11,20,36353.91,4085.4072,48667,34962,9995301.0,1134.0363,9995892,9991919,Benign
17,1052381,2,2,62,246,31,31,31.0,0.0,123,123,123.0,0.0,292.66967,3.800904805,350793.66,607589.0,1052377,1,1,1.0,0.0,1,1,3,3.0,0.0,3,3,0,0,0,0,64,64,1.9004524,1.9004524,31,123,67.8,50.390476,2539.2,0,0,0,0,0,0,0,0,1,84.75,31.0,123.0,0,0,0,0,0,0,2,62,2,246,-1,-1,1,32,0.0,0.0,0,0,0.0,0.0,0,0,Benign
6,244371,3,4,490,302,484,0,163.33333,277.72168,290,0,75.5,143.02797,3240.973765,28.64497015,40728.5,68653.45,176847,3,210358,105179.0,101353.86,176847,33511,210883,70294.336,121316.27,210378,3,0,0,0,0,72,88,12.276416,16.368555,0,484,99.0,185.18562,34293.715,0,0,0,1,0,0,0,0,1,113.14286,163.33333,75.5,0,0,0,0,0,0,3,490,4,302,8192,4864,2,20,0.0,0.0,0,0,0.0,0.0,0,0,Benign
17,212,2,2,100,112,50,50,50.0,0.0,56,56,56.0,0.0,1000000.0,18867.92453,70.666664,81.40229,161,3,3,3.0,0.0,3,3,48,48.0,0.0,48,48,0,0,0,0,40,40,9433.962,9433.962,50,56,52.4,3.2863352,10.8,0,0,0,0,0,0,0,0,1,65.5,50.0,56.0,0,0,0,0,0,0,2,100,2,112,-1,-1,1,20,0.0,0.0,0,0,0.0,0.0,0,0,Benign
6,36889,1,1,0,0,0,0,0.0,0.0,0,0,0.0,0.0,0.0,54.21670417,36889.0,0.0,36889,36889,0,0.0,0.0,0,0,0,0.0,0.0,0,0,0,0,0,0,32,32,27.108353,27.108353,0,0,0.0,0.0,0.0,0,0,0,0,1,1,0,0,1,0.0,0.0,0.0,0,0,0,0,0,0,1,0,1,0,256,939,0,32,0.0,0.0,0,0,0.0,0.0,0,0,Benign
6,81,1,2,6,12,6,6,6.0,0.0,6,6,6.0,0.0,222222.2222,37037.03704,40.5,12.020815,49,32,0,0.0,0.0,0,0,49,49.0,0.0,49,49,0,0,0,0,20,40,12345.679,24691.357,6,6,6.0,0.0,0.0,0,0,0,0,1,1,0,0,2,8.0,6.0,6.0,0,0,0,0,0,0,1,6,2,12,255,229,0,20,0.0,0.0,0,0,0.0,0.0,0,0,Benign
17,6016511,2,2,99,195,51,48,49.5,2.1213202,128,67,97.5,43.133514,48.86553021,0.664837146,2005503.6,3414165.5,5947840,30532,5985979,5985979.0,0.0,5985979,5985979,5978372,5978372.0,0.0,5978372,5978372,0,0,0,0,40,40,0.33241856,0.33241856,48,128,68.4,34.238865,1172.3,0,0,0,0,0,0,0,0,1,85.5,49.5,97.5,0,0,0,0,0,0,2,99,2,195,-1,-1,1,20,38139.0,0.0,38139,38139,5947840.0,0.0,5947840,5947840,Benign
6,107678892,14,14,503,1782,431,0,35.92857,113.72062,1770,0,127.28571,472.81064,21.22050067,0.260032393,3988107.0,4894911.0,10000000,125,100000000,7724454.0,4389248.0,10000000,404,108000000,8280145.0,3747186.0,10000000,854,0,0,0,0,292,412,0.1300162,0.1300162,0,1770,78.793106,334.8306,112111.52,0,0,0,1,0,0,0,0,1,81.60714,35.92857,127.28571,0,0,0,0,0,0,14,503,14,1782,8192,946,13,20,40820.3,12258.622,75708,36805,10000000.0,1133.2153,10000000,9999535,Benign
17,917378,2,2,68,178,34,34,34.0,0.0,89,89,89.0,0.0,268.1555477,4.360252807,305792.66,529641.5,917370,4,4,4.0,0.0,4,4,4,4.0,0.0,4,4,0,0,0,0,64,40,2.1801264,2.1801264,34,89,56.0,30.12474,907.5,0,0,0,0,0,0,0,0,1,70.0,34.0,89.0,0,0,0,0,0,0,2,68,2,178,-1,-1,1,32,0.0,0.0,0,0,0.0,0.0,0,0,Benign
6,1177,9,7,3148,3152,1574,0,349.77777,694.0688,1576,0,450.2857,769.0093,5352591.334,13593.88275,78.46667,206.06027,820,0,1177,147.125,302.5829,893,1,1159,193.16667,316.33868,832,6,0,0,0,0,304,240,7646.559,5947.3237,0,1576,370.58823,688.6489,474237.38,0,0,0,1,0,0,0,0,0,393.75,349.77777,450.2857,0,0,0,0,0,0,9,3148,7,3152,29200,2081,2,32,0.0,0.0,0,0,0.0,0.0,0,0,Benign
6,156046,3,5,2556,153,2556,0,852.0,1475.7073,153,0,30.6,68.42368,17360.26556,51.26693411,22292.285,27861.928,60624,1,111059,55529.5,7204.711,60624,50435,105787,26446.75,52222.98,104778,1,0,0,0,0,104,168,19.2251,32.041832,0,2556,301.0,847.1375,717642.0,0,0,0,1,0,0,0,0,1,338.625,852.0,30.6,0,0,0,0,0,0,3,2556,5,153,29200,40,1,32,0.0,0.0,0,0,0.0,0.0,0,0,Benign
6,55,1,1,6,6,6,6,6.0,0.0,6,6,6.0,0.0,218181.8182,36363.63636,55.0,0.0,55,55,0,0.0,0.0,0,0,0,0.0,0.0,0,0,0,0,0,0,20,20,18181.818,18181.818,6,6,6.0,0.0,0.0,0,0,0,0,1,1,0,0,1,9.0,6.0,6.0,0,0,0,0,0,0,1,6,1,6,292,253,0,20,0.0,0.0,0,0,0.0,0.0,0,0,Benign
6,65174654,10,11,507,2018,459,0,50.7,143.47438,1400,0,183.45454,437.60446,38.74205454,0.322211147,3258732.8,4631828.5,10000000,4,60600000,6732577.0,5005950.0,10100000,190,65100000,6508821.0,4792486.0,10100000,4,0,0,0,0,212,228,0.15343387,0.16877727,0,1400,114.77273,324.13666,105064.56,0,0,0,1,0,0,0,0,1,120.2381,50.7,183.45454,0,0,0,0,0,0,10,507,11,2018,8192,4659,9,20,101000.336,36002.85,174489,86076,9997865.0,5678.265,10000000,9994113,Benign
17,30936,4,2,120,196,30,30,30.0,0.0,98,98,98.0,0.0,10214.63667,193.9487975,6187.2,13496.483,30326,3,30332,10110.667,17506.992,30326,3,3,3.0,0.0,3,3,0,0,0,0,80,40,129.2992,64.6496,30,98,49.42857,33.180603,1100.9524,0,0,0,0,0,0,0,0,0,57.666668,30.0,98.0,0,0,0,0,0,0,4,120,2,196,-1,-1,3,20,0.0,0.0,0,0,0.0,0.0,0,0,Benign
17,48117,4,2,132,240,33,33,33.0,0.0,120,120,120.0,0.0,7731.155309,124.6960534,9623.4,14177.035,31465,3,31472,10490.667,18164.305,31465,3,3,3.0,0.0,3,3,0,0,0,0,80,40,83.1307,41.56535,33,120,57.857143,42.451653,1802.1428,0,0,0,0,0,0,0,0,0,67.5,33.0,120.0,0,0,0,0,0,0,4,132,2,240,-1,-1,3,20,0.0,0.0,0,0,0.0,0.0,0,0,Benign
6,339,3,1,83,6,46,6,27.666666,20.20726,6,6,6.0,0.0,262536.8732,11799.41003,113.0,141.03546,272,3,339,169.5,235.46655,336,3,0,0.0,0.0,0,0,1,0,0,0,60,20,8849.558,2949.8525,6,46,27.0,20.12461,405.0,0,1,0,0,1,0,0,0,0,33.75,27.666666,6.0,0,0,0,0,0,0,3,83,1,6,123,0,2,20,0.0,0.0,0,0,0.0,0.0,0,0,Benign
17,48951,4,2,100,186,25,25,25.0,0.0,93,93,93.0,0.0,5842.577271,122.5715511,9790.2,14130.052,30804,3,30810,10270.0,17782.965,30804,3,3,3.0,0.0,3,3,0,0,0,0,80,40,81.71437,40.857185,25,93,44.42857,33.180603,1100.9524,0,0,0,0,0,0,0,0,0,51.833332,25.0,93.0,0,0,0,0,0,0,4,100,2,186,-1,-1,3,20,0.0,0.0,0,0,0.0,0.0,0,0,Benign
6,22,1,1,0,0,0,0,0.0,0.0,0,0,0.0,0.0,0.0,90909.09091,22.0,0.0,22,22,0,0.0,0.0,0,0,0,0.0,0.0,0,0,0,0,0,0,32,32,45454.547,45454.547,0,0,0.0,0.0,0.0,0,0,0,0,1,1,0,0,1,0.0,0.0,0.0,0,0,0,0,0,0,1,0,1,0,1720,407,0,32,0.0,0.0,0,0,0.0,0.0,0,0,Benign
6,5874,3,0,18,0,6,6,6.0,0.0,0,0,0.0,0.0,3064.351379,510.7252298,2937.0,4149.3027,5871,3,5874,2937.0,4149.3027,5871,3,0,0.0,0.0,0,0,0,0,0,0,60,0,510.72522,0.0,6,6,6.0,0.0,0.0,0,0,0,0,1,0,0,0,0,8.0,6.0,0.0,0,0,0,0,0,0,3,18,0,0,255,-1,2,20,0.0,0.0,0,0,0.0,0.0,0,0,Benign
17,195,2,2,140,396,70,70,70.0,0.0,198,198,198.0,0.0,2748717.949,20512.82051,65.0,106.5223,188,3,4,4.0,0.0,4,4,3,3.0,0.0,3,3,0,0,0,0,40,40,10256.41,10256.41,70,198,121.2,70.10849,4915.2,0,0,0,0,0,0,0,0,1,151.5,70.0,198.0,0,0,0,0,0,0,2,140,2,396,-1,-1,1,20,0.0,0.0,0,0,0.0,0.0,0,0,Benign
17,112095,1,1,62,199,62,62,62.0,0.0,199,199,199.0,0.0,2328.382176,17.84200901,112095.0,0.0,112095,112095,0,0.0,0.0,0,0,0,0.0,0.0,0,0,0,0,0,0,20,32,8.921004,8.921004,62,199,107.666664,79.096985,6256.3335,0,0,0,0,0,0,0,0,1,161.5,62.0,199.0,0,0,0,0,0,0,1,62,1,199,-1,-1,0,20,0.0,0.0,0,0,0.0,0.0,0,0,Benign
6,35770547,15,18,704,12178,361,0,46.933334,105.65609,1448,0,676.55554,666.6557,360.1286835,0.922546697,1117829.6,2963626.5,10000000,3,32300000,2306615.0,4274693.5,10300000,73,35500000,2089177.8,3979256.2,10300000,3,0,0,0,0,500,584,0.41933942,0.50320727,0,1448,378.88235,580.0461,336453.44,0,0,0,1,0,0,0,0,1,390.36365,46.933334,676.55554,0,0,0,0,0,0,15,704,18,12178,29200,70,3,32,748136.0,854800.0,1735174,254421,10000000.0,14108.702,10000000,10000000,Benign
17,62078,1,1,48,48,48,48,48.0,0.0,48,48,48.0,0.0,1546.441574,32.21753278,62078.0,0.0,62078,62078,0,0.0,0.0,0,0,0,0.0,0.0,0,0,0,0,0,0,20,32,16.108767,16.108767,48,48,48.0,0.0,0.0,0,0,0,0,0,0,0,0,1,72.0,48.0,48.0,0,0,0,0,0,0,1,48,1,48,-1,-1,0,20,0.0,0.0,0,0,0.0,0.0,0,0,Benign
6,63318730,7,2,187,92,46,6,26.714285,20.089087,46,46,46.0,0.0,4.406279153,0.142138037,7914841.0,20300000.0,58100000,3,63300000,10600000.0,23400000.0,58100000,3,58300000,58300000.0,0.0,58300000,58300000,1,0,0,0,140,40,0.110551804,0.03158623,6,46,32.5,18.863544,355.83334,0,1,0,0,1,0,0,0,0,36.11111,26.714285,46.0,0,0,0,0,0,0,7,187,2,92,16548,416,6,20,232835.0,0.0,232835,232835,58100000.0,0.0,58100000,58100000,Benign
17,60750,4,2,124,264,31,31,31.0,0.0,132,132,132.0,0.0,6386.831276,98.7654321,12150.0,16638.412,31020,3,31027,10342.333,17907.385,31020,3,4,4.0,0.0,4,4,0,0,0,0,104,64,65.84362,32.92181,31,132,59.857143,49.282955,2428.8096,0,0,0,0,0,0,0,0,0,69.833336,31.0,132.0,0,0,0,0,0,0,4,124,2,264,-1,-1,3,20,0.0,0.0,0,0,0.0,0.0,0,0,Benign
17,74245988,2,2,106,253,57,49,53.0,5.656854,142,111,126.5,21.920311,4.835278103,0.053874965,24700000.0,42800000.0,74200000,467,74200000,74200000.0,0.0,74200000,74200000,74200000,74200000.0,0.0,74200000,74200000,0,0,0,0,64,56,0.026937483,0.026937483,49,142,83.2,41.14851,1693.2,0,0,0,0,0,0,0,0,1,104.0,53.0,126.5,0,0,0,0,0,0,2,106,2,253,-1,-1,1,32,467.0,0.0,467,467,74200000.0,0.0,74200000,74200000,Benign
6,77,1,1,0,0,0,0,0.0,0.0,0,0,0.0,0.0,0.0,25974.02597,77.0,0.0,77,77,0,0.0,0.0,0,0,0,0.0,0.0,0,0,0,0,0,0,32,32,12987.013,12987.013,0,0,0.0,0.0,0.0,0,0,0,0,1,1,0,0,1,0.0,0.0,0.0,0,0,0,0,0,0,1,0,1,0,15,65535,0,32,0.0,0.0,0,0,0.0,0.0,0,0,Benign
17,59626,1,1,55,111,55,55,55.0,0.0,111,111,111.0,0.0,2784.020394,33.54241438,59626.0,0.0,59626,59626,0,0.0,0.0,0,0,0,0.0,0.0,0,0,0,0,0,0,32,20,16.771208,16.771208,55,111,73.666664,32.331615,1045.3334,0,0,0,0,0,0,0,0,1,110.5,55.0,111.0,0,0,0,0,0,0,1,55,1,111,-1,-1,0,32,0.0,0.0,0,0,0.0,0.0,0,0,Benign
17,67067,2,2,76,238,38,38,38.0,0.0,119,119,119.0,0.0,4681.885279,59.64185069,22355.666,38716.82,67062,1,1,1.0,0.0,1,1,4,4.0,0.0,4,4,0,0,0,0,64,64,29.820925,29.820925,38,119,70.4,44.36553,1968.3,0,0,0,0,0,0,0,0,1,88.0,38.0,119.0,0,0,0,0,0,0,2,76,2,238,-1,-1,1,32,0.0,0.0,0,0,0.0,0.0,0,0,Benign
6,237154,3,0,0,0,0,0,0.0,0.0,0,0,0.0,0.0,0.0,12.65000801,118577.0,106774.54,194078,43076,237154,118577.0,106774.54,194078,43076,0,0.0,0.0,0,0,0,0,0,0,96,0,12.650008,0.0,0,0,0.0,0.0,0.0,0,0,0,0,1,0,0,0,0,0.0,0.0,0.0,0,0,0,0,0,0,3,0,0,0,242,-1,0,32,0.0,0.0,0,0,0.0,0.0,0,0,Benign
6,6335767,32,35,809,40843,322,0,25.28125,66.5666,2864,0,1166.9429,836.39685,6574.105392,10.57488383,95996.47,739420.5,6011090,2,6335767,204379.58,1077844.1,6011147,49,6282942,184792.4,1029655.0,6011129,2,0,0,0,0,660,712,5.0506907,5.524193,0,2864,612.5294,829.4146,687928.6,0,0,0,1,0,0,0,0,1,621.67163,25.28125,1166.9429,0,0,0,0,0,0,32,809,35,40843,29200,66,31,20,324439.0,0.0,324439,324439,6011090.0,0.0,6011090,6011090,Benign
17,196,2,2,90,122,45,45,45.0,0.0,61,61,61.0,0.0,1081632.653,20408.16327,65.333336,29.160475,99,48,49,49.0,0.0,49,49,48,48.0,0.0,48,48,0,0,0,0,64,64,10204.082,10204.082,45,61,51.4,8.763561,76.8,0,0,0,0,0,0,0,0,1,64.25,45.0,61.0,0,0,0,0,0,0,2,90,2,122,-1,-1,1,32,0.0,0.0,0,0,0.0,0.0,0,0,Benign
17,268,2,2,90,122,45,45,45.0,0.0,61,61,61.0,0.0,791044.7761,14925.37313,89.333336,147.80167,260,4,4,4.0,0.0,4,4,4,4.0,0.0,4,4,0,0,0,0,40,40,7462.6865,7462.6865,45,61,51.4,8.763561,76.8,0,0,0,0,0,0,0,0,1,64.25,45.0,61.0,0,0,0,0,0,0,2,90,2,122,-1,-1,1,20,0.0,0.0,0,0,0.0,0.0,0,0,Benign
6,119143748,39,42,4851,34226,824,0,124.38461,271.23602,2860,0,814.9048,796.3273,327.9819601,0.679851032,1489296.9,3441739.5,10000000,20,119000000,3134403.8,4494304.0,10000000,116,119000000,2905054.8,4478633.5,11000000,49,0,0,0,0,804,984,0.3273357,0.35251534,0,2860,476.54877,690.92413,477376.16,0,0,0,1,0,0,0,0,1,482.4321,124.38461,814.9048,0,0,0,0,0,0,39,4851,42,34226,8192,413,37,20,844380.6,2366679.0,7922353,36183,9983560.0,60954.18,10000000,9800499,Benign
17,5087213,2,2,88,209,46,42,44.0,2.828427,131,78,104.5,37.476658,58.38167185,0.786285143,1695737.6,2788879.8,4915936,61291,4977227,4977227.0,0.0,4977227,4977227,5025922,5025922.0,0.0,5025922,5025922,0,0,0,0,52,40,0.39314258,0.39314258,42,131,68.6,37.78624,1427.8,0,0,0,0,0,0,0,0,1,85.75,44.0,104.5,0,0,0,0,0,0,2,88,2,209,-1,-1,1,20,0.0,0.0,0,0,0.0,0.0,0,0,Benign
17,264,2,2,70,692,35,35,35.0,0.0,346,346,346.0,0.0,2886363.636,15151.51515,88.0,145.49226,256,4,4,4.0,0.0,4,4,4,4.0,0.0,4,4,0,0,0,0,40,40,7575.758,7575.758,35,346,159.4,170.34172,29016.3,0,0,0,0,0,0,0,0,1,199.25,35.0,346.0,0,0,0,0,0,0,2,70,2,692,-1,-1,1,20,0.0,0.0,0,0,0.0,0.0,0,0,Benign
6,90198320,14,14,864,3620,432,0,61.714287,156.87497,1810,0,258.57144,657.2771,49.71267758,0.310427068,3340678.5,4674530.5,10200000,38,87600000,6736849.5,4813620.0,10200000,355,90200000,6935502.0,4569467.0,10200000,37174,0,0,0,0,456,456,0.15521353,0.15521353,0,1810,154.6207,471.77963,222576.03,0,0,0,1,0,0,0,0,1,160.14285,61.714287,258.57144,0,0,0,0,0,0,14,864,14,3620,29200,972,2,32,53856.11,36219.387,139723,36679,9677149.0,1578754.6,10200000,5467137,Benign
17,196,2,2,70,262,35,35,35.0,0.0,131,131,131.0,0.0,1693877.551,20408.16327,65.333336,107.9645,190,3,3,3.0,0.0,3,3,3,3.0,0.0,3,3,0,0,0,0,40,40,10204.082,10204.082,35,131,73.4,52.581364,2764.8,0,0,0,0,0,0,0,0,1,91.75,35.0,131.0,0,0,0,0,0,0,2,70,2,262,-1,-1,1,20,0.0,0.0,0,0,0.0,0.0,0,0,Benign
17,47219,1,1,44,120,44,44,44.0,0.0,120,120,120.0,0.0,3473.17817,42.35583134,47219.0,0.0,47219,47219,0,0.0,0.0,0,0,0,0.0,0.0,0,0,0,0,0,0,20,20,21.177916,21.177916,44,120,69.333336,43.87862,1925.3334,0,0,0,0,0,0,0,0,1,104.0,44.0,120.0,0,0,0,0,0,0,1,44,1,120,-1,-1,0,20,0.0,0.0,0,0,0.0,0.0,0,0,Benign
6,3,2,0,12,0,6,6,6.0,0.0,0,0,0.0,0.0,4000000.0,666666.6667,3.0,0.0,3,3,3,3.0,0.0,3,3,0,0.0,0.0,0,0,0,0,0,0,40,0,666666.7,0.0,6,6,6.0,0.0,0.0,0,0,0,0,1,0,0,0,0,9.0,6.0,0.0,0,0,0,0,0,0,2,12,0,0,12902,-1,1,20,0.0,0.0,0,0,0.0,0.0,0,0,Benign
6,5251334,7,5,635,150,517,0,90.71429,190.7072,150,0,30.0,67.08204,149.4858259,2.285133644,477394.0,1446726.6,4836698,3,5251334,875222.3,2005053.1,4966953,3,320783,80195.75,56093.227,131964,404,0,0,0,0,232,168,1.3329946,0.952139,0,517,60.384617,144.60207,20909.756,0,0,0,1,0,0,0,0,0,65.416664,90.71429,30.0,0,0,0,0,0,0,7,635,5,150,29200,59,3,32,0.0,0.0,0,0,0.0,0.0,0,0,Benign
6,30739538,12,15,1284,8060,651,0,107.0,204.01381,2920,0,537.3333,822.4278,303.9733388,0.878347619,1182289.9,3114236.0,10000000,4,21700000,1970055.6,4029215.0,10200000,84,30500000,2179613.0,4128097.5,10200000,4,0,0,0,0,252,336,0.39037672,0.4879709,0,2920,333.7143,646.2809,417678.94,0,0,0,1,0,0,0,0,1,346.07407,107.0,537.3333,0,0,0,0,0,0,12,1284,15,8060,8192,141,11,20,834310.0,861738.3,1443651,224969,10000000.0,1581.0908,10000000,9999878,Benign
6,10084,4,0,31,0,31,0,7.75,15.5,0,0,0.0,0.0,3074.176914,396.6679889,3361.3333,5817.6704,10079,1,10084,3361.3333,5817.6704,10079,1,0,0.0,0.0,0,0,0,0,0,0,128,0,396.668,0.0,0,31,6.2,13.863622,192.2,0,0,0,0,1,0,0,0,0,7.75,7.75,0.0,0,0,0,0,0,0,4,31,0,0,939,-1,1,32,0.0,0.0,0,0,0.0,0.0,0,0,Benign
17,30644,1,1,47,131,47,47,47.0,0.0,131,131,131.0,0.0,5808.64117,65.26563112,30644.0,0.0,30644,30644,0,0.0,0.0,0,0,0,0.0,0.0,0,0,0,0,0,0,32,20,32.632816,32.632816,47,131,75.0,48.49742,2352.0,0,0,0,0,0,0,0,0,1,112.5,47.0,131.0,0,0,0,0,0,0,1,47,1,131,-1,-1,0,32,0.0,0.0,0,0,0.0,0.0,0,0,Benign
17,138628,4,2,136,184,34,34,34.0,0.0,92,92,92.0,0.0,2308.335978,43.28129959,27725.6,46952.824,108405,3,30220,10073.333,17403.371,30169,4,3,3.0,0.0,3,3,0,0,0,0,80,40,28.8542,14.4271,34,92,50.57143,28.301102,800.9524,0,0,0,0,0,0,0,0,0,59.0,34.0,92.0,0,0,0,0,0,0,4,136,2,184,-1,-1,3,20,0.0,0.0,0,0,0.0,0.0,0,0,Benign
6,11852,2,0,12,0,6,6,6.0,0.0,0,0,0.0,0.0,1012.487344,168.7478907,11852.0,0.0,11852,11852,11852,11852.0,0.0,11852,11852,0,0.0,0.0,0,0,0,0,0,0,40,0,168.7479,0.0,6,6,6.0,0.0,0.0,0,0,0,0,1,0,0,0,0,9.0,6.0,0.0,0,0,0,0,0,0,2,12,0,0,256,-1,1,20,0.0,0.0,0,0,0.0,0.0,0,0,Benign
17,48624,4,2,144,186,36,36,36.0,0.0,93,93,93.0,0.0,6786.771964,123.3958539,9724.8,14015.792,30512,3,30520,10173.333,17613.803,30512,4,3,3.0,0.0,3,3,0,0,0,0,128,64,82.2639,41.13195,36,93,52.285713,27.813152,773.5714,0,0,0,0,0,0,0,0,0,61.0,36.0,93.0,0,0,0,0,0,0,4,144,2,186,-1,-1,3,32,0.0,0.0,0,0,0.0,0.0,0,0,Benign
17,31468,4,2,184,300,46,46,46.0,0.0,150,150,150.0,0.0,15380.70421,190.6698869,6293.6,11948.015,27439,2,27444,9148.0,15840.471,27439,2,3,3.0,0.0,3,3,0,0,0,0,128,64,127.11326,63.55663,46,150,75.71429,50.746803,2575.238,0,0,0,0,0,0,0,0,0,88.333336,46.0,150.0,0,0,0,0,0,0,4,184,2,300,-1,-1,3,32,0.0,0.0,0,0,0.0,0.0,0,0,Benign
6,61019571,14,15,1073,5638,689,0,76.64286,185.62228,1460,0,375.86667,576.2098,109.9811075,0.475257356,2179270.5,4141876.0,10000000,4,61000000,4693813.0,5122581.0,10100000,50986,61000000,4354890.0,5119297.0,10100000,49,0,0,0,0,292,384,0.22943458,0.24582277,0,1460,223.7,447.0707,199872.22,0,0,0,1,0,0,0,0,1,231.41379,76.64286,375.86667,0,0,0,0,0,0,14,1073,15,5638,8192,115,13,20,163971.5,277159.06,729720,50591,9966579.0,81319.93,10000000,9800586,Benign
6,10067499,6,7,4426,906,2978,0,737.6667,1240.9895,906,0,129.42857,342.43582,529.6250836,1.291283962,838958.25,2884511.2,9998428,1,10100000,2013225.4,4463895.5,9998428,50,10000000,1672522.0,4079544.2,9999816,1,0,0,0,0,200,232,0.5959772,0.6953068,0,2978,380.85715,866.2605,750407.2,0,0,0,1,0,0,0,0,1,410.15384,737.6667,129.42857,0,0,0,0,0,0,6,4426,7,906,29200,69,2,32,67699.0,0.0,67699,67699,9998428.0,0.0,9998428,9998428,Benign
17,169,2,2,62,168,31,31,31.0,0.0,84,84,84.0,0.0,1360946.746,23668.63905,56.333332,92.376045,163,3,3,3.0,0.0,3,3,3,3.0,0.0,3,3,0,0,0,0,40,40,11834.319,11834.319,31,84,52.2,29.029295,842.7,0,0,0,0,0,0,0,0,1,65.25,31.0,84.0,0,0,0,0,0,0,2,62,2,168,-1,-1,1,20,0.0,0.0,0,0,0.0,0.0,0,0,Benign
17,234,2,2,416,330,208,208,208.0,0.0,165,165,165.0,0.0,3188034.188,17094.01709,78.0,93.43982,183,4,47,47.0,0.0,47,47,4,4.0,0.0,4,4,0,0,0,0,40,40,8547.009,8547.009,165,208,190.8,23.55207,554.7,0,0,0,0,0,0,0,0,1,238.5,208.0,165.0,0,0,0,0,0,0,2,416,2,330,-1,-1,1,20,0.0,0.0,0,0,0.0,0.0,0,0,Benign
6,950074,3,4,1042,309,1036,0,347.33334,596.4104,297,0,77.25,146.5273,1421.994497,7.367847136,158345.67,359667.1,892180,4,916308,458154.0,613805.44,892180,24128,925975,308658.34,526324.25,916380,4,0,0,0,0,72,92,3.1576488,4.2101984,0,1036,168.875,365.1737,133351.84,0,0,0,1,0,0,0,0,1,193.0,347.33334,77.25,0,0,0,0,0,0,3,1042,4,309,8192,62,2,20,0.0,0.0,0,0,0.0,0.0,0,0,Benign
6,5312519,8,4,355,3003,198,0,44.375,75.864426,2952,0,750.75,1467.6969,632.091857,2.258815451,482956.28,1529261.5,5093355,27,5312519,758931.3,1911581.8,5093355,27,127928,42642.668,34035.73,68928,4197,0,0,0,0,264,136,1.505877,0.7529385,0,2952,258.30768,811.66235,658795.75,0,0,0,1,0,0,0,0,0,279.83334,44.375,750.75,0,0,0,0,0,0,8,355,4,3003,29200,110,3,32,219137.0,0.0,219137,219137,5093355.0,0.0,5093355,5093355,Benign
6,5101215,7,4,653,165,517,0,93.28571,189.30197,153,0,41.25,74.55367,160.3539549,2.156349027,510121.5,1567567.8,4971023,3,5101215,850202.5,2052736.9,5040226,3,100317,33439.0,34688.703,69565,393,0,0,0,0,160,92,1.3722221,0.78412694,0,517,68.166664,148.82805,22149.787,0,0,0,1,0,0,0,0,0,74.36364,93.28571,41.25,0,0,0,0,0,0,7,653,4,165,29200,30,6,20,0.0,0.0,0,0,0.0,0.0,0,0,Benign
6,34,2,0,12,0,6,6,6.0,0.0,0,0,0.0,0.0,352941.1765,58823.52941,34.0,0.0,34,34,34,34.0,0.0,34,34,0,0.0,0.0,0,0,0,0,0,0,40,0,58823.53,0.0,6,6,6.0,0.0,0.0,0,0,0,0,1,0,0,0,0,9.0,6.0,0.0,0,0,0,0,0,0,2,12,0,0,256,-1,1,20,0.0,0.0,0,0,0.0,0.0,0,0,Benign
6,4642729,13,14,653,13248,311,0,50.23077,101.06281,1497,0,946.2857,691.0051,2994.144177,5.815545124,178566.5,521227.53,2014547,4,2628178,219014.83,522389.12,1837477,38,4392864,337912.62,763990.25,2089415,4,0,0,0,0,424,456,2.8000772,3.015468,0,1497,496.4643,666.60425,444361.22,0,0,0,1,0,0,0,0,1,514.85187,50.23077,946.2857,0,0,0,0,0,0,13,653,14,13248,29200,503,3,32,0.0,0.0,0,0,0.0,0.0,0,0,Benign
17,59565,1,1,94,176,94,94,94.0,0.0,176,176,176.0,0.0,4532.863259,33.57676488,59565.0,0.0,59565,59565,0,0.0,0.0,0,0,0,0.0,0.0,0,0,0,0,0,0,32,32,16.788382,16.788382,94,176,121.333336,47.342724,2241.3333,0,0,0,0,0,0,0,0,1,182.0,94.0,176.0,0,0,0,0,0,0,1,94,1,176,-1,-1,0,32,0.0,0.0,0,0,0.0,0.0,0,0,Benign
6,559692,8,7,1873,3363,1230,0,234.125,440.38113,1448,0,480.42856,621.00854,9355.14533,26.80045454,39978.0,65350.52,213411,3,531654,75950.57,78314.74,213411,228,535660,89276.664,103329.266,241559,3,0,0,0,0,264,232,14.293575,12.506879,0,1448,327.25,517.1831,267478.34,0,0,0,1,0,0,0,0,0,349.06668,234.125,480.42856,0,0,0,0,0,0,8,1873,7,3363,29200,64,3,32,0.0,0.0,0,0,0.0,0.0,0,0,Benign
6,116054055,37,46,1043,48753,340,0,28.18919,85.15862,2896,0,1059.8478,775.6532,429.0759164,0.715183972,1415293.4,3488340.5,10200000,4,116000000,3223723.8,4730355.5,10200000,4,112000000,2499606.0,4433668.5,10200000,49,0,0,0,0,1192,1480,0.31881696,0.396367,0,2896,592.8095,772.3801,596571.0,0,0,0,1,0,0,0,0,1,599.9518,28.18919,1059.8478,0,0,0,0,0,0,37,1043,46,48753,29200,126,5,32,57534.91,74535.586,282268,34895,10200000.0,84075.086,10200000,9959990,Benign
17,162,2,2,80,158,40,40,40.0,0.0,79,79,79.0,0.0,1469135.802,24691.35802,54.0,88.334595,156,3,3,3.0,0.0,3,3,3,3.0,0.0,3,3,0,0,0,0,40,40,12345.679,12345.679,40,79,55.6,21.36118,456.3,0,0,0,0,0,0,0,0,1,69.5,40.0,79.0,0,0,0,0,0,0,2,80,2,158,-1,-1,1,20,0.0,0.0,0,0,0.0,0.0,0,0,Benign
6,61075312,12,11,1548,1086,508,0,129.0,223.79659,393,0,98.72727,168.72942,43.12708218,0.376584241,2776150.5,4504818.5,9997283,62,61100000,5550124.0,5169916.5,10100000,19181,61000000,6097181.5,5149726.5,10100000,778,0,0,0,0,252,292,0.19647874,0.1801055,0,508,109.75,192.63148,37106.89,0,0,0,1,0,0,0,0,0,114.521736,129.0,98.72727,0,0,0,0,0,0,12,1548,11,1086,8192,118,11,20,212508.83,267117.44,757760,103314,9962718.0,79519.49,9997283,9800597,Benign
17,149,2,2,102,134,51,51,51.0,0.0,67,67,67.0,0.0,1583892.617,26845.63758,49.666668,80.82904,143,3,3,3.0,0.0,3,3,3,3.0,0.0,3,3,0,0,0,0,64,64,13422.818,13422.818,51,67,57.4,8.763561,76.8,0,0,0,0,0,0,0,0,1,71.75,51.0,67.0,0,0,0,0,0,0,2,102,2,134,-1,-1,1,32,0.0,0.0,0,0,0.0,0.0,0,0,Benign
6,3710107,5,1,123,46,46,0,24.6,23.276598,46,46,46.0,0.0,45.5512469,1.617204032,742021.4,1638467.1,3672866,33,3710107,927526.75,1830305.8,3672866,33,0,0.0,0.0,0,0,1,0,0,0,160,32,1.3476701,0.269534,0,46,30.714285,21.684975,470.2381,0,1,0,0,1,0,0,0,0,35.833332,24.6,46.0,0,0,0,0,0,0,5,123,1,46,354,357,2,32,0.0,0.0,0,0,0.0,0.0,0,0,Benign
6,48920039,12,11,1425,6459,463,0,118.75,205.19087,2155,0,587.1818,898.2082,161.1609508,0.470154981,2223638.2,3981073.8,9996836,53,42900000,3904507.8,4892342.5,10000000,15275,48900000,4890481.5,4758301.0,10000000,175,0,0,0,0,252,280,0.24529825,0.22485673,0,2155,328.5,656.1697,430558.6,0,0,0,1,0,0,0,0,0,342.78262,118.75,587.1818,0,0,0,0,0,0,12,1425,11,6459,8192,32,11,20,741545.0,1452941.4,2920957,14994,9995852.0,663.4307,9996836,9995387,Benign
6,60511631,12,10,1954,2367,1448,0,162.83333,430.07016,1448,0,236.7,514.34924,71.40775961,0.363566469,2881506.2,4629078.5,10000000,3,60500000,5500845.5,5244527.5,10100000,191,60500000,6718346.5,5021475.0,10100000,198,0,0,0,0,392,328,0.19830899,0.16525748,0,1448,187.86957,451.37268,203737.3,0,0,0,1,0,0,0,0,0,196.40909,162.83333,236.7,0,0,0,0,0,0,12,1954,10,2367,29200,129,2,32,60629.5,27163.383,115966,46136,10000000.0,13179.458,10000000,9997353,Benign
6,85496221,13,7,1127,4051,645,0,86.69231,184.3879,2836,0,578.7143,1030.9878,60.56408037,0.233928468,4499801.0,19600000.0,85300000,2,85500000,7124685.0,24600000.0,85300000,2,123031,20505.166,22465.814,46224,3,0,0,0,0,428,232,0.1520535,0.08187497,0,2836,246.57143,630.5129,397546.47,0,0,0,1,0,0,0,0,0,258.9,86.69231,578.7143,0,0,0,0,0,0,13,1127,7,4051,65535,350,6,32,160473.0,0.0,160473,160473,85300000.0,0.0,85300000,85300000,Benign
17,23494,2,2,78,152,39,39,39.0,0.0,76,76,76.0,0.0,9789.733549,170.2562356,7831.3335,13559.071,23488,3,3,3.0,0.0,3,3,3,3.0,0.0,3,3,0,0,0,0,40,64,85.12812,85.12812,39,76,53.8,20.265734,410.7,0,0,0,0,0,0,0,0,1,67.25,39.0,76.0,0,0,0,0,0,0,2,78,2,152,-1,-1,1,20,0.0,0.0,0,0,0.0,0.0,0,0,Benign
17,163,2,2,96,128,48,48,48.0,0.0,64,64,64.0,0.0,1374233.129,24539.8773,54.333332,54.7753,112,3,3,3.0,0.0,3,3,48,48.0,0.0,48,48,0,0,0,0,40,40,12269.938,12269.938,48,64,54.4,8.763561,76.8,0,0,0,0,0,0,0,0,1,68.0,48.0,64.0,0,0,0,0,0,0,2,96,2,128,-1,-1,1,20,0.0,0.0,0,0,0.0,0.0,0,0,Benign
17,31232,2,2,66,160,33,33,33.0,0.0,80,80,80.0,0.0,7236.168033,128.0737705,10410.667,17988.516,31182,3,3,3.0,0.0,3,3,47,47.0,0.0,47,47,0,0,0,0,40,40,64.03689,64.03689,33,80,51.8,25.74296,662.7,0,0,0,0,0,0,0,0,1,64.75,33.0,80.0,0,0,0,0,0,0,2,66,2,160,-1,-1,1,20,0.0,0.0,0,0,0.0,0.0,0,0,Benign
6,54,2,0,12,0,6,6,6.0,0.0,0,0,0.0,0.0,222222.2222,37037.03704,54.0,0.0,54,54,54,54.0,0.0,54,54,0,0.0,0.0,0,0,0,0,0,0,40,0,37037.035,0.0,6,6,6.0,0.0,0.0,0,0,0,0,1,0,0,0,0,9.0,6.0,0.0,0,0,0,0,0,0,2,12,0,0,16425,-1,1,20,0.0,0.0,0,0,0.0,0.0,0,0,Benign
6,59,1,1,6,6,6,6,6.0,0.0,6,6,6.0,0.0,203389.8305,33898.30508,59.0,0.0,59,59,0,0.0,0.0,0,0,0,0.0,0.0,0,0,0,0,0,0,20,20,16949.152,16949.152,6,6,6.0,0.0,0.0,0,0,0,0,1,1,0,0,1,9.0,6.0,6.0,0,0,0,0,0,0,1,6,1,6,1315,251,0,20,0.0,0.0,0,0,0.0,0.0,0,0,Benign
17,154830,4,2,136,182,34,34,34.0,0.0,91,91,91.0,0.0,2053.86553,38.75217981,30966.0,52967.95,122311,3,32516,10838.667,18767.926,32510,3,3,3.0,0.0,3,3,0,0,0,0,80,40,25.834787,12.917394,34,91,50.285713,27.813152,773.5714,0,0,0,0,0,0,0,0,0,58.666668,34.0,91.0,0,0,0,0,0,0,4,136,2,182,-1,-1,3,20,0.0,0.0,0,0,0.0,0.0,0,0,Benign
17,69633026,4,4,266,554,88,45,66.5,24.826061,216,61,138.5,89.48929,11.77602134,0.114888013,9947575.0,26300000.0,69600000,3,69600000,23200000.0,40200000.0,69600000,3,69600000,23200000.0,40200000.0,69600000,3,0,0,0,0,104,104,0.057444006,0.057444006,45,216,96.111115,69.98293,4897.6113,0,0,0,0,0,0,0,0,1,108.125,66.5,138.5,0,0,0,0,0,0,4,266,4,554,-1,-1,3,20,137.0,0.0,137,137,69600000.0,0.0,69600000,69600000,Benign
17,260,2,2,82,176,41,41,41.0,0.0,88,88,88.0,0.0,992307.6923,15384.61538,86.666664,148.37901,258,1,1,1.0,0.0,1,1,1,1.0,0.0,1,1,0,0,0,0,64,64,7692.3076,7692.3076,41,88,59.8,25.74296,662.7,0,0,0,0,0,0,0,0,1,74.75,41.0,88.0,0,0,0,0,0,0,2,82,2,176,-1,-1,1,32,0.0,0.0,0,0,0.0,0.0,0,0,Benign
17,30567,1,1,42,129,42,42,42.0,0.0,129,129,129.0,0.0,5594.268329,65.43003893,30567.0,0.0,30567,30567,0,0.0,0.0,0,0,0,0.0,0.0,0,0,0,0,0,0,20,20,32.71502,32.71502,42,129,71.0,50.229473,2523.0,0,0,0,0,0,0,0,0,1,106.5,42.0,129.0,0,0,0,0,0,0,1,42,1,129,-1,-1,0,20,0.0,0.0,0,0,0.0,0.0,0,0,Benign
6,5800352,6,4,611,164,517,0,101.833336,204.30508,152,0,41.0,74.05403,133.6125808,1.7240333,644483.56,1891269.8,5687548,48,5800352,1160070.4,2566789.2,5751632,48,89002,29667.334,32528.537,64595,239,0,0,0,0,132,92,1.03442,0.68961334,0,517,70.454544,154.75682,23949.672,0,0,0,1,0,0,0,0,0,77.5,101.833336,41.0,0,0,0,0,0,0,6,611,4,164,8192,946,5,20,112756.0,0.0,112756,112756,5687548.0,0.0,5687548,5687548,Benign
6,53313412,46,53,1393,81148,401,0,30.282608,93.76227,2920,0,1531.0944,832.8748,1548.22205,1.856943615,544014.44,2124383.8,10200000,7,48100000,1068156.8,2973313.8,10200000,162,53300000,1024966.7,2847881.0,10200000,47,0,0,0,0,940,1072,0.8628223,0.9941213,0,2920,825.41,967.2634,935598.5,0,0,0,1,0,0,0,0,1,833.7475,30.282608,1531.0944,0,0,0,0,0,0,46,1393,53,81148,29200,32,45,20,1840510.8,3650666.8,7316511,15117,10200000.0,97119.85,10200000,10000000,Benign
17,23813,1,1,51,67,51,51,51.0,0.0,67,67,67.0,0.0,4955.27653,83.98773779,23813.0,0.0,23813,23813,0,0.0,0.0,0,0,0,0.0,0.0,0,0,0,0,0,0,20,32,41.99387,41.99387,51,67,56.333332,9.237604,85.333336,0,0,0,0,0,0,0,0,1,84.5,51.0,67.0,0,0,0,0,0,0,1,51,1,67,-1,-1,0,20,0.0,0.0,0,0,0.0,0.0,0,0,Benign
17,61359,2,2,62,144,31,31,31.0,0.0,72,72,72.0,0.0,3357.290699,65.19011066,20453.0,35383.207,61310,1,1,1.0,0.0,1,1,48,48.0,0.0,48,48,0,0,0,0,64,64,32.595055,32.595055,31,72,47.4,22.456625,504.3,0,0,0,0,0,0,0,0,1,59.25,31.0,72.0,0,0,0,0,0,0,2,62,2,144,-1,-1,1,32,0.0,0.0,0,0,0.0,0.0,0,0,Benign
6,5219265,3,1,12,0,6,0,4.0,3.4641016,0,0,0.0,0.0,2.299174309,0.766391436,1739755.0,2992805.2,5195522,98,5219265,2609632.5,3657000.0,5195522,23743,0,0.0,0.0,0,0,0,0,0,0,72,32,0.5747936,0.19159786,0,6,2.4,3.2863352,10.8,0,0,0,1,0,0,0,0,0,3.0,4.0,0.0,0,0,0,0,0,0,3,12,1,0,8192,29200,2,20,0.0,0.0,0,0,0.0,0.0,0,0,Benign
6,28238,1,1,0,0,0,0,0.0,0.0,0,0,0.0,0.0,0.0,70.82654579,28238.0,0.0,28238,28238,0,0.0,0.0,0,0,0,0.0,0.0,0,0,0,0,0,0,32,32,35.413273,35.413273,0,0,0.0,0.0,0.0,0,0,0,0,1,1,0,0,1,0.0,0.0,0.0,0,0,0,0,0,0,1,0,1,0,364,21,0,32,0.0,0.0,0,0,0.0,0.0,0,0,Benign
17,90575,1,1,56,164,56,56,56.0,0.0,164,164,164.0,0.0,2428.926304,22.08114822,90575.0,0.0,90575,90575,0,0.0,0.0,0,0,0,0.0,0.0,0,0,0,0,0,0,20,20,11.040574,11.040574,56,164,92.0,62.35383,3888.0,0,0,0,0,0,0,0,0,1,138.0,56.0,164.0,0,0,0,0,0,0,1,56,1,164,-1,-1,0,20,0.0,0.0,0,0,0.0,0.0,0,0,Benign
6,3,2,0,12,0,6,6,6.0,0.0,0,0,0.0,0.0,4000000.0,666666.6667,3.0,0.0,3,3,3,3.0,0.0,3,3,0,0.0,0.0,0,0,0,0,0,0,40,0,666666.7,0.0,6,6,6.0,0.0,0.0,0,0,0,0,1,0,0,0,0,9.0,6.0,0.0,0,0,0,0,0,0,2,12,0,0,4365,-1,1,20,0.0,0.0,0,0,0.0,0.0,0,0,Benign
6,115390907,22,18,1293,5756,931,0,58.772728,201.14314,2896,0,319.77777,742.6543,61.08800237,0.346647765,2958741.2,4619054.5,10200000,4,115000000,5494805.0,5112484.0,10200000,4,113000000,6630171.5,5017315.5,10200000,192,0,0,0,0,712,584,0.19065627,0.1559915,0,2896,171.92683,522.744,273261.3,0,0,0,1,0,0,0,0,0,176.225,58.772728,319.77777,0,0,0,0,0,0,22,1293,18,5756,29200,125,4,32,43910.09,72342.32,262030,21931,10200000.0,50350.656,10200000,10100000,Benign
6,117735992,37,47,16209,16004,1782,0,438.0811,707.7602,1418,0,340.51065,540.5463,273.6036742,0.713460672,1418505.9,3389143.8,10000000,1,118000000,3269437.5,4571673.0,10000000,455,118000000,2558672.0,4258740.5,10100000,1,0,0,0,0,1192,1512,0.31426245,0.39919823,0,1782,378.97647,615.44073,378767.34,0,0,0,1,0,0,0,0,1,383.4881,438.0811,340.51065,0,0,0,0,0,0,37,16209,47,16004,29200,746,12,32,688026.94,2161412.2,7204930,36260,10000000.0,948.24384,10000000,10000000,Benign
17,182,2,2,70,102,35,35,35.0,0.0,51,51,51.0,0.0,945054.9451,21978.02198,60.666668,63.947895,130,4,4,4.0,0.0,4,4,48,48.0,0.0,48,48,0,0,0,0,64,64,10989.011,10989.011,35,51,41.4,8.763561,76.8,0,0,0,0,0,0,0,0,1,51.75,35.0,51.0,0,0,0,0,0,0,2,70,2,102,-1,-1,1,32,0.0,0.0,0,0,0.0,0.0,0,0,Benign
6,87,1,1,0,0,0,0,0.0,0.0,0,0,0.0,0.0,0.0,22988.50575,87.0,0.0,87,87,0,0.0,0.0,0,0,0,0.0,0.0,0,0,0,0,0,0,32,32,11494.253,11494.253,0,0,0.0,0.0,0.0,0,0,0,0,1,1,0,0,1,0.0,0.0,0.0,0,0,0,0,0,0,1,0,1,0,114,338,0,32,0.0,0.0,0,0,0.0,0.0,0,0,Benign
17,24436,2,2,58,168,29,29,29.0,0.0,84,84,84.0,0.0,9248.649533,163.6929121,8145.3335,14104.667,24432,1,1,1.0,0.0,1,1,3,3.0,0.0,3,3,0,0,0,0,40,40,81.84646,81.84646,29,84,51.0,30.12474,907.5,0,0,0,0,0,0,0,0,1,63.75,29.0,84.0,0,0,0,0,0,0,2,58,2,168,-1,-1,1,20,0.0,0.0,0,0,0.0,0.0,0,0,Benign
17,30841,1,1,56,84,56,56,56.0,0.0,84,84,84.0,0.0,4539.411822,64.84874031,30841.0,0.0,30841,30841,0,0.0,0.0,0,0,0,0.0,0.0,0,0,0,0,0,0,32,32,32.42437,32.42437,56,84,65.333336,16.165808,261.33334,0,0,0,0,0,0,0,0,1,98.0,56.0,84.0,0,0,0,0,0,0,1,56,1,84,-1,-1,0,32,0.0,0.0,0,0,0.0,0.0,0,0,Benign
6,112121956,25,20,1444,5486,837,0,57.76,173.82613,1448,0,274.3,462.5952,61.80769804,0.401348689,2548226.2,4370814.5,10200000,1,112000000,4671748.0,5037121.0,10200000,1,112000000,5898690.5,4978382.5,10200000,48,0,0,0,0,812,648,0.2229715,0.1783772,0,1448,150.65218,344.3274,118561.34,0,0,0,1,0,0,0,0,0,154.0,57.76,274.3,0,0,0,0,0,0,25,1444,20,5486,65535,509,7,32,173767.73,575865.3,1910067,25,10000000.0,132262.89,10200000,9821871,Benign
17,24044,2,2,62,510,31,31,31.0,0.0,255,255,255.0,0.0,23789.71885,166.3616703,8014.6665,13876.613,24038,3,3,3.0,0.0,3,3,3,3.0,0.0,3,3,0,0,0,0,40,40,83.18083,83.18083,31,255,120.6,122.68985,15052.8,0,0,0,0,0,0,0,0,1,150.75,31.0,255.0,0,0,0,0,0,0,2,62,2,510,-1,-1,1,20,0.0,0.0,0,0,0.0,0.0,0,0,Benign
17,47266,1,1,50,149,50,50,50.0,0.0,149,149,149.0,0.0,4210.214531,42.31371387,47266.0,0.0,47266,47266,0,0.0,0.0,0,0,0,0.0,0.0,0,0,0,0,0,0,40,32,21.156857,21.156857,50,149,83.0,57.157677,3267.0,0,0,0,0,0,0,0,0,1,124.5,50.0,149.0,0,0,0,0,0,0,1,50,1,149,-1,-1,0,40,0.0,0.0,0,0,0.0,0.0,0,0,Benign
17,182,2,2,142,242,71,71,71.0,0.0,121,121,121.0,0.0,2109890.11,21978.02198,60.666668,99.01683,175,3,4,4.0,0.0,4,4,3,3.0,0.0,3,3,0,0,0,0,40,40,10989.011,10989.011,71,121,91.0,27.386127,750.0,0,0,0,0,0,0,0,0,1,113.75,71.0,121.0,0,0,0,0,0,0,2,142,2,242,-1,-1,1,20,0.0,0.0,0,0,0.0,0.0,0,0,Benign
17,236629,1,1,43,104,43,43,43.0,0.0,104,104,104.0,0.0,621.2256317,8.452049411,236629.0,0.0,236629,236629,0,0.0,0.0,0,0,0,0.0,0.0,0,0,0,0,0,0,32,32,4.2260246,4.2260246,43,104,63.333332,35.218365,1240.3334,0,0,0,0,0,0,0,0,1,95.0,43.0,104.0,0,0,0,0,0,0,1,43,1,104,-1,-1,0,32,0.0,0.0,0,0,0.0,0.0,0,0,Benign
6,1610584,3,3,0,18,0,0,0.0,0.0,6,6,6.0,0.0,11.17607029,3.725356765,322116.8,163279.69,501011,199053,1405399,702699.5,3727.16,705335,700064,1406162,703081.0,4405.2754,706196,699966,0,0,0,0,92,60,1.8626784,1.8626784,0,6,2.5714285,3.207135,10.285714,0,0,0,1,0,0,0,0,1,3.0,0.0,6.0,0,0,0,0,0,0,3,0,3,18,8192,0,0,28,0.0,0.0,0,0,0.0,0.0,0,0,Benign
17,218,2,2,74,154,37,37,37.0,0.0,77,77,77.0,0.0,1045871.56,18348.62385,72.666664,120.67035,212,2,4,4.0,0.0,4,4,2,2.0,0.0,2,2,0,0,0,0,64,64,9174.312,9174.312,37,77,53.0,21.908903,480.0,0,0,0,0,0,0,0,0,1,66.25,37.0,77.0,0,0,0,0,0,0,2,74,2,154,-1,-1,1,32,0.0,0.0,0,0,0.0,0.0,0,0,Benign
6,1001071,3,3,0,18,0,0,0.0,0.0,6,6,6.0,0.0,17.98074262,5.993580875,200214.2,273299.16,503034,495,1000576,500288.0,4811.1543,503690,496886,1000415,500207.5,5053.6924,503781,496634,0,0,0,0,92,60,2.9967904,2.9967904,0,6,2.5714285,3.207135,10.285714,0,0,0,1,0,0,0,0,1,3.0,0.0,6.0,0,0,0,0,0,0,3,0,3,18,8192,0,0,28,0.0,0.0,0,0,0.0,0.0,0,0,Benign
6,379071,1,1,6,418,6,6,6.0,0.0,418,418,418.0,0.0,1118.52397,5.276056464,379071.0,0.0,379071,379071,0,0.0,0.0,0,0,0,0.0,0.0,0,0,0,0,0,0,20,20,2.6380281,2.6380281,6,418,143.33333,237.86832,56581.332,1,0,0,0,0,0,0,0,1,215.0,6.0,418.0,0,0,0,0,0,0,1,6,1,418,0,63454,0,20,0.0,0.0,0,0,0.0,0.0,0,0,Benign
17,1186169,2,2,89,305,46,43,44.5,2.1213202,175,130,152.5,31.819805,332.1617746,3.372200757,395389.66,604479.7,1093156,31103,1124259,1124259.0,0.0,1124259,1124259,1155066,1155066.0,0.0,1155066,1155066,0,0,0,0,52,52,1.6861004,1.6861004,43,175,88.0,61.004097,3721.5,0,0,0,0,0,0,0,0,1,110.0,44.5,152.5,0,0,0,0,0,0,2,89,2,305,-1,-1,1,20,0.0,0.0,0,0,0.0,0.0,0,0,Benign
6,214,2,1,12,0,6,6,6.0,0.0,0,0,0.0,0.0,56074.76636,14018.69159,107.0,77.781746,162,52,214,214.0,0.0,214,214,0,0.0,0.0,0,0,0,0,0,0,40,32,9345.794,4672.897,0,6,4.5,3.0,9.0,1,0,0,0,0,0,0,0,0,6.0,6.0,0.0,0,0,0,0,0,0,2,12,1,0,0,349,1,20,0.0,0.0,0,0,0.0,0.0,0,0,Benign
6,46476821,8,8,434,1963,434,0,54.25,153.44217,1963,0,245.375,694.0253,51.5740954,0.344257625,3098454.8,4603550.5,10000000,41,40200000,5742331.0,5356667.5,10000000,71,46500000,6636255.5,4731584.5,10000000,792,0,0,0,0,264,264,0.17212881,0.17212881,0,1963,141.0,481.1281,231484.25,0,0,0,1,0,0,0,0,1,149.8125,54.25,245.375,0,0,0,0,0,0,8,434,8,1963,29200,939,1,32,29690.25,11895.194,47526,23374,10000000.0,9748.574,10000000,10000000,Benign
17,915347,1,1,62,343,62,62,62.0,0.0,343,343,343.0,0.0,442.4551564,2.184963735,915347.0,0.0,915347,915347,0,0.0,0.0,0,0,0,0.0,0.0,0,0,0,0,0,0,20,20,1.0924819,1.0924819,62,343,155.66667,162.23543,26320.334,0,0,0,0,0,0,0,0,1,233.5,62.0,343.0,0,0,0,0,0,0,1,62,1,343,-1,-1,0,20,0.0,0.0,0,0,0.0,0.0,0,0,Benign
17,31014,1,1,39,169,39,39,39.0,0.0,169,169,169.0,0.0,6706.64861,64.48700587,31014.0,0.0,31014,31014,0,0.0,0.0,0,0,0,0.0,0.0,0,0,0,0,0,0,32,32,32.243504,32.243504,39,169,82.333336,75.055534,5633.3335,0,0,0,0,0,0,0,0,1,123.5,39.0,169.0,0,0,0,0,0,0,1,39,1,169,-1,-1,0,32,0.0,0.0,0,0,0.0,0.0,0,0,Benign
6,65,1,1,6,6,6,6,6.0,0.0,6,6,6.0,0.0,184615.3846,30769.23077,65.0,0.0,65,65,0,0.0,0.0,0,0,0,0.0,0.0,0,0,0,0,0,0,20,20,15384.615,15384.615,6,6,6.0,0.0,0.0,0,0,0,0,1,0,0,0,1,9.0,6.0,6.0,0,0,0,0,0,0,1,6,1,6,35,334,0,20,0.0,0.0,0,0,0.0,0.0,0,0,Benign
6,5,3,0,31,0,31,0,10.333333,17.897858,0,0,0.0,0.0,6200000.0,600000.0,2.5,2.1213202,4,1,5,2.5,2.1213202,4,1,0,0.0,0.0,0,0,0,0,0,0,96,0,600000.0,0.0,0,31,7.75,15.5,240.25,0,0,0,0,1,0,0,0,0,10.333333,10.333333,0.0,0,0,0,0,0,0,3,31,0,0,63,-1,1,32,0.0,0.0,0,0,0.0,0.0,0,0,Benign
6,48554,1,1,0,0,0,0,0.0,0.0,0,0,0.0,0.0,0.0,41.19125098,48554.0,0.0,48554,48554,0,0.0,0.0,0,0,0,0.0,0.0,0,0,0,0,0,0,32,32,20.595625,20.595625,0,0,0.0,0.0,0.0,0,0,0,0,1,1,0,0,1,0.0,0.0,0.0,0,0,0,0,0,0,1,0,1,0,237,40,0,32,0.0,0.0,0,0,0.0,0.0,0,0,Benign
6,134,2,0,0,0,0,0,0.0,0.0,0,0,0.0,0.0,0.0,14925.37313,134.0,0.0,134,134,134,134.0,0.0,134,134,0,0.0,0.0,0,0,0,0,0,0,64,0,14925.373,0.0,0,0,0.0,0.0,0.0,0,0,0,0,1,0,0,0,0,0.0,0.0,0.0,0,0,0,0,0,0,2,0,0,0,242,-1,0,32,0.0,0.0,0,0,0.0,0.0,0,0,Benign
17,9312353,2,2,106,254,53,53,53.0,0.0,166,88,127.0,55.154327,38.65832835,0.429536982,3104117.8,5216816.0,9127749,46808,9265545,9265545.0,0.0,9265545,9265545,9174557,9174557.0,0.0,9174557,9174557,0,0,0,0,60,52,0.21476848,0.21476848,53,166,82.6,49.023464,2403.3,0,0,0,0,0,0,0,0,1,103.25,53.0,127.0,0,0,0,0,0,0,2,106,2,254,-1,-1,1,20,137796.0,0.0,137796,137796,9127749.0,0.0,9127749,9127749,Benign
17,24024,2,2,72,328,36,36,36.0,0.0,164,164,164.0,0.0,16650.01665,166.5001665,8008.0,13864.201,24017,3,3,3.0,0.0,3,3,4,4.0,0.0,4,4,0,0,0,0,64,64,83.250084,83.250084,36,164,87.2,70.10849,4915.2,0,0,0,0,0,0,0,0,1,109.0,36.0,164.0,0,0,0,0,0,0,2,72,2,328,-1,-1,1,32,0.0,0.0,0,0,0.0,0.0,0,0,Benign
6,6000445,9,5,374,3054,217,0,41.555557,77.769066,1555,0,610.8,814.2399,571.2909626,2.333160291,461572.7,1571880.8,5691691,3,6000445,750055.6,1997373.5,5691691,3,179978,44994.5,50609.574,89618,238,0,0,0,0,296,168,1.4998888,0.8332715,0,1555,228.53334,520.8402,271274.56,0,0,0,1,0,0,0,0,0,244.85715,41.555557,610.8,0,0,0,0,0,0,9,374,5,3054,29200,119,3,32,308751.0,0.0,308751,308751,5691691.0,0.0,5691691,5691691,Benign
17,79113,4,2,148,138,37,37,37.0,0.0,69,69,69.0,0.0,3615.082224,75.84088582,15822.6,26850.67,62007,2,62013,20671.0,35798.027,62007,2,49,49.0,0.0,49,49,0,0,0,0,104,40,50.56059,25.280294,37,69,46.142857,15.614401,243.80952,0,0,0,0,0,0,0,0,0,53.833332,37.0,69.0,0,0,0,0,0,0,4,148,2,138,-1,-1,3,20,0.0,0.0,0,0,0.0,0.0,0,0,Benign
6,104902432,225,365,4804,518354,389,0,21.35111,42.83811,4290,0,1420.148,568.58856,4987.091243,5.624273801,178102.6,2998475.8,58400000,0,105000000,468314.44,4858109.5,58400000,1,105000000,287540.84,3823086.8,58700000,1,0,0,0,0,4512,7312,2.1448503,3.4794235,0,4290,885.2081,814.3084,663098.2,0,0,0,1,0,0,0,0,1,886.7085,21.35111,1420.148,0,0,0,0,0,0,225,4804,365,518354,8192,360,224,20,1387859.0,1456886.0,2418033,357685,50900000.0,10600000.0,58400000,43500000,Benign
6,58,1,1,6,6,6,6,6.0,0.0,6,6,6.0,0.0,206896.5517,34482.75862,58.0,0.0,58,58,0,0.0,0.0,0,0,0,0.0,0.0,0,0,0,0,0,0,20,20,17241.379,17241.379,6,6,6.0,0.0,0.0,0,0,0,0,1,1,0,0,1,9.0,6.0,6.0,0,0,0,0,0,0,1,6,1,6,65535,16191,0,20,0.0,0.0,0,0,0.0,0.0,0,0,Benign
17,61084,2,2,80,452,40,40,40.0,0.0,226,226,226.0,0.0,8709.318316,65.48359636,20361.334,35221.836,61032,4,48,48.0,0.0,48,48,4,4.0,0.0,4,4,0,0,0,0,64,80,32.7418,32.7418,40,226,114.4,101.876396,10378.8,0,0,0,0,0,0,0,0,1,143.0,40.0,226.0,0,0,0,0,0,0,2,80,2,452,-1,-1,1,32,0.0,0.0,0,0,0.0,0.0,0,0,Benign
17,46850,4,2,124,254,31,31,31.0,0.0,127,127,127.0,0.0,8068.303095,128.0683031,9370.0,13730.994,30402,1,30452,10150.667,17538.182,30402,4,1,1.0,0.0,1,1,0,0,0,0,80,40,85.37887,42.689434,31,127,58.42857,46.843204,2194.2856,0,0,0,0,0,0,0,0,0,68.166664,31.0,127.0,0,0,0,0,0,0,4,124,2,254,-1,-1,3,20,0.0,0.0,0,0,0.0,0.0,0,0,Benign
6,5400436,3,1,12,0,6,0,4.0,3.4641016,0,0,0.0,0.0,2.222042813,0.740680938,1800145.4,3086991.2,5364636,3,5400436,2700218.0,3768056.0,5364636,35800,0,0.0,0.0,0,0,0,0,0,0,72,32,0.5555107,0.18517023,0,6,2.4,3.2863352,10.8,0,0,0,1,0,0,0,0,0,3.0,4.0,0.0,0,0,0,0,0,0,3,12,1,0,8192,29200,2,20,0.0,0.0,0,0,0.0,0.0,0,0,Benign
6,39595259,43,43,2847,47020,447,0,66.209305,147.18817,2720,0,1093.4884,632.9998,1259.418457,2.171977206,465826.56,1919650.4,10000000,1,34400000,819198.8,2636265.0,10200000,1,39400000,936910.8,2733620.5,10200000,1,0,0,0,0,1220,908,1.0859886,1.0859886,0,2720,573.1839,688.4444,473955.72,0,0,0,1,0,0,0,0,1,579.8488,66.209305,1093.4884,0,0,0,0,0,0,43,2847,43,47020,8192,7300,21,20,1468409.6,2124435.2,3921496,241416,10000000.0,875.048,10000000,9999369,Benign
6,60753049,16,16,1345,9845,332,0,84.0625,129.06406,1790,2,615.3125,726.77515,184.1882866,0.526722535,1959775.8,3989266.2,10000000,57,60800000,4050203.2,5061746.5,10100000,193,60700000,4044653.0,5066655.5,10100000,86,0,0,0,0,332,324,0.26336128,0.26336128,0,1790,339.0909,574.1647,329665.1,0,0,0,1,0,0,0,0,1,349.6875,84.0625,615.3125,0,0,0,0,0,0,16,1345,16,9845,8192,33232,15,20,155624.83,178123.08,519217,82806,9969842.0,79043.09,10000000,9808992,Benign
6,49647106,8,8,510,504,474,0,63.75,165.77933,468,0,63.0,163.65819,20.42415121,0.322274575,3309807.0,4794412.0,10100000,88,40300000,5750997.5,5303536.0,10100000,23547,49600000,7089092.5,4824461.5,10100000,2972,0,0,0,0,172,168,0.16113728,0.16113728,0,474,59.64706,154.8487,23978.117,0,0,0,1,0,0,0,0,1,63.375,63.75,63.0,0,0,0,0,0,0,8,510,8,504,8192,4854,7,20,72750.6,96968.48,246213,29281,9856671.0,288457.8,10100000,9360755,Benign
17,31415,2,2,120,284,60,60,60.0,0.0,142,142,142.0,0.0,12860.09868,127.3277097,10471.667,18092.44,31363,3,3,3.0,0.0,3,3,49,49.0,0.0,49,49,0,0,0,0,40,40,63.663857,63.663857,60,142,92.8,44.91325,2017.2,0,0,0,0,0,0,0,0,1,116.0,60.0,142.0,0,0,0,0,0,0,2,120,2,284,-1,-1,1,20,0.0,0.0,0,0,0.0,0.0,0,0,Benign
6,19,3,1,43,6,31,6,14.333333,14.433757,6,6,6.0,0.0,2578947.368,210526.3158,6.3333335,6.8068595,14,1,19,9.5,7.7781744,15,4,0,0.0,0.0,0,0,0,0,0,0,60,20,157894.73,52631.58,6,31,11.0,11.18034,125.0,0,0,0,0,1,0,0,0,0,13.75,14.333333,6.0,0,0,0,0,0,0,3,43,1,6,946,0,2,20,0.0,0.0,0,0,0.0,0.0,0,0,Benign
6,118270843,20,18,1003,4354,553,0,50.15,128.57407,2230,0,241.88889,607.69824,45.2943419,0.321296433,3196509.2,4545427.0,9994208,4,118000000,6224781.0,4733283.5,10100000,4,113000000,6671660.0,4764358.5,10100000,243,0,0,0,0,412,504,0.16910338,0.15219304,0,2230,137.35898,427.96332,183152.61,0,0,0,1,0,0,0,0,0,140.97368,50.15,241.88889,0,0,0,0,0,0,20,1003,18,4354,8192,981,19,20,337430.1,861730.1,2935644,77302,9973335.0,57112.44,9994208,9801572,Benign
17,30939,2,2,74,106,37,37,37.0,0.0,53,53,53.0,0.0,5817.899738,129.2866608,10313.0,17856.578,30932,3,4,4.0,0.0,4,4,3,3.0,0.0,3,3,0,0,0,0,64,64,64.64333,64.64333,37,53,43.4,8.763561,76.8,0,0,0,0,0,0,0,0,1,54.25,37.0,53.0,0,0,0,0,0,0,2,74,2,106,-1,-1,1,32,0.0,0.0,0,0,0.0,0.0,0,0,Benign
6,14,1,2,6,12,6,6,6.0,0.0,6,6,6.0,0.0,1285714.286,214285.7143,7.0,7.071068,12,2,0,0.0,0.0,0,0,2,2.0,0.0,2,2,0,0,0,0,20,40,71428.57,142857.14,6,6,6.0,0.0,0.0,0,0,0,0,1,1,0,0,2,8.0,6.0,6.0,0,0,0,0,0,0,1,6,2,12,256,0,0,20,0.0,0.0,0,0,0.0,0.0,0,0,Benign
6,371395,2,0,0,0,0,0,0.0,0.0,0,0,0.0,0.0,0.0,5.385102115,371395.0,0.0,371395,371395,371395,371395.0,0.0,371395,371395,0,0.0,0.0,0,0,0,0,0,0,64,0,5.3851023,0.0,0,0,0.0,0.0,0.0,0,0,0,0,1,0,0,0,0,0.0,0.0,0.0,0,0,0,0,0,0,2,0,0,0,242,-1,0,32,0.0,0.0,0,0,0.0,0.0,0,0,Benign
17,31157,2,2,82,138,41,41,41.0,0.0,69,69,69.0,0.0,7061.013576,128.382065,10385.667,17944.35,31106,3,48,48.0,0.0,48,48,3,3.0,0.0,3,3,0,0,0,0,40,40,64.19103,64.19103,41,69,52.2,15.336231,235.2,0,0,0,0,0,0,0,0,1,65.25,41.0,69.0,0,0,0,0,0,0,2,82,2,138,-1,-1,1,20,0.0,0.0,0,0,0.0,0.0,0,0,Benign
17,211,2,2,90,172,45,45,45.0,0.0,86,86,86.0,0.0,1241706.161,18957.34597,70.333336,114.8927,203,4,4,4.0,0.0,4,4,4,4.0,0.0,4,4,0,0,0,0,64,64,9478.673,9478.673,45,86,61.4,22.456625,504.3,0,0,0,0,0,0,0,0,1,76.75,45.0,86.0,0,0,0,0,0,0,2,90,2,172,-1,-1,1,32,0.0,0.0,0,0,0.0,0.0,0,0,Benign
17,23705,2,2,68,100,34,34,34.0,0.0,50,50,50.0,0.0,7087.112424,168.740772,7901.6665,13641.072,23653,4,4,4.0,0.0,4,4,48,48.0,0.0,48,48,0,0,0,0,40,40,84.370384,84.370384,34,50,40.4,8.763561,76.8,0,0,0,0,0,0,0,0,1,50.5,34.0,50.0,0,0,0,0,0,0,2,68,2,100,-1,-1,1,20,0.0,0.0,0,0,0.0,0.0,0,0,Benign
6,87,1,1,6,6,6,6,6.0,0.0,6,6,6.0,0.0,137931.0345,22988.50575,87.0,0.0,87,87,0,0.0,0.0,0,0,0,0.0,0.0,0,0,0,0,0,0,20,20,11494.253,11494.253,6,6,6.0,0.0,0.0,0,0,0,0,1,1,0,0,1,9.0,6.0,6.0,0,0,0,0,0,0,1,6,1,6,119,255,0,20,0.0,0.0,0,0,0.0,0.0,0,0,Benign
6,5453053,3,1,12,0,6,0,4.0,3.4641016,0,0,0.0,0.0,2.200602121,0.73353404,1817684.4,2987163.8,5265265,154,5453053,2726526.5,3590318.5,5265265,187788,0,0.0,0.0,0,0,0,0,0,0,72,32,0.5501505,0.18338351,0,6,2.4,3.2863352,10.8,0,0,0,1,0,0,0,0,0,3.0,4.0,0.0,0,0,0,0,0,0,3,12,1,0,8192,26883,2,20,0.0,0.0,0,0,0.0,0.0,0,0,Benign
17,31067,2,2,64,180,32,32,32.0,0.0,90,90,90.0,0.0,7853.992983,128.7539833,10355.667,17893.254,31017,2,48,48.0,0.0,48,48,2,2.0,0.0,2,2,0,0,0,0,80,64,64.37699,64.37699,32,90,55.2,31.767908,1009.2,0,0,0,0,0,0,0,0,1,69.0,32.0,90.0,0,0,0,0,0,0,2,64,2,180,-1,-1,1,40,0.0,0.0,0,0,0.0,0.0,0,0,Benign
6,10,3,0,43,0,31,6,14.333333,14.433757,0,0,0.0,0.0,4300000.0,300000.0,5.0,5.656854,9,1,10,5.0,5.656854,9,1,0,0.0,0.0,0,0,0,0,0,0,60,0,300000.0,0.0,6,31,12.25,12.5,156.25,0,0,0,0,1,0,0,0,0,16.333334,14.333333,0.0,0,0,0,0,0,0,3,43,0,0,64,-1,2,20,0.0,0.0,0,0,0.0,0.0,0,0,Benign
6,115738106,30,28,1101,24891,517,0,36.7,124.92319,4344,0,888.9643,1202.2626,224.5759923,0.501131408,2030493.1,3989357.0,10000000,3,116000000,3990969.2,4888886.5,10000000,3,111000000,4114000.2,5011130.5,10000000,188,0,0,0,0,968,904,0.2592059,0.24192551,0,4344,440.54236,930.29803,865454.44,0,0,0,1,0,0,0,0,0,448.13794,36.7,888.9643,0,0,0,0,0,0,30,1101,28,24891,29200,972,4,32,77159.37,179141.11,617290,22967,10000000.0,9216.446,10000000,9997040,Benign
17,159,2,2,90,122,45,45,45.0,0.0,61,61,61.0,0.0,1333333.333,25157.2327,53.0,86.60254,153,3,3,3.0,0.0,3,3,3,3.0,0.0,3,3,0,0,0,0,64,64,12578.616,12578.616,45,61,51.4,8.763561,76.8,0,0,0,0,0,0,0,0,1,64.25,45.0,61.0,0,0,0,0,0,0,2,90,2,122,-1,-1,1,32,0.0,0.0,0,0,0.0,0.0,0,0,Benign
17,93631,1,1,54,84,54,54,54.0,0.0,84,84,84.0,0.0,1473.870833,21.36044686,93631.0,0.0,93631,93631,0,0.0,0.0,0,0,0,0.0,0.0,0,0,0,0,0,0,32,32,10.680223,10.680223,54,84,64.0,17.320509,300.0,0,0,0,0,0,0,0,0,1,96.0,54.0,84.0,0,0,0,0,0,0,1,54,1,84,-1,-1,0,32,0.0,0.0,0,0,0.0,0.0,0,0,Benign
17,260,2,2,98,130,49,49,49.0,0.0,65,65,65.0,0.0,876923.0769,15384.61538,86.666664,146.65038,256,1,3,3.0,0.0,3,3,1,1.0,0.0,1,1,0,0,0,0,40,64,7692.3076,7692.3076,49,65,55.4,8.763561,76.8,0,0,0,0,0,0,0,0,1,69.25,49.0,65.0,0,0,0,0,0,0,2,98,2,130,-1,-1,1,20,0.0,0.0,0,0,0.0,0.0,0,0,Benign
17,59600,2,2,68,380,34,34,34.0,0.0,190,190,190.0,0.0,7516.778523,67.11409396,19866.666,34404.88,59594,3,3,3.0,0.0,3,3,3,3.0,0.0,3,3,0,0,0,0,40,40,33.55705,33.55705,34,190,96.4,85.44472,7300.8,0,0,0,0,0,0,0,0,1,120.5,34.0,190.0,0,0,0,0,0,0,2,68,2,380,-1,-1,1,20,0.0,0.0,0,0,0.0,0.0,0,0,Benign
6,55,1,2,6,12,6,6,6.0,0.0,6,6,6.0,0.0,327272.7273,54545.45455,27.5,28.991379,48,7,0,0.0,0.0,0,0,48,48.0,0.0,48,48,0,0,0,0,20,40,18181.818,36363.637,6,6,6.0,0.0,0.0,0,0,0,0,1,1,0,0,2,8.0,6.0,6.0,0,0,0,0,0,0,1,6,2,12,245,250,0,20,0.0,0.0,0,0,0.0,0.0,0,0,Benign
6,30864322,22,17,866,17889,389,0,39.363636,98.97837,1850,0,1052.2941,650.6914,607.6595494,1.263594904,812219.0,4978704.0,30700000,2,30900000,1469729.6,6696430.5,30700000,2,130946,8184.125,17185.121,51590,2,0,0,0,0,716,552,0.7127971,0.55079776,0,1850,468.875,661.09753,437049.97,0,0,0,1,0,0,0,0,0,480.89743,39.363636,1052.2941,0,0,0,0,0,0,22,866,17,17889,65535,349,6,32,168992.0,0.0,168992,168992,30700000.0,0.0,30700000,30700000,Benign
6,79036,4,5,2563,153,2563,0,640.75,1281.5,153,0,30.6,68.42368,34364.08725,113.8721595,9879.5,17906.805,39146,8,78854,26284.666,22120.45,39437,746,40405,10101.25,19887.322,39932,49,0,0,0,0,136,168,50.609848,63.26231,0,2563,271.6,806.5504,650523.6,0,0,0,1,0,0,0,0,1,301.77777,640.75,30.6,0,0,0,0,0,0,4,2563,5,153,29200,40,1,32,0.0,0.0,0,0,0.0,0.0,0,0,Benign
6,53,1,1,6,6,6,6,6.0,0.0,6,6,6.0,0.0,226415.0943,37735.84906,53.0,0.0,53,53,0,0.0,0.0,0,0,0,0.0,0.0,0,0,0,0,0,0,20,20,18867.924,18867.924,6,6,6.0,0.0,0.0,0,0,0,0,1,1,0,0,1,9.0,6.0,6.0,0,0,0,0,0,0,1,6,1,6,23,365,0,20,0.0,0.0,0,0,0.0,0.0,0,0,Benign
17,31072,1,1,39,71,39,39,39.0,0.0,71,71,71.0,0.0,3540.164779,64.36663234,31072.0,0.0,31072,31072,0,0.0,0.0,0,0,0,0.0,0.0,0,0,0,0,0,0,20,20,32.183315,32.183315,39,71,49.666668,18.475208,341.33334,0,0,0,0,0,0,0,0,1,74.5,39.0,71.0,0,0,0,0,0,0,1,39,1,71,-1,-1,0,20,0.0,0.0,0,0,0.0,0.0,0,0,Benign
6,70,1,1,2,6,2,2,2.0,0.0,6,6,6.0,0.0,114285.7143,28571.42857,70.0,0.0,70,70,0,0.0,0.0,0,0,0,0.0,0.0,0,0,0,0,0,0,24,20,14285.714,14285.714,2,6,3.3333333,2.309401,5.3333335,0,0,0,1,0,0,0,0,1,5.0,2.0,6.0,0,0,0,0,0,0,1,2,1,6,1024,0,0,24,0.0,0.0,0,0,0.0,0.0,0,0,PortScan
6,11,1,1,6,6,6,6,6.0,0.0,6,6,6.0,0.0,1090909.091,181818.1818,11.0,0.0,11,11,0,0.0,0.0,0,0,0,0.0,0.0,0,0,0,0,0,0,20,20,90909.09,90909.09,6,6,6.0,0.0,0.0,0,0,0,0,1,1,0,0,1,9.0,6.0,6.0,0,0,0,0,0,0,1,6,1,6,119,255,0,20,0.0,0.0,0,0,0.0,0.0,0,0,Benign
6,83,1,1,0,6,0,0,0.0,0.0,6,6,6.0,0.0,72289.15663,24096.38554,83.0,0.0,83,83,0,0.0,0.0,0,0,0,0.0,0.0,0,0,0,0,0,0,40,20,12048.192,12048.192,0,6,2.0,3.4641016,12.0,0,0,0,1,0,0,0,0,1,3.0,0.0,6.0,0,0,0,0,0,0,1,0,1,6,29200,0,0,40,0.0,0.0,0,0,0.0,0.0,0,0,PortScan
17,30853,2,2,84,162,42,42,42.0,0.0,81,81,81.0,0.0,7973.292711,129.6470359,10284.333,17767.969,30801,4,4,4.0,0.0,4,4,48,48.0,0.0,48,48,0,0,0,0,40,40,64.82352,64.82352,42,81,57.6,21.36118,456.3,0,0,0,0,0,0,0,0,1,72.0,42.0,81.0,0,0,0,0,0,0,2,84,2,162,-1,-1,1,20,0.0,0.0,0,0,0.0,0.0,0,0,Benign
6,5624011,9,7,942,5102,517,0,104.666664,189.94934,1460,0,728.8571,650.2685,1074.677841,2.844944649,374934.06,1294783.4,5052267,4,5624011,703001.4,1758640.6,5052267,4,350418,58403.0,65356.22,137459,49,0,0,0,0,192,152,1.6002814,1.2446632,0,1460,355.52942,529.98505,280884.12,0,0,0,1,0,0,0,0,0,377.75,104.666664,728.8571,0,0,0,0,0,0,9,942,7,5102,8192,131,8,20,571740.0,0.0,571740,571740,5052267.0,0.0,5052267,5052267,Benign
6,150,2,0,12,0,6,6,6.0,0.0,0,0,0.0,0.0,80000.0,13333.33333,150.0,0.0,150,150,150,150.0,0.0,150,150,0,0.0,0.0,0,0,0,0,0,0,40,0,13333.333,0.0,6,6,6.0,0.0,0.0,0,0,0,0,1,0,0,0,0,9.0,6.0,0.0,0,0,0,0,0,0,2,12,0,0,260,-1,1,20,0.0,0.0,0,0,0.0,0.0,0,0,Benign
17,172,2,2,86,204,43,43,43.0,0.0,102,102,102.0,0.0,1686046.512,23255.81395,57.333332,94.10809,166,3,3,3.0,0.0,3,3,3,3.0,0.0,3,3,0,0,0,0,40,40,11627.907,11627.907,43,102,66.6,32.31563,1044.3,0,0,0,0,0,0,0,0,1,83.25,43.0,102.0,0,0,0,0,0,0,2,86,2,204,-1,-1,1,20,0.0,0.0,0,0,0.0,0.0,0,0,Benign
17,30623,1,1,46,127,46,46,46.0,0.0,127,127,127.0,0.0,5649.348529,65.31038762,30623.0,0.0,30623,30623,0,0.0,0.0,0,0,0,0.0,0.0,0,0,0,0,0,0,20,20,32.655193,32.655193,46,127,73.0,46.765373,2187.0,0,0,0,0,0,0,0,0,1,109.5,46.0,127.0,0,0,0,0,0,0,1,46,1,127,-1,-1,0,20,0.0,0.0,0,0,0.0,0.0,0,0,Benign
17,31170,2,2,88,200,44,44,44.0,0.0,100,100,100.0,0.0,9239.653513,128.328521,10390.0,17950.988,31118,4,4,4.0,0.0,4,4,48,48.0,0.0,48,48,0,0,0,0,64,40,64.16426,64.16426,44,100,66.4,30.672462,940.8,0,0,0,0,0,0,0,0,1,83.0,44.0,100.0,0,0,0,0,0,0,2,88,2,200,-1,-1,1,32,0.0,0.0,0,0,0.0,0.0,0,0,Benign
6,5061167,5,1,135,46,46,6,27.0,20.12461,46,46,46.0,0.0,35.762503,1.185497337,1012233.4,2212132.2,4969190,4,5061167,1265291.8,2469498.0,4969190,4,0,0.0,0.0,0,0,1,0,0,0,100,20,0.98791444,0.19758289,6,46,32.42857,18.866701,355.9524,0,1,0,0,1,0,0,0,0,37.833332,27.0,46.0,0,0,0,0,0,0,5,135,1,46,254,31,4,20,0.0,0.0,0,0,0.0,0.0,0,0,Benign
6,36640,3,0,18,0,6,6,6.0,0.0,0,0,0.0,0.0,491.2663755,81.87772926,18320.0,25904.15,36637,3,36640,18320.0,25904.15,36637,3,0,0.0,0.0,0,0,0,0,0,0,60,0,81.87773,0.0,6,6,6.0,0.0,0.0,0,0,0,0,1,0,0,0,0,8.0,6.0,0.0,0,0,0,0,0,0,3,18,0,0,364,-1,2,20,0.0,0.0,0,0,0.0,0.0,0,0,Benign
6,257,2,0,12,0,6,6,6.0,0.0,0,0,0.0,0.0,46692.607,7782.101167,257.0,0.0,257,257,257,257.0,0.0,257,257,0,0.0,0.0,0,0,0,0,0,0,40,0,7782.101,0.0,6,6,6.0,0.0,0.0,0,0,0,0,1,0,0,0,0,9.0,6.0,0.0,0,0,0,0,0,0,2,12,0,0,913,-1,1,20,0.0,0.0,0,0,0.0,0.0,0,0,Benign
6,56,1,2,6,12,6,6,6.0,0.0,6,6,6.0,0.0,321428.5714,53571.42857,28.0,29.698484,49,7,0,0.0,0.0,0,0,49,49.0,0.0,49,49,0,0,0,0,20,40,17857.143,35714.285,6,6,6.0,0.0,0.0,0,0,0,0,1,1,0,0,2,8.0,6.0,6.0,0,0,0,0,0,0,1,6,2,12,2049,252,0,20,0.0,0.0,0,0,0.0,0.0,0,0,Benign
17,152838,4,2,144,270,36,36,36.0,0.0,135,135,135.0,0.0,2708.750442,39.25725278,30567.6,52829.895,122010,3,30825,10275.0,17786.43,30813,3,3,3.0,0.0,3,3,0,0,0,0,80,40,26.171501,13.085751,36,135,64.28571,48.307053,2333.5715,0,0,0,0,0,0,0,0,0,75.0,36.0,135.0,0,0,0,0,0,0,4,144,2,270,-1,-1,3,20,0.0,0.0,0,0,0.0,0.0,0,0,Benign
17,31424,2,2,64,176,32,32,32.0,0.0,88,88,88.0,0.0,7637.474542,127.2912424,10474.667,18135.727,31416,3,5,5.0,0.0,5,5,3,3.0,0.0,3,3,0,0,0,0,40,64,63.645622,63.645622,32,88,54.4,30.672462,940.8,0,0,0,0,0,0,0,0,1,68.0,32.0,88.0,0,0,0,0,0,0,2,64,2,176,-1,-1,1,20,0.0,0.0,0,0,0.0,0.0,0,0,Benign
17,49763,1,1,48,88,48,48,48.0,0.0,88,88,88.0,0.0,2732.954203,40.19050298,49763.0,0.0,49763,49763,0,0.0,0.0,0,0,0,0.0,0.0,0,0,0,0,0,0,20,20,20.095251,20.095251,48,88,61.333332,23.094011,533.3333,0,0,0,0,0,0,0,0,1,92.0,48.0,88.0,0,0,0,0,0,0,1,48,1,88,-1,-1,0,20,0.0,0.0,0,0,0.0,0.0,0,0,Benign
17,61310,4,2,160,504,40,40,40.0,0.0,252,252,252.0,0.0,10830.20714,97.86331757,12262.0,16765.41,30696,3,30703,10234.333,17720.322,30696,3,48,48.0,0.0,48,48,0,0,0,0,80,40,65.24221,32.621105,40,252,100.57143,103.445404,10700.952,0,0,0,0,0,0,0,0,0,117.333336,40.0,252.0,0,0,0,0,0,0,4,160,2,504,-1,-1,3,20,0.0,0.0,0,0,0.0,0.0,0,0,Benign
6,110725426,157,227,4579,407937,348,0,29.165606,83.137115,4380,0,1797.0793,1027.1093,3725.576093,3.468038136,289100.34,1613612.6,10000000,0,111000000,709623.7,2478907.0,10000000,43,111000000,489830.34,2088600.1,10000000,2,0,0,0,0,3152,4672,1.4179219,2.0501163,0,4380,1071.4701,1175.629,1382103.6,0,0,0,1,0,0,0,0,1,1074.2604,29.165606,1797.0793,0,0,0,0,0,0,157,4579,227,407937,8192,1281,156,20,517090.28,1253433.1,4090046,23471,9546664.0,1429258.4,10000000,5240958,Benign
6,110,1,1,6,6,6,6,6.0,0.0,6,6,6.0,0.0,109090.9091,18181.81818,110.0,0.0,110,110,0,0.0,0.0,0,0,0,0.0,0.0,0,0,0,0,0,0,20,20,9090.909,9090.909,6,6,6.0,0.0,0.0,0,0,0,0,1,1,0,0,1,9.0,6.0,6.0,0,0,0,0,0,0,1,6,1,6,913,256,0,20,0.0,0.0,0,0,0.0,0.0,0,0,Benign
6,41328,1,1,6,6,6,6,6.0,0.0,6,6,6.0,0.0,290.3600465,48.39334108,41328.0,0.0,41328,41328,0,0.0,0.0,0,0,0,0.0,0.0,0,0,0,0,0,0,20,20,24.19667,24.19667,6,6,6.0,0.0,0.0,0,0,0,0,1,1,0,0,1,9.0,6.0,6.0,0,0,0,0,0,0,1,6,1,6,240,60,0,20,0.0,0.0,0,0,0.0,0.0,0,0,Benign
17,145244,1,1,44,135,44,44,44.0,0.0,135,135,135.0,0.0,1232.408912,13.76993198,145244.0,0.0,145244,145244,0,0.0,0.0,0,0,0,0.0,0.0,0,0,0,0,0,0,20,20,6.884966,6.884966,44,135,74.333336,52.538876,2760.3333,0,0,0,0,0,0,0,0,1,111.5,44.0,135.0,0,0,0,0,0,0,1,44,1,135,-1,-1,0,20,0.0,0.0,0,0,0.0,0.0,0,0,Benign
17,188,2,2,76,108,38,38,38.0,0.0,54,54,54.0,0.0,978723.4043,21276.59574,62.666668,25.403412,92,48,48,48.0,0.0,48,48,48,48.0,0.0,48,48,0,0,0,0,64,64,10638.298,10638.298,38,54,44.4,8.763561,76.8,0,0,0,0,0,0,0,0,1,55.5,38.0,54.0,0,0,0,0,0,0,2,76,2,108,-1,-1,1,32,0.0,0.0,0,0,0.0,0.0,0,0,Benign
6,49,1,1,0,0,0,0,0.0,0.0,0,0,0.0,0.0,0.0,40816.32653,49.0,0.0,49,49,0,0.0,0.0,0,0,0,0.0,0.0,0,0,0,0,0,0,32,32,20408.164,20408.164,0,0,0.0,0.0,0.0,0,0,0,0,1,0,0,0,1,0.0,0.0,0.0,0,0,0,0,0,0,1,0,1,0,11120,41992,0,32,0.0,0.0,0,0,0.0,0.0,0,0,Benign
17,23416,1,1,48,126,48,48,48.0,0.0,126,126,126.0,0.0,7430.816536,85.41168432,23416.0,0.0,23416,23416,0,0.0,0.0,0,0,0,0.0,0.0,0,0,0,0,0,0,20,20,42.70584,42.70584,48,126,74.0,45.03332,2028.0,0,0,0,0,0,0,0,0,1,111.0,48.0,126.0,0,0,0,0,0,0,1,48,1,126,-1,-1,0,20,0.0,0.0,0,0,0.0,0.0,0,0,Benign
6,117080136,22,18,3456,3353,1431,0,157.09091,425.8986,1643,0,186.27777,515.9416,58.1567483,0.34164634,3002054.8,4594994.0,10200000,3,117000000,5575244.5,5029562.5,10200000,19,114000000,6677160.5,4927760.5,10200000,3,0,0,0,0,712,584,0.18790549,0.15374085,0,1643,166.07317,457.47165,209280.31,0,0,0,1,0,0,0,0,0,170.225,157.09091,186.27777,0,0,0,0,0,0,22,3456,18,3353,29200,1118,5,32,136122.1,375111.9,1267127,22881,10200000.0,76204.08,10200000,10000000,Benign
17,24057,2,2,72,250,36,36,36.0,0.0,125,125,125.0,0.0,13384.87758,166.2717712,8019.0,13883.253,24050,3,3,3.0,0.0,3,3,4,4.0,0.0,4,4,0,0,0,0,40,40,83.13589,83.13589,36,125,71.6,48.747307,2376.3,0,0,0,0,0,0,0,0,1,89.5,36.0,125.0,0,0,0,0,0,0,2,72,2,250,-1,-1,1,20,0.0,0.0,0,0,0.0,0.0,0,0,Benign
6,5386338,9,5,377,5005,190,0,41.88889,68.30528,2920,0,1001.0,1313.3008,999.1946291,2.599168489,414333.7,1353056.1,4914728,4,5386338,673292.25,1714881.2,4914728,4,314425,78606.25,97198.336,203477,193,0,0,0,0,192,112,1.670894,0.92827445,0,2920,358.8,846.4673,716506.9,0,0,0,1,0,0,0,0,0,384.42856,41.88889,1001.0,0,0,0,0,0,0,9,377,5,5005,8192,237,8,20,0.0,0.0,0,0,0.0,0.0,0,0,Benign
17,174,2,2,82,204,41,41,41.0,0.0,102,102,102.0,0.0,1643678.161,22988.50575,58.0,95.262794,168,3,3,3.0,0.0,3,3,3,3.0,0.0,3,3,0,0,0,0,64,64,11494.253,11494.253,41,102,65.4,33.411076,1116.3,0,0,0,0,0,0,0,0,1,81.75,41.0,102.0,0,0,0,0,0,0,2,82,2,204,-1,-1,1,32,0.0,0.0,0,0,0.0,0.0,0,0,Benign
17,304,2,2,72,234,36,36,36.0,0.0,117,117,117.0,0.0,1006578.947,13157.89474,101.333336,173.78242,302,1,1,1.0,0.0,1,1,1,1.0,0.0,1,1,0,0,0,0,64,64,6578.9473,6578.9473,36,117,68.4,44.36553,1968.3,0,0,0,0,0,0,0,0,1,85.5,36.0,117.0,0,0,0,0,0,0,2,72,2,234,-1,-1,1,32,0.0,0.0,0,0,0.0,0.0,0,0,Benign
17,49126,2,2,68,196,34,34,34.0,0.0,98,98,98.0,0.0,5373.936408,81.42327892,16375.333,28355.98,49118,4,4,4.0,0.0,4,4,4,4.0,0.0,4,4,0,0,0,0,40,80,40.71164,40.71164,34,98,59.6,35.054245,1228.8,0,0,0,0,0,0,0,0,1,74.5,34.0,98.0,0,0,0,0,0,0,2,68,2,196,-1,-1,1,20,0.0,0.0,0,0,0.0,0.0,0,0,Benign
17,70361,2,2,74,204,37,37,37.0,0.0,102,102,102.0,0.0,3951.05243,56.84967525,23453.666,40617.746,70355,3,3,3.0,0.0,3,3,3,3.0,0.0,3,3,0,0,0,0,40,64,28.424837,28.424837,37,102,63.0,35.601967,1267.5,0,0,0,0,0,0,0,0,1,78.75,37.0,102.0,0,0,0,0,0,0,2,74,2,204,-1,-1,1,20,0.0,0.0,0,0,0.0,0.0,0,0,Benign
17,184,2,2,82,206,41,41,41.0,0.0,103,103,103.0,0.0,1565217.391,21739.13043,61.333332,104.5004,182,1,1,1.0,0.0,1,1,1,1.0,0.0,1,1,0,0,0,0,40,40,10869.565,10869.565,41,103,65.8,33.958797,1153.2,0,0,0,0,0,0,0,0,1,82.25,41.0,103.0,0,0,0,0,0,0,2,82,2,206,-1,-1,1,20,0.0,0.0,0,0,0.0,0.0,0,0,Benign
6,198,2,0,0,0,0,0,0.0,0.0,0,0,0.0,0.0,0.0,10101.0101,198.0,0.0,198,198,198,198.0,0.0,198,198,0,0.0,0.0,0,0,0,0,0,0,64,0,10101.01,0.0,0,0,0.0,0.0,0.0,0,0,0,0,1,0,0,0,0,0.0,0.0,0.0,0,0,0,0,0,0,2,0,0,0,364,-1,0,32,0.0,0.0,0,0,0.0,0.0,0,0,Benign
6,13894698,25,18,7506,2408,3072,0,300.24,709.14435,260,0,133.77777,104.844734,713.5095703,3.094705621,330826.16,2110538.0,13700000,1,13900000,578945.75,2791148.2,13700000,1,13900000,817322.5,3369137.0,13900000,1,0,0,0,0,524,384,1.7992475,1.2954582,0,3072,225.31818,541.2746,292978.2,0,0,0,1,0,0,0,0,0,230.55814,300.24,133.77777,0,0,0,0,0,0,25,7506,18,2408,8192,2051,23,20,213043.0,0.0,213043,213043,13700000.0,0.0,13700000,13700000,Benign
17,60881,1,1,40,94,40,40,40.0,0.0,94,94,94.0,0.0,2201.015095,32.85097157,60881.0,0.0,60881,60881,0,0.0,0.0,0,0,0,0.0,0.0,0,0,0,0,0,0,32,32,16.425486,16.425486,40,94,58.0,31.176914,972.0,0,0,0,0,0,0,0,0,1,87.0,40.0,94.0,0,0,0,0,0,0,1,40,1,94,-1,-1,0,32,0.0,0.0,0,0,0.0,0.0,0,0,Benign
17,23781,2,2,140,296,70,70,70.0,0.0,148,148,148.0,0.0,18333.96409,168.2015054,7927.0,13723.904,23774,3,3,3.0,0.0,3,3,4,4.0,0.0,4,4,0,0,0,0,40,40,84.10075,84.10075,70,148,101.2,42.72236,1825.2,0,0,0,0,0,0,0,0,1,126.5,70.0,148.0,0,0,0,0,0,0,2,140,2,296,-1,-1,1,20,0.0,0.0,0,0,0.0,0.0,0,0,Benign
6,116779498,16,16,1088,5122,424,0,68.0,111.10175,1430,0,320.125,534.3089,53.17714245,0.274020702,3767080.5,14500000.0,58200000,1,117000000,7785300.0,20500000.0,58200000,3,117000000,7779434.5,20500000.0,58200000,1,0,0,0,0,332,332,0.13701035,0.13701035,0,1430,188.18182,395.77847,156640.6,0,0,0,1,0,0,0,0,1,194.0625,68.0,320.125,0,0,0,0,0,0,16,1088,16,5122,8192,360,15,20,210201.0,175296.02,334154,86248,58100000.0,21054.81,58200000,58100000,Benign
17,168,2,2,46,46,23,23,23.0,0.0,23,23,23.0,0.0,547619.0476,23809.52381,56.0,95.262794,166,1,1,1.0,0.0,1,1,1,1.0,0.0,1,1,0,0,0,0,64,64,11904.762,11904.762,23,23,23.0,0.0,0.0,0,0,0,0,0,0,0,0,1,28.75,23.0,23.0,0,0,0,0,0,0,2,46,2,46,-1,-1,1,32,0.0,0.0,0,0,0.0,0.0,0,0,Benign
17,30477,1,1,49,91,49,49,49.0,0.0,91,91,91.0,0.0,4593.627982,65.62325688,30477.0,0.0,30477,30477,0,0.0,0.0,0,0,0,0.0,0.0,0,0,0,0,0,0,20,20,32.81163,32.81163,49,91,63.0,24.24871,588.0,0,0,0,0,0,0,0,0,1,94.5,49.0,91.0,0,0,0,0,0,0,1,49,1,91,-1,-1,0,20,0.0,0.0,0,0,0.0,0.0,0,0,Benign
17,393,2,2,62,324,31,31,31.0,0.0,162,162,162.0,0.0,982188.2952,10178.11705,131.0,185.9543,344,1,1,1.0,0.0,1,1,48,48.0,0.0,48,48,0,0,0,0,40,40,5089.0586,5089.0586,31,162,83.4,71.751656,5148.3,0,0,0,0,0,0,0,0,1,104.25,31.0,162.0,0,0,0,0,0,0,2,62,2,324,-1,-1,1,20,0.0,0.0,0,0,0.0,0.0,0,0,Benign
6,189931,14,11,1012,4567,405,0,72.28571,114.63214,1430,0,415.18182,562.3863,29373.82523,131.6267487,7913.7915,16609.883,49176,1,189931,14610.077,21086.273,51328,4,136739,13673.9,27847.732,79857,1,0,0,0,0,292,232,73.710976,57.915768,0,1430,214.57692,405.2542,164230.97,0,0,0,1,0,0,0,0,0,223.16,72.28571,415.18182,0,0,0,0,0,0,14,1012,11,4567,8192,180,13,20,0.0,0.0,0,0,0.0,0.0,0,0,Benign
17,5918982,2,2,92,188,50,42,46.0,5.656854,122,66,94.0,39.59798,47.30543191,0.675791884,1972994.0,2870422.5,5270057,30597,5888385,5888385.0,0.0,5888385,5888385,5300654,5300654.0,0.0,5300654,5300654,0,0,0,0,52,40,0.33789593,0.33789593,42,122,64.4,33.657093,1132.8,0,0,0,0,0,0,0,0,1,80.5,46.0,94.0,0,0,0,0,0,0,2,92,2,188,-1,-1,1,20,618328.0,0.0,618328,618328,5270057.0,0.0,5270057,5270057,Benign
6,119,2,0,12,0,6,6,6.0,0.0,0,0,0.0,0.0,100840.3361,16806.72269,119.0,0.0,119,119,119,119.0,0.0,119,119,0,0.0,0.0,0,0,0,0,0,0,40,0,16806.723,0.0,6,6,6.0,0.0,0.0,0,0,0,0,1,0,0,0,0,9.0,6.0,0.0,0,0,0,0,0,0,2,12,0,0,259,-1,1,20,0.0,0.0,0,0,0.0,0.0,0,0,Benign
6,93158,2,0,12,0,6,6,6.0,0.0,0,0,0.0,0.0,128.8134138,21.4689023,93158.0,0.0,93158,93158,93158,93158.0,0.0,93158,93158,0,0.0,0.0,0,0,0,0,0,0,40,0,21.468903,0.0,6,6,6.0,0.0,0.0,0,0,0,0,1,0,0,0,0,9.0,6.0,0.0,0,0,0,0,0,0,2,12,0,0,256,-1,1,20,0.0,0.0,0,0,0.0,0.0,0,0,Benign
6,5322078,3,1,12,0,6,0,4.0,3.4641016,0,0,0.0,0.0,2.254758386,0.751586129,1774026.0,3041197.5,5285636,86,5322078,2661039.0,3711740.8,5285636,36442,0,0.0,0.0,0,0,0,0,0,0,80,32,0.5636896,0.18789653,0,6,2.4,3.2863352,10.8,0,0,0,1,0,0,0,0,0,3.0,4.0,0.0,0,0,0,0,0,0,3,12,1,0,29200,29200,2,20,0.0,0.0,0,0,0.0,0.0,0,0,Benign
6,115606057,17,15,851,1068,398,0,50.058823,125.61572,649,0,71.2,191.93831,16.59947627,0.276802106,3729227.8,4802220.0,10000000,45,116000000,7225378.5,4403379.0,10000000,15382,110000000,7879776.0,4233905.5,10000000,531,0,0,0,0,352,444,0.14705113,0.12975098,0,649,58.151516,155.65208,24227.57,0,0,0,1,0,0,0,0,0,59.96875,50.058823,71.2,0,0,0,0,0,0,17,851,15,1068,8192,980,16,20,51309.816,120251.28,413881,14950,9977510.0,58801.87,10000000,9800581,Benign
17,213,2,2,76,108,38,38,38.0,0.0,54,54,54.0,0.0,863849.7653,18779.34272,71.0,39.83717,117,48,48,48.0,0.0,48,48,48,48.0,0.0,48,48,0,0,0,0,80,80,9389.671,9389.671,38,54,44.4,8.763561,76.8,0,0,0,0,0,0,0,0,1,55.5,38.0,54.0,0,0,0,0,0,0,2,76,2,108,-1,-1,1,40,0.0,0.0,0,0,0.0,0.0,0,0,Benign
6,375707,12,8,1612,7289,1029,0,134.33333,301.12103,1448,0,911.125,654.4163,23691.33394,53.23297144,19774.053,24883.242,64049,3,375707,34155.184,29868.3,85180,3,269809,38544.145,37726.81,90489,224,0,0,0,0,392,264,31.939783,21.293188,0,1448,423.85715,594.9883,354011.03,0,0,0,1,0,0,0,0,0,445.05,134.33333,911.125,0,0,0,0,0,0,12,1612,8,7289,29200,19,4,32,0.0,0.0,0,0,0.0,0.0,0,0,Benign
6,1,1,1,6,6,6,6,6.0,0.0,6,6,6.0,0.0,12000000.0,2000000.0,1.0,0.0,1,1,0,0.0,0.0,0,0,0,0.0,0.0,0,0,0,0,0,0,20,20,1000000.0,1000000.0,6,6,6.0,0.0,0.0,0,0,0,0,1,0,0,0,1,9.0,6.0,6.0,0,0,0,0,0,0,1,6,1,6,63515,16060,0,20,0.0,0.0,0,0,0.0,0.0,0,0,Benign
17,180,2,2,66,98,33,33,33.0,0.0,49,49,49.0,0.0,911111.1111,22222.22222,60.0,97.862144,173,3,3,3.0,0.0,3,3,4,4.0,0.0,4,4,0,0,0,0,40,40,11111.111,11111.111,33,49,39.4,8.763561,76.8,0,0,0,0,0,0,0,0,1,49.25,33.0,49.0,0,0,0,0,0,0,2,66,2,98,-1,-1,1,20,0.0,0.0,0,0,0.0,0.0,0,0,Benign
6,35,1,1,6,6,6,6,6.0,0.0,6,6,6.0,0.0,342857.1429,57142.85714,35.0,0.0,35,35,0,0.0,0.0,0,0,0,0.0,0.0,0,0,0,0,0,0,20,20,28571.428,28571.428,6,6,6.0,0.0,0.0,0,0,0,0,1,1,0,0,1,9.0,6.0,6.0,0,0,0,0,0,0,1,6,1,6,8192,252,0,20,0.0,0.0,0,0,0.0,0.0,0,0,Benign
17,30698,1,1,41,143,41,41,41.0,0.0,143,143,143.0,0.0,5993.875823,65.15082416,30698.0,0.0,30698,30698,0,0.0,0.0,0,0,0,0.0,0.0,0,0,0,0,0,0,20,20,32.575413,32.575413,41,143,75.0,58.88973,3468.0,0,0,0,0,0,0,0,0,1,112.5,41.0,143.0,0,0,0,0,0,0,1,41,1,143,-1,-1,0,20,0.0,0.0,0,0,0.0,0.0,0,0,Benign
6,18,2,0,12,0,6,6,6.0,0.0,0,0,0.0,0.0,666666.6667,111111.1111,18.0,0.0,18,18,18,18.0,0.0,18,18,0,0.0,0.0,0,0,0,0,0,0,40,0,111111.11,0.0,6,6,6.0,0.0,0.0,0,0,0,0,1,0,0,0,0,9.0,6.0,0.0,0,0,0,0,0,0,2,12,0,0,255,-1,1,20,0.0,0.0,0,0,0.0,0.0,0,0,Benign
6,115926063,24,18,2531,6480,1090,0,105.458336,306.7188,1448,0,360.0,587.3725,77.73057902,0.362299891,2827465.0,4548937.0,10200000,6,116000000,5040263.5,5109556.5,10200000,48,113000000,6629357.5,5009003.0,10200000,48,0,0,0,0,776,584,0.20702851,0.15527138,0,1448,209.55814,456.1812,208101.3,0,0,0,1,0,0,0,0,0,214.54762,105.458336,360.0,0,0,0,0,0,0,24,2531,18,6480,29200,68,5,32,42382.09,90657.62,315725,14963,10200000.0,62951.086,10200000,10000000,Benign
6,60887728,10,10,481,199,433,0,48.1,135.25322,187,0,19.9,58.76592,11.16809614,0.328473416,3204617.2,4716322.5,9993028,27,60300000,6698020.5,4952364.0,10000000,114,60800000,6759991.5,4920632.5,10000000,1283,0,0,0,0,212,284,0.16423671,0.16423671,0,433,32.38095,100.19954,10039.947,0,0,0,1,0,0,0,0,1,34.0,48.1,19.9,0,0,0,0,0,0,10,481,10,199,8192,110,9,20,87847.336,98364.07,288632,47572,9959184.0,77798.3,9993028,9800583,Benign
6,115900891,34,31,877,21685,502,0,25.794117,93.69705,1479,0,699.5161,687.2488,194.6663206,0.560823989,1810951.4,3813158.0,10000000,1,116000000,3512148.2,4765022.5,10100000,1,111000000,3700523.2,4911937.0,10100000,2,0,0,0,0,1096,1000,0.2933541,0.2674699,0,1479,341.84848,580.9526,337505.88,0,0,0,1,0,0,0,0,0,347.1077,25.794117,699.5161,0,0,0,0,0,0,34,877,31,21685,29200,357,4,32,82072.37,150467.2,535748,36639,10000000.0,4879.0117,10000000,9996028,Benign
6,30,1,1,6,6,6,6,6.0,0.0,6,6,6.0,0.0,400000.0,66666.66667,30.0,0.0,30,30,0,0.0,0.0,0,0,0,0.0,0.0,0,0,0,0,0,0,20,20,33333.332,33333.332,6,6,6.0,0.0,0.0,0,0,0,0,1,1,0,0,1,9.0,6.0,6.0,0,0,0,0,0,0,1,6,1,6,946,1024,0,20,0.0,0.0,0,0,0.0,0.0,0,0,Benign
17,189,2,2,66,258,33,33,33.0,0.0,129,129,129.0,0.0,1714285.714,21164.02116,63.0,67.75692,137,4,4,4.0,0.0,4,4,48,48.0,0.0,48,48,0,0,0,0,64,64,10582.011,10582.011,33,129,71.4,52.581364,2764.8,0,0,0,0,0,0,0,0,1,89.25,33.0,129.0,0,0,0,0,0,0,2,66,2,258,-1,-1,1,32,0.0,0.0,0,0,0.0,0.0,0,0,Benign
17,30273,1,1,48,88,48,48,48.0,0.0,88,88,88.0,0.0,4492.45202,66.06547088,30273.0,0.0,30273,30273,0,0.0,0.0,0,0,0,0.0,0.0,0,0,0,0,0,0,20,32,33.032734,33.032734,48,88,61.333332,23.094011,533.3333,0,0,0,0,0,0,0,0,1,92.0,48.0,88.0,0,0,0,0,0,0,1,48,1,88,-1,-1,0,20,0.0,0.0,0,0,0.0,0.0,0,0,Benign
17,48030,1,1,59,75,59,59,59.0,0.0,75,75,75.0,0.0,2789.922965,41.64064127,48030.0,0.0,48030,48030,0,0.0,0.0,0,0,0,0.0,0.0,0,0,0,0,0,0,20,20,20.82032,20.82032,59,75,64.333336,9.237604,85.333336,0,0,0,0,0,0,0,0,1,96.5,59.0,75.0,0,0,0,0,0,0,1,59,1,75,-1,-1,0,20,0.0,0.0,0,0,0.0,0.0,0,0,Benign
17,69054,1,1,40,256,40,40,40.0,0.0,256,256,256.0,0.0,4286.50042,28.96284068,69054.0,0.0,69054,69054,0,0.0,0.0,0,0,0,0.0,0.0,0,0,0,0,0,0,20,20,14.4814205,14.4814205,40,256,112.0,124.70766,15552.0,0,0,0,0,0,0,0,0,1,168.0,40.0,256.0,0,0,0,0,0,0,1,40,1,256,-1,-1,0,20,0.0,0.0,0,0,0.0,0.0,0,0,Benign
6,65274616,15,15,2399,5448,2055,0,159.93333,527.71155,1985,0,363.2,712.38116,120.2151844,0.459596729,2250848.8,4124200.0,10000000,2,60600000,4328685.5,5146160.0,10100000,210,65200000,4659028.5,5000517.5,10100000,2,0,0,0,0,488,488,0.22979836,0.22979836,0,2055,253.12903,615.89014,379320.66,0,0,0,1,0,0,0,0,1,261.56668,159.93333,363.2,0,0,0,0,0,0,15,2399,15,5448,29200,272,3,32,85632.836,91978.23,273381,47840,10000000.0,17434.703,10000000,9996175,Benign
6,124,2,0,0,0,0,0,0.0,0.0,0,0,0.0,0.0,0.0,16129.03226,124.0,0.0,124,124,124,124.0,0.0,124,124,0,0.0,0.0,0,0,0,0,0,0,64,0,16129.032,0.0,0,0,0.0,0.0,0.0,0,0,0,0,1,0,0,0,0,0.0,0.0,0.0,0,0,0,0,0,0,2,0,0,0,242,-1,0,32,0.0,0.0,0,0,0.0,0.0,0,0,Benign
6,13033111,30,44,14171,36554,1194,0,472.36667,581.5839,2721,2,830.7727,869.66156,3892.010127,5.677846218,178535.77,1167803.2,9999164,1,3033947,104618.86,115576.875,280485,135,13000000,302346.94,1516686.8,9999165,4,0,0,0,0,612,884,2.3018296,3.3760166,0,2721,676.3333,780.55164,609260.9,0,0,0,1,0,0,0,0,1,685.47296,472.36667,830.7727,0,0,0,0,0,0,30,14171,44,36554,8192,57150,29,20,0.0,0.0,0,0,0.0,0.0,0,0,Benign
17,50749,4,2,152,108,38,38,38.0,0.0,54,54,54.0,0.0,5123.25366,118.2289306,10149.8,14373.311,30661,3,30667,10222.333,17700.404,30661,3,48,48.0,0.0,48,48,0,0,0,0,80,40,78.81929,39.409645,38,54,42.57143,7.8072004,60.95238,0,0,0,0,0,0,0,0,0,49.666668,38.0,54.0,0,0,0,0,0,0,4,152,2,108,-1,-1,3,20,0.0,0.0,0,0,0.0,0.0,0,0,Benign
17,31942,2,2,68,262,34,34,34.0,0.0,131,131,131.0,0.0,10331.22535,125.2269739,10647.333,18397.568,31891,3,3,3.0,0.0,3,3,48,48.0,0.0,48,48,0,0,0,0,40,40,62.613487,62.613487,34,131,72.8,53.12909,2822.7,0,0,0,0,0,0,0,0,1,91.0,34.0,131.0,0,0,0,0,0,0,2,68,2,262,-1,-1,1,20,0.0,0.0,0,0,0.0,0.0,0,0,Benign
17,24301,1,1,48,145,48,48,48.0,0.0,145,145,145.0,0.0,7942.059998,82.30113987,24301.0,0.0,24301,24301,0,0.0,0.0,0,0,0,0.0,0.0,0,0,0,0,0,0,20,20,41.15057,41.15057,48,145,80.333336,56.002975,3136.3333,0,0,0,0,0,0,0,0,1,120.5,48.0,145.0,0,0,0,0,0,0,1,48,1,145,-1,-1,0,20,0.0,0.0,0,0,0.0,0.0,0,0,Benign
17,206,2,2,104,178,52,52,52.0,0.0,89,89,89.0,0.0,1368932.039,19417.47573,68.666664,112.873085,199,3,3,3.0,0.0,3,3,4,4.0,0.0,4,4,0,0,0,0,40,40,9708.738,9708.738,52,89,66.8,20.265734,410.7,0,0,0,0,0,0,0,0,1,83.5,52.0,89.0,0,0,0,0,0,0,2,104,2,178,-1,-1,1,20,0.0,0.0,0,0,0.0,0.0,0,0,Benign
6,117373453,20,17,1830,3196,435,0,91.5,176.21683,796,0,188.0,347.64276,42.82058567,0.315233122,3260373.8,4590466.5,10000000,109,117000000,6176305.0,4712346.0,10000000,510,117000000,7334292.0,4227515.5,10000000,798,0,0,0,0,412,472,0.17039628,0.14483684,0,796,132.26315,266.46948,71005.984,0,0,0,1,0,0,0,0,0,135.83784,91.5,188.0,0,0,0,0,0,0,20,1830,17,3196,8192,294,19,20,702235.44,2232515.0,7433350,23473,9965927.0,81353.96,10000000,9731678,Benign
17,243,2,2,72,128,36,36,36.0,0.0,64,64,64.0,0.0,823045.2675,16460.90535,81.0,125.797455,226,1,1,1.0,0.0,1,1,16,16.0,0.0,16,16,0,0,0,0,64,64,8230.453,8230.453,36,64,47.2,15.336231,235.2,0,0,0,0,0,0,0,0,1,59.0,36.0,64.0,0,0,0,0,0,0,2,72,2,128,-1,-1,1,32,0.0,0.0,0,0,0.0,0.0,0,0,Benign
17,227,2,2,60,344,30,30,30.0,0.0,172,172,172.0,0.0,1779735.683,17621.14537,75.666664,129.32646,225,1,1,1.0,0.0,1,1,1,1.0,0.0,1,1,0,0,0,0,64,64,8810.572,8810.572,30,172,86.8,77.7766,6049.2,0,0,0,0,0,0,0,0,1,108.5,30.0,172.0,0,0,0,0,0,0,2,60,2,344,-1,-1,1,32,0.0,0.0,0,0,0.0,0.0,0,0,Benign
17,205,2,2,66,258,33,33,33.0,0.0,129,129,129.0,0.0,1580487.805,19512.19512,68.333336,75.87051,152,4,4,4.0,0.0,4,4,49,49.0,0.0,49,49,0,0,0,0,40,40,9756.098,9756.098,33,129,71.4,52.581364,2764.8,0,0,0,0,0,0,0,0,1,89.25,33.0,129.0,0,0,0,0,0,0,2,66,2,258,-1,-1,1,20,0.0,0.0,0,0,0.0,0.0,0,0,Benign
6,256,2,0,0,0,0,0,0.0,0.0,0,0,0.0,0.0,0.0,7812.5,256.0,0.0,256,256,256,256.0,0.0,256,256,0,0.0,0.0,0,0,0,0,0,0,64,0,7812.5,0.0,0,0,0.0,0.0,0.0,0,0,0,0,1,0,0,0,0,0.0,0.0,0.0,0,0,0,0,0,0,2,0,0,0,1034,-1,0,32,0.0,0.0,0,0,0.0,0.0,0,0,Benign
6,29,1,1,6,6,6,6,6.0,0.0,6,6,6.0,0.0,413793.1034,68965.51724,29.0,0.0,29,29,0,0.0,0.0,0,0,0,0.0,0.0,0,0,0,0,0,0,20,20,34482.758,34482.758,6,6,6.0,0.0,0.0,0,0,0,0,1,1,0,0,1,9.0,6.0,6.0,0,0,0,0,0,0,1,6,1,6,1147,16425,0,20,0.0,0.0,0,0,0.0,0.0,0,0,Benign
17,151,2,2,58,90,29,29,29.0,0.0,45,45,45.0,0.0,980132.4503,26490.06623,50.333332,81.119255,144,3,4,4.0,0.0,4,4,3,3.0,0.0,3,3,0,0,0,0,40,40,13245.033,13245.033,29,45,35.4,8.763561,76.8,0,0,0,0,0,0,0,0,1,44.25,29.0,45.0,0,0,0,0,0,0,2,58,2,90,-1,-1,1,20,0.0,0.0,0,0,0.0,0.0,0,0,Benign
17,47849,1,1,55,110,55,55,55.0,0.0,110,110,110.0,0.0,3448.347928,41.7981567,47849.0,0.0,47849,47849,0,0.0,0.0,0,0,0,0.0,0.0,0,0,0,0,0,0,20,32,20.899078,20.899078,55,110,73.333336,31.754265,1008.3333,0,0,0,0,0,0,0,0,1,110.0,55.0,110.0,0,0,0,0,0,0,1,55,1,110,-1,-1,0,20,0.0,0.0,0,0,0.0,0.0,0,0,Benign
17,23258,1,1,53,117,53,53,53.0,0.0,117,117,117.0,0.0,7309.312925,85.99191676,23258.0,0.0,23258,23258,0,0.0,0.0,0,0,0,0.0,0.0,0,0,0,0,0,0,20,20,42.99596,42.99596,53,117,74.333336,36.950417,1365.3334,0,0,0,0,0,0,0,0,1,111.5,53.0,117.0,0,0,0,0,0,0,1,53,1,117,-1,-1,0,20,0.0,0.0,0,0,0.0,0.0,0,0,Benign
6,4,2,0,12,0,6,6,6.0,0.0,0,0,0.0,0.0,3000000.0,500000.0,4.0,0.0,4,4,4,4.0,0.0,4,4,0,0.0,0.0,0,0,0,0,0,0,40,0,500000.0,0.0,6,6,6.0,0.0,0.0,0,0,0,0,1,0,0,0,0,9.0,6.0,0.0,0,0,0,0,0,0,2,12,0,0,5578,-1,1,20,0.0,0.0,0,0,0.0,0.0,0,0,Benign
17,23587,1,1,81,209,81,81,81.0,0.0,209,209,209.0,0.0,12294.90821,84.79247043,23587.0,0.0,23587,23587,0,0.0,0.0,0,0,0,0.0,0.0,0,0,0,0,0,0,20,32,42.396236,42.396236,81,209,123.666664,73.90083,5461.3335,0,0,0,0,0,0,0,0,1,185.5,81.0,209.0,0,0,0,0,0,0,1,81,1,209,-1,-1,0,20,0.0,0.0,0,0,0.0,0.0,0,0,Benign
6,42641,1,1,6,6,6,6,6.0,0.0,6,6,6.0,0.0,281.4192913,46.90321522,42641.0,0.0,42641,42641,0,0.0,0.0,0,0,0,0.0,0.0,0,0,0,0,0,0,20,20,23.451607,23.451607,6,6,6.0,0.0,0.0,0,0,0,0,1,1,0,0,1,9.0,6.0,6.0,0,0,0,0,0,0,1,6,1,6,306,35,0,20,0.0,0.0,0,0,0.0,0.0,0,0,Benign
17,314,2,2,78,110,39,39,39.0,0.0,55,55,55.0,0.0,598726.1146,12738.8535,104.666664,94.56391,190,3,3,3.0,0.0,3,3,190,190.0,0.0,190,190,0,0,0,0,40,40,6369.427,6369.427,39,55,45.4,8.763561,76.8,0,0,0,0,0,0,0,0,1,56.75,39.0,55.0,0,0,0,0,0,0,2,78,2,110,-1,-1,1,20,0.0,0.0,0,0,0.0,0.0,0,0,Benign
17,257,2,2,64,290,32,32,32.0,0.0,145,145,145.0,0.0,1377431.907,15564.20233,85.666664,146.64697,255,1,1,1.0,0.0,1,1,1,1.0,0.0,1,1,0,0,0,0,64,64,7782.101,7782.101,32,145,77.2,61.89265,3830.7,0,0,0,0,0,0,0,0,1,96.5,32.0,145.0,0,0,0,0,0,0,2,64,2,290,-1,-1,1,32,0.0,0.0,0,0,0.0,0.0,0,0,Benign
17,201,2,2,90,122,45,45,45.0,0.0,61,61,61.0,0.0,1054726.368,19900.49751,67.0,33.77869,106,47,47,47.0,0.0,47,47,48,48.0,0.0,48,48,0,0,0,0,40,40,9950.249,9950.249,45,61,51.4,8.763561,76.8,0,0,0,0,0,0,0,0,1,64.25,45.0,61.0,0,0,0,0,0,0,2,90,2,122,-1,-1,1,20,0.0,0.0,0,0,0.0,0.0,0,0,Benign
17,207,2,2,78,206,39,39,39.0,0.0,103,103,103.0,0.0,1371980.676,19323.6715,69.0,79.32213,157,3,47,47.0,0.0,47,47,3,3.0,0.0,3,3,0,0,0,0,64,64,9661.836,9661.836,39,103,64.6,35.054245,1228.8,0,0,0,0,0,0,0,0,1,80.75,39.0,103.0,0,0,0,0,0,0,2,78,2,206,-1,-1,1,32,0.0,0.0,0,0,0.0,0.0,0,0,Benign
6,16,2,0,12,0,6,6,6.0,0.0,0,0,0.0,0.0,750000.0,125000.0,16.0,0.0,16,16,16,16.0,0.0,16,16,0,0.0,0.0,0,0,0,0,0,0,40,0,125000.0,0.0,6,6,6.0,0.0,0.0,0,0,0,0,1,0,0,0,0,9.0,6.0,0.0,0,0,0,0,0,0,2,12,0,0,16076,-1,1,20,0.0,0.0,0,0,0.0,0.0,0,0,Benign
6,51289,3,1,50,6,38,6,16.666666,18.475208,6,6,6.0,0.0,1091.852054,77.98943243,17096.334,29528.613,51193,3,51289,25644.5,36262.56,51286,3,0,0.0,0.0,0,0,0,0,0,0,60,20,58.492073,19.497358,6,38,12.4,14.310835,204.8,0,0,0,0,1,0,0,0,0,15.5,16.666666,6.0,0,0,0,0,0,0,3,50,1,6,351,0,2,20,0.0,0.0,0,0,0.0,0.0,0,0,Benign
17,689507,6,4,212,300,37,32,35.333332,2.5819888,102,48,75.0,31.176914,742.5595389,14.50311599,76611.89,204206.83,619658,3,650609,130121.8,274090.8,619854,3,689310,229770.0,397890.2,689214,47,0,0,0,0,120,104,8.70187,5.801246,32,102,49.454544,26.57203,706.07275,0,0,0,0,0,0,0,0,0,54.4,35.333332,75.0,0,0,0,0,0,0,6,212,4,300,-1,-1,5,20,0.0,0.0,0,0,0.0,0.0,0,0,Benign
6,86,2,0,12,0,6,6,6.0,0.0,0,0,0.0,0.0,139534.8837,23255.81395,86.0,0.0,86,86,86,86.0,0.0,86,86,0,0.0,0.0,0,0,0,0,0,0,40,0,23255.814,0.0,6,6,6.0,0.0,0.0,0,0,0,0,1,0,0,0,0,9.0,6.0,0.0,0,0,0,0,0,0,2,12,0,0,372,-1,1,20,0.0,0.0,0,0,0.0,0.0,0,0,Benign
17,60733,2,2,76,300,38,38,38.0,0.0,150,150,150.0,0.0,6191.032882,65.86205193,20244.334,35057.285,60725,4,4,4.0,0.0,4,4,4,4.0,0.0,4,4,0,0,0,0,64,40,32.931026,32.931026,38,150,82.8,61.344925,3763.2,0,0,0,0,0,0,0,0,1,103.5,38.0,150.0,0,0,0,0,0,0,2,76,2,300,-1,-1,1,32,0.0,0.0,0,0,0.0,0.0,0,0,Benign
6,65214810,10,10,508,265,460,0,50.8,143.79059,215,2,26.5,66.24408,11.85313581,0.306678805,3432358.5,4659754.5,9994749,92,60700000,6743195.0,4957572.0,10100000,160,65100000,7234198.5,4474918.5,10100000,972,0,0,0,0,212,204,0.1533394,0.1533394,0,460,36.809525,107.226685,11497.562,0,0,0,1,0,0,0,0,1,38.65,50.8,26.5,0,0,0,0,0,0,10,508,10,265,8192,30016,9,20,156608.17,121826.77,405286,106769,9958184.0,77423.53,9994749,9800466,Benign
17,84909,2,2,84,202,42,42,42.0,0.0,101,101,101.0,0.0,3368.311958,47.10925815,28303.0,49018.77,84905,1,3,3.0,0.0,3,3,1,1.0,0.0,1,1,0,0,0,0,40,64,23.554628,23.554628,42,101,65.6,32.31563,1044.3,0,0,0,0,0,0,0,0,1,82.0,42.0,101.0,0,0,0,0,0,0,2,84,2,202,-1,-1,1,20,0.0,0.0,0,0,0.0,0.0,0,0,Benign
17,160,2,2,64,96,32,32,32.0,0.0,48,48,48.0,0.0,1000000.0,25000.0,53.333332,85.44784,152,4,4,4.0,0.0,4,4,4,4.0,0.0,4,4,0,0,0,0,64,64,12500.0,12500.0,32,48,38.4,8.763561,76.8,0,0,0,0,0,0,0,0,1,48.0,32.0,48.0,0,0,0,0,0,0,2,64,2,96,-1,-1,1,32,0.0,0.0,0,0,0.0,0.0,0,0,Benign
17,23281,1,1,72,88,72,72,72.0,0.0,88,88,88.0,0.0,6872.557021,85.90696276,23281.0,0.0,23281,23281,0,0.0,0.0,0,0,0,0.0,0.0,0,0,0,0,0,0,20,20,42.95348,42.95348,72,88,77.333336,9.237604,85.333336,0,0,0,0,0,0,0,0,1,116.0,72.0,88.0,0,0,0,0,0,0,1,72,1,88,-1,-1,0,20,0.0,0.0,0,0,0.0,0.0,0,0,Benign
17,84293,1,1,48,48,48,48,48.0,0.0,48,48,48.0,0.0,1138.884605,23.7267626,84293.0,0.0,84293,84293,0,0.0,0.0,0,0,0,0.0,0.0,0,0,0,0,0,0,20,20,11.863381,11.863381,48,48,48.0,0.0,0.0,0,0,0,0,0,0,0,0,1,72.0,48.0,48.0,0,0,0,0,0,0,1,48,1,48,-1,-1,0,20,0.0,0.0,0,0,0.0,0.0,0,0,Benign
17,26445,1,1,48,48,48,48,48.0,0.0,48,48,48.0,0.0,3630.175837,75.62866326,26445.0,0.0,26445,26445,0,0.0,0.0,0,0,0,0.0,0.0,0,0,0,0,0,0,32,32,37.81433,37.81433,48,48,48.0,0.0,0.0,0,0,0,0,0,0,0,0,1,72.0,48.0,48.0,0,0,0,0,0,0,1,48,1,48,-1,-1,0,32,0.0,0.0,0,0,0.0,0.0,0,0,Benign
6,64439,49,30,2488,3188,194,0,50.77551,65.998505,440,0,106.26667,130.70392,88083.30359,1225.965642,826.14105,4961.107,42703,0,64439,1342.4791,7023.916,48016,1,63995,2206.724,8076.672,42856,3,0,0,0,0,1592,976,760.40906,465.55658,0,440,70.95,98.526855,9707.542,0,0,0,1,0,0,0,0,0,71.8481,50.77551,106.26667,0,0,0,0,0,0,49,2488,30,3188,65535,269,22,32,0.0,0.0,0,0,0.0,0.0,0,0,Benign
6,77137,4,5,2573,153,1448,0,643.25,754.3754,153,0,30.6,68.42368,35339.72024,116.6755254,9642.125,17719.516,38503,2,38507,12835.667,22007.885,38248,46,38939,9734.75,19384.916,38812,2,0,0,0,0,136,168,51.85579,64.81973,0,1448,272.6,541.8723,293625.6,0,0,0,1,0,0,0,0,1,302.8889,643.25,30.6,0,0,0,0,0,0,4,2573,5,153,29200,40,2,32,0.0,0.0,0,0,0.0,0.0,0,0,Benign
6,18488298,5,6,449,1975,431,0,89.8,190.75429,1448,0,329.16666,585.1319,131.1099594,0.594970938,1848829.8,3853626.0,10000000,4,10200000,2554329.8,4964712.5,10000000,206,18500000,3690266.5,5012042.0,10000000,4,0,0,0,0,112,144,0.27044132,0.3245296,0,1448,202.0,432.5634,187111.1,0,0,0,1,0,0,0,0,1,220.36363,89.8,329.16666,0,0,0,0,0,0,5,449,6,1975,8192,946,4,20,216825.0,0.0,216825,216825,10000000.0,0.0,10000000,10000000,Benign
17,57155,4,2,120,616,30,30,30.0,0.0,308,308,308.0,0.0,12877.26358,104.9776922,11431.0,15953.341,33079,1,33083,11027.667,19097.016,33079,1,48,48.0,0.0,48,48,0,0,0,0,128,64,69.98513,34.992565,30,308,109.42857,135.65012,18400.953,0,0,0,0,0,0,0,0,0,127.666664,30.0,308.0,0,0,0,0,0,0,4,120,2,616,-1,-1,3,32,0.0,0.0,0,0,0.0,0.0,0,0,Benign
17,60483,1,1,51,102,51,51,51.0,0.0,102,102,102.0,0.0,2529.636427,33.06714283,60483.0,0.0,60483,60483,0,0.0,0.0,0,0,0,0.0,0.0,0,0,0,0,0,0,32,32,16.533571,16.533571,51,102,68.0,29.444864,867.0,0,0,0,0,0,0,0,0,1,102.0,51.0,102.0,0,0,0,0,0,0,1,51,1,102,-1,-1,0,32,0.0,0.0,0,0,0.0,0.0,0,0,Benign
17,31266,4,2,128,96,32,32,32.0,0.0,48,48,48.0,0.0,7164.331862,191.9017463,6253.2,13488.276,30372,0,30375,10125.0,17534.416,30372,0,3,3.0,0.0,3,3,0,0,0,0,104,40,127.934494,63.967247,32,48,36.57143,7.8072004,60.95238,0,0,0,0,0,0,0,0,0,42.666668,32.0,48.0,0,0,0,0,0,0,4,128,2,96,-1,-1,3,20,0.0,0.0,0,0,0.0,0.0,0,0,Benign
6,42391378,8,8,434,1768,434,0,54.25,153.44217,1768,0,221.0,625.0824,51.94452513,0.377435242,2826091.8,4502987.5,10000000,37,40800000,5821900.0,5318065.5,10100000,94554,42300000,6042412.5,5093942.5,10100000,5507,0,0,0,0,264,264,0.18871762,0.18871762,0,1768,129.52942,435.0974,189309.77,0,0,0,1,0,0,0,0,1,137.625,54.25,221.0,0,0,0,0,0,0,8,434,8,1768,29200,939,1,32,173399.25,158358.55,410937,94112,10000000.0,11670.692,10000000,9998380,Benign
6,6057523,9,6,589,4413,342,0,65.44444,121.89249,1448,0,735.5,778.7985,825.7500632,2.476259686,432680.22,1584958.1,5939251,2,6057523,757190.4,2094005.2,5939251,3,52545,10509.0,12409.628,24196,191,0,0,0,0,296,200,1.4857558,0.99050385,0,1448,312.625,569.9155,324803.72,0,0,0,1,0,0,0,0,0,333.46667,65.44444,735.5,0,0,0,0,0,0,9,589,6,4413,29200,4916,3,32,118269.0,0.0,118269,118269,5939251.0,0.0,5939251,5939251,Benign
6,11,1,1,6,6,6,6,6.0,0.0,6,6,6.0,0.0,1090909.091,181818.1818,11.0,0.0,11,11,0,0.0,0.0,0,0,0,0.0,0.0,0,0,0,0,0,0,20,20,90909.09,90909.09,6,6,6.0,0.0,0.0,0,0,0,0,1,0,0,0,1,9.0,6.0,6.0,0,0,0,0,0,0,1,6,1,6,250,245,0,20,0.0,0.0,0,0,0.0,0.0,0,0,Benign
6,3,2,0,53,0,53,0,26.5,37.476658,0,0,0.0,0.0,17700000.0,666666.6667,3.0,0.0,3,3,3,3.0,0.0,3,3,0,0.0,0.0,0,0,1,0,0,0,64,0,666666.7,0.0,0,53,35.333332,30.599564,936.3333,0,1,0,0,1,0,0,0,0,53.0,26.5,0.0,0,0,0,0,0,0,2,53,0,0,61152,-1,0,32,0.0,0.0,0,0,0.0,0.0,0,0,Benign
6,76798,4,5,2545,153,1448,0,636.25,748.5223,153,0,30.6,68.42368,35131.12321,117.1905518,9599.75,17631.518,38328,1,38261,12753.667,21917.723,38062,47,38795,9698.75,19258.404,38586,1,0,0,0,0,136,168,52.08469,65.105865,0,1448,269.8,537.02905,288400.2,0,0,0,1,0,0,0,0,1,299.77777,636.25,30.6,0,0,0,0,0,0,4,2545,5,153,29200,40,2,32,0.0,0.0,0,0,0.0,0.0,0,0,Benign
6,42004436,10,5,845,671,597,0,84.5,186.28667,533,0,134.2,230.80554,36.09142615,0.35710514,3000316.8,11200000.0,41900000,33,42000000,4667159.5,13900000.0,41900000,48,100025,25006.25,27706.654,49087,493,0,0,0,0,332,168,0.23807009,0.11903505,0,597,94.75,190.30135,36214.6,0,0,0,1,0,0,0,0,0,101.066666,84.5,134.2,0,0,0,0,0,0,10,845,5,671,65535,175,5,32,148898.0,0.0,148898,148898,41900000.0,0.0,41900000,41900000,Benign
17,176,2,2,102,158,51,51,51.0,0.0,79,79,79.0,0.0,1477272.727,22727.27273,58.666668,60.706947,124,4,4,4.0,0.0,4,4,48,48.0,0.0,48,48,0,0,0,0,40,40,11363.637,11363.637,51,79,62.2,15.336231,235.2,0,0,0,0,0,0,0,0,1,77.75,51.0,79.0,0,0,0,0,0,0,2,102,2,158,-1,-1,1,20,0.0,0.0,0,0,0.0,0.0,0,0,Benign
6,60679866,12,11,675,578,349,0,56.25,112.108,390,0,52.545456,119.9111,20.64935344,0.379038411,2758175.8,4532273.5,10000000,73,60700000,5516351.5,5187709.5,10100000,34159,60600000,6062869.5,5136247.0,10100000,405,0,0,0,0,252,292,0.19775917,0.18127924,0,390,52.208332,111.30842,12389.563,0,0,0,1,0,0,0,0,0,54.47826,56.25,52.545456,0,0,0,0,0,0,12,675,11,578,8192,79,11,20,124328.164,179640.61,491018,50878,9988926.0,23155.66,10000000,9942579,Benign
6,35041206,11,9,1302,5889,434,0,118.36364,202.72113,1963,0,654.3333,981.5,205.2155397,0.570756612,1844274.0,3695754.8,10000000,37,33500000,3345664.2,4686013.0,10000000,66,35000000,4375506.0,4777597.5,10000000,737,0,0,0,0,360,296,0.31391615,0.25684047,0,1963,342.42856,695.08167,483138.56,0,0,0,1,0,0,0,0,0,359.55,118.36364,654.3333,0,0,0,0,0,0,11,1302,9,5889,29200,1006,3,32,1143377.4,1916396.1,3356241,36814,10000000.0,3875.4832,10000000,10000000,Benign
6,634,2,1,8,2,6,2,4.0,2.828427,2,2,2.0,0.0,15772.87066,4731.861199,317.0,380.42346,586,48,634,634.0,0.0,634,634,0,0.0,0.0,0,0,0,0,0,0,44,24,3154.5742,1577.2871,2,6,3.0,2.0,4.0,0,0,0,1,0,0,0,0,0,4.0,4.0,2.0,0,0,0,0,0,0,2,8,1,2,1024,29200,1,20,0.0,0.0,0,0,0.0,0.0,0,0,PortScan
17,153,2,2,58,122,29,29,29.0,0.0,61,61,61.0,0.0,1176470.588,26143.79085,51.0,82.27393,146,3,3,3.0,0.0,3,3,4,4.0,0.0,4,4,0,0,0,0,40,40,13071.8955,13071.8955,29,61,41.8,17.527122,307.2,0,0,0,0,0,0,0,0,1,52.25,29.0,61.0,0,0,0,0,0,0,2,58,2,122,-1,-1,1,20,0.0,0.0,0,0,0.0,0.0,0,0,Benign
6,60665547,15,16,743,6097,352,0,49.533333,101.056465,1460,2,381.0625,567.4434,112.7493337,0.510998442,2022184.9,4039215.2,10000000,48,60700000,4333253.5,5099284.5,10100000,969,60600000,4040995.5,5049252.0,10100000,48,0,0,0,0,312,324,0.2472573,0.26374114,0,1460,213.75,435.18427,189385.36,0,0,0,1,0,0,0,0,1,220.64516,49.533333,381.0625,0,0,0,0,0,0,15,743,16,6097,8192,16616,14,20,125621.336,183787.06,500775,50336,9964166.0,82980.56,10000000,9794979,Benign
17,47112,2,2,64,312,32,32,32.0,0.0,156,156,156.0,0.0,7980.981491,84.90405841,15704.0,27194.064,47105,3,4,4.0,0.0,4,4,3,3.0,0.0,3,3,0,0,0,0,64,40,42.45203,42.45203,32,156,81.6,67.917595,4612.8,0,0,0,0,0,0,0,0,1,102.0,32.0,156.0,0,0,0,0,0,0,2,64,2,312,-1,-1,1,32,0.0,0.0,0,0,0.0,0.0,0,0,Benign
6,29,2,1,31,6,31,0,15.5,21.920311,6,6,6.0,0.0,1275862.069,103448.2759,14.5,16.263456,26,3,3,3.0,0.0,3,3,0,0.0,0.0,0,0,1,0,0,0,64,20,68965.516,34482.758,0,31,17.0,16.35033,267.33334,0,1,0,0,1,0,0,0,0,22.666666,15.5,6.0,0,0,0,0,0,0,2,31,1,6,976,0,0,32,0.0,0.0,0,0,0.0,0.0,0,0,Benign
6,115464070,20,17,864,7254,422,0,43.2,101.60844,4247,0,426.70587,1083.5697,70.30758573,0.320446005,3207335.2,4640867.5,10000000,4,115000000,6077056.5,4863079.5,10000000,4,110000000,6903906.0,4767832.5,10000000,193,0,0,0,0,412,484,0.17321406,0.14723195,0,4247,213.63158,742.17584,550824.94,0,0,0,1,0,0,0,0,0,219.40541,43.2,426.70587,0,0,0,0,0,0,20,864,17,7254,8192,62,19,20,45504.184,100658.35,349000,14960,9996554.0,15825.854,10000000,9949678,Benign
6,63477000,7,2,169,92,46,0,24.142857,23.197906,46,46,46.0,0.0,4.111725507,0.141783638,7934625.0,20700000.0,59000000,48,63500000,10600000.0,23800000.0,59000000,48,59000000,59000000.0,0.0,59000000,59000000,1,0,0,0,224,64,0.11027616,0.031507473,0,46,30.7,21.684864,470.23334,0,1,0,0,1,0,0,0,0,34.11111,24.142857,46.0,0,0,0,0,0,0,7,169,2,92,360,1006,3,32,22988.0,0.0,22988,22988,59000000.0,0.0,59000000,59000000,Benign
17,227,2,2,76,258,38,38,38.0,0.0,129,129,129.0,0.0,1471365.639,17621.14537,75.666664,47.92007,131,48,48,48.0,0.0,48,48,48,48.0,0.0,48,48,0,0,0,0,40,64,8810.572,8810.572,38,129,74.4,49.842754,2484.3,0,0,0,0,0,0,0,0,1,93.0,38.0,129.0,0,0,0,0,0,0,2,76,2,258,-1,-1,1,20,0.0,0.0,0,0,0.0,0.0,0,0,Benign
17,290,2,2,90,122,45,45,45.0,0.0,61,61,61.0,0.0,731034.4828,13793.10345,96.666664,126.0648,240,3,47,47.0,0.0,47,47,3,3.0,0.0,3,3,0,0,0,0,64,64,6896.552,6896.552,45,61,51.4,8.763561,76.8,0,0,0,0,0,0,0,0,1,64.25,45.0,61.0,0,0,0,0,0,0,2,90,2,122,-1,-1,1,32,0.0,0.0,0,0,0.0,0.0,0,0,Benign
6,4368,2,0,12,0,6,6,6.0,0.0,0,0,0.0,0.0,2747.252747,457.8754579,4368.0,0.0,4368,4368,4368,4368.0,0.0,4368,4368,0,0.0,0.0,0,0,0,0,0,0,40,0,457.87546,0.0,6,6,6.0,0.0,0.0,0,0,0,0,1,0,0,0,0,9.0,6.0,0.0,0,0,0,0,0,0,2,12,0,0,64240,-1,1,20,0.0,0.0,0,0,0.0,0.0,0,0,Benign
17,23915,2,2,70,102,35,35,35.0,0.0,51,51,51.0,0.0,7192.138825,167.2590424,7971.6665,13801.27,23908,3,4,4.0,0.0,4,4,3,3.0,0.0,3,3,0,0,0,0,40,40,83.629524,83.629524,35,51,41.4,8.763561,76.8,0,0,0,0,0,0,0,0,1,51.75,35.0,51.0,0,0,0,0,0,0,2,70,2,102,-1,-1,1,20,0.0,0.0,0,0,0.0,0.0,0,0,Benign
17,164,2,2,80,336,40,40,40.0,0.0,168,168,168.0,0.0,2536585.366,24390.2439,54.666668,90.3567,159,2,3,3.0,0.0,3,3,2,2.0,0.0,2,2,0,0,0,0,40,40,12195.122,12195.122,40,168,91.2,70.10849,4915.2,0,0,0,0,0,0,0,0,1,114.0,40.0,168.0,0,0,0,0,0,0,2,80,2,336,-1,-1,1,20,0.0,0.0,0,0,0.0,0.0,0,0,Benign
6,60108752,12,14,751,3791,387,0,62.583332,118.717735,1460,2,270.7857,521.00397,75.56303947,0.432549323,2404350.0,4327118.0,10000000,4,50400000,4579378.5,5229221.5,10100000,124,60100000,4619851.0,5175887.0,10100000,4,0,0,0,0,252,284,0.19963814,0.23291117,0,1460,168.22223,391.90378,153588.56,0,0,0,1,0,0,0,0,1,174.6923,62.583332,270.7857,0,0,0,0,0,0,12,751,14,3791,8192,31088,11,20,69977.5,47944.113,167843,50365,9948147.0,128843.44,10000000,9685165,Benign
17,326001,1,1,62,121,62,62,62.0,0.0,121,121,121.0,0.0,561.3479713,6.134950506,326001.0,0.0,326001,326001,0,0.0,0.0,0,0,0,0.0,0.0,0,0,0,0,0,0,32,20,3.0674753,3.0674753,62,121,81.666664,34.063667,1160.3334,0,0,0,0,0,0,0,0,1,122.5,62.0,121.0,0,0,0,0,0,0,1,62,1,121,-1,-1,0,32,0.0,0.0,0,0,0.0,0.0,0,0,Benign
6,191417,10,7,552,4160,195,0,55.2,71.48706,1430,0,594.2857,653.1132,24616.41338,88.8113386,11963.5625,18429.979,55195,3,191417,21268.555,20802.354,55195,3,83980,13996.667,21105.918,44750,48,0,0,0,0,212,152,52.241962,36.569374,0,1430,261.77777,477.40335,227913.95,0,0,0,1,0,0,0,0,0,277.17648,55.2,594.2857,0,0,0,0,0,0,10,552,7,4160,8192,343,9,20,0.0,0.0,0,0,0.0,0.0,0,0,Benign
6,1327,2,0,12,0,6,6,6.0,0.0,0,0,0.0,0.0,9042.954032,1507.159005,1327.0,0.0,1327,1327,1327,1327.0,0.0,1327,1327,0,0.0,0.0,0,0,0,0,0,0,40,0,1507.159,0.0,6,6,6.0,0.0,0.0,0,0,0,0,1,0,0,0,0,9.0,6.0,0.0,0,0,0,0,0,0,2,12,0,0,127,-1,1,20,0.0,0.0,0,0,0.0,0.0,0,0,Benign
17,257883,2,2,80,232,40,40,40.0,0.0,116,116,116.0,0.0,1209.850979,15.51090999,85961.0,148805.69,257787,48,48,48.0,0.0,48,48,48,48.0,0.0,48,48,0,0,0,0,64,64,7.755455,7.755455,40,116,70.4,41.626915,1732.8,0,0,0,0,0,0,0,0,1,88.0,40.0,116.0,0,0,0,0,0,0,2,80,2,232,-1,-1,1,32,0.0,0.0,0,0,0.0,0.0,0,0,Benign
6,68696,6,3,362,1193,193,0,60.333332,80.39569,1187,0,397.66666,683.5893,22635.96134,131.0119949,8587.0,12472.928,28494,106,68696,13739.2,18904.469,39416,106,33574,16787.0,16953.592,28775,4799,0,0,0,0,132,72,87.34133,43.670666,0,1187,155.5,368.38394,135706.72,0,0,0,1,0,0,0,0,0,172.77777,60.333332,397.66666,0,0,0,0,0,0,6,362,3,1193,8192,60,5,20,0.0,0.0,0,0,0.0,0.0,0,0,Benign
6,1,1,1,6,6,6,6,6.0,0.0,6,6,6.0,0.0,12000000.0,2000000.0,1.0,0.0,1,1,0,0.0,0.0,0,0,0,0.0,0.0,0,0,0,0,0,0,20,20,1000000.0,1000000.0,6,6,6.0,0.0,0.0,0,0,0,0,1,1,0,0,1,9.0,6.0,6.0,0,0,0,0,0,0,1,6,1,6,65535,16425,0,20,0.0,0.0,0,0,0.0,0.0,0,0,Benign
6,115800049,41,49,856,69333,289,0,20.878048,55.095005,4380,0,1414.9592,1170.0701,606.1223687,0.777201744,1301124.1,3332838.0,9997092,0,116000000,2895001.2,4523211.0,10000000,2,110000000,2299054.0,4254582.0,10000000,48,0,0,0,0,832,1124,0.35405856,0.42314318,0,4380,771.3077,1104.6388,1220226.8,0,0,0,1,0,0,0,0,1,779.8778,20.878048,1414.9592,0,0,0,0,0,0,41,856,49,69333,8192,980,40,20,36735.168,45041.28,179760,23531,9613269.0,1320061.2,9997092,5421561,Benign
6,10732946,27,24,8066,3540,3072,0,298.74075,679.2412,420,0,147.5,128.35582,1081.34337,4.75172427,214658.92,1517362.2,10700000,1,10700000,412805.62,2104189.5,10700000,1,10700000,466639.9,2237236.0,10700000,1,0,0,0,0,564,504,2.5156188,2.2361054,0,3072,223.1923,499.33163,249332.08,0,0,0,1,0,0,0,0,0,227.56863,298.74075,147.5,0,0,0,0,0,0,27,8066,24,3540,8192,2050,25,20,3029.0,0.0,3029,3029,10700000.0,0.0,10700000,10700000,Benign
6,136,1,1,2,6,2,2,2.0,0.0,6,6,6.0,0.0,58823.52941,14705.88235,136.0,0.0,136,136,0,0.0,0.0,0,0,0,0.0,0.0,0,0,0,0,0,0,24,20,7352.9414,7352.9414,2,6,3.3333333,2.309401,5.3333335,0,0,0,1,0,0,0,0,1,5.0,2.0,6.0,0,0,0,0,0,0,1,2,1,6,1024,0,0,24,0.0,0.0,0,0,0.0,0.0,0,0,PortScan
17,170,2,2,86,204,43,43,43.0,0.0,102,102,102.0,0.0,1705882.353,23529.41176,56.666668,91.221344,162,4,4,4.0,0.0,4,4,4,4.0,0.0,4,4,0,0,0,0,40,40,11764.706,11764.706,43,102,66.6,32.31563,1044.3,0,0,0,0,0,0,0,0,1,83.25,43.0,102.0,0,0,0,0,0,0,2,86,2,204,-1,-1,1,20,0.0,0.0,0,0,0.0,0.0,0,0,Benign
6,117857125,28,25,3130,13747,430,0,111.78571,187.09581,1963,0,549.88,709.1843,143.1988096,0.449697038,2266483.2,4115089.2,10000000,92,118000000,4365078.5,4888190.5,10000000,210,113000000,4687685.5,5023039.0,10000000,170,0,0,0,0,572,644,0.2375758,0.21212125,0,1963,312.53705,543.40216,295285.88,0,0,0,1,0,0,0,0,0,318.43396,111.78571,549.88,0,0,0,0,0,0,28,3130,25,13747,8192,1147,27,20,220930.0,654777.0,2195157,23382,10000000.0,1565.2123,10000000,10000000,Benign
17,23930,2,2,68,158,34,34,34.0,0.0,79,79,79.0,0.0,9444.212286,167.1541997,7976.6665,13809.93,23923,3,4,4.0,0.0,4,4,3,3.0,0.0,3,3,0,0,0,0,40,64,83.5771,83.5771,34,79,52.0,24.647514,607.5,0,0,0,0,0,0,0,0,1,65.0,34.0,79.0,0,0,0,0,0,0,2,68,2,158,-1,-1,1,20,0.0,0.0,0,0,0.0,0.0,0,0,Benign
6,60858808,15,11,954,997,670,0,63.6,178.30864,821,0,90.63636,246.10213,32.0578083,0.427218358,2434352.2,4347070.5,10000000,34,60900000,4347057.5,5156161.0,10100000,126,60800000,6077378.5,5192680.0,10100000,371,0,0,0,0,488,360,0.24647214,0.18074623,0,821,72.25926,201.99384,40801.508,0,0,0,1,0,0,0,0,0,75.03846,63.6,90.63636,0,0,0,0,0,0,15,954,11,997,29200,115,3,32,120155.5,86933.13,297607,84591,10000000.0,26962.3,10000000,9959992,Benign
6,45488474,17,17,1030,19096,549,0,60.588234,143.27031,2796,0,1123.2941,950.08276,442.4417491,0.747442088,1378438.6,7888932.0,45300000,1,45500000,2843029.5,11300000.0,45300000,1,135304,8456.5,14973.862,39105,3,0,0,0,0,556,552,0.37372103,0.37372103,0,2796,575.02856,852.51776,726786.56,0,0,0,1,0,0,0,0,1,591.94116,60.588234,1123.2941,0,0,0,0,0,0,17,1030,17,19096,65535,118,6,32,164813.0,0.0,164813,164813,45300000.0,0.0,45300000,45300000,Benign
17,24242,2,2,66,98,33,33,33.0,0.0,49,49,49.0,0.0,6765.11839,165.0028876,8080.6665,13911.255,24144,48,50,50.0,0.0,50,50,48,48.0,0.0,48,48,0,0,0,0,64,64,82.50144,82.50144,33,49,39.4,8.763561,76.8,0,0,0,0,0,0,0,0,1,49.25,33.0,49.0,0,0,0,0,0,0,2,66,2,98,-1,-1,1,32,0.0,0.0,0,0,0.0,0.0,0,0,Benign
17,24185,2,2,70,326,35,35,35.0,0.0,163,163,163.0,0.0,16373.7854,165.3917718,8061.6665,13920.801,24136,1,1,1.0,0.0,1,1,48,48.0,0.0,48,48,0,0,0,0,40,40,82.695885,82.695885,35,163,86.2,70.10849,4915.2,0,0,0,0,0,0,0,0,1,107.75,35.0,163.0,0,0,0,0,0,0,2,70,2,326,-1,-1,1,20,0.0,0.0,0,0,0.0,0.0,0,0,Benign
6,1449261,9,10,703,3950,267,0,78.111115,103.30228,1448,0,395.0,587.48315,3210.601817,13.11012992,80514.5,199515.98,858581,1,1353543,169192.88,320450.22,953740,362,1354132,150459.11,274349.0,858581,3,0,0,0,0,296,328,6.2100616,6.9000683,0,1448,232.65,442.7332,196012.66,0,0,0,1,0,0,0,0,1,244.89473,78.111115,395.0,0,0,0,0,0,0,9,703,10,3950,29200,252,4,32,0.0,0.0,0,0,0.0,0.0,0,0,Benign
6,205,1,1,0,6,0,0,0.0,0.0,6,6,6.0,0.0,29268.29268,9756.097561,205.0,0.0,205,205,0,0.0,0.0,0,0,0,0.0,0.0,0,0,0,0,0,0,40,20,4878.049,4878.049,0,6,2.0,3.4641016,12.0,0,0,0,1,0,0,0,0,1,3.0,0.0,6.0,0,0,0,0,0,0,1,0,1,6,29200,0,0,40,0.0,0.0,0,0,0.0,0.0,0,0,PortScan
17,31282,2,2,76,190,38,38,38.0,0.0,95,95,95.0,0.0,8503.292628,127.8690621,10427.333,18058.072,31279,1,1,1.0,0.0,1,1,2,2.0,0.0,2,2,0,0,0,0,64,64,63.934532,63.934532,38,95,60.8,31.220186,974.7,0,0,0,0,0,0,0,0,1,76.0,38.0,95.0,0,0,0,0,0,0,2,76,2,190,-1,-1,1,32,0.0,0.0,0,0,0.0,0.0,0,0,Benign
17,24417,1,1,43,203,43,43,43.0,0.0,203,203,203.0,0.0,10074.94778,81.91014457,24417.0,0.0,24417,24417,0,0.0,0.0,0,0,0,0.0,0.0,0,0,0,0,0,0,40,32,40.95507,40.95507,43,203,96.333336,92.376045,8533.333,0,0,0,0,0,0,0,0,1,144.5,43.0,203.0,0,0,0,0,0,0,1,43,1,203,-1,-1,0,40,0.0,0.0,0,0,0.0,0.0,0,0,Benign
6,62854169,7,2,169,92,46,0,24.142857,23.197906,46,46,46.0,0.0,4.152469186,0.143188593,7856771.0,20500000.0,58500000,15,62900000,10500000.0,23600000.0,58500000,15,58500000,58500000.0,0.0,58500000,58500000,1,0,0,0,224,64,0.1113689,0.031819686,0,46,30.7,21.684864,470.23334,0,1,0,0,1,0,0,0,0,34.11111,24.142857,46.0,0,0,0,0,0,0,7,169,2,92,535,712,3,32,37253.0,0.0,37253,37253,58500000.0,0.0,58500000,58500000,Benign
17,221,2,2,132,388,66,66,66.0,0.0,194,194,194.0,0.0,2352941.176,18099.54751,73.666664,86.40794,170,3,3,3.0,0.0,3,3,48,48.0,0.0,48,48,0,0,0,0,40,40,9049.773,9049.773,66,194,117.2,70.10849,4915.2,0,0,0,0,0,0,0,0,1,146.5,66.0,194.0,0,0,0,0,0,0,2,132,2,388,-1,-1,1,20,0.0,0.0,0,0,0.0,0.0,0,0,Benign
17,30412,1,1,41,105,41,41,41.0,0.0,105,105,105.0,0.0,4800.736551,65.7635144,30412.0,0.0,30412,30412,0,0.0,0.0,0,0,0,0.0,0.0,0,0,0,0,0,0,20,20,32.881756,32.881756,41,105,62.333332,36.950417,1365.3334,0,0,0,0,0,0,0,0,1,93.5,41.0,105.0,0,0,0,0,0,0,1,41,1,105,-1,-1,0,20,0.0,0.0,0,0,0.0,0.0,0,0,Benign
17,1583722,39,0,1950,0,50,50,50.0,0.0,0,0,0.0,0.0,1231.276701,24.62553403,41676.895,179188.72,796700,1,1583722,41676.895,179188.72,796700,1,0,0.0,0.0,0,0,0,0,0,0,1248,0,24.625534,0.0,50,50,50.0,0.0,0.0,0,0,0,0,0,0,0,0,0,51.28205,50.0,0.0,0,0,0,0,0,0,39,1950,0,0,-1,-1,38,32,0.0,0.0,0,0,0.0,0.0,0,0,Benign
17,183,2,2,78,206,39,39,39.0,0.0,103,103,103.0,0.0,1551912.568,21857.9235,61.0,65.47519,132,3,3,3.0,0.0,3,3,48,48.0,0.0,48,48,0,0,0,0,40,40,10928.962,10928.962,39,103,64.6,35.054245,1228.8,0,0,0,0,0,0,0,0,1,80.75,39.0,103.0,0,0,0,0,0,0,2,78,2,206,-1,-1,1,20,0.0,0.0,0,0,0.0,0.0,0,0,Benign
6,1416515,39,46,2646,7062,408,0,67.84615,101.81344,976,0,153.52174,306.21182,6853.439604,60.00642422,16863.273,104739.17,954480,0,1416515,37276.71,163240.34,996375,3,461894,10264.312,22201.266,92532,0,0,0,0,0,804,944,27.53236,32.474064,0,976,112.88372,237.16905,56249.164,0,0,0,1,0,0,0,0,1,114.21176,67.84615,153.52174,0,0,0,0,0,0,39,2646,46,7062,8192,245,37,20,0.0,0.0,0,0,0.0,0.0,0,0,Benign
17,143,2,2,80,112,40,40,40.0,0.0,56,56,56.0,0.0,1342657.343,27972.02797,47.666668,75.63289,135,4,4,4.0,0.0,4,4,4,4.0,0.0,4,4,0,0,0,0,64,64,13986.014,13986.014,40,56,46.4,8.763561,76.8,0,0,0,0,0,0,0,0,1,58.0,40.0,56.0,0,0,0,0,0,0,2,80,2,112,-1,-1,1,32,0.0,0.0,0,0,0.0,0.0,0,0,Benign
17,23793,2,2,68,224,34,34,34.0,0.0,112,112,112.0,0.0,12272.51713,168.116673,7931.0,13693.611,23743,3,47,47.0,0.0,47,47,3,3.0,0.0,3,3,0,0,0,0,40,64,84.058334,84.058334,34,112,65.2,42.72236,1825.2,0,0,0,0,0,0,0,0,1,81.5,34.0,112.0,0,0,0,0,0,0,2,68,2,224,-1,-1,1,20,0.0,0.0,0,0,0.0,0.0,0,0,Benign
0,102381106,131,0,0,0,0,0,0.0,0.0,0,0,0.0,0.0,0.0,1.279532964,787547.0,1864123.6,9475996,0,102000000,787547.0,1864123.6,9475996,0,0,0.0,0.0,0,0,0,0,0,0,0,0,1.2795329,0.0,0,0,0.0,0.0,0.0,0,0,0,0,0,0,0,0,0,0.0,0.0,0.0,0,0,0,0,0,0,131,0,0,0,-1,-1,0,0,6866391.0,4196618.0,12600000,17,7172201.5,1548728.1,9475996,5350333,Benign
6,214258,3,4,433,2278,427,0,144.33333,244.8149,2266,0,569.5,1131.0035,12652.96978,32.6708921,35709.668,57063.133,147659,4,180244,90122.0,81369.61,147659,32585,181753,60584.332,103817.36,180460,4,0,0,0,0,72,92,14.001811,18.66908,0,2266,338.875,792.69006,628357.56,0,0,0,1,0,0,0,0,1,387.2857,144.33333,569.5,0,0,0,0,0,0,3,433,4,2278,8192,237,2,20,0.0,0.0,0,0,0.0,0.0,0,0,Benign
6,5688800,12,8,346,6593,189,0,28.833334,62.21785,1398,0,824.125,654.9562,1219.765153,3.515679932,299410.53,1143751.6,5015005,2,5688800,517163.62,1494031.9,5015005,2,484577,69225.29,86703.914,184080,2,0,0,0,0,404,264,2.109408,1.4062719,0,1398,330.42856,556.59424,309797.16,0,0,0,1,0,0,0,0,0,346.95,28.833334,824.125,0,0,0,0,0,0,12,346,8,6593,29200,114,3,32,673747.0,0.0,673747,673747,5015005.0,0.0,5015005,5015005,Benign
17,548,1,1,63,123,63,63,63.0,0.0,123,123,123.0,0.0,339416.0584,3649.635036,548.0,0.0,548,548,0,0.0,0.0,0,0,0,0.0,0.0,0,0,0,0,0,0,20,20,1824.8175,1824.8175,63,123,83.0,34.641018,1200.0,0,0,0,0,0,0,0,0,1,124.5,63.0,123.0,0,0,0,0,0,0,1,63,1,123,-1,-1,0,20,0.0,0.0,0,0,0.0,0.0,0,0,Benign
6,38443526,9,8,896,3560,430,0,99.55556,187.35469,1774,0,445.0,820.28076,115.9102836,0.442207096,2402720.5,4169316.8,10000000,44,31200000,3897599.5,5084416.0,10000000,38849,38400000,5486392.5,4913020.5,10000000,454,0,0,0,0,192,208,0.23410964,0.20809746,0,1774,247.55556,571.9488,327125.44,0,0,0,1,0,0,0,0,0,262.11765,99.55556,445.0,0,0,0,0,0,0,9,896,8,3560,8192,980,8,20,392071.34,611625.8,1098316,38939,10000000.0,491.81433,10000000,10000000,Benign
17,47603,2,2,78,152,39,39,39.0,0.0,76,76,76.0,0.0,4831.628259,84.02831754,15867.667,27400.467,47507,48,48,48.0,0.0,48,48,48,48.0,0.0,48,48,0,0,0,0,80,40,42.01416,42.01416,39,76,53.8,20.265734,410.7,0,0,0,0,0,0,0,0,1,67.25,39.0,76.0,0,0,0,0,0,0,2,78,2,152,-1,-1,1,40,0.0,0.0,0,0,0.0,0.0,0,0,Benign
17,149538,1,1,95,177,95,95,95.0,0.0,177,177,177.0,0.0,1818.935655,13.37452688,149538.0,0.0,149538,149538,0,0.0,0.0,0,0,0,0.0,0.0,0,0,0,0,0,0,20,20,6.6872635,6.6872635,95,177,122.333336,47.342724,2241.3333,0,0,0,0,0,0,0,0,1,183.5,95.0,177.0,0,0,0,0,0,0,1,95,1,177,-1,-1,0,20,0.0,0.0,0,0,0.0,0.0,0,0,Benign
17,24033,2,2,168,332,84,84,84.0,0.0,166,166,166.0,0.0,20804.72683,166.4378147,8011.0,13829.578,23980,4,49,49.0,0.0,49,49,4,4.0,0.0,4,4,0,0,0,0,40,40,83.21891,83.21891,84,166,116.8,44.91325,2017.2,0,0,0,0,0,0,0,0,1,146.0,84.0,166.0,0,0,0,0,0,0,2,168,2,332,-1,-1,1,20,0.0,0.0,0,0,0.0,0.0,0,0,Benign
6,3825972,5,1,135,46,46,6,27.0,20.12461,46,46,46.0,0.0,47.30823958,1.568228936,765194.4,1588264.2,3603604,48,3825972,956493.0,1767826.5,3603604,48,0,0.0,0.0,0,0,1,0,0,0,100,20,1.3068575,0.2613715,6,46,32.42857,18.866701,355.9524,0,1,0,0,1,0,0,0,0,37.833332,27.0,46.0,0,0,0,0,0,0,5,135,1,46,256,32,4,20,0.0,0.0,0,0,0.0,0.0,0,0,Benign
6,1295,3,1,43,6,31,6,14.333333,14.433757,6,6,6.0,0.0,37837.83784,3088.803089,431.66666,706.304,1247,7,1295,647.5,847.82104,1247,48,0,0.0,0.0,0,0,0,0,0,0,60,20,2316.6023,772.20074,6,31,11.0,11.18034,125.0,0,0,0,0,1,0,0,0,0,13.75,14.333333,6.0,0,0,0,0,0,0,3,43,1,6,1153,0,2,20,0.0,0.0,0,0,0.0,0.0,0,0,Benign
17,38605,2,2,76,108,38,38,38.0,0.0,54,54,54.0,0.0,4766.221992,103.6135216,12868.333,22207.201,38511,46,48,48.0,0.0,48,48,46,46.0,0.0,46,46,0,0,0,0,40,64,51.80676,51.80676,38,54,44.4,8.763561,76.8,0,0,0,0,0,0,0,0,1,55.5,38.0,54.0,0,0,0,0,0,0,2,76,2,108,-1,-1,1,20,0.0,0.0,0,0,0.0,0.0,0,0,Benign
6,3,1,1,0,0,0,0,0.0,0.0,0,0,0.0,0.0,0.0,666666.6667,3.0,0.0,3,3,0,0.0,0.0,0,0,0,0.0,0.0,0,0,0,0,0,0,32,32,333333.34,333333.34,0,0,0.0,0.0,0.0,0,0,0,0,1,1,0,0,1,0.0,0.0,0.0,0,0,0,0,0,0,1,0,1,0,227,229,0,32,0.0,0.0,0,0,0.0,0.0,0,0,Benign
6,32703,1,1,0,0,0,0,0.0,0.0,0,0,0.0,0.0,0.0,61.15646883,32703.0,0.0,32703,32703,0,0.0,0.0,0,0,0,0.0,0.0,0,0,0,0,0,0,32,32,30.578234,30.578234,0,0,0.0,0.0,0.0,0,0,0,0,1,1,0,0,1,0.0,0.0,0.0,0,0,0,0,0,0,1,0,1,0,264,235,0,32,0.0,0.0,0,0,0.0,0.0,0,0,Benign
6,5259461,4,4,421,545,409,0,105.25,202.51974,533,0,136.25,264.51514,183.6690109,1.521068414,751351.56,1865976.2,4980684,53,278777,92925.664,127584.35,238435,220,5219392,1739797.4,2824232.2,4999952,40212,0,0,0,0,92,92,0.7605342,0.7605342,0,533,107.333336,208.5156,43478.75,0,0,0,1,0,0,0,0,1,120.75,105.25,136.25,0,0,0,0,0,0,4,421,4,545,8192,60,3,20,0.0,0.0,0,0,0.0,0.0,0,0,Benign
17,23832,2,2,62,188,31,31,31.0,0.0,94,94,94.0,0.0,10490.09735,167.8415576,7944.0,13754.216,23826,3,3,3.0,0.0,3,3,3,3.0,0.0,3,3,0,0,0,0,64,40,83.92078,83.92078,31,94,56.2,34.50652,1190.7,0,0,0,0,0,0,0,0,1,70.25,31.0,94.0,0,0,0,0,0,0,2,62,2,188,-1,-1,1,32,0.0,0.0,0,0,0.0,0.0,0,0,Benign
6,16436945,10,8,1137,3260,517,0,113.7,181.34991,1460,0,407.5,596.68994,267.507131,1.095094009,966879.1,2702403.5,9957624,2,16400000,1826327.2,3604084.8,9957624,2,10500000,1506463.2,3794430.2,10100000,241,0,0,0,0,212,172,0.60838556,0.48670846,0,1460,231.42105,423.50592,179357.25,0,0,0,1,0,0,0,0,0,244.27777,113.7,407.5,0,0,0,0,0,0,10,1137,8,3260,8192,10240,9,20,344566.0,343970.7,587790,101342,7873905.5,2946823.0,9957624,5790187,Benign
17,242181,1,1,48,117,48,48,48.0,0.0,117,117,117.0,0.0,681.308608,8.258286158,242181.0,0.0,242181,242181,0,0.0,0.0,0,0,0,0.0,0.0,0,0,0,0,0,0,32,20,4.129143,4.129143,48,117,71.0,39.83717,1587.0,0,0,0,0,0,0,0,0,1,106.5,48.0,117.0,0,0,0,0,0,0,1,48,1,117,-1,-1,0,32,0.0,0.0,0,0,0.0,0.0,0,0,Benign
6,490,4,1,53,325,53,0,13.25,26.5,325,325,325.0,0.0,771428.5714,10204.08163,122.5,86.78518,223,49,490,163.33333,99.04713,223,49,0,0.0,0.0,0,0,0,0,0,0,140,32,8163.265,2040.8163,0,325,63.0,130.09227,16924.0,0,0,0,0,1,0,0,0,0,75.6,13.25,325.0,0,0,0,0,0,0,4,53,1,325,274,14472,1,32,0.0,0.0,0,0,0.0,0.0,0,0,Benign
17,168,2,2,62,94,31,31,31.0,0.0,47,47,47.0,0.0,928571.4286,23809.52381,56.0,55.8301,115,4,4,4.0,0.0,4,4,49,49.0,0.0,49,49,0,0,0,0,64,64,11904.762,11904.762,31,47,37.4,8.763561,76.8,0,0,0,0,0,0,0,0,1,46.75,31.0,47.0,0,0,0,0,0,0,2,62,2,94,-1,-1,1,32,0.0,0.0,0,0,0.0,0.0,0,0,Benign
6,20017867,12,15,7093,4778,3317,0,591.0833,1185.6992,1448,0,318.53333,539.07324,593.0202254,1.348795054,769917.94,2678607.2,9997855,1,10300000,932491.75,3006737.5,9997855,5,20000000,1428197.4,3580949.8,10000000,1,0,0,0,0,392,476,0.5994645,0.7493306,0,3317,423.9643,865.271,748693.9,0,0,0,1,0,0,0,0,1,439.66666,591.0833,318.53333,0,0,0,0,0,0,12,7093,15,4778,29200,11473,5,32,141285.0,167257.62,259554,23016,9867648.0,184139.8,9997855,9737442,Benign
17,211,2,2,80,274,40,40,40.0,0.0,137,137,137.0,0.0,1677725.118,18957.34597,70.333336,38.68247,115,48,48,48.0,0.0,48,48,48,48.0,0.0,48,48,0,0,0,0,64,64,9478.673,9478.673,40,137,78.8,53.12909,2822.7,0,0,0,0,0,0,0,0,1,98.5,40.0,137.0,0,0,0,0,0,0,2,80,2,274,-1,-1,1,32,0.0,0.0,0,0,0.0,0.0,0,0,Benign
17,390,2,2,128,320,64,64,64.0,0.0,160,160,160.0,0.0,1148717.949,10256.41026,130.0,142.89507,295,47,47,47.0,0.0,47,47,48,48.0,0.0,48,48,0,0,0,0,40,40,5128.205,5128.205,64,160,102.4,52.581364,2764.8,0,0,0,0,0,0,0,0,1,128.0,64.0,160.0,0,0,0,0,0,0,2,128,2,320,-1,-1,1,20,0.0,0.0,0,0,0.0,0.0,0,0,Benign
6,19914349,11,11,3936,4405,1448,0,357.81818,564.14484,2896,0,400.45456,887.72906,418.8437192,1.104731066,948302.3,2964365.2,9960034,2,10100000,1012190.1,3144035.8,9960034,2,19900000,1989118.0,4167112.5,10000000,3,0,0,0,0,360,348,0.55236554,0.55236554,0,2896,362.65216,713.8473,509577.97,0,0,0,1,0,0,0,0,1,379.13635,357.81818,400.45456,0,0,0,0,0,0,11,3936,11,4405,29200,8316,5,32,92817.5,97650.74,161867,23768,9864357.0,135307.72,9960034,9768680,Benign
6,138209,2,0,12,0,6,6,6.0,0.0,0,0,0.0,0.0,86.82502587,14.47083764,138209.0,0.0,138209,138209,138209,138209.0,0.0,138209,138209,0,0.0,0.0,0,0,0,0,0,0,40,0,14.470838,0.0,6,6,6.0,0.0,0.0,0,0,0,0,1,0,0,0,0,9.0,6.0,0.0,0,0,0,0,0,0,2,12,0,0,253,-1,1,20,0.0,0.0,0,0,0.0,0.0,0,0,Benign
6,116508266,18,15,960,1598,435,0,53.333332,138.8588,796,0,106.53333,279.927,21.95552374,0.283241706,3640883.2,4756088.0,9998021,131,117000000,6853427.5,4555370.5,10000000,366,111000000,7929758.0,4155355.0,10000000,613,0,0,0,0,372,444,0.15449548,0.12874623,0,796,75.23529,209.89218,44054.73,0,0,0,1,0,0,0,0,0,77.51515,53.333332,106.53333,0,0,0,0,0,0,18,960,15,1598,8192,290,17,20,114769.91,300978.72,1022250,23501,9977662.0,58757.387,9998021,9800619,Benign
6,5411742,9,7,383,5054,196,0,42.555557,69.941246,1460,0,722.0,684.5468,1004.667259,2.956534144,360782.8,1345171.0,5222716,3,5411742,676467.75,1837192.9,5222716,3,114575,19095.834,28782.637,60697,49,0,0,0,0,192,152,1.6630504,1.2934837,0,1460,319.82352,546.4183,298572.9,0,0,0,1,0,0,0,0,0,339.8125,42.555557,722.0,0,0,0,0,0,0,9,383,7,5054,8192,110,8,20,189023.0,0.0,189023,189023,5222716.0,0.0,5222716,5222716,Benign
17,62110,1,1,43,95,43,43,43.0,0.0,95,95,95.0,0.0,2221.864434,32.20093383,62110.0,0.0,62110,62110,0,0.0,0.0,0,0,0,0.0,0.0,0,0,0,0,0,0,20,20,16.100468,16.100468,43,95,60.333332,30.022215,901.3333,0,0,0,0,0,0,0,0,1,90.5,43.0,95.0,0,0,0,0,0,0,1,43,1,95,-1,-1,0,20,0.0,0.0,0,0,0.0,0.0,0,0,Benign
6,16448,3,0,18,0,6,6,6.0,0.0,0,0,0.0,0.0,1094.357977,182.3929961,8224.0,11629.078,16447,1,16448,8224.0,11629.078,16447,1,0,0.0,0.0,0,0,0,0,0,0,60,0,182.39299,0.0,6,6,6.0,0.0,0.0,0,0,0,0,1,0,0,0,0,8.0,6.0,0.0,0,0,0,0,0,0,3,18,0,0,360,-1,2,20,0.0,0.0,0,0,0.0,0.0,0,0,Benign
17,96435,2,2,86,198,43,43,43.0,0.0,99,99,99.0,0.0,2944.988853,41.47871623,32145.0,55673.31,96431,1,1,1.0,0.0,1,1,3,3.0,0.0,3,3,0,0,0,0,40,40,20.739359,20.739359,43,99,65.4,30.672462,940.8,0,0,0,0,0,0,0,0,1,81.75,43.0,99.0,0,0,0,0,0,0,2,86,2,198,-1,-1,1,20,0.0,0.0,0,0,0.0,0.0,0,0,Benign
17,83668,4,2,168,278,42,42,42.0,0.0,139,139,139.0,0.0,5330.592341,71.71200459,16733.6,26505.785,60682,1,60687,20229.0,35033.324,60682,1,3,3.0,0.0,3,3,0,0,0,0,124,64,47.808002,23.904001,42,139,69.71429,47.331154,2240.238,0,0,0,0,0,0,0,0,0,81.333336,42.0,139.0,0,0,0,0,0,0,4,168,2,278,-1,-1,3,20,0.0,0.0,0,0,0.0,0.0,0,0,Benign
6,3740362,6,7,953,394,517,0,158.83333,227.03429,206,2,56.285713,81.75311,360.1255707,3.475599421,311696.84,954774.9,3339173,4,400961,80192.2,75711.875,166799,276,3624179,604029.8,1365279.6,3388409,4,0,0,0,0,132,144,1.6041228,1.8714767,0,517,96.21429,162.14153,26289.873,0,0,0,1,0,0,0,0,1,103.61539,158.83333,56.285713,0,0,0,0,0,0,6,953,7,394,8192,31088,5,20,0.0,0.0,0,0,0.0,0.0,0,0,Benign
17,30778,1,1,42,105,42,42,42.0,0.0,105,105,105.0,0.0,4776.1388,64.98148028,30778.0,0.0,30778,30778,0,0.0,0.0,0,0,0,0.0,0.0,0,0,0,0,0,0,20,20,32.49074,32.49074,42,105,63.0,36.373066,1323.0,0,0,0,0,0,0,0,0,1,94.5,42.0,105.0,0,0,0,0,0,0,1,42,1,105,-1,-1,0,20,0.0,0.0,0,0,0.0,0.0,0,0,Benign
6,92454463,13,13,497,1403,431,0,38.23077,118.02412,1391,0,107.92308,385.52313,20.55065746,0.281219523,3698178.5,4826302.5,10000000,158,90500000,7541033.0,4479768.0,10000000,37193,92400000,7701452.5,4249587.0,10000000,694,0,0,0,0,272,380,0.14060976,0.14060976,0,1391,70.37037,276.4755,76438.7,0,0,0,1,0,0,0,0,1,73.07692,38.23077,107.92308,0,0,0,0,0,0,13,497,13,1403,8192,946,12,20,70412.78,100530.89,338495,36759,9984298.0,47501.93,10000000,9857633,Benign
17,242,2,2,72,128,36,36,36.0,0.0,64,64,64.0,0.0,826446.281,16528.92562,80.666664,100.081635,193,1,1,1.0,0.0,1,1,48,48.0,0.0,48,48,0,0,0,0,64,64,8264.463,8264.463,36,64,47.2,15.336231,235.2,0,0,0,0,0,0,0,0,1,59.0,36.0,64.0,0,0,0,0,0,0,2,72,2,128,-1,-1,1,32,0.0,0.0,0,0,0.0,0.0,0,0,Benign
17,82949,1,1,44,240,44,44,44.0,0.0,240,240,240.0,0.0,3423.790522,24.11120086,82949.0,0.0,82949,82949,0,0.0,0.0,0,0,0,0.0,0.0,0,0,0,0,0,0,20,20,12.0556,12.0556,44,240,109.333336,113.16065,12805.333,0,0,0,0,0,0,0,0,1,164.0,44.0,240.0,0,0,0,0,0,0,1,44,1,240,-1,-1,0,20,0.0,0.0,0,0,0.0,0.0,0,0,Benign
17,1028,2,2,76,122,38,38,38.0,0.0,61,61,61.0,0.0,192607.0039,3891.050584,342.66666,549.8094,977,3,48,48.0,0.0,48,48,3,3.0,0.0,3,3,0,0,0,0,40,40,1945.5253,1945.5253,38,61,47.2,12.597619,158.7,0,0,0,0,0,0,0,0,1,59.0,38.0,61.0,0,0,0,0,0,0,2,76,2,122,-1,-1,1,20,0.0,0.0,0,0,0.0,0.0,0,0,Benign
17,59674,4,2,196,220,49,49,49.0,0.0,110,110,110.0,0.0,6971.210242,100.5463016,11934.8,16366.546,31223,4,31231,10410.333,18024.299,31223,4,4,4.0,0.0,4,4,0,0,0,0,128,40,67.03087,33.515434,49,110,66.42857,29.764952,885.9524,0,0,0,0,0,0,0,0,0,77.5,49.0,110.0,0,0,0,0,0,0,4,196,2,220,-1,-1,3,32,0.0,0.0,0,0,0.0,0.0,0,0,Benign
6,94,1,1,6,6,6,6,6.0,0.0,6,6,6.0,0.0,127659.5745,21276.59574,94.0,0.0,94,94,0,0.0,0.0,0,0,0,0.0,0.0,0,0,0,0,0,0,20,20,10638.298,10638.298,6,6,6.0,0.0,0.0,0,0,0,0,1,1,0,0,1,9.0,6.0,6.0,0,0,0,0,0,0,1,6,1,6,106,256,0,20,0.0,0.0,0,0,0.0,0.0,0,0,Benign
6,173351,7,10,496,4090,190,0,70.85714,90.582245,1398,0,409.0,583.88257,26454.99593,98.06692779,10834.4375,14372.499,32774,1,143625,23937.5,12612.463,32779,220,143901,15989.0,24850.273,62924,1,0,0,0,0,232,328,40.3805,57.686428,0,1398,254.77777,463.81064,215120.3,0,0,0,1,0,0,0,0,1,269.7647,70.85714,409.0,0,0,0,0,0,0,7,496,10,4090,29200,118,3,32,0.0,0.0,0,0,0.0,0.0,0,0,Benign
6,119816,22,31,1169,47921,570,0,53.136364,159.40881,2896,0,1545.8387,822.4417,409711.5577,442.3449289,2304.1538,6673.2744,23169,2,119816,5705.524,9945.616,24586,49,96520,3217.3333,7807.7163,24093,2,0,0,0,0,712,1000,183.61488,258.73004,0,2896,909.0741,974.58026,949806.7,0,0,0,1,0,0,0,0,1,926.22644,53.136364,1545.8387,0,0,0,0,0,0,22,1169,31,47921,29200,61,4,32,0.0,0.0,0,0,0.0,0.0,0,0,Benign
17,47987,1,1,44,108,44,44,44.0,0.0,108,108,108.0,0.0,3167.524538,41.67795445,47987.0,0.0,47987,47987,0,0.0,0.0,0,0,0,0.0,0.0,0,0,0,0,0,0,32,20,20.838978,20.838978,44,108,65.333336,36.950417,1365.3334,0,0,0,0,0,0,0,0,1,98.0,44.0,108.0,0,0,0,0,0,0,1,44,1,108,-1,-1,0,32,0.0,0.0,0,0,0.0,0.0,0,0,Benign
17,18829,2,2,64,96,32,32,32.0,0.0,48,48,48.0,0.0,8497.530405,212.4382601,6276.3335,10864.866,18822,3,3,3.0,0.0,3,3,4,4.0,0.0,4,4,0,0,0,0,40,64,106.21913,106.21913,32,48,38.4,8.763561,76.8,0,0,0,0,0,0,0,0,1,48.0,32.0,48.0,0,0,0,0,0,0,2,64,2,96,-1,-1,1,20,0.0,0.0,0,0,0.0,0.0,0,0,Benign
17,23155,1,1,58,143,58,58,58.0,0.0,143,143,143.0,0.0,8680.630533,86.37443317,23155.0,0.0,23155,23155,0,0.0,0.0,0,0,0,0.0,0.0,0,0,0,0,0,0,32,32,43.187218,43.187218,58,143,86.333336,49.07477,2408.3333,0,0,0,0,0,0,0,0,1,129.5,58.0,143.0,0,0,0,0,0,0,1,58,1,143,-1,-1,0,32,0.0,0.0,0,0,0.0,0.0,0,0,Benign
17,31156,2,2,90,210,45,45,45.0,0.0,105,105,105.0,0.0,9628.963923,128.3861856,10385.333,17942.906,31104,3,49,49.0,0.0,49,49,3,3.0,0.0,3,3,0,0,0,0,64,64,64.19309,64.19309,45,105,69.0,32.863354,1080.0,0,0,0,0,0,0,0,0,1,86.25,45.0,105.0,0,0,0,0,0,0,2,90,2,210,-1,-1,1,32,0.0,0.0,0,0,0.0,0.0,0,0,Benign
6,115269914,17,16,348,4465,348,0,20.470589,84.4024,1569,0,279.0625,600.50836,41.7541736,0.286284589,3602184.8,4787472.0,10000000,8,115000000,7204369.5,4483426.0,10000000,92,111000000,7369323.5,4594846.5,10000000,50,0,0,0,0,552,520,0.14747994,0.13880464,0,1569,141.55882,429.76212,184695.47,0,0,0,1,0,0,0,0,0,145.84848,20.470589,279.0625,0,0,0,0,0,0,17,348,16,4465,29200,118,1,32,32581.727,9640.354,61643,29452,10000000.0,6046.72,10000000,9998281,Benign
6,425874,13,8,1261,4502,757,0,97.0,213.32994,1398,0,562.75,647.7109,13532.17149,49.3103594,21293.7,41308.72,104331,1,425874,35489.5,49751.33,104496,1,324027,46289.57,56718.676,113838,49,0,0,0,0,428,264,30.525461,18.784899,0,1398,261.95456,469.49796,220428.33,0,0,0,1,0,0,0,0,0,274.42856,97.0,562.75,0,0,0,0,0,0,13,1261,8,4502,65535,125,6,32,0.0,0.0,0,0,0.0,0.0,0,0,Benign
17,59994,1,1,52,180,52,52,52.0,0.0,180,180,180.0,0.0,3867.053372,33.336667,59994.0,0.0,59994,59994,0,0.0,0.0,0,0,0,0.0,0.0,0,0,0,0,0,0,32,32,16.668333,16.668333,52,180,94.666664,73.90083,5461.3335,0,0,0,0,0,0,0,0,1,142.0,52.0,180.0,0,0,0,0,0,0,1,52,1,180,-1,-1,0,32,0.0,0.0,0,0,0.0,0.0,0,0,Benign
6,27,1,1,6,6,6,6,6.0,0.0,6,6,6.0,0.0,444444.4444,74074.07407,27.0,0.0,27,27,0,0.0,0.0,0,0,0,0.0,0.0,0,0,0,0,0,0,20,20,37037.035,37037.035,6,6,6.0,0.0,0.0,0,0,0,0,1,1,0,0,1,9.0,6.0,6.0,0,0,0,0,0,0,1,6,1,6,86,16340,0,20,0.0,0.0,0,0,0.0,0.0,0,0,Benign
6,14348821,1,5,0,0,0,0,0.0,0.0,0,0,0.0,0.0,0.0,0.418152822,2869764.2,3275345.8,8000086,48953,0,0.0,0.0,0,0,14300000,3574967.0,3314882.5,8000086,300020,0,0,0,0,32,160,0.069692135,0.34846067,0,0,0.0,0.0,0.0,0,0,0,1,0,0,0,0,5,0.0,0.0,0.0,0,0,0,0,0,0,1,0,5,0,8192,42780,0,32,6348735.0,0.0,6348735,6348735,8000086.0,0.0,8000086,8000086,Benign
17,67079,1,1,45,96,45,45,45.0,0.0,96,96,96.0,0.0,2101.999135,29.81559057,67079.0,0.0,67079,67079,0,0.0,0.0,0,0,0,0.0,0.0,0,0,0,0,0,0,32,20,14.907795,14.907795,45,96,62.0,29.444864,867.0,0,0,0,0,0,0,0,0,1,93.0,45.0,96.0,0,0,0,0,0,0,1,45,1,96,-1,-1,0,32,0.0,0.0,0,0,0.0,0.0,0,0,Benign
17,98637,2,2,70,270,35,35,35.0,0.0,135,135,135.0,0.0,3446.98237,40.55273376,32879.0,56905.668,98588,1,1,1.0,0.0,1,1,48,48.0,0.0,48,48,0,0,0,0,64,64,20.276367,20.276367,35,135,75.0,54.772255,3000.0,0,0,0,0,0,0,0,0,1,93.75,35.0,135.0,0,0,0,0,0,0,2,70,2,270,-1,-1,1,32,0.0,0.0,0,0,0.0,0.0,0,0,Benign
17,221,2,2,74,178,37,37,37.0,0.0,89,89,89.0,0.0,1140271.493,18099.54751,73.666664,123.27341,216,1,1,1.0,0.0,1,1,4,4.0,0.0,4,4,0,0,0,0,64,64,9049.773,9049.773,37,89,57.8,28.481573,811.2,0,0,0,0,0,0,0,0,1,72.25,37.0,89.0,0,0,0,0,0,0,2,74,2,178,-1,-1,1,32,0.0,0.0,0,0,0.0,0.0,0,0,Benign
17,204,2,2,94,190,47,47,47.0,0.0,95,95,95.0,0.0,1392156.863,19607.84314,68.0,76.0,152,4,4,4.0,0.0,4,4,48,48.0,0.0,48,48,0,0,0,0,40,40,9803.922,9803.922,47,95,66.2,26.290682,691.2,0,0,0,0,0,0,0,0,1,82.75,47.0,95.0,0,0,0,0,0,0,2,94,2,190,-1,-1,1,20,0.0,0.0,0,0,0.0,0.0,0,0,Benign
6,63,2,0,12,0,6,6,6.0,0.0,0,0,0.0,0.0,190476.1905,31746.03175,63.0,0.0,63,63,63,63.0,0.0,63,63,0,0.0,0.0,0,0,0,0,0,0,40,0,31746.031,0.0,6,6,6.0,0.0,0.0,0,0,0,0,1,0,0,0,0,9.0,6.0,0.0,0,0,0,0,0,0,2,12,0,0,16168,-1,1,20,0.0,0.0,0,0,0.0,0.0,0,0,Benign
6,61338051,17,15,1438,5753,641,0,84.588234,185.957,1945,0,383.53333,648.28827,117.2355476,0.521699002,1978646.8,3894614.5,10000000,4,61300000,3833628.2,4939343.0,10300000,37,61100000,4363161.5,5084834.0,10300000,50,0,0,0,0,552,488,0.2771526,0.24454641,0,1945,217.90909,474.28528,224946.52,0,0,0,1,0,0,0,0,0,224.71875,84.588234,383.53333,0,0,0,0,0,0,17,1438,15,5753,29200,149,4,32,440582.66,459235.06,1377982,251901,9782412.0,558172.75,10000000,8644078,Benign
6,259774,3,4,443,435,437,0,147.66667,250.58798,421,2,108.75,208.1752,3379.860956,26.94649965,43295.668,51008.95,104121,48,155685,77842.5,37249.68,104182,51503,155653,51884.332,89567.61,155308,48,0,0,0,0,80,84,11.5485,15.398,0,437,109.75,197.1082,38851.645,0,0,0,1,0,0,0,0,1,125.42857,147.66667,108.75,0,0,0,0,0,0,3,443,4,435,29200,30016,2,20,0.0,0.0,0,0,0.0,0.0,0,0,Benign
17,195,2,2,74,106,37,37,37.0,0.0,53,53,53.0,0.0,923076.9231,20512.82051,65.0,29.444864,99,48,48,48.0,0.0,48,48,48,48.0,0.0,48,48,0,0,0,0,64,64,10256.41,10256.41,37,53,43.4,8.763561,76.8,0,0,0,0,0,0,0,0,1,54.25,37.0,53.0,0,0,0,0,0,0,2,74,2,106,-1,-1,1,32,0.0,0.0,0,0,0.0,0.0,0,0,Benign
17,185,2,2,94,196,47,47,47.0,0.0,98,98,98.0,0.0,1567567.568,21621.62162,61.666668,100.74886,178,3,3,3.0,0.0,3,3,4,4.0,0.0,4,4,0,0,0,0,64,64,10810.811,10810.811,47,98,67.4,27.933851,780.3,0,0,0,0,0,0,0,0,1,84.25,47.0,98.0,0,0,0,0,0,0,2,94,2,196,-1,-1,1,32,0.0,0.0,0,0,0.0,0.0,0,0,Benign
17,183,2,2,76,108,38,38,38.0,0.0,54,54,54.0,0.0,1005464.481,21857.9235,61.0,66.46052,133,2,2,2.0,0.0,2,2,48,48.0,0.0,48,48,0,0,0,0,64,64,10928.962,10928.962,38,54,44.4,8.763561,76.8,0,0,0,0,0,0,0,0,1,55.5,38.0,54.0,0,0,0,0,0,0,2,76,2,108,-1,-1,1,32,0.0,0.0,0,0,0.0,0.0,0,0,Benign
6,75088381,17,22,475,18317,385,0,27.941177,92.023415,2920,0,832.5909,909.32043,250.2650843,0.519387946,1976010.0,3943895.0,10100000,2,70300000,4396848.5,5133550.5,10100000,183,75100000,3574462.0,4790730.5,10100000,2,0,0,0,0,352,536,0.22639987,0.29298806,0,2920,469.8,783.4013,613717.6,0,0,0,1,0,0,0,0,1,481.84616,27.941177,832.5909,0,0,0,0,0,0,17,475,22,18317,8192,60,16,20,38179.855,35902.08,119598,24544,10000000.0,31033.475,10100000,9999744,Benign
17,281,2,2,90,652,45,45,45.0,0.0,326,326,326.0,0.0,2640569.395,14234.87544,93.666664,119.43757,229,3,3,3.0,0.0,3,3,49,49.0,0.0,49,49,0,0,0,0,64,64,7117.4375,7117.4375,45,326,157.4,153.91003,23688.3,0,0,0,0,0,0,0,0,1,196.75,45.0,326.0,0,0,0,0,0,0,2,90,2,652,-1,-1,1,32,0.0,0.0,0,0,0.0,0.0,0,0,Benign
6,117490249,26,20,1183,5583,402,0,45.5,115.09692,1448,0,279.15,494.91638,57.58775777,0.391521853,2610894.5,4334230.0,10000000,1,117000000,4699610.0,4941524.0,10000000,1,112000000,5907771.0,4989632.5,10000000,48,0,0,0,0,840,648,0.22129495,0.17022689,0,1448,143.95744,349.63925,122247.61,0,0,0,1,0,0,0,0,0,147.08696,45.5,279.15,0,0,0,0,0,0,26,1183,20,5583,29200,1039,5,32,168785.25,504421.0,1770537,22966,9622069.0,1386501.5,10000000,5219388,Benign
6,331,2,0,43,0,37,6,21.5,21.920311,0,0,0.0,0.0,129909.3656,6042.296073,331.0,0.0,331,331,331,331.0,0.0,331,331,0,0.0,0.0,0,0,0,0,0,0,40,0,6042.296,0.0,6,37,16.333334,17.897858,320.33334,0,0,0,0,1,0,0,0,0,24.5,21.5,0.0,0,0,0,0,0,0,2,43,0,0,40958,-1,1,20,0.0,0.0,0,0,0.0,0.0,0,0,Benign
17,97266,2,2,62,168,31,31,31.0,0.0,84,84,84.0,0.0,2364.649518,41.12433944,32422.0,56114.12,97217,1,1,1.0,0.0,1,1,48,48.0,0.0,48,48,0,0,0,0,40,64,20.56217,20.56217,31,84,52.2,29.029295,842.7,0,0,0,0,0,0,0,0,1,65.25,31.0,84.0,0,0,0,0,0,0,2,62,2,168,-1,-1,1,20,0.0,0.0,0,0,0.0,0.0,0,0,Benign
6,24193,1,1,0,6,0,0,0.0,0.0,6,6,6.0,0.0,248.0056215,82.66854049,24193.0,0.0,24193,24193,0,0.0,0.0,0,0,0,0.0,0.0,0,0,0,0,0,0,44,20,41.33427,41.33427,0,6,2.0,3.4641016,12.0,0,0,0,0,1,0,0,0,1,3.0,0.0,6.0,0,0,0,0,0,0,1,0,1,6,317,0,0,44,0.0,0.0,0,0,0.0,0.0,0,0,Benign
17,31834,2,2,76,356,38,38,38.0,0.0,178,178,178.0,0.0,13570.39643,125.6518188,10611.333,18336.95,31785,1,1,1.0,0.0,1,1,48,48.0,0.0,48,48,0,0,0,0,64,40,62.82591,62.82591,38,178,94.0,76.68116,5880.0,0,0,0,0,0,0,0,0,1,117.5,38.0,178.0,0,0,0,0,0,0,2,76,2,356,-1,-1,1,32,0.0,0.0,0,0,0.0,0.0,0,0,Benign
17,204,2,2,46,46,23,23,23.0,0.0,23,23,23.0,0.0,450980.3922,19607.84314,68.0,76.29548,152,3,49,49.0,0.0,49,49,3,3.0,0.0,3,3,0,0,0,0,64,64,9803.922,9803.922,23,23,23.0,0.0,0.0,0,0,0,0,0,0,0,0,1,28.75,23.0,23.0,0,0,0,0,0,0,2,46,2,46,-1,-1,1,32,0.0,0.0,0,0,0.0,0.0,0,0,Benign
6,5115581,5,1,135,46,46,6,27.0,20.12461,46,46,46.0,0.0,35.38210029,1.172887303,1023116.2,2232200.2,5015983,48,5115581,1278895.2,2491757.5,5015983,48,0,0.0,0.0,0,0,1,0,0,0,100,20,0.9774061,0.19548121,6,46,32.42857,18.866701,355.9524,0,1,0,0,1,0,0,0,0,37.833332,27.0,46.0,0,0,0,0,0,0,5,135,1,46,256,351,4,20,93470.0,0.0,93470,93470,5015983.0,0.0,5015983,5015983,Benign
17,84541,1,1,44,131,44,44,44.0,0.0,131,131,131.0,0.0,2070.001538,23.65716043,84541.0,0.0,84541,84541,0,0.0,0.0,0,0,0,0.0,0.0,0,0,0,0,0,0,20,20,11.82858,11.82858,44,131,73.0,50.229473,2523.0,0,0,0,0,0,0,0,0,1,109.5,44.0,131.0,0,0,0,0,0,0,1,44,1,131,-1,-1,0,20,0.0,0.0,0,0,0.0,0.0,0,0,Benign
6,81,2,0,12,0,6,6,6.0,0.0,0,0,0.0,0.0,148148.1481,24691.35802,81.0,0.0,81,81,81,81.0,0.0,81,81,0,0.0,0.0,0,0,0,0,0,0,40,0,24691.357,0.0,6,6,6.0,0.0,0.0,0,0,0,0,1,0,0,0,0,9.0,6.0,0.0,0,0,0,0,0,0,2,12,0,0,389,-1,1,20,0.0,0.0,0,0,0.0,0.0,0,0,Benign
6,10825531,16,21,1329,8073,971,0,83.0625,242.85509,1460,0,384.42856,554.27545,868.5024319,3.417846201,300709.2,1619993.4,9742248,1,1083235,72215.664,98645.39,259017,49,10600000,528388.0,2181821.8,9791441,1,0,0,0,0,392,432,1.4779875,1.9398587,0,1460,247.42105,462.56433,213965.77,0,0,0,1,0,0,0,0,1,254.10811,83.0625,384.42856,0,0,0,0,0,0,16,1329,21,8073,8192,552,10,20,1083235.0,0.0,1083235,1083235,9742248.0,0.0,9742248,9742248,Benign
6,3,2,0,37,0,31,6,18.5,17.67767,0,0,0.0,0.0,12300000.0,666666.6667,3.0,0.0,3,3,3,3.0,0.0,3,3,0,0.0,0.0,0,0,1,0,0,0,40,0,666666.7,0.0,6,31,22.666666,14.433757,208.33333,0,1,0,0,1,0,0,0,0,34.0,18.5,0.0,0,0,0,0,0,0,2,37,0,0,31,-1,1,20,0.0,0.0,0,0,0.0,0.0,0,0,Benign
17,37188,2,2,60,228,30,30,30.0,0.0,114,114,114.0,0.0,7744.433688,107.561579,12396.0,21426.346,37137,3,48,48.0,0.0,48,48,3,3.0,0.0,3,3,0,0,0,0,40,40,53.78079,53.78079,30,114,63.6,46.008694,2116.8,0,0,0,0,0,0,0,0,1,79.5,30.0,114.0,0,0,0,0,0,0,2,60,2,228,-1,-1,1,20,0.0,0.0,0,0,0.0,0.0,0,0,Benign
17,192,2,2,60,264,30,30,30.0,0.0,132,132,132.0,0.0,1687500.0,20833.33333,64.0,105.6551,186,3,3,3.0,0.0,3,3,3,3.0,0.0,3,3,0,0,0,0,40,40,10416.667,10416.667,30,132,70.8,55.867702,3121.2,0,0,0,0,0,0,0,0,1,88.5,30.0,132.0,0,0,0,0,0,0,2,60,2,264,-1,-1,1,20,0.0,0.0,0,0,0.0,0.0,0,0,Benign
6,60568275,16,12,1191,3731,888,0,74.4375,223.17317,1448,0,310.91666,557.31146,81.26366485,0.462288219,2243269.5,4200589.0,10000000,45,60600000,4037885.0,5060383.0,10100000,158,60500000,5498476.0,5201656.5,10100000,240,0,0,0,0,520,392,0.2641647,0.19812353,0,1448,169.72414,404.3051,163462.64,0,0,0,1,0,0,0,0,0,175.78572,74.4375,310.91666,0,0,0,0,0,0,16,1191,12,3731,29200,126,3,32,141091.33,138079.1,422944,84571,9953586.0,160431.17,10000000,9626994,Benign
6,233,2,0,12,0,6,6,6.0,0.0,0,0,0.0,0.0,51502.14592,8583.690987,233.0,0.0,233,233,233,233.0,0.0,233,233,0,0.0,0.0,0,0,0,0,0,0,40,0,8583.691,0.0,6,6,6.0,0.0,0.0,0,0,0,0,1,0,0,0,0,9.0,6.0,0.0,0,0,0,0,0,0,2,12,0,0,23,-1,1,20,0.0,0.0,0,0,0.0,0.0,0,0,Benign
17,24184,2,2,76,160,38,38,38.0,0.0,80,80,80.0,0.0,9758.518028,165.3986107,8061.3335,13957.442,24178,3,3,3.0,0.0,3,3,3,3.0,0.0,3,3,0,0,0,0,40,40,82.6993,82.6993,38,80,54.8,23.004347,529.2,0,0,0,0,0,0,0,0,1,68.5,38.0,80.0,0,0,0,0,0,0,2,76,2,160,-1,-1,1,20,0.0,0.0,0,0,0.0,0.0,0,0,Benign
6,262343,3,4,443,872,437,0,147.66667,250.58798,860,0,218.0,428.00934,5012.521775,26.68262542,43723.832,84783.96,215220,3,238546,119273.0,135689.55,215220,23326,239028,79676.0,137683.44,238659,3,0,0,0,0,72,92,11.4354105,15.247214,0,860,164.375,319.49155,102074.836,0,0,0,1,0,0,0,0,1,187.85715,147.66667,218.0,0,0,0,0,0,0,3,443,4,872,8192,31,2,20,0.0,0.0,0,0,0.0,0.0,0,0,Benign
17,64971,1,1,80,162,80,80,80.0,0.0,162,162,162.0,0.0,3724.73873,30.78296471,64971.0,0.0,64971,64971,0,0.0,0.0,0,0,0,0.0,0.0,0,0,0,0,0,0,20,20,15.391482,15.391482,80,162,107.333336,47.342724,2241.3333,0,0,0,0,0,0,0,0,1,161.0,80.0,162.0,0,0,0,0,0,0,1,80,1,162,-1,-1,0,20,0.0,0.0,0,0,0.0,0.0,0,0,Benign
6,307182,4,1,206,0,194,0,51.5,95.0421,0,0,0.0,0.0,670.6122104,16.2769954,76795.5,76434.47,180844,73,307182,102394.0,69604.914,180917,48285,0,0.0,0.0,0,0,0,0,0,0,92,32,13.021596,3.255399,0,194,34.333332,78.27558,6127.067,0,0,0,1,0,0,0,0,0,41.2,51.5,0.0,0,0,0,0,0,0,4,206,1,0,8192,64240,3,20,0.0,0.0,0,0,0.0,0.0,0,0,Benign
17,200,2,2,84,168,42,42,42.0,0.0,84,84,84.0,0.0,1260000.0,20000.0,66.666664,109.40902,193,3,3,3.0,0.0,3,3,4,4.0,0.0,4,4,0,0,0,0,64,64,10000.0,10000.0,42,84,58.8,23.004347,529.2,0,0,0,0,0,0,0,0,1,73.5,42.0,84.0,0,0,0,0,0,0,2,84,2,168,-1,-1,1,32,0.0,0.0,0,0,0.0,0.0,0,0,Benign
17,101009,4,4,152,344,38,38,38.0,0.0,86,86,86.0,0.0,4910.453524,79.20086329,14429.857,26980.48,69734,1,100855,33618.332,58184.5,100804,3,69939,23313.0,40336.87,69890,1,0,0,0,0,80,80,39.600433,39.600433,38,86,59.333332,25.298222,640.0,0,0,0,0,0,0,0,0,1,66.75,38.0,86.0,0,0,0,0,0,0,4,152,4,344,-1,-1,3,20,0.0,0.0,0,0,0.0,0.0,0,0,Benign
6,5126374,5,1,135,46,46,6,27.0,20.12461,46,46,46.0,0.0,35.30760729,1.170417921,1025274.8,2248443.8,5047285,4,5126374,1281593.5,2510598.8,5047285,4,0,0.0,0.0,0,0,1,0,0,0,100,20,0.9753483,0.19506966,6,46,32.42857,18.866701,355.9524,0,1,0,0,1,0,0,0,0,37.833332,27.0,46.0,0,0,0,0,0,0,5,135,1,46,258,360,4,20,62254.0,0.0,62254,62254,5047285.0,0.0,5047285,5047285,Benign
6,66,1,1,6,6,6,6,6.0,0.0,6,6,6.0,0.0,181818.1818,30303.0303,66.0,0.0,66,66,0,0.0,0.0,0,0,0,0.0,0.0,0,0,0,0,0,0,20,20,15151.516,15151.516,6,6,6.0,0.0,0.0,0,0,0,0,1,1,0,0,1,9.0,6.0,6.0,0,0,0,0,0,0,1,6,1,6,60,255,0,20,0.0,0.0,0,0,0.0,0.0,0,0,Benign
6,52,1,1,0,0,0,0,0.0,0.0,0,0,0.0,0.0,0.0,38461.53846,52.0,0.0,52,52,0,0.0,0.0,0,0,0,0.0,0.0,0,0,0,0,0,0,32,32,19230.77,19230.77,0,0,0.0,0.0,0.0,0,0,0,0,1,1,0,0,1,0.0,0.0,0.0,0,0,0,0,0,0,1,0,1,0,114,297,0,32,0.0,0.0,0,0,0.0,0.0,0,0,Benign
17,196,2,2,74,330,37,37,37.0,0.0,165,165,165.0,0.0,2061224.49,20408.16327,65.333336,71.90503,144,3,3,3.0,0.0,3,3,49,49.0,0.0,49,49,0,0,0,0,40,40,10204.082,10204.082,37,165,88.2,70.10849,4915.2,0,0,0,0,0,0,0,0,1,110.25,37.0,165.0,0,0,0,0,0,0,2,74,2,330,-1,-1,1,20,0.0,0.0,0,0,0.0,0.0,0,0,Benign
6,5952518,10,7,362,5028,205,0,36.2,71.30342,1448,0,718.2857,650.98737,905.4991518,2.855934245,372032.38,1450197.5,5809954,1,5952518,661390.9,1930793.6,5809954,39,119332,19888.666,33140.36,80516,65,0,0,0,0,328,232,1.6799613,1.1759729,0,1448,299.44446,520.1303,270535.56,0,0,0,1,0,0,0,0,0,317.05884,36.2,718.2857,0,0,0,0,0,0,10,362,7,5028,29200,939,3,32,142525.0,0.0,142525,142525,5809954.0,0.0,5809954,5809954,Benign
17,208,2,2,70,134,35,35,35.0,0.0,67,67,67.0,0.0,980769.2308,19230.76923,69.333336,79.18544,157,3,3,3.0,0.0,3,3,48,48.0,0.0,48,48,0,0,0,0,64,64,9615.385,9615.385,35,67,47.8,17.527122,307.2,0,0,0,0,0,0,0,0,1,59.75,35.0,67.0,0,0,0,0,0,0,2,70,2,134,-1,-1,1,32,0.0,0.0,0,0,0.0,0.0,0,0,Benign
6,5632528,3,1,12,0,6,0,4.0,3.4641016,0,0,0.0,0.0,2.130482085,0.710160695,1877509.4,3157972.8,5523479,23,5632528,2816264.0,3828580.2,5523479,109049,0,0.0,0.0,0,0,0,0,0,0,80,32,0.53262055,0.17754017,0,6,2.4,3.2863352,10.8,0,0,0,1,0,0,0,0,0,3.0,4.0,0.0,0,0,0,0,0,0,3,12,1,0,29200,14600,2,20,0.0,0.0,0,0,0.0,0.0,0,0,Benign
6,5667353,3,1,0,0,0,0,0.0,0.0,0,0,0.0,0.0,0.0,0.705796868,1889117.6,3240530.2,5630901,98,5667353,2833676.5,3955872.8,5630901,36452,0,0.0,0.0,0,0,0,0,0,0,104,40,0.52934766,0.17644922,0,0,0.0,0.0,0.0,0,0,0,1,0,0,0,0,0,0.0,0.0,0.0,0,0,0,0,0,0,3,0,1,0,29200,42408,0,32,0.0,0.0,0,0,0.0,0.0,0,0,Benign
17,126102,1,1,45,201,45,45,45.0,0.0,201,201,201.0,0.0,1950.801732,15.86017668,126102.0,0.0,126102,126102,0,0.0,0.0,0,0,0,0.0,0.0,0,0,0,0,0,0,20,20,7.9300885,7.9300885,45,201,97.0,90.06664,8112.0,0,0,0,0,0,0,0,0,1,145.5,45.0,201.0,0,0,0,0,0,0,1,45,1,201,-1,-1,0,20,0.0,0.0,0,0,0.0,0.0,0,0,Benign
6,116961384,15,16,1614,3120,517,0,107.6,169.74637,1127,0,195.0,371.70813,40.47489725,0.265044743,3898712.8,14700000.0,58200000,3,117000000,8354384.5,21100000.0,58200000,49,117000000,7794997.0,20400000.0,58200000,3,0,0,0,0,348,332,0.12824745,0.1367973,0,1127,147.9375,287.23532,82504.125,0,0,0,1,0,0,0,0,1,152.70967,107.6,195.0,0,0,0,0,0,0,15,1614,16,3120,8192,127,11,20,353496.0,305303.25,569378,137614,58100000.0,198055.66,58200000,57900000,Benign
6,50,1,2,0,0,0,0,0.0,0.0,0,0,0.0,0.0,0.0,60000.0,25.0,32.526913,48,2,0,0.0,0.0,0,0,48,48.0,0.0,48,48,0,0,0,0,32,64,20000.0,40000.0,0,0,0.0,0.0,0.0,0,0,0,0,1,1,0,0,2,0.0,0.0,0.0,0,0,0,0,0,0,1,0,2,0,229,227,0,32,0.0,0.0,0,0,0.0,0.0,0,0,Benign
6,112288383,52,73,734,106647,378,0,14.115385,62.05679,2896,0,1460.9178,1024.0498,956.29661,1.113205094,905551.5,2856223.8,10000000,0,111000000,2180905.5,4164172.5,10000000,204,112000000,1559152.8,3631142.2,10100000,1,0,0,0,0,1672,2344,0.4630933,0.6501118,0,2896,852.23016,1058.3033,1120006.0,0,0,0,1,0,0,0,0,1,859.048,14.115385,1460.9178,0,0,0,0,0,0,52,734,73,106647,29200,1006,3,32,93742.0,219950.16,756912,26754,10000000.0,7377.472,10000000,9997268,Benign
17,23724,2,2,68,196,34,34,34.0,0.0,98,98,98.0,0.0,11127.97167,168.6056314,7908.0,13652.042,23672,4,48,48.0,0.0,48,48,4,4.0,0.0,4,4,0,0,0,0,64,64,84.30282,84.30282,34,98,59.6,35.054245,1228.8,0,0,0,0,0,0,0,0,1,74.5,34.0,98.0,0,0,0,0,0,0,2,68,2,196,-1,-1,1,32,0.0,0.0,0,0,0.0,0.0,0,0,Benign
6,90,1,2,6,12,6,6,6.0,0.0,6,6,6.0,0.0,200000.0,33333.33333,45.0,4.2426405,48,42,0,0.0,0.0,0,0,48,48.0,0.0,48,48,0,0,0,0,20,40,11111.111,22222.223,6,6,6.0,0.0,0.0,0,0,0,0,1,1,0,0,2,8.0,6.0,6.0,0,0,0,0,0,0,1,6,2,12,2049,252,0,20,0.0,0.0,0,0,0.0,0.0,0,0,Benign
6,83097,3,4,442,872,436,0,147.33333,250.01067,860,0,218.0,428.00934,15812.84523,84.23890152,13849.5,15589.325,35774,4,59123,29561.5,8785.802,35774,23349,59869,19956.334,34046.19,59268,4,0,0,0,0,72,92,36.102386,48.136517,0,860,164.25,319.3698,101997.07,0,0,0,1,0,0,0,0,1,187.71428,147.33333,218.0,0,0,0,0,0,0,3,442,4,872,8192,31,2,20,0.0,0.0,0,0,0.0,0.0,0,0,Benign
17,31465,2,2,80,202,40,40,40.0,0.0,101,101,101.0,0.0,8962.339107,127.1253774,10488.333,18159.398,31457,4,4,4.0,0.0,4,4,4,4.0,0.0,4,4,0,0,0,0,40,40,63.562687,63.562687,40,101,64.4,33.411076,1116.3,0,0,0,0,0,0,0,0,1,80.5,40.0,101.0,0,0,0,0,0,0,2,80,2,202,-1,-1,1,20,0.0,0.0,0,0,0.0,0.0,0,0,Benign
6,438,2,0,12,0,6,6,6.0,0.0,0,0,0.0,0.0,27397.26027,4566.210046,438.0,0.0,438,438,438,438.0,0.0,438,438,0,0.0,0.0,0,0,0,0,0,0,40,0,4566.21,0.0,6,6,6.0,0.0,0.0,0,0,0,0,1,0,0,0,0,9.0,6.0,0.0,0,0,0,0,0,0,2,12,0,0,5141,-1,1,20,0.0,0.0,0,0,0.0,0.0,0,0,Benign
17,774,2,2,72,286,36,36,36.0,0.0,143,143,143.0,0.0,462532.2997,5167.958656,258.0,441.67294,768,3,3,3.0,0.0,3,3,3,3.0,0.0,3,3,0,0,0,0,40,40,2583.9792,2583.9792,36,143,78.8,58.60631,3434.7,0,0,0,0,0,0,0,0,1,98.5,36.0,143.0,0,0,0,0,0,0,2,72,2,286,-1,-1,1,20,0.0,0.0,0,0,0.0,0.0,0,0,Benign
17,494578,1,1,43,171,43,43,43.0,0.0,171,171,171.0,0.0,432.6921133,4.043851526,494578.0,0.0,494578,494578,0,0.0,0.0,0,0,0,0.0,0.0,0,0,0,0,0,0,20,32,2.0219257,2.0219257,43,171,85.666664,73.90083,5461.3335,0,0,0,0,0,0,0,0,1,128.5,43.0,171.0,0,0,0,0,0,0,1,43,1,171,-1,-1,0,20,0.0,0.0,0,0,0.0,0.0,0,0,Benign
17,350,2,2,62,226,31,31,31.0,0.0,113,113,113.0,0.0,822857.1429,11428.57143,116.666664,199.47514,347,1,1,1.0,0.0,1,1,2,2.0,0.0,2,2,0,0,0,0,64,40,5714.2856,5714.2856,31,113,63.8,44.91325,2017.2,0,0,0,0,0,0,0,0,1,79.75,31.0,113.0,0,0,0,0,0,0,2,62,2,226,-1,-1,1,32,0.0,0.0,0,0,0.0,0.0,0,0,Benign
17,186,2,2,64,96,32,32,32.0,0.0,48,48,48.0,0.0,860215.0538,21505.37634,62.0,66.46052,134,3,3,3.0,0.0,3,3,49,49.0,0.0,49,49,0,0,0,0,64,64,10752.688,10752.688,32,48,38.4,8.763561,76.8,0,0,0,0,0,0,0,0,1,48.0,32.0,48.0,0,0,0,0,0,0,2,64,2,96,-1,-1,1,32,0.0,0.0,0,0,0.0,0.0,0,0,Benign
6,142676,48,59,1319,104393,570,0,27.479166,109.19492,2896,0,1769.3729,804.71936,740923.491,749.9509378,1346.0,5079.5386,23144,1,142676,3035.6597,7454.2793,23825,1,119532,2060.8965,6181.168,23940,1,0,0,0,0,1244,1896,336.42657,413.52435,0,2896,978.8148,1056.3275,1115827.8,0,0,0,1,0,0,0,0,1,987.96265,27.479166,1769.3729,0,0,0,0,0,0,48,1319,59,104393,29200,61,29,20,0.0,0.0,0,0,0.0,0.0,0,0,Benign
17,74568,4,2,148,204,37,37,37.0,0.0,102,102,102.0,0.0,4720.523549,80.46346958,14913.6,20921.482,43739,3,30825,10275.0,17791.625,30819,3,4,4.0,0.0,4,4,0,0,0,0,104,40,53.642315,26.821157,37,102,55.57143,31.716753,1005.9524,0,0,0,0,0,0,0,0,0,64.833336,37.0,102.0,0,0,0,0,0,0,4,148,2,204,-1,-1,3,20,0.0,0.0,0,0,0.0,0.0,0,0,Benign
6,61007541,10,14,590,5035,193,0,59.0,73.47562,1589,0,359.64285,623.3412,92.20171651,0.39339399,2652501.8,12200000.0,58400000,4,58900000,6547558.0,19500000.0,58400000,6400,61000000,4691073.5,16100000.0,58400000,4,0,0,0,0,212,292,0.16391416,0.22947983,0,1589,225.0,486.47455,236657.5,0,0,0,1,0,0,0,0,1,234.375,59.0,359.64285,0,0,0,0,0,0,10,590,14,5035,8192,290,9,20,340346.0,0.0,340346,340346,58400000.0,0.0,58400000,58400000,Benign
6,5813211,8,6,642,4032,342,0,80.25,129.90408,1460,0,672.0,724.1986,804.0306812,2.40830756,447170.06,1549871.9,5605118,38,5813211,830458.7,2105591.0,5605118,44,124563,24912.6,32525.152,64991,192,0,0,0,0,172,128,1.3761758,1.0321318,0,1460,311.6,537.52405,288932.12,0,0,0,1,0,0,0,0,0,333.85715,80.25,672.0,0,0,0,0,0,0,8,642,6,4032,8192,4945,7,20,208049.0,0.0,208049,208049,5605118.0,0.0,5605118,5605118,Benign
6,920,3,1,0,0,0,0,0.0,0.0,0,0,0.0,0.0,0.0,4347.826087,306.66666,420.79962,787,3,920,460.0,646.2956,917,3,0,0.0,0.0,0,0,0,0,0,0,104,40,3260.8696,1086.9565,0,0,0.0,0.0,0.0,0,0,0,1,0,0,0,0,0,0.0,0.0,0.0,0,0,0,0,0,0,3,0,1,0,29200,28960,0,32,0.0,0.0,0,0,0.0,0.0,0,0,PortScan
17,59125,1,1,52,180,52,52,52.0,0.0,180,180,180.0,0.0,3923.890063,33.82663848,59125.0,0.0,59125,59125,0,0.0,0.0,0,0,0,0.0,0.0,0,0,0,0,0,0,20,20,16.913319,16.913319,52,180,94.666664,73.90083,5461.3335,0,0,0,0,0,0,0,0,1,142.0,52.0,180.0,0,0,0,0,0,0,1,52,1,180,-1,-1,0,20,0.0,0.0,0,0,0.0,0.0,0,0,Benign
6,538096,13,10,527,4608,194,0,40.53846,67.43344,1418,0,460.8,638.2949,9542.906842,42.74330231,24458.908,45437.29,205713,4,538096,44841.332,56948.492,205713,4,433936,48215.11,79696.24,242921,4,0,0,0,0,436,328,24.159258,18.584045,0,1418,213.95833,455.27847,207278.47,0,0,0,1,0,0,0,0,0,223.26086,40.53846,460.8,0,0,0,0,0,0,13,527,10,4608,29200,349,5,32,0.0,0.0,0,0,0.0,0.0,0,0,Benign
17,92787,1,1,46,214,46,46,46.0,0.0,214,214,214.0,0.0,2802.116676,21.55474366,92787.0,0.0,92787,92787,0,0.0,0.0,0,0,0,0.0,0.0,0,0,0,0,0,0,20,20,10.777371,10.777371,46,214,102.0,96.99484,9408.0,0,0,0,0,0,0,0,0,1,153.0,46.0,214.0,0,0,0,0,0,0,1,46,1,214,-1,-1,0,20,0.0,0.0,0,0,0.0,0.0,0,0,Benign
17,732,2,2,72,194,36,36,36.0,0.0,97,97,97.0,0.0,363387.9781,5464.480874,244.0,410.51553,718,3,11,11.0,0.0,11,11,3,3.0,0.0,3,3,0,0,0,0,64,64,2732.2405,2732.2405,36,97,60.4,33.411076,1116.3,0,0,0,0,0,0,0,0,1,75.5,36.0,97.0,0,0,0,0,0,0,2,72,2,194,-1,-1,1,32,0.0,0.0,0,0,0.0,0.0,0,0,Benign
17,223,2,2,66,140,33,33,33.0,0.0,70,70,70.0,0.0,923766.8161,17937.21973,74.333336,121.82501,215,3,5,5.0,0.0,5,5,3,3.0,0.0,3,3,0,0,0,0,64,64,8968.61,8968.61,33,70,47.8,20.265734,410.7,0,0,0,0,0,0,0,0,1,59.75,33.0,70.0,0,0,0,0,0,0,2,66,2,140,-1,-1,1,32,0.0,0.0,0,0,0.0,0.0,0,0,Benign
6,120607,3,5,1721,309,1721,0,573.6667,993.6198,309,0,61.8,138.189,16831.52719,66.33114164,17229.572,22637.096,48856,3,51786,25893.0,32109.719,48598,3188,72056,18014.0,24588.732,52091,3,0,0,0,0,104,168,24.874178,41.456963,0,1721,225.55556,570.0268,324930.53,0,0,0,1,0,0,0,0,1,253.75,573.6667,61.8,0,0,0,0,0,0,3,1721,5,309,29200,40,1,32,0.0,0.0,0,0,0.0,0.0,0,0,Benign
6,115490814,34,33,3539,22885,639,0,104.088234,226.62161,2896,0,693.48486,848.1606,228.7974176,0.580132719,1749860.9,3772987.5,10000000,3,115000000,3499721.8,4769995.5,10100000,3,111000000,3460434.5,4842459.5,10100000,50,0,0,0,0,1156,1064,0.29439571,0.285737,0,2896,388.58823,676.752,457993.28,0,0,0,1,0,0,0,0,0,394.38806,104.088234,693.48486,0,0,0,0,0,0,34,3539,33,22885,29200,300,8,32,44159.547,69390.945,253380,22968,10000000.0,8536.064,10000000,9997113,Benign
6,50,1,1,6,6,6,6,6.0,0.0,6,6,6.0,0.0,240000.0,40000.0,50.0,0.0,50,50,0,0.0,0.0,0,0,0,0.0,0.0,0,0,0,0,0,0,20,20,20000.0,20000.0,6,6,6.0,0.0,0.0,0,0,0,0,1,1,0,0,1,9.0,6.0,6.0,0,0,0,0,0,0,1,6,1,6,114,253,0,20,0.0,0.0,0,0,0.0,0.0,0,0,Benign
17,198,2,2,74,202,37,37,37.0,0.0,101,101,101.0,0.0,1393939.394,20202.0202,66.0,72.691124,146,4,4,4.0,0.0,4,4,48,48.0,0.0,48,48,0,0,0,0,40,40,10101.01,10101.01,37,101,62.6,35.054245,1228.8,0,0,0,0,0,0,0,0,1,78.25,37.0,101.0,0,0,0,0,0,0,2,74,2,202,-1,-1,1,20,0.0,0.0,0,0,0.0,0.0,0,0,Benign
17,46691,4,4,152,664,38,38,38.0,0.0,166,166,166.0,0.0,17476.60149,171.3392303,6670.143,17462.459,46271,3,46492,15497.333,26836.973,46486,3,46521,15507.0,26774.908,46424,48,0,0,0,0,80,80,85.66962,85.66962,38,166,94.888885,67.46192,4551.1113,0,0,0,0,0,0,0,0,1,106.75,38.0,166.0,0,0,0,0,0,0,4,152,4,664,-1,-1,3,20,0.0,0.0,0,0,0.0,0.0,0,0,Benign
17,31508,2,2,68,228,34,34,34.0,0.0,114,114,114.0,0.0,9394.439507,126.9518852,10502.667,18148.732,31459,1,1,1.0,0.0,1,1,48,48.0,0.0,48,48,0,0,0,0,64,64,63.475945,63.475945,34,114,66.0,43.817806,1920.0,0,0,0,0,0,0,0,0,1,82.5,34.0,114.0,0,0,0,0,0,0,2,68,2,228,-1,-1,1,32,0.0,0.0,0,0,0.0,0.0,0,0,Benign
17,19,13,0,650,0,50,50,50.0,0.0,0,0,0.0,0.0,34200000.0,684210.5263,1.5833334,1.1645001,5,1,19,1.5833334,1.1645001,5,1,0,0.0,0.0,0,0,0,0,0,0,416,0,684210.5,0.0,50,50,50.0,0.0,0.0,0,0,0,0,0,0,0,0,0,53.846153,50.0,0.0,0,0,0,0,0,0,13,650,0,0,-1,-1,12,32,0.0,0.0,0,0,0.0,0.0,0,0,Benign
17,71745946,2,2,93,340,52,41,46.5,7.7781744,226,114,170.0,79.19596,6.035184204,0.055752279,23900000.0,41300000.0,71600000,31766,71600000,71600000.0,0.0,71600000,71600000,71700000,71700000.0,0.0,71700000,71700000,0,0,0,0,52,52,0.02787614,0.02787614,41,226,97.0,77.64664,6029.0,0,0,0,0,0,0,0,0,1,121.25,46.5,170.0,0,0,0,0,0,0,2,93,2,340,-1,-1,1,20,31766.0,0.0,31766,31766,71600000.0,0.0,71600000,71600000,Benign
17,376011,4,2,160,202,40,40,40.0,0.0,101,101,101.0,0.0,962.7377922,15.95697998,75202.2,141581.39,325422,1,50586,16862.0,29202.377,50582,1,3,3.0,0.0,3,3,0,0,0,0,80,40,10.637986,5.318993,40,101,57.42857,29.764952,885.9524,0,0,0,0,0,0,0,0,0,67.0,40.0,101.0,0,0,0,0,0,0,4,160,2,202,-1,-1,3,20,0.0,0.0,0,0,0.0,0.0,0,0,Benign
17,203,2,2,88,188,44,44,44.0,0.0,94,94,94.0,0.0,1359605.911,19704.4335,67.666664,33.201405,106,48,48,48.0,0.0,48,48,49,49.0,0.0,49,49,0,0,0,0,64,64,9852.217,9852.217,44,94,64.0,27.386127,750.0,0,0,0,0,0,0,0,0,1,80.0,44.0,94.0,0,0,0,0,0,0,2,88,2,188,-1,-1,1,32,0.0,0.0,0,0,0.0,0.0,0,0,Benign
17,257,2,2,64,158,32,32,32.0,0.0,79,79,79.0,0.0,863813.2296,15564.20233,85.666664,146.64697,255,1,1,1.0,0.0,1,1,1,1.0,0.0,1,1,0,0,0,0,40,40,7782.101,7782.101,32,79,50.8,25.74296,662.7,0,0,0,0,0,0,0,0,1,63.5,32.0,79.0,0,0,0,0,0,0,2,64,2,158,-1,-1,1,20,0.0,0.0,0,0,0.0,0.0,0,0,Benign
17,355,2,2,80,242,40,40,40.0,0.0,121,121,121.0,0.0,907042.2535,11267.60563,118.333336,163.4299,305,1,1,1.0,0.0,1,1,49,49.0,0.0,49,49,0,0,0,0,64,64,5633.8027,5633.8027,40,121,72.4,44.36553,1968.3,0,0,0,0,0,0,0,0,1,90.5,40.0,121.0,0,0,0,0,0,0,2,80,2,242,-1,-1,1,32,0.0,0.0,0,0,0.0,0.0,0,0,Benign
6,5095887,9,5,381,6972,194,0,42.333332,69.39381,2920,0,1394.4,1428.4155,1442.928385,2.747313667,391991.3,1314320.8,4762666,14,5095887,636985.9,1668931.8,4762666,48,95776,23944.0,27541.951,50634,172,0,0,0,0,192,112,1.7661302,0.98118347,0,2920,490.2,1011.8389,1023818.0,0,0,0,1,0,0,0,0,0,525.2143,42.333332,1394.4,0,0,0,0,0,0,9,381,5,6972,8192,60,8,20,0.0,0.0,0,0,0.0,0.0,0,0,Benign
6,72,1,1,6,6,6,6,6.0,0.0,6,6,6.0,0.0,166666.6667,27777.77778,72.0,0.0,72,72,0,0.0,0.0,0,0,0,0.0,0.0,0,0,0,0,0,0,20,20,13888.889,13888.889,6,6,6.0,0.0,0.0,0,0,0,0,1,1,0,0,1,9.0,6.0,6.0,0,0,0,0,0,0,1,6,1,6,115,256,0,20,0.0,0.0,0,0,0.0,0.0,0,0,Benign
17,23973,2,2,78,302,39,39,39.0,0.0,151,151,151.0,0.0,15851.16589,166.8543778,7991.0,13792.335,23917,8,48,48.0,0.0,48,48,8,8.0,0.0,8,8,0,0,0,0,64,40,83.42719,83.42719,39,151,83.8,61.344925,3763.2,0,0,0,0,0,0,0,0,1,104.75,39.0,151.0,0,0,0,0,0,0,2,78,2,302,-1,-1,1,32,0.0,0.0,0,0,0.0,0.0,0,0,Benign
6,47,1,2,6,12,6,6,6.0,0.0,6,6,6.0,0.0,382978.7234,63829.78723,23.5,28.991379,44,3,0,0.0,0.0,0,0,3,3.0,0.0,3,3,0,0,0,0,20,40,21276.596,42553.19,6,6,6.0,0.0,0.0,0,0,0,0,1,1,0,0,2,8.0,6.0,6.0,0,0,0,0,0,0,1,6,2,12,245,250,0,20,0.0,0.0,0,0,0.0,0.0,0,0,Benign
17,28883387,2,2,105,206,53,52,52.5,0.70710677,137,69,103.0,48.08326,10.76743527,0.138487913,9627796.0,16600000.0,28800000,549,28900000,28900000.0,0.0,28900000,28900000,28800000,28800000.0,0.0,28800000,28800000,0,0,0,0,64,64,0.06924396,0.06924396,52,137,72.8,36.581417,1338.2,0,0,0,0,0,0,0,0,1,91.0,52.5,103.0,0,0,0,0,0,0,2,105,2,206,-1,-1,1,32,60010.0,0.0,60010,60010,28800000.0,0.0,28800000,28800000,Benign
17,71387,4,2,148,260,37,37,37.0,0.0,130,130,130.0,0.0,5715.32632,84.04891647,14277.4,21296.02,47648,4,47656,15885.333,27507.275,47648,4,4,4.0,0.0,4,4,0,0,0,0,104,40,56.03261,28.016306,37,130,63.57143,45.379353,2059.2856,0,0,0,0,0,0,0,0,0,74.166664,37.0,130.0,0,0,0,0,0,0,4,148,2,260,-1,-1,3,20,0.0,0.0,0,0,0.0,0.0,0,0,Benign
17,54417,2,2,78,206,39,39,39.0,0.0,103,103,103.0,0.0,5218.957311,73.506441,18139.0,31413.34,54412,1,1,1.0,0.0,1,1,4,4.0,0.0,4,4,0,0,0,0,64,64,36.75322,36.75322,39,103,64.6,35.054245,1228.8,0,0,0,0,0,0,0,0,1,80.75,39.0,103.0,0,0,0,0,0,0,2,78,2,206,-1,-1,1,32,0.0,0.0,0,0,0.0,0.0,0,0,Benign
17,31027,4,2,152,172,38,38,38.0,0.0,86,86,86.0,0.0,10442.51781,193.3799594,6205.4,13478.325,30311,3,30318,10106.0,17498.043,30311,3,48,48.0,0.0,48,48,0,0,0,0,104,64,128.91997,64.459984,38,86,51.714287,23.421602,548.5714,0,0,0,0,0,0,0,0,0,60.333332,38.0,86.0,0,0,0,0,0,0,4,152,2,172,-1,-1,3,20,0.0,0.0,0,0,0.0,0.0,0,0,Benign
6,66087,2,0,12,0,6,6,6.0,0.0,0,0,0.0,0.0,181.5788279,30.26313798,66087.0,0.0,66087,66087,66087,66087.0,0.0,66087,66087,0,0.0,0.0,0,0,0,0,0,0,40,0,30.263138,0.0,6,6,6.0,0.0,0.0,0,0,0,0,1,0,0,0,0,9.0,6.0,0.0,0,0,0,0,0,0,2,12,0,0,64240,-1,1,20,0.0,0.0,0,0,0.0,0.0,0,0,Benign
6,235221,4,4,2130,915,2118,0,532.5,1057.0038,901,2,228.75,448.17062,12945.27274,34.01056878,33603.0,39295.72,87453,4,235221,78407.0,34660.332,108061,40303,129041,43013.668,73533.15,127920,4,0,0,0,0,92,84,17.005285,17.005285,0,2118,338.33334,730.38074,533456.0,0,0,0,1,0,0,0,0,1,380.625,532.5,228.75,0,0,0,0,0,0,4,2130,4,915,8192,25622,3,20,0.0,0.0,0,0,0.0,0.0,0,0,Benign
6,53755,3,4,442,871,436,0,147.33333,250.01067,859,0,217.75,427.50937,24425.63482,130.2204446,8959.167,11536.371,24002,4,30006,15003.0,12914.599,24135,5871,29753,9917.667,16665.201,29158,4,0,0,0,0,72,92,55.80876,74.41168,0,859,164.125,319.05862,101798.414,0,0,0,1,0,0,0,0,1,187.57143,147.33333,217.75,0,0,0,0,0,0,3,442,4,871,8192,31,2,20,0.0,0.0,0,0,0.0,0.0,0,0,Benign
6,61107043,14,14,1968,3899,1591,0,140.57143,421.2941,1601,0,278.5,566.1,96.01184597,0.458212321,2263223.8,4202551.0,10000000,79,61100000,4700542.0,5154125.5,10100000,16860,61000000,4693988.5,5195598.0,10100000,216,0,0,0,0,292,364,0.22910616,0.22910616,0,1601,202.31035,487.3036,237464.8,0,0,0,1,0,0,0,0,1,209.53572,140.57143,278.5,0,0,0,0,0,0,14,1968,14,3899,8192,87,13,20,178196.83,228768.25,645168,84703,9977991.0,55068.03,10000000,9865597,Benign
6,5528599,10,6,710,5461,517,0,71.0,164.68286,2347,0,910.1667,967.77277,1116.195984,2.894042415,368573.28,1211609.6,4733158,1,5528599,614288.75,1549760.6,4733158,1,508960,101792.0,138737.69,258880,216,0,0,0,0,328,200,1.8087765,1.0852659,0,2347,363.0,694.0714,481735.12,0,0,0,1,0,0,0,0,0,385.6875,71.0,910.1667,0,0,0,0,0,0,10,710,6,5461,29200,129,3,32,0.0,0.0,0,0,0.0,0.0,0,0,Benign
17,47872,1,1,53,107,53,53,53.0,0.0,107,107,107.0,0.0,3342.245989,41.77807487,47872.0,0.0,47872,47872,0,0.0,0.0,0,0,0,0.0,0.0,0,0,0,0,0,0,32,32,20.889038,20.889038,53,107,71.0,31.176914,972.0,0,0,0,0,0,0,0,0,1,106.5,53.0,107.0,0,0,0,0,0,0,1,53,1,107,-1,-1,0,32,0.0,0.0,0,0,0.0,0.0,0,0,Benign
6,172,2,1,0,0,0,0,0.0,0.0,0,0,0.0,0.0,0.0,17441.86047,86.0,117.37972,169,3,3,3.0,0.0,3,3,0,0.0,0.0,0,0,0,0,0,0,64,32,11627.907,5813.9536,0,0,0.0,0.0,0.0,0,0,0,0,1,1,0,0,0,0.0,0.0,0.0,0,0,0,0,0,0,2,0,1,0,59,65535,0,32,0.0,0.0,0,0,0.0,0.0,0,0,Benign
17,243,2,2,68,182,34,34,34.0,0.0,91,91,91.0,0.0,1028806.584,16460.90535,81.0,100.64294,194,1,1,1.0,0.0,1,1,48,48.0,0.0,48,48,0,0,0,0,64,64,8230.453,8230.453,34,91,56.8,31.220186,974.7,0,0,0,0,0,0,0,0,1,71.0,34.0,91.0,0,0,0,0,0,0,2,68,2,182,-1,-1,1,32,0.0,0.0,0,0,0.0,0.0,0,0,Benign
6,195705,3,4,489,297,483,0,163.0,277.14438,285,0,74.25,140.52847,4016.248946,35.76812039,32617.5,53522.875,138171,3,166679,83339.5,77543.45,138171,28508,167324,55774.668,96113.06,166756,3,0,0,0,0,72,88,15.329194,20.438927,0,483,98.25,184.15735,33913.93,0,0,0,1,0,0,0,0,1,112.28571,163.0,74.25,0,0,0,0,0,0,3,489,4,297,8192,4863,2,20,0.0,0.0,0,0,0.0,0.0,0,0,Benign
6,3885865,5,1,135,46,46,6,27.0,20.12461,46,46,46.0,0.0,46.5790757,1.544057758,777173.0,1662794.9,3751455,4,3885865,971466.25,1853669.0,3751455,4,0,0.0,0.0,0,0,1,0,0,0,100,20,1.2867148,0.25734296,6,46,32.42857,18.866701,355.9524,0,1,0,0,1,0,0,0,0,37.833332,27.0,46.0,0,0,0,0,0,0,5,135,1,46,254,360,4,20,0.0,0.0,0,0,0.0,0.0,0,0,Benign
6,116061641,25,27,295,18402,295,0,11.8,59.0,1448,0,681.55554,711.32214,161.0954303,0.44803778,2275718.5,4169568.5,10000000,1,116000000,4835901.5,5015944.5,10000000,241,111000000,4251813.0,5060134.0,10000000,56,0,0,0,0,808,872,0.21540278,0.232635,0,1448,352.7736,607.4642,369012.72,0,0,0,1,0,0,0,0,1,359.55768,11.8,681.55554,0,0,0,0,0,0,25,295,27,18402,29200,118,1,32,34709.637,12372.168,72012,30870,10000000.0,5457.547,10000000,9998951,Benign
17,220,2,2,106,202,53,53,53.0,0.0,101,101,101.0,0.0,1400000.0,18181.81818,73.333336,43.015503,123,48,49,49.0,0.0,49,49,48,48.0,0.0,48,48,0,0,0,0,40,40,9090.909,9090.909,53,101,72.2,26.290682,691.2,0,0,0,0,0,0,0,0,1,90.25,53.0,101.0,0,0,0,0,0,0,2,106,2,202,-1,-1,1,20,0.0,0.0,0,0,0.0,0.0,0,0,Benign
6,116589024,20,16,978,1192,517,0,48.9,138.91833,1032,0,74.5,258.43375,18.6123867,0.308776922,3331115.0,4718774.5,10200000,48,117000000,6136264.5,4938266.0,10200000,48,114000000,7588559.5,4508058.5,10200000,1146,0,0,0,0,648,520,0.17154273,0.13723418,0,1032,58.648647,195.63632,38273.566,0,0,0,1,0,0,0,0,0,60.27778,48.9,74.5,0,0,0,0,0,0,20,978,16,1192,29200,61,4,32,185176.9,476022.6,1620439,41561,10200000.0,80498.7,10200000,9967971,Benign
6,67,1,2,6,12,6,6,6.0,0.0,6,6,6.0,0.0,268656.7164,44776.1194,33.5,21.920311,49,18,0,0.0,0.0,0,0,49,49.0,0.0,49,49,0,0,0,0,20,40,14925.373,29850.746,6,6,6.0,0.0,0.0,0,0,0,0,1,1,0,0,2,8.0,6.0,6.0,0,0,0,0,0,0,1,6,2,12,245,256,0,20,0.0,0.0,0,0,0.0,0.0,0,0,Benign
17,30702,1,1,56,72,56,56,56.0,0.0,72,72,72.0,0.0,4169.109504,65.142336,30702.0,0.0,30702,30702,0,0.0,0.0,0,0,0,0.0,0.0,0,0,0,0,0,0,32,40,32.571167,32.571167,56,72,61.333332,9.237604,85.333336,0,0,0,0,0,0,0,0,1,92.0,56.0,72.0,0,0,0,0,0,0,1,56,1,72,-1,-1,0,32,0.0,0.0,0,0,0.0,0.0,0,0,Benign
17,190492,1,1,61,151,61,61,61.0,0.0,151,151,151.0,0.0,1112.907629,10.49912857,190492.0,0.0,190492,190492,0,0.0,0.0,0,0,0,0.0,0.0,0,0,0,0,0,0,40,32,5.249564,5.249564,61,151,91.0,51.961525,2700.0,0,0,0,0,0,0,0,0,1,136.5,61.0,151.0,0,0,0,0,0,0,1,61,1,151,-1,-1,0,40,0.0,0.0,0,0,0.0,0.0,0,0,Benign
6,30175086,9,10,1069,3762,690,0,118.77778,227.73657,1460,0,376.2,590.4416,160.0989638,0.62965852,1676393.6,3819525.8,10000000,1,20200000,2526607.5,4624460.5,10000000,12480,30100000,3348817.2,4988613.0,10000000,48,0,0,0,0,192,236,0.2982593,0.33139923,0,1460,241.55,454.6724,206727.0,0,0,0,1,0,0,0,0,1,254.26315,118.77778,376.2,0,0,0,0,0,0,9,1069,10,3762,8192,62,8,20,81985.664,80331.08,174744,35573,9976360.0,43090.973,10000000,9926604,Benign
17,97210,2,2,70,180,35,35,35.0,0.0,90,90,90.0,0.0,2571.751877,41.14803004,32403.334,56120.754,97206,1,1,1.0,0.0,1,1,3,3.0,0.0,3,3,0,0,0,0,40,64,20.574015,20.574015,35,90,57.0,30.12474,907.5,0,0,0,0,0,0,0,0,1,71.25,35.0,90.0,0,0,0,0,0,0,2,70,2,180,-1,-1,1,20,0.0,0.0,0,0,0.0,0.0,0,0,Benign
6,31117680,10,10,1326,6204,430,0,132.6,205.23386,2064,0,620.4,774.8862,241.984621,0.642721437,1637772.6,3647119.8,9999920,3,21700000,2407237.0,4338614.0,10000000,87,31100000,3452669.0,4808601.5,10000000,48,0,0,0,0,212,236,0.3213607,0.3213607,0,2064,358.57144,596.14905,355393.66,0,0,0,1,0,0,0,0,1,376.5,132.6,620.4,0,0,0,0,0,0,10,1326,10,6204,8192,1013,9,20,834336.5,1117594.2,1624595,44078,9998230.0,2390.021,9999920,9996540,Benign
17,24272,2,2,66,316,33,33,33.0,0.0,158,158,158.0,0.0,15738.29927,164.7989453,8090.6665,14009.981,24268,1,3,3.0,0.0,3,3,1,1.0,0.0,1,1,0,0,0,0,64,64,82.399475,82.399475,33,158,83.0,68.46532,4687.5,0,0,0,0,0,0,0,0,1,103.75,33.0,158.0,0,0,0,0,0,0,2,66,2,316,-1,-1,1,32,0.0,0.0,0,0,0.0,0.0,0,0,Benign
17,199,2,2,110,174,55,55,55.0,0.0,87,87,87.0,0.0,1427135.678,20100.50251,66.333336,31.754265,103,48,48,48.0,0.0,48,48,48,48.0,0.0,48,48,0,0,0,0,64,64,10050.251,10050.251,55,87,67.8,17.527122,307.2,0,0,0,0,0,0,0,0,1,84.75,55.0,87.0,0,0,0,0,0,0,2,110,2,174,-1,-1,1,32,0.0,0.0,0,0,0.0,0.0,0,0,Benign
0,113002888,149,0,0,0,0,0,0.0,0.0,0,0,0.0,0.0,0.0,1.318550372,763533.0,2071401.2,10900000,0,113000000,763533.0,2071401.2,10900000,0,0,0.0,0.0,0,0,0,0,0,0,0,0,1.3185503,0.0,0,0,0.0,0.0,0.0,0,0,0,0,0,0,0,0,0,0.0,0.0,0.0,0,0,0,0,0,0,149,0,0,0,-1,-1,0,0,4171327.5,4023341.5,11900000,4,7773041.5,1815832.2,10900000,5401890,Benign
17,232316,1,1,43,126,43,43,43.0,0.0,126,126,126.0,0.0,727.4574287,8.608963653,232316.0,0.0,232316,232316,0,0.0,0.0,0,0,0,0.0,0.0,0,0,0,0,0,0,32,20,4.304482,4.304482,43,126,70.666664,47.92007,2296.3333,0,0,0,0,0,0,0,0,1,106.0,43.0,126.0,0,0,0,0,0,0,1,43,1,126,-1,-1,0,32,0.0,0.0,0,0,0.0,0.0,0,0,Benign
6,51126,18,21,200,454,43,0,11.111111,12.189141,50,0,21.619047,13.958783,12791.92583,762.8212651,1345.421,5564.0894,31157,0,51062,3003.647,8250.073,31545,2,50992,2549.6,7569.258,31157,0,0,0,0,0,384,444,352.07135,410.7499,0,50,16.35,14.112279,199.15642,0,0,0,1,0,0,0,0,1,16.76923,11.111111,21.619047,0,0,0,0,0,0,18,200,21,454,8192,229,16,20,0.0,0.0,0,0,0.0,0.0,0,0,Benign
17,31462,2,2,72,184,36,36,36.0,0.0,92,92,92.0,0.0,8136.799949,127.1374992,10487.333,18122.174,31413,1,1,1.0,0.0,1,1,48,48.0,0.0,48,48,0,0,0,0,64,64,63.56875,63.56875,36,92,58.4,30.672462,940.8,0,0,0,0,0,0,0,0,1,73.0,36.0,92.0,0,0,0,0,0,0,2,72,2,184,-1,-1,1,32,0.0,0.0,0,0,0.0,0.0,0,0,Benign
17,49260,1,1,46,111,46,46,46.0,0.0,111,111,111.0,0.0,3187.170118,40.60089322,49260.0,0.0,49260,49260,0,0.0,0.0,0,0,0,0.0,0.0,0,0,0,0,0,0,40,32,20.300447,20.300447,46,111,67.666664,37.527767,1408.3334,0,0,0,0,0,0,0,0,1,101.5,46.0,111.0,0,0,0,0,0,0,1,46,1,111,-1,-1,0,40,0.0,0.0,0,0,0.0,0.0,0,0,Benign
6,42324,1,1,6,6,6,6,6.0,0.0,6,6,6.0,0.0,283.5270768,47.25451281,42324.0,0.0,42324,42324,0,0.0,0.0,0,0,0,0.0,0.0,0,0,0,0,0,0,20,20,23.627256,23.627256,6,6,6.0,0.0,0.0,0,0,0,0,1,1,0,0,1,9.0,6.0,6.0,0,0,0,0,0,0,1,6,1,6,252,62,0,20,0.0,0.0,0,0,0.0,0.0,0,0,Benign
17,66508,1,1,52,68,52,52,52.0,0.0,68,68,68.0,0.0,1804.29422,30.07157034,66508.0,0.0,66508,66508,0,0.0,0.0,0,0,0,0.0,0.0,0,0,0,0,0,0,20,20,15.035785,15.035785,52,68,57.333332,9.237604,85.333336,0,0,0,0,0,0,0,0,1,86.0,52.0,68.0,0,0,0,0,0,0,1,52,1,68,-1,-1,0,20,0.0,0.0,0,0,0.0,0.0,0,0,Benign
17,74511227,2,2,110,194,66,44,55.0,15.556349,122,72,97.0,35.35534,4.079922077,0.053683185,24800000.0,43000000.0,74400000,24574,74500000,74500000.0,0.0,74500000,74500000,74500000,74500000.0,0.0,74500000,74500000,0,0,0,0,52,52,0.026841594,0.026841594,44,122,69.6,31.918646,1018.8,0,0,0,0,0,0,0,0,1,87.0,55.0,97.0,0,0,0,0,0,0,2,110,2,194,-1,-1,1,20,50122.0,0.0,50122,50122,74400000.0,0.0,74400000,74400000,Benign
17,23835,2,2,64,256,32,32,32.0,0.0,128,128,128.0,0.0,13425.63457,167.8204321,7945.0,13716.995,23784,3,3,3.0,0.0,3,3,48,48.0,0.0,48,48,0,0,0,0,40,40,83.91022,83.91022,32,128,70.4,52.581364,2764.8,0,0,0,0,0,0,0,0,1,88.0,32.0,128.0,0,0,0,0,0,0,2,64,2,256,-1,-1,1,20,0.0,0.0,0,0,0.0,0.0,0,0,Benign
6,5931314,3,1,12,0,6,0,4.0,3.4641016,0,0,0.0,0.0,2.023160467,0.674386822,1977104.6,3391341.0,5893026,90,5931314,2965657.0,4139925.0,5893026,38288,0,0.0,0.0,0,0,0,0,0,0,72,32,0.5057901,0.1685967,0,6,2.4,3.2863352,10.8,0,0,0,1,0,0,0,0,0,3.0,4.0,0.0,0,0,0,0,0,0,3,12,1,0,8192,29200,2,20,0.0,0.0,0,0,0.0,0.0,0,0,Benign
6,1292,3,1,43,6,31,6,14.333333,14.433757,6,6,6.0,0.0,37925.69659,3095.975232,430.66666,670.9801,1204,3,1207,603.5,849.2352,1204,3,0,0.0,0.0,0,0,0,0,0,0,60,20,2321.9814,773.99384,6,31,11.0,11.18034,125.0,0,0,0,0,1,0,0,0,0,13.75,14.333333,6.0,0,0,0,0,0,0,3,43,1,6,1114,0,2,20,0.0,0.0,0,0,0.0,0.0,0,0,Benign
17,37746,4,4,264,588,66,66,66.0,0.0,147,147,147.0,0.0,22571.92815,211.9429873,5392.2856,11601.346,31147,3,37598,12532.667,21702.02,37592,3,6596,2198.6667,3725.93,6501,47,0,0,0,0,104,80,105.9715,105.9715,66,147,102.0,42.69075,1822.5,0,0,0,0,0,0,0,0,1,114.75,66.0,147.0,0,0,0,0,0,0,4,264,4,588,-1,-1,3,20,0.0,0.0,0,0,0.0,0.0,0,0,Benign
6,12962763,11,7,379,6094,192,0,34.454544,63.892666,1420,0,870.5714,689.35205,499.3534172,1.388592849,762515.5,1483585.4,4140115,3,13000000,1296276.2,1773420.1,4140115,3,1569044,261507.33,470418.75,1213237,211,0,0,0,0,256,152,0.84858453,0.5400083,0,1420,340.6842,577.5971,333618.44,0,0,0,1,0,0,0,0,0,359.6111,34.454544,870.5714,0,0,0,0,0,0,11,379,7,6094,8192,231,8,20,0.0,0.0,0,0,0.0,0.0,0,0,Benign
17,30758,1,1,58,139,58,58,58.0,0.0,139,139,139.0,0.0,6404.837766,65.02373366,30758.0,0.0,30758,30758,0,0.0,0.0,0,0,0,0.0,0.0,0,0,0,0,0,0,32,20,32.511868,32.511868,58,139,85.0,46.765373,2187.0,0,0,0,0,0,0,0,0,1,127.5,58.0,139.0,0,0,0,0,0,0,1,58,1,139,-1,-1,0,32,0.0,0.0,0,0,0.0,0.0,0,0,Benign
6,88,2,1,31,6,31,0,15.5,21.920311,6,6,6.0,0.0,420454.5455,34090.90909,44.0,60.811184,87,1,1,1.0,0.0,1,1,0,0.0,0.0,0,0,1,0,0,0,64,20,22727.273,11363.637,0,31,17.0,16.35033,267.33334,0,1,0,0,1,0,0,0,0,22.666666,15.5,6.0,0,0,0,0,0,0,2,31,1,6,972,0,0,32,0.0,0.0,0,0,0.0,0.0,0,0,Benign
17,167,2,2,90,172,45,45,45.0,0.0,86,86,86.0,0.0,1568862.275,23952.09581,55.666668,90.3567,160,3,4,4.0,0.0,4,4,3,3.0,0.0,3,3,0,0,0,0,40,40,11976.048,11976.048,45,86,61.4,22.456625,504.3,0,0,0,0,0,0,0,0,1,76.75,45.0,86.0,0,0,0,0,0,0,2,90,2,172,-1,-1,1,20,0.0,0.0,0,0,0.0,0.0,0,0,Benign
6,596,3,1,0,0,0,0,0.0,0.0,0,0,0.0,0.0,0.0,6711.409396,198.66667,298.30243,542,3,596,298.0,417.193,593,3,0,0.0,0.0,0,0,0,0,0,0,104,40,5033.557,1677.8523,0,0,0.0,0.0,0.0,0,0,0,1,0,0,0,0,0,0.0,0.0,0.0,0,0,0,0,0,0,3,0,1,0,29200,28960,0,32,0.0,0.0,0,0,0.0,0.0,0,0,PortScan
17,309,2,2,82,632,41,41,41.0,0.0,316,316,316.0,0.0,2310679.612,12944.98382,103.0,135.33662,257,3,49,49.0,0.0,49,49,3,3.0,0.0,3,3,0,0,0,0,64,64,6472.4917,6472.4917,41,316,151.0,150.6237,22687.5,0,0,0,0,0,0,0,0,1,188.75,41.0,316.0,0,0,0,0,0,0,2,82,2,632,-1,-1,1,32,0.0,0.0,0,0,0.0,0.0,0,0,Benign
6,5908450,3,1,12,0,6,0,4.0,3.4641016,0,0,0.0,0.0,2.030989515,0.676996505,1969483.4,3379194.5,5871383,106,5908450,2954225.0,4125484.5,5871383,37067,0,0.0,0.0,0,0,0,0,0,0,72,32,0.50774735,0.16924913,0,6,2.4,3.2863352,10.8,0,0,0,1,0,0,0,0,0,3.0,4.0,0.0,0,0,0,0,0,0,3,12,1,0,8192,29200,2,20,0.0,0.0,0,0,0.0,0.0,0,0,Benign
17,48812,2,2,72,104,36,36,36.0,0.0,52,52,52.0,0.0,3605.670737,81.9470622,16270.667,28173.826,48803,4,4,4.0,0.0,4,4,5,5.0,0.0,5,5,0,0,0,0,40,40,40.97353,40.97353,36,52,42.4,8.763561,76.8,0,0,0,0,0,0,0,0,1,53.0,36.0,52.0,0,0,0,0,0,0,2,72,2,104,-1,-1,1,20,0.0,0.0,0,0,0.0,0.0,0,0,Benign
17,23632,1,1,81,209,81,81,81.0,0.0,209,209,209.0,0.0,12271.49628,84.6310088,23632.0,0.0,23632,23632,0,0.0,0.0,0,0,0,0.0,0.0,0,0,0,0,0,0,20,32,42.315506,42.315506,81,209,123.666664,73.90083,5461.3335,0,0,0,0,0,0,0,0,1,185.5,81.0,209.0,0,0,0,0,0,0,1,81,1,209,-1,-1,0,20,0.0,0.0,0,0,0.0,0.0,0,0,Benign
17,212,2,2,86,198,43,43,43.0,0.0,99,99,99.0,0.0,1339622.642,18867.92453,70.666664,81.40229,161,3,48,48.0,0.0,48,48,3,3.0,0.0,3,3,0,0,0,0,88,88,9433.962,9433.962,43,99,65.4,30.672462,940.8,0,0,0,0,0,0,0,0,1,81.75,43.0,99.0,0,0,0,0,0,0,2,86,2,198,-1,-1,1,44,0.0,0.0,0,0,0.0,0.0,0,0,Benign
6,46,1,1,0,0,0,0,0.0,0.0,0,0,0.0,0.0,0.0,43478.26087,46.0,0.0,46,46,0,0.0,0.0,0,0,0,0.0,0.0,0,0,0,0,0,0,32,32,21739.13,21739.13,0,0,0.0,0.0,0.0,0,0,0,0,1,1,0,0,1,0.0,0.0,0.0,0,0,0,0,0,0,1,0,1,0,134,245,0,32,0.0,0.0,0,0,0.0,0.0,0,0,Benign
17,30852,2,2,74,176,37,37,37.0,0.0,88,88,88.0,0.0,8103.202386,129.6512382,10284.0,17808.947,30848,1,1,1.0,0.0,1,1,3,3.0,0.0,3,3,0,0,0,0,80,64,64.82562,64.82562,37,88,57.4,27.933851,780.3,0,0,0,0,0,0,0,0,1,71.75,37.0,88.0,0,0,0,0,0,0,2,74,2,176,-1,-1,1,40,0.0,0.0,0,0,0.0,0.0,0,0,Benign
6,5485,3,1,43,6,31,6,14.333333,14.433757,6,6,6.0,0.0,8933.454877,729.2616226,1828.3334,3149.4514,5465,4,5469,2734.5,3861.5103,5465,4,0,0.0,0.0,0,0,0,0,0,0,60,20,546.9462,182.3154,6,31,11.0,11.18034,125.0,0,0,0,0,1,0,0,0,0,13.75,14.333333,6.0,0,0,0,0,0,0,3,43,1,6,980,0,2,20,0.0,0.0,0,0,0.0,0.0,0,0,Benign
17,30369,1,1,48,88,48,48,48.0,0.0,88,88,88.0,0.0,4478.250848,65.85663012,30369.0,0.0,30369,30369,0,0.0,0.0,0,0,0,0.0,0.0,0,0,0,0,0,0,20,20,32.928314,32.928314,48,88,61.333332,23.094011,533.3333,0,0,0,0,0,0,0,0,1,92.0,48.0,88.0,0,0,0,0,0,0,1,48,1,88,-1,-1,0,20,0.0,0.0,0,0,0.0,0.0,0,0,Benign
6,925659,15,20,668,26598,352,0,44.533333,102.166435,2896,0,1329.9,744.22046,29455.77151,37.81090013,27225.266,73645.055,226555,2,925548,66110.57,107104.97,236025,47,699104,36794.95,85052.68,233020,2,0,0,0,0,488,648,16.204672,21.606228,0,2896,757.3889,852.24097,726314.6,0,0,0,1,0,0,0,0,1,779.02856,44.533333,1329.9,0,0,0,0,0,0,15,668,20,26598,29200,130,3,32,0.0,0.0,0,0,0.0,0.0,0,0,Benign
6,1023281,3,3,0,18,0,0,0.0,0.0,6,6,6.0,0.0,17.59047613,5.863492042,204656.2,279144.16,513901,775,1022496,511248.0,4965.3037,514759,507737,1022423,511211.5,4899.543,514676,507747,0,0,0,0,92,60,2.931746,2.931746,0,6,2.5714285,3.207135,10.285714,0,0,0,1,0,0,0,0,1,3.0,0.0,6.0,0,0,0,0,0,0,3,0,3,18,8192,0,0,28,0.0,0.0,0,0,0.0,0.0,0,0,Benign
17,24152,2,2,72,328,36,36,36.0,0.0,164,164,164.0,0.0,16561.77542,165.6177542,8050.6665,13937.235,24144,4,4,4.0,0.0,4,4,4,4.0,0.0,4,4,0,0,0,0,64,64,82.808876,82.808876,36,164,87.2,70.10849,4915.2,0,0,0,0,0,0,0,0,1,109.0,36.0,164.0,0,0,0,0,0,0,2,72,2,328,-1,-1,1,32,0.0,0.0,0,0,0.0,0.0,0,0,Benign
6,70918615,698,1913,10608,3777321,1211,0,15.197708,74.01036,4344,0,1974.5536,797.41754,53412.33751,36.81684985,27171.883,1156339.8,58500000,0,70900000,101748.375,2237144.5,58500000,0,70900000,37079.293,1351737.0,58600000,0,0,0,0,0,24972,61224,9.842268,26.974583,0,4344,1450.2025,1104.4685,1219850.6,0,0,0,1,0,0,0,0,2,1450.7579,15.197708,1974.5536,0,0,0,0,0,0,698,10608,1913,3777321,29200,2183,42,32,2335079.0,1834387.8,3632187,1037971,33100000.0,36000000.0,58500000,7685091,Benign
6,5824542,8,5,376,3029,195,0,47.0,73.03033,1512,0,605.8,803.96094,584.595321,2.231935146,485378.5,1532246.1,5347582,13,5824542,832077.44,1992766.5,5347582,48,230950,57737.5,70118.59,147660,205,0,0,0,0,172,112,1.3734986,0.8584366,0,1512,243.21428,529.6764,280557.1,0,0,0,1,0,0,0,0,0,261.92307,47.0,605.8,0,0,0,0,0,0,8,376,5,3029,8192,110,7,20,476912.0,0.0,476912,476912,5347582.0,0.0,5347582,5347582,Benign
6,241920,3,0,18,0,6,6,6.0,0.0,0,0,0.0,0.0,74.4047619,12.40079365,120960.0,171059.03,241917,3,241920,120960.0,171059.03,241917,3,0,0.0,0.0,0,0,0,0,0,0,60,0,12.400794,0.0,6,6,6.0,0.0,0.0,0,0,0,0,1,1,0,0,0,8.0,6.0,0.0,0,0,0,0,0,0,3,18,0,0,351,-1,2,20,0.0,0.0,0,0,0.0,0.0,0,0,Benign
6,147806,7,6,1271,3643,940,0,181.57143,342.48495,1590,0,607.1667,724.62634,33246.28229,87.95312775,12317.167,16730.65,38629,40,113657,18942.834,19347.953,38671,183,114552,22910.4,19105.984,38864,216,0,0,0,0,160,132,47.359375,40.59375,0,1590,351.0,557.954,311312.62,0,0,0,1,0,0,0,0,0,378.0,181.57143,607.1667,0,0,0,0,0,0,7,1271,6,3643,29200,138,6,20,0.0,0.0,0,0,0.0,0.0,0,0,Benign
17,219876,2,2,90,346,45,45,45.0,0.0,173,173,173.0,0.0,1982.935837,18.1920719,73292.0,126939.41,219869,3,3,3.0,0.0,3,3,4,4.0,0.0,4,4,0,0,0,0,64,40,9.096036,9.096036,45,173,96.2,70.10849,4915.2,0,0,0,0,0,0,0,0,1,120.25,45.0,173.0,0,0,0,0,0,0,2,90,2,346,-1,-1,1,32,0.0,0.0,0,0,0.0,0.0,0,0,Benign
17,247559,1,1,54,110,54,54,54.0,0.0,110,110,110.0,0.0,662.4683409,8.078882206,247559.0,0.0,247559,247559,0,0.0,0.0,0,0,0,0.0,0.0,0,0,0,0,0,0,20,32,4.039441,4.039441,54,110,72.666664,32.331615,1045.3334,0,0,0,0,0,0,0,0,1,109.0,54.0,110.0,0,0,0,0,0,0,1,54,1,110,-1,-1,0,20,0.0,0.0,0,0,0.0,0.0,0,0,Benign
6,653416,10,7,535,3431,198,0,53.5,81.52607,2981,0,490.14285,1102.3251,6069.640168,26.0171162,40838.5,84726.89,259321,4,653416,72601.78,105101.54,259321,48,376519,62753.168,105974.92,276223,4,0,0,0,0,340,232,15.304186,10.71293,0,2981,220.33333,693.9657,481588.34,0,0,0,1,0,0,0,0,0,233.29411,53.5,490.14285,0,0,0,0,0,0,10,535,7,3431,29200,118,4,32,0.0,0.0,0,0,0.0,0.0,0,0,Benign
17,214,2,2,76,244,38,38,38.0,0.0,122,122,122.0,0.0,1495327.103,18691.58879,71.333336,83.48254,164,2,48,48.0,0.0,48,48,2,2.0,0.0,2,2,0,0,0,0,40,40,9345.794,9345.794,38,122,71.6,46.008694,2116.8,0,0,0,0,0,0,0,0,1,89.5,38.0,122.0,0,0,0,0,0,0,2,76,2,244,-1,-1,1,20,0.0,0.0,0,0,0.0,0.0,0,0,Benign
17,47279,1,1,41,76,41,41,41.0,0.0,76,76,76.0,0.0,2474.67163,42.30207915,47279.0,0.0,47279,47279,0,0.0,0.0,0,0,0,0.0,0.0,0,0,0,0,0,0,32,32,21.15104,21.15104,41,76,52.666668,20.20726,408.33334,0,0,0,0,0,0,0,0,1,79.0,41.0,76.0,0,0,0,0,0,0,1,41,1,76,-1,-1,0,32,0.0,0.0,0,0,0.0,0.0,0,0,Benign
17,137,2,2,62,94,31,31,31.0,0.0,47,47,47.0,0.0,1138686.131,29197.08029,45.666668,73.90083,131,3,3,3.0,0.0,3,3,3,3.0,0.0,3,3,0,0,0,0,40,40,14598.54,14598.54,31,47,37.4,8.763561,76.8,0,0,0,0,0,0,0,0,1,46.75,31.0,47.0,0,0,0,0,0,0,2,62,2,94,-1,-1,1,20,0.0,0.0,0,0,0.0,0.0,0,0,Benign
0,103840729,135,0,0,0,0,0,0.0,0.0,0,0,0.0,0.0,0.0,1.300067915,774930.8,2088847.8,11500000,0,104000000,774930.8,2088847.8,11500000,0,0,0.0,0.0,0,0,0,0,0,0,0,0,1.3000679,0.0,0,0,0.0,0.0,0.0,0,0,0,0,0,0,0,0,0,0.0,0.0,0.0,0,0,0,0,0,0,135,0,0,0,-1,-1,0,0,5098683.0,4937316.0,16500000,41966,7881408.0,2441071.2,11500000,5170595,Benign
6,32061887,17,14,4924,2174,1583,0,289.64706,498.48218,348,0,155.28572,127.24382,221.3843496,0.966880084,1068729.6,5815832.5,31900000,2,32100000,2003868.0,7962039.0,31900000,2,2231,171.61539,191.19647,485,3,0,0,0,0,364,304,0.53022456,0.43665552,0,1583,221.8125,375.69818,141149.12,0,0,0,1,0,0,0,0,0,228.96774,289.64706,155.28572,0,0,0,0,0,0,17,4924,14,2174,8192,2049,15,20,0.0,0.0,0,0,0.0,0.0,0,0,Benign
17,250,2,2,94,256,47,47,47.0,0.0,128,128,128.0,0.0,1400000.0,16000.0,83.333336,103.84764,200,1,1,1.0,0.0,1,1,49,49.0,0.0,49,49,0,0,0,0,80,80,8000.0,8000.0,47,128,79.4,44.36553,1968.3,0,0,0,0,0,0,0,0,1,99.25,47.0,128.0,0,0,0,0,0,0,2,94,2,256,-1,-1,1,40,0.0,0.0,0,0,0.0,0.0,0,0,Benign
6,242,2,0,12,0,6,6,6.0,0.0,0,0,0.0,0.0,49586.77686,8264.46281,242.0,0.0,242,242,242,242.0,0.0,242,242,0,0.0,0.0,0,0,0,0,0,0,40,0,8264.463,0.0,6,6,6.0,0.0,0.0,0,0,0,0,1,0,0,0,0,9.0,6.0,0.0,0,0,0,0,0,0,2,12,0,0,39,-1,1,20,0.0,0.0,0,0,0.0,0.0,0,0,Benign
17,31306,2,2,62,318,31,31,31.0,0.0,159,159,159.0,0.0,12138.24826,127.7710343,10435.333,18028.643,31253,4,49,49.0,0.0,49,49,4,4.0,0.0,4,4,0,0,0,0,40,40,63.885517,63.885517,31,159,82.2,70.10849,4915.2,0,0,0,0,0,0,0,0,1,102.75,31.0,159.0,0,0,0,0,0,0,2,62,2,318,-1,-1,1,20,0.0,0.0,0,0,0.0,0.0,0,0,Benign
6,75631478,11,10,370,685,316,0,33.636364,93.66672,637,0,68.5,199.75945,13.94921834,0.277662166,3781574.0,4802401.5,10000000,17,70900000,7093547.5,4751583.0,10100000,34218,75600000,8399700.0,3424683.8,10100000,598969,0,0,0,0,240,208,0.14544208,0.13222007,0,637,47.954544,147.30031,21697.379,0,0,0,1,0,0,0,0,0,50.238094,33.636364,68.5,0,0,0,0,0,0,11,370,10,685,29200,1024,10,20,118434.0,226966.84,633146,32393,10000000.0,9339.015,10000000,9998364,Benign
6,117128623,18,15,984,1832,447,0,54.666668,142.73917,913,0,122.13333,321.09476,24.04194575,0.281741552,3660269.5,4747574.0,10000000,103,117000000,6889919.0,4497558.5,10000000,306,112000000,7977348.0,4070049.2,10000000,14964,0,0,0,0,372,444,0.15367721,0.12806435,0,913,82.82353,235.7516,55578.816,0,0,0,1,0,0,0,0,0,85.333336,54.666668,122.13333,0,0,0,0,0,0,18,984,15,1832,8192,980,17,20,169777.9,512949.56,1716379,14962,9983203.0,68272.86,10000000,9777522,Benign
17,30305,1,1,57,185,57,57,57.0,0.0,185,185,185.0,0.0,7985.480944,65.99571028,30305.0,0.0,30305,30305,0,0.0,0.0,0,0,0,0.0,0.0,0,0,0,0,0,0,20,40,32.997856,32.997856,57,185,99.666664,73.90083,5461.3335,0,0,0,0,0,0,0,0,1,149.5,57.0,185.0,0,0,0,0,0,0,1,57,1,185,-1,-1,0,20,0.0,0.0,0,0,0.0,0.0,0,0,Benign
17,75028,2,2,76,196,38,38,38.0,0.0,98,98,98.0,0.0,3625.313216,53.31342965,25009.334,43313.973,75024,1,1,1.0,0.0,1,1,3,3.0,0.0,3,3,0,0,0,0,40,40,26.656715,26.656715,38,98,62.0,32.863354,1080.0,0,0,0,0,0,0,0,0,1,77.5,38.0,98.0,0,0,0,0,0,0,2,76,2,196,-1,-1,1,20,0.0,0.0,0,0,0.0,0.0,0,0,Benign
17,211,2,2,82,254,41,41,41.0,0.0,127,127,127.0,0.0,1592417.062,18957.34597,70.333336,81.54344,161,3,3,3.0,0.0,3,3,47,47.0,0.0,47,47,0,0,0,0,64,64,9478.673,9478.673,41,127,75.4,47.10414,2218.8,0,0,0,0,0,0,0,0,1,94.25,41.0,127.0,0,0,0,0,0,0,2,82,2,254,-1,-1,1,32,0.0,0.0,0,0,0.0,0.0,0,0,Benign
6,4836237,5,1,123,46,46,0,24.6,23.276598,46,46,46.0,0.0,34.94452402,1.240633989,967247.4,2113145.2,4747147,19,4836237,1209059.2,2358819.0,4747147,19,0,0.0,0.0,0,0,1,0,0,0,160,32,1.0338616,0.20677233,0,46,30.714285,21.684975,470.2381,0,1,0,0,1,0,0,0,0,35.833332,24.6,46.0,0,0,0,0,0,0,5,123,1,46,1161,1039,2,32,0.0,0.0,0,0,0.0,0.0,0,0,Benign
6,115621314,18,15,592,768,296,0,32.88889,95.720726,384,0,51.2,135.11646,11.76253714,0.285414504,3613166.0,4859481.5,10200000,68,116000000,6801254.0,4796500.5,10200000,68,113000000,8043685.0,4297256.0,10200000,558,0,0,0,0,584,488,0.15568064,0.12973386,0,384,40.0,112.242165,12598.303,0,0,0,1,0,0,0,0,0,41.21212,32.88889,51.2,0,0,0,0,0,0,18,592,15,768,29200,972,2,32,53980.727,105392.99,371746,21784,10200000.0,77164.39,10200000,10000000,Benign
6,117734318,52,62,2187,82775,376,0,42.057693,111.7726,2896,0,1335.0807,1016.9168,721.6417561,0.968281822,1041896.6,3040115.0,10200000,2,118000000,2308516.0,4221334.0,10200000,4,115000000,1888504.2,3958965.8,10200000,49,0,0,0,0,1672,1992,0.4416724,0.5266094,0,2896,738.8,989.20404,978524.6,0,0,0,1,0,0,0,0,1,745.2807,42.057693,1335.0807,0,0,0,0,0,0,52,2187,62,82775,29200,1106,8,32,264360.8,798088.75,2670689,23584,10200000.0,26610.84,10200000,10100000,Benign
6,47163,1,2,0,0,0,0,0.0,0.0,0,0,0.0,0.0,0.0,63.60918517,23581.5,1006.21295,24293,22870,0,0.0,0.0,0,0,22870,22870.0,0.0,22870,22870,0,0,0,0,32,64,21.203062,42.406124,0,0,0.0,0.0,0.0,0,0,0,0,1,1,0,0,2,0.0,0.0,0.0,0,0,0,0,0,0,1,0,2,0,287,155,0,32,0.0,0.0,0,0,0.0,0.0,0,0,Benign
6,95183,1,1,0,0,0,0,0.0,0.0,0,0,0.0,0.0,0.0,21.01215553,95183.0,0.0,95183,95183,0,0.0,0.0,0,0,0,0.0,0.0,0,0,0,0,0,0,32,32,10.506078,10.506078,0,0,0.0,0.0,0.0,0,0,0,0,1,1,0,0,1,0.0,0.0,0.0,0,0,0,0,0,0,1,0,1,0,304,252,0,32,0.0,0.0,0,0,0.0,0.0,0,0,Benign
6,70419035,17,20,6997,4778,3221,0,411.58823,1004.6682,1448,0,238.9,483.89255,167.213311,0.525426115,1956084.2,4011132.2,10000000,1,60500000,3778826.2,5006845.5,10000000,5,70400000,3705048.5,4960105.0,10000000,1,0,0,0,0,552,636,0.241412,0.2840141,0,3221,309.8684,752.8552,566791.0,0,0,0,1,0,0,0,0,1,318.24326,411.58823,238.9,0,0,0,0,0,0,17,6997,20,4778,29200,11377,5,32,53796.285,80908.75,237279,22860,10000000.0,33001.895,10000000,9934714,Benign
17,46203,1,1,64,117,64,64,64.0,0.0,117,117,117.0,0.0,3917.494535,43.28723243,46203.0,0.0,46203,46203,0,0.0,0.0,0,0,0,0.0,0.0,0,0,0,0,0,0,20,20,21.643616,21.643616,64,117,81.666664,30.599564,936.3333,0,0,0,0,0,0,0,0,1,122.5,64.0,117.0,0,0,0,0,0,0,1,64,1,117,-1,-1,0,20,0.0,0.0,0,0,0.0,0.0,0,0,Benign
17,337,2,2,76,606,38,38,38.0,0.0,303,303,303.0,0.0,2023738.872,11869.4362,112.333336,153.15787,287,1,1,1.0,0.0,1,1,49,49.0,0.0,49,49,0,0,0,0,40,40,5934.7183,5934.7183,38,303,144.0,145.14648,21067.5,0,0,0,0,0,0,0,0,1,180.0,38.0,303.0,0,0,0,0,0,0,2,76,2,606,-1,-1,1,20,0.0,0.0,0,0,0.0,0.0,0,0,Benign
6,10260,12,9,17832,0,2896,0,1486.0,1275.9532,0,0,0.0,0.0,1738011.696,2046.783626,513.0,1797.3218,7995,1,10140,921.8182,2393.783,7995,2,10129,1266.125,2893.2478,8240,1,0,0,0,0,400,304,1169.5907,877.193,0,2896,810.5455,1194.2986,1426349.0,0,0,0,1,0,0,0,0,0,849.1429,1486.0,0.0,0,0,0,0,0,0,12,17832,9,0,29200,395,8,32,0.0,0.0,0,0,0.0,0.0,0,0,Benign
17,183,2,2,66,194,33,33,33.0,0.0,97,97,97.0,0.0,1420765.027,21857.9235,61.0,65.47519,132,3,3,3.0,0.0,3,3,48,48.0,0.0,48,48,0,0,0,0,40,40,10928.962,10928.962,33,97,58.6,35.054245,1228.8,0,0,0,0,0,0,0,0,1,73.25,33.0,97.0,0,0,0,0,0,0,2,66,2,194,-1,-1,1,20,0.0,0.0,0,0,0.0,0.0,0,0,Benign
6,527,2,1,8,2,6,2,4.0,2.828427,2,2,2.0,0.0,18975.33207,5692.59962,263.5,304.76303,479,48,527,527.0,0.0,527,527,0,0.0,0.0,0,0,0,0,0,0,44,24,3795.0664,1897.5332,2,6,3.0,2.0,4.0,0,0,0,1,0,0,0,0,0,4.0,4.0,2.0,0,0,0,0,0,0,2,8,1,2,1024,29200,1,20,0.0,0.0,0,0,0.0,0.0,0,0,PortScan
17,30837,2,2,94,182,47,47,47.0,0.0,91,91,91.0,0.0,8950.286993,129.7143042,10279.0,17798.555,30831,3,3,3.0,0.0,3,3,3,3.0,0.0,3,3,0,0,0,0,40,40,64.857155,64.857155,47,91,64.6,24.099792,580.8,0,0,0,0,0,0,0,0,1,80.75,47.0,91.0,0,0,0,0,0,0,2,94,2,182,-1,-1,1,20,0.0,0.0,0,0,0.0,0.0,0,0,Benign
17,30467,1,1,59,120,59,59,59.0,0.0,120,120,120.0,0.0,5875.209243,65.64479601,30467.0,0.0,30467,30467,0,0.0,0.0,0,0,0,0.0,0.0,0,0,0,0,0,0,20,20,32.8224,32.8224,59,120,79.333336,35.218365,1240.3334,0,0,0,0,0,0,0,0,1,119.0,59.0,120.0,0,0,0,0,0,0,1,59,1,120,-1,-1,0,20,0.0,0.0,0,0,0.0,0.0,0,0,Benign
6,116544868,53,69,1779,101243,307,0,33.566036,87.02288,4457,0,1467.2898,1090.9282,883.9685674,1.04680714,963180.75,2899657.5,9995426,0,117000000,2241247.5,4149302.2,10100000,195,112000000,1642829.1,3734033.2,10100000,48,0,0,0,0,1084,1524,0.4547605,0.5920467,0,4457,837.5772,1085.0924,1177425.5,0,0,0,1,0,0,0,0,1,844.4426,33.566036,1467.2898,0,0,0,0,0,0,53,1779,69,101243,8192,65535,51,20,162358.0,252741.42,924402,86044,9993301.0,2765.957,9995426,9985461,Benign
6,179,2,0,0,0,0,0,0.0,0.0,0,0,0.0,0.0,0.0,11173.18436,179.0,0.0,179,179,179,179.0,0.0,179,179,0,0.0,0.0,0,0,0,0,0,0,64,0,11173.185,0.0,0,0,0.0,0.0,0.0,0,0,0,0,1,0,0,0,0,0.0,0.0,0.0,0,0,0,0,0,0,2,0,0,0,5451,-1,0,32,0.0,0.0,0,0,0.0,0.0,0,0,Benign
17,171,2,2,102,134,51,51,51.0,0.0,67,67,67.0,0.0,1380116.959,23391.81287,57.0,58.412327,119,3,3,3.0,0.0,3,3,49,49.0,0.0,49,49,0,0,0,0,40,40,11695.906,11695.906,51,67,57.4,8.763561,76.8,0,0,0,0,0,0,0,0,1,71.75,51.0,67.0,0,0,0,0,0,0,2,102,2,134,-1,-1,1,20,0.0,0.0,0,0,0.0,0.0,0,0,Benign
17,23653,2,2,76,108,38,38,38.0,0.0,54,54,54.0,0.0,7779.140067,169.1117406,7884.3335,13611.051,23601,4,4,4.0,0.0,4,4,48,48.0,0.0,48,48,0,0,0,0,40,40,84.55587,84.55587,38,54,44.4,8.763561,76.8,0,0,0,0,0,0,0,0,1,55.5,38.0,54.0,0,0,0,0,0,0,2,76,2,108,-1,-1,1,20,0.0,0.0,0,0,0.0,0.0,0,0,Benign
6,47,2,0,0,0,0,0,0.0,0.0,0,0,0.0,0.0,0.0,42553.19149,47.0,0.0,47,47,47,47.0,0.0,47,47,0,0.0,0.0,0,0,0,0,0,0,64,0,42553.19,0.0,0,0,0.0,0.0,0.0,0,0,0,0,1,0,0,0,0,0.0,0.0,0.0,0,0,0,0,0,0,2,0,0,0,65535,-1,0,32,0.0,0.0,0,0,0.0,0.0,0,0,Benign
17,153,2,2,88,120,44,44,44.0,0.0,60,60,60.0,0.0,1359477.124,26143.79085,51.0,83.138435,147,3,3,3.0,0.0,3,3,3,3.0,0.0,3,3,0,0,0,0,64,64,13071.8955,13071.8955,44,60,50.4,8.763561,76.8,0,0,0,0,0,0,0,0,1,63.0,44.0,60.0,0,0,0,0,0,0,2,88,2,120,-1,-1,1,32,0.0,0.0,0,0,0.0,0.0,0,0,Benign
17,31120,4,4,152,712,38,38,38.0,0.0,178,178,178.0,0.0,27763.49614,257.0694087,4445.7144,11645.079,30854,3,30860,10286.667,17811.834,30854,3,202,67.333336,75.87051,151,3,0,0,0,0,80,80,128.5347,128.5347,38,178,100.22222,73.786476,5444.4443,0,0,0,0,0,0,0,0,1,112.75,38.0,178.0,0,0,0,0,0,0,4,152,4,712,-1,-1,3,20,0.0,0.0,0,0,0.0,0.0,0,0,Benign
17,61290,2,2,76,420,38,38,38.0,0.0,210,210,210.0,0.0,8092.674172,65.26350139,20430.0,35339.906,61237,4,49,49.0,0.0,49,49,4,4.0,0.0,4,4,0,0,0,0,64,64,32.631752,32.631752,38,210,106.8,94.20828,8875.2,0,0,0,0,0,0,0,0,1,133.5,38.0,210.0,0,0,0,0,0,0,2,76,2,420,-1,-1,1,32,0.0,0.0,0,0,0.0,0.0,0,0,Benign
6,92,1,2,6,12,6,6,6.0,0.0,6,6,6.0,0.0,195652.1739,32608.69565,46.0,63.63961,91,1,0,0.0,0.0,0,0,1,1.0,0.0,1,1,0,0,0,0,20,40,10869.565,21739.13,6,6,6.0,0.0,0.0,0,0,0,0,1,1,0,0,2,8.0,6.0,6.0,0,0,0,0,0,0,1,6,2,12,389,16425,0,20,0.0,0.0,0,0,0.0,0.0,0,0,Benign
17,75858,1,1,45,182,45,45,45.0,0.0,182,182,182.0,0.0,2992.433231,26.36505049,75858.0,0.0,75858,75858,0,0.0,0.0,0,0,0,0.0,0.0,0,0,0,0,0,0,40,32,13.182526,13.182526,45,182,90.666664,79.096985,6256.3335,0,0,0,0,0,0,0,0,1,136.0,45.0,182.0,0,0,0,0,0,0,1,45,1,182,-1,-1,0,40,0.0,0.0,0,0,0.0,0.0,0,0,Benign
17,958,2,2,96,180,48,48,48.0,0.0,90,90,90.0,0.0,288100.2088,4175.365344,319.33334,547.9054,952,3,3,3.0,0.0,3,3,3,3.0,0.0,3,3,0,0,0,0,40,40,2087.6826,2087.6826,48,90,64.8,23.004347,529.2,0,0,0,0,0,0,0,0,1,81.0,48.0,90.0,0,0,0,0,0,0,2,96,2,180,-1,-1,1,20,0.0,0.0,0,0,0.0,0.0,0,0,Benign
17,77842,1,1,58,124,58,58,58.0,0.0,124,124,124.0,0.0,2338.069423,25.69307058,77842.0,0.0,77842,77842,0,0.0,0.0,0,0,0,0.0,0.0,0,0,0,0,0,0,20,20,12.846536,12.846536,58,124,80.0,38.105118,1452.0,0,0,0,0,0,0,0,0,1,120.0,58.0,124.0,0,0,0,0,0,0,1,58,1,124,-1,-1,0,20,0.0,0.0,0,0,0.0,0.0,0,0,Benign
6,144,1,1,0,0,0,0,0.0,0.0,0,0,0.0,0.0,0.0,13888.88889,144.0,0.0,144,144,0,0.0,0.0,0,0,0,0.0,0.0,0,0,0,0,0,0,32,32,6944.4443,6944.4443,0,0,0.0,0.0,0.0,0,0,0,0,1,1,0,0,1,0.0,0.0,0.0,0,0,0,0,0,0,1,0,1,0,290,243,0,32,0.0,0.0,0,0,0.0,0.0,0,0,Benign
6,464182,17,17,958,17959,309,0,56.35294,88.4823,2920,0,1056.4117,983.31006,40753.41138,73.24713151,14066.121,27675.775,118265,3,464182,29011.375,41191.645,148948,49,316068,19754.25,37524.36,120864,3,0,0,0,0,352,352,36.623566,36.623566,0,2920,540.4857,847.0947,717569.44,0,0,0,1,0,0,0,0,1,556.3823,56.35294,1056.4117,0,0,0,0,0,0,17,958,17,17959,8192,127,16,20,0.0,0.0,0,0,0.0,0.0,0,0,Benign
6,118636087,51,42,4898,34466,1014,0,96.039215,247.70183,2836,0,820.619,730.4407,331.8046051,0.783909874,1289522.6,3272231.8,10000000,2,119000000,2372721.8,4173841.5,10000000,2,114000000,2776300.0,4463897.0,10000000,2,0,0,0,0,1640,1352,0.42988607,0.3540238,0,2836,418.76596,632.56305,400136.0,0,0,0,1,0,0,0,0,0,423.26883,96.039215,820.619,0,0,0,0,0,0,51,4898,42,34466,29200,434,9,32,337056.2,995432.8,3338399,36838,10000000.0,324.03305,10000000,10000000,Benign
17,60935,2,2,68,380,34,34,34.0,0.0,190,190,190.0,0.0,7352.096496,65.64371872,20311.666,35097.7,60839,48,48,48.0,0.0,48,48,48,48.0,0.0,48,48,0,0,0,0,80,64,32.82186,32.82186,34,190,96.4,85.44472,7300.8,0,0,0,0,0,0,0,0,1,120.5,34.0,190.0,0,0,0,0,0,0,2,68,2,380,-1,-1,1,40,0.0,0.0,0,0,0.0,0.0,0,0,Benign
6,40,1,1,6,6,6,6,6.0,0.0,6,6,6.0,0.0,300000.0,50000.0,40.0,0.0,40,40,0,0.0,0.0,0,0,0,0.0,0.0,0,0,0,0,0,0,20,20,25000.0,25000.0,6,6,6.0,0.0,0.0,0,0,0,0,1,1,0,0,1,9.0,6.0,6.0,0,0,0,0,0,0,1,6,1,6,913,256,0,20,0.0,0.0,0,0,0.0,0.0,0,0,Benign
17,312,2,2,64,204,32,32,32.0,0.0,102,102,102.0,0.0,858974.359,12820.51282,104.0,138.58932,262,3,47,47.0,0.0,47,47,3,3.0,0.0,3,3,0,0,0,0,40,40,6410.2563,6410.2563,32,102,60.0,38.34058,1470.0,0,0,0,0,0,0,0,0,1,75.0,32.0,102.0,0,0,0,0,0,0,2,64,2,204,-1,-1,1,20,0.0,0.0,0,0,0.0,0.0,0,0,Benign
6,6,1,1,6,6,6,6,6.0,0.0,6,6,6.0,0.0,2000000.0,333333.3333,6.0,0.0,6,6,0,0.0,0.0,0,0,0,0.0,0.0,0,0,0,0,0,0,20,20,166666.67,166666.67,6,6,6.0,0.0,0.0,0,0,0,0,1,1,0,0,1,9.0,6.0,6.0,0,0,0,0,0,0,1,6,1,6,946,256,0,20,0.0,0.0,0,0,0.0,0.0,0,0,Benign
17,323880,1,1,37,125,37,37,37.0,0.0,125,125,125.0,0.0,500.1852538,6.17512659,323880.0,0.0,323880,323880,0,0.0,0.0,0,0,0,0.0,0.0,0,0,0,0,0,0,20,20,3.0875633,3.0875633,37,125,66.333336,50.806824,2581.3333,0,0,0,0,0,0,0,0,1,99.5,37.0,125.0,0,0,0,0,0,0,1,37,1,125,-1,-1,0,20,0.0,0.0,0,0,0.0,0.0,0,0,Benign
17,31563,4,2,136,428,34,34,34.0,0.0,214,214,214.0,0.0,17869.02386,190.0959985,6312.6,9124.435,19928,3,19934,6644.6665,11503.704,19928,3,4,4.0,0.0,4,4,0,0,0,0,128,64,126.73067,63.365334,34,214,85.42857,87.83101,7714.2856,0,0,0,0,0,0,0,0,0,99.666664,34.0,214.0,0,0,0,0,0,0,4,136,2,428,-1,-1,3,32,0.0,0.0,0,0,0.0,0.0,0,0,Benign
17,233,2,2,46,46,23,23,23.0,0.0,23,23,23.0,0.0,394849.7854,17167.38197,77.666664,123.386925,220,1,1,1.0,0.0,1,1,12,12.0,0.0,12,12,0,0,0,0,64,64,8583.691,8583.691,23,23,23.0,0.0,0.0,0,0,0,0,0,0,0,0,1,28.75,23.0,23.0,0,0,0,0,0,0,2,46,2,46,-1,-1,1,32,0.0,0.0,0,0,0.0,0.0,0,0,Benign
6,114680857,359,448,4817,978994,421,0,13.417828,56.460827,4380,0,2185.2544,918.32635,8578.685456,7.036919858,142283.94,1146240.4,10100000,1,115000000,320199.12,1710280.4,10100000,1,115000000,256446.31,1538758.9,10100000,2,0,0,0,0,7552,9080,3.1304266,3.9064932,0,4380,1217.5879,1278.7686,1635249.1,0,0,0,1,0,0,0,0,1,1219.0967,13.417828,2185.2544,0,0,0,0,0,0,359,4817,448,978994,8192,1147,328,20,593919.44,1125529.1,3684246,49248,9827107.0,487733.28,10100000,8464858,Benign
6,287,3,0,58,0,46,6,19.333334,23.094011,0,0,0.0,0.0,202090.5923,10452.96167,143.5,51.618793,180,107,287,143.5,51.618793,180,107,0,0.0,0.0,0,0,0,0,0,0,60,0,10452.962,0.0,6,46,16.0,20.0,400.0,0,0,0,0,1,0,0,0,0,21.333334,19.333334,0.0,0,0,0,0,0,0,3,58,0,0,256,-1,2,20,0.0,0.0,0,0,0.0,0.0,0,0,Benign
6,1319110,41,44,2664,6954,456,0,64.97561,109.86457,976,0,158.04546,312.67526,7291.279726,64.43738581,15703.69,104411.77,951250,0,1319110,32977.75,158828.42,993959,2,367722,8551.675,21858.834,110189,0,0,0,0,0,1328,1424,31.081562,33.355824,0,976,111.83721,239.68684,57449.785,0,0,0,1,0,0,0,0,1,113.15294,64.97561,158.04546,0,0,0,0,0,0,41,2664,44,6954,29200,243,24,32,0.0,0.0,0,0,0.0,0.0,0,0,Benign
17,60826,1,1,55,93,55,55,55.0,0.0,93,93,93.0,0.0,2433.170026,32.88067603,60826.0,0.0,60826,60826,0,0.0,0.0,0,0,0,0.0,0.0,0,0,0,0,0,0,32,32,16.440338,16.440338,55,93,67.666664,21.93931,481.33334,0,0,0,0,0,0,0,0,1,101.5,55.0,93.0,0,0,0,0,0,0,1,55,1,93,-1,-1,0,32,0.0,0.0,0,0,0.0,0.0,0,0,Benign
6,117091942,18,15,966,1964,438,0,53.666668,139.82889,979,0,130.93333,344.31763,25.02307119,0.281829812,3659123.2,4739408.5,10000000,18,117000000,6887761.5,4505690.5,10000000,31435,112000000,8020430.5,4014939.5,10000000,2499,0,0,0,0,372,444,0.15372536,0.12810446,0,979,86.17647,249.15913,62080.27,0,0,0,1,0,0,0,0,0,88.78788,53.666668,130.93333,0,0,0,0,0,0,18,966,15,1964,8192,123,17,20,212293.73,600604.7,2023185,31157,9995549.0,15045.7295,10000000,9950224,Benign
6,4422277,5,1,135,46,46,6,27.0,20.12461,46,46,46.0,0.0,40.92914125,1.356767113,884455.4,1916751.6,4312826,48,4422277,1105569.2,2138788.8,4312826,48,0,0.0,0.0,0,0,1,0,0,0,100,20,1.1306393,0.22612785,6,46,32.42857,18.866701,355.9524,0,1,0,0,1,0,0,0,0,37.833332,27.0,46.0,0,0,0,0,0,0,5,135,1,46,3065,670,4,20,0.0,0.0,0,0,0.0,0.0,0,0,Benign
6,60877934,14,16,716,4342,331,0,51.142857,99.52956,1460,0,271.375,500.11304,83.08429126,0.492789391,2099239.0,4107409.0,10000000,1,60500000,4657076.0,5168982.0,10000000,25014,60900000,4056864.0,5044901.0,10000000,1,0,0,0,0,292,404,0.22996838,0.26282102,0,1460,163.16129,377.27682,142337.81,0,0,0,1,0,0,0,0,1,168.6,51.142857,271.375,0,0,0,0,0,0,14,716,16,4342,8192,66,13,20,89908.664,159390.94,415264,24687,10000000.0,359.76572,10000000,10000000,Benign
6,115152504,17,15,2413,794,1460,0,141.94118,398.80768,782,0,52.933334,201.70114,27.850024,0.27789235,3714597.0,4810121.5,10000000,48,115000000,7197031.5,4471451.5,10000000,48,110000000,7888090.0,4268900.0,10000000,250,0,0,0,0,352,444,0.1476303,0.13026203,0,1460,97.181816,315.59464,99599.97,0,0,0,1,0,0,0,0,0,100.21875,141.94118,52.933334,0,0,0,0,0,0,17,2413,15,794,8192,1095,16,20,39960.816,24854.965,114852,31947,9999439.0,15818.655,10000000,9953446,Benign
17,187,2,2,88,120,44,44,44.0,0.0,60,60,60.0,0.0,1112299.465,21390.37433,62.333332,66.66583,135,4,48,48.0,0.0,48,48,4,4.0,0.0,4,4,0,0,0,0,64,64,10695.1875,10695.1875,44,60,50.4,8.763561,76.8,0,0,0,0,0,0,0,0,1,63.0,44.0,60.0,0,0,0,0,0,0,2,88,2,120,-1,-1,1,32,0.0,0.0,0,0,0.0,0.0,0,0,Benign
6,3,2,0,12,0,6,6,6.0,0.0,0,0,0.0,0.0,4000000.0,666666.6667,3.0,0.0,3,3,3,3.0,0.0,3,3,0,0.0,0.0,0,0,0,0,0,0,40,0,666666.7,0.0,6,6,6.0,0.0,0.0,0,0,0,0,1,0,0,0,0,9.0,6.0,0.0,0,0,0,0,0,0,2,12,0,0,35031,-1,1,20,0.0,0.0,0,0,0.0,0.0,0,0,Benign
6,118649524,15,17,1331,4634,662,0,88.73333,169.82489,1430,0,272.58823,484.43668,50.27411657,0.269701883,3827404.0,14600000.0,58900000,2,119000000,8474966.0,21300000.0,58900000,272,119000000,7410119.0,20000000.0,59000000,2,0,0,0,0,312,352,0.12642276,0.14327912,0,1430,180.75757,373.40027,139427.75,0,0,0,1,0,0,0,0,1,186.40625,88.73333,272.58823,0,0,0,0,0,0,15,1331,17,4634,8192,362,14,20,618648.5,750909.94,1149622,87675,58700000.0,368995.9,58900000,58400000,Benign
6,85707,3,4,431,2267,431,0,143.66667,248.83797,2267,0,566.75,1133.5,31479.34241,81.67360892,14284.5,15952.693,32561,6,52156,26078.0,9260.2705,32626,19530,53146,17715.334,29747.344,52059,6,0,0,0,0,104,136,35.002975,46.670635,0,2267,337.25,794.18866,630735.6,0,0,0,1,0,0,0,0,1,385.42856,143.66667,566.75,0,0,0,0,0,0,3,431,4,2267,29200,237,1,32,0.0,0.0,0,0,0.0,0.0,0,0,Benign
6,1,2,0,12,0,6,6,6.0,0.0,0,0,0.0,0.0,12000000.0,2000000.0,1.0,0.0,1,1,1,1.0,0.0,1,1,0,0.0,0.0,0,0,0,0,0,0,40,0,2000000.0,0.0,6,6,6.0,0.0,0.0,0,0,0,0,1,0,0,0,0,9.0,6.0,0.0,0,0,0,0,0,0,2,12,0,0,35096,-1,1,20,0.0,0.0,0,0,0.0,0.0,0,0,Benign
17,17902,2,2,62,378,31,31,31.0,0.0,189,189,189.0,0.0,24578.25941,223.4387219,5967.3335,10330.528,17896,3,3,3.0,0.0,3,3,3,3.0,0.0,3,3,0,0,0,0,64,64,111.71936,111.71936,31,189,94.2,86.54016,7489.2,0,0,0,0,0,0,0,0,1,117.75,31.0,189.0,0,0,0,0,0,0,2,62,2,378,-1,-1,1,32,0.0,0.0,0,0,0.0,0.0,0,0,Benign
6,138795,2,0,12,0,6,6,6.0,0.0,0,0,0.0,0.0,86.45844591,14.40974098,138795.0,0.0,138795,138795,138795,138795.0,0.0,138795,138795,0,0.0,0.0,0,0,0,0,0,0,40,0,14.409741,0.0,6,6,6.0,0.0,0.0,0,0,0,0,1,0,0,0,0,9.0,6.0,0.0,0,0,0,0,0,0,2,12,0,0,64240,-1,1,20,0.0,0.0,0,0,0.0,0.0,0,0,Benign
6,69,1,1,0,0,0,0,0.0,0.0,0,0,0.0,0.0,0.0,28985.50725,69.0,0.0,69,69,0,0.0,0.0,0,0,0,0.0,0.0,0,0,0,0,0,0,32,32,14492.754,14492.754,0,0,0.0,0.0,0.0,0,0,0,0,1,1,0,0,1,0.0,0.0,0.0,0,0,0,0,0,0,1,0,1,0,122,342,0,32,0.0,0.0,0,0,0.0,0.0,0,0,Benign
6,115321918,21,21,8033,4256,3797,0,382.5238,1012.4108,1400,0,202.66667,414.17163,106.5625704,0.364197897,2812729.8,4449142.0,9996351,2,115000000,5764341.5,4913174.0,10000000,7232,115000000,5764367.5,4938464.0,10000000,2,0,0,0,0,444,560,0.18209895,0.18209895,0,3797,285.7907,761.47656,579846.6,0,0,0,1,0,0,0,0,1,292.59525,382.5238,202.66667,0,0,0,0,0,0,21,8033,21,4256,8192,27740,19,20,503286.0,1552893.8,5185437,34877,9977335.0,58310.133,9996351,9801593,Benign
17,179,2,2,64,96,32,32,32.0,0.0,48,48,48.0,0.0,893854.7486,22346.36872,59.666668,62.96295,128,4,47,47.0,0.0,47,47,4,4.0,0.0,4,4,0,0,0,0,40,40,11173.185,11173.185,32,48,38.4,8.763561,76.8,0,0,0,0,0,0,0,0,1,48.0,32.0,48.0,0,0,0,0,0,0,2,64,2,96,-1,-1,1,20,0.0,0.0,0,0,0.0,0.0,0,0,Benign
6,5983378,3,1,12,0,6,0,4.0,3.4641016,0,0,0.0,0.0,2.005556059,0.668518686,1994459.4,3441333.2,5968159,52,5983378,2991689.0,4209364.0,5968159,15219,0,0.0,0.0,0,0,0,0,0,0,80,32,0.501389,0.16712967,0,6,2.4,3.2863352,10.8,0,0,0,1,0,0,0,0,0,3.0,4.0,0.0,0,0,0,0,0,0,3,12,1,0,29200,29200,2,20,0.0,0.0,0,0,0.0,0.0,0,0,Benign
6,232720,11,8,554,6182,191,0,50.363636,68.59631,1515,0,772.75,731.8065,28944.65452,81.64317635,12928.889,20802.484,53481,3,232720,23272.0,23882.309,55046,3,123517,17645.285,29829.639,67943,3,0,0,0,0,232,172,47.2671,34.376076,0,1515,336.8,577.29846,333273.53,0,0,0,1,0,0,0,0,0,354.5263,50.363636,772.75,0,0,0,0,0,0,11,554,8,6182,8192,343,10,20,0.0,0.0,0,0,0.0,0.0,0,0,Benign
17,71775,1,1,55,178,55,55,55.0,0.0,178,178,178.0,0.0,3246.25566,27.86485545,71775.0,0.0,71775,71775,0,0.0,0.0,0,0,0,0.0,0.0,0,0,0,0,0,0,20,20,13.932427,13.932427,55,178,96.0,71.014084,5043.0,0,0,0,0,0,0,0,0,1,144.0,55.0,178.0,0,0,0,0,0,0,1,55,1,178,-1,-1,0,20,0.0,0.0,0,0,0.0,0.0,0,0,Benign
17,158,2,2,82,114,41,41,41.0,0.0,57,57,57.0,0.0,1240506.329,25316.4557,52.666668,85.16063,151,3,4,4.0,0.0,4,4,3,3.0,0.0,3,3,0,0,0,0,40,40,12658.228,12658.228,41,57,47.4,8.763561,76.8,0,0,0,0,0,0,0,0,1,59.25,41.0,57.0,0,0,0,0,0,0,2,82,2,114,-1,-1,1,20,0.0,0.0,0,0,0.0,0.0,0,0,Benign
6,88663,3,5,426,2280,420,0,142.0,240.77376,1460,2,456.0,659.85455,30520.0591,90.2292952,12666.143,15826.98,32647,1,55103,27551.5,7074.6035,32554,22549,56245,14061.25,27516.686,55332,1,0,0,0,0,72,104,33.835987,56.39331,0,1460,300.66666,517.7045,268018.0,0,0,0,1,0,0,0,0,1,338.25,142.0,456.0,0,0,0,0,0,0,3,426,5,2280,8192,30016,2,20,0.0,0.0,0,0,0.0,0.0,0,0,Benign
6,142982,8,8,930,6893,565,0,116.25,199.94196,1729,0,861.625,685.27136,54713.18068,111.9021975,9532.134,16000.695,45498,4,112164,16023.429,19263.94,45538,220,114260,16322.857,20656.822,45800,4,0,0,0,0,264,264,55.9511,55.9511,0,1729,460.17648,613.1042,375896.78,0,0,0,1,0,0,0,0,1,488.9375,116.25,861.625,0,0,0,0,0,0,8,930,8,6893,29200,63,3,32,0.0,0.0,0,0,0.0,0.0,0,0,Benign
6,1002126,3,3,0,18,0,0,0.0,0.0,6,6,6.0,0.0,17.96181319,5.987271062,200425.2,273708.3,500530,354,1001772,500886.0,188.09041,501019,500753,1001358,500679.0,289.9138,500884,500474,0,0,0,0,92,60,2.9936354,2.9936354,0,6,2.5714285,3.207135,10.285714,0,0,0,1,0,0,0,0,1,3.0,0.0,6.0,0,0,0,0,0,0,3,0,3,18,8192,0,0,28,0.0,0.0,0,0,0.0,0.0,0,0,Benign
6,78806,3,5,1723,309,1723,0,574.3333,994.77454,309,0,61.8,138.189,25784.83872,101.5151131,11258.0,19041.295,39735,1,38888,19444.0,27110.475,38614,274,40288,10072.0,20022.18,40105,1,0,0,0,0,104,168,38.06817,63.446945,0,1723,225.77777,570.6827,325678.7,0,0,0,1,0,0,0,0,1,254.0,574.3333,61.8,0,0,0,0,0,0,3,1723,5,309,29200,40,1,32,0.0,0.0,0,0,0.0,0.0,0,0,Benign
6,1,2,0,37,0,31,6,18.5,17.67767,0,0,0.0,0.0,37000000.0,2000000.0,1.0,0.0,1,1,1,1.0,0.0,1,1,0,0.0,0.0,0,0,1,0,0,0,40,0,2000000.0,0.0,6,31,22.666666,14.433757,208.33333,0,1,0,0,1,0,0,0,0,34.0,18.5,0.0,0,0,0,0,0,0,2,37,0,0,119,-1,1,20,0.0,0.0,0,0,0.0,0.0,0,0,Benign
17,53947,2,2,62,254,31,31,31.0,0.0,127,127,127.0,0.0,5857.600979,74.14684783,17982.334,31130.727,53929,3,15,15.0,0.0,15,15,3,3.0,0.0,3,3,0,0,0,0,64,40,37.073425,37.073425,31,127,69.4,52.581364,2764.8,0,0,0,0,0,0,0,0,1,86.75,31.0,127.0,0,0,0,0,0,0,2,62,2,254,-1,-1,1,32,0.0,0.0,0,0,0.0,0.0,0,0,Benign
17,46660,1,1,43,136,43,43,43.0,0.0,136,136,136.0,0.0,3836.262323,42.86326618,46660.0,0.0,46660,46660,0,0.0,0.0,0,0,0,0.0,0.0,0,0,0,0,0,0,20,20,21.431633,21.431633,43,136,74.0,53.693577,2883.0,0,0,0,0,0,0,0,0,1,111.0,43.0,136.0,0,0,0,0,0,0,1,43,1,136,-1,-1,0,20,0.0,0.0,0,0,0.0,0.0,0,0,Benign
6,298,2,1,0,0,0,0,0.0,0.0,0,0,0.0,0.0,0.0,10067.11409,149.0,93.3381,215,83,298,298.0,0.0,298,298,0,0.0,0.0,0,0,0,0,0,0,64,32,6711.409,3355.7046,0,0,0.0,0.0,0.0,0,0,0,0,1,1,0,0,0,0.0,0.0,0.0,0,0,0,0,0,0,2,0,1,0,10720,296,0,32,0.0,0.0,0,0,0.0,0.0,0,0,Benign
6,65,3,1,4,4,4,0,1.3333334,2.309401,4,4,4.0,0.0,123076.9231,61538.46154,21.666666,32.331615,59,3,65,32.5,41.7193,62,3,0,0.0,0.0,0,0,1,0,0,0,96,32,46153.848,15384.615,0,4,2.4,2.1908903,4.8,0,1,0,0,1,0,0,0,0,3.0,1.3333334,4.0,0,0,0,0,0,0,3,4,1,4,302,302,0,32,0.0,0.0,0,0,0.0,0.0,0,0,Benign
17,24560,2,2,70,160,35,35,35.0,0.0,80,80,80.0,0.0,9364.820847,162.8664495,8186.6665,14173.66,24553,3,4,4.0,0.0,4,4,3,3.0,0.0,3,3,0,0,0,0,40,40,81.43323,81.43323,35,80,53.0,24.647514,607.5,0,0,0,0,0,0,0,0,1,66.25,35.0,80.0,0,0,0,0,0,0,2,70,2,160,-1,-1,1,20,0.0,0.0,0,0,0.0,0.0,0,0,Benign
17,60966,1,1,46,239,46,46,46.0,0.0,239,239,239.0,0.0,4674.736739,32.80517009,60966.0,0.0,60966,60966,0,0.0,0.0,0,0,0,0.0,0.0,0,0,0,0,0,0,20,20,16.402586,16.402586,46,239,110.333336,111.428604,12416.333,0,0,0,0,0,0,0,0,1,165.5,46.0,239.0,0,0,0,0,0,0,1,46,1,239,-1,-1,0,20,0.0,0.0,0,0,0.0,0.0,0,0,Benign
6,94527,1,1,6,6,6,6,6.0,0.0,6,6,6.0,0.0,126.9478562,21.15797603,94527.0,0.0,94527,94527,0,0.0,0.0,0,0,0,0.0,0.0,0,0,0,0,0,0,20,20,10.578988,10.578988,6,6,6.0,0.0,0.0,0,0,0,0,1,1,0,0,1,9.0,6.0,6.0,0,0,0,0,0,0,1,6,1,6,256,62506,0,20,0.0,0.0,0,0,0.0,0.0,0,0,Benign
6,5063200,3,1,12,0,6,0,4.0,3.4641016,0,0,0.0,0.0,2.370042661,0.79001422,1687733.4,2892226.5,5027325,46,5063200,2531600.0,3529488.2,5027325,35875,0,0.0,0.0,0,0,0,0,0,0,72,32,0.59251064,0.19750355,0,6,2.4,3.2863352,10.8,0,0,0,1,0,0,0,0,0,3.0,4.0,0.0,0,0,0,0,0,0,3,12,1,0,8192,29200,2,20,0.0,0.0,0,0,0.0,0.0,0,0,Benign
6,61,1,1,0,0,0,0,0.0,0.0,0,0,0.0,0.0,0.0,32786.88525,61.0,0.0,61,61,0,0.0,0.0,0,0,0,0.0,0.0,0,0,0,0,0,0,32,32,16393.443,16393.443,0,0,0.0,0.0,0.0,0,0,0,0,1,1,0,0,1,0.0,0.0,0.0,0,0,0,0,0,0,1,0,1,0,362,1840,0,32,0.0,0.0,0,0,0.0,0.0,0,0,Benign
17,119022,2,2,86,118,43,43,43.0,0.0,59,59,59.0,0.0,1713.968846,33.60723228,39674.0,68672.35,118970,3,49,49.0,0.0,49,49,3,3.0,0.0,3,3,0,0,0,0,64,64,16.803616,16.803616,43,59,49.4,8.763561,76.8,0,0,0,0,0,0,0,0,1,61.75,43.0,59.0,0,0,0,0,0,0,2,86,2,118,-1,-1,1,32,0.0,0.0,0,0,0.0,0.0,0,0,Benign
6,488976,10,6,596,3548,206,0,59.6,76.43472,1739,0,591.3333,792.1544,8474.853572,32.72144236,32598.4,65313.992,255717,3,488976,54330.668,78515.625,255717,3,158263,31652.6,44021.54,94331,3,0,0,0,0,212,132,20.450901,12.270541,0,1739,243.76471,519.2263,269595.94,0,0,0,1,0,0,0,0,0,259.0,59.6,591.3333,0,0,0,0,0,0,10,596,6,3548,8192,110,9,20,0.0,0.0,0,0,0.0,0.0,0,0,Benign
6,50,1,1,6,6,6,6,6.0,0.0,6,6,6.0,0.0,240000.0,40000.0,50.0,0.0,50,50,0,0.0,0.0,0,0,0,0.0,0.0,0,0,0,0,0,0,20,20,20000.0,20000.0,6,6,6.0,0.0,0.0,1,0,0,0,0,0,0,0,1,9.0,6.0,6.0,0,0,0,0,0,0,1,6,1,6,0,0,0,20,0.0,0.0,0,0,0.0,0.0,0,0,Benign
6,10449706,24,33,2367,36326,517,0,98.625,191.73732,4125,0,1100.7878,942.87756,3702.7836,5.454698917,186601.89,1335064.6,9996516,2,10400000,454335.03,2080863.0,9996516,209,10400000,325928.3,1765639.0,9999017,2,0,0,0,0,776,1064,2.2967153,3.1579835,0,4125,667.12067,875.6141,766699.94,0,0,0,1,0,0,0,0,1,678.8246,98.625,1100.7878,0,0,0,0,0,0,24,2367,33,36326,29200,33,6,32,450541.0,0.0,450541,450541,9996516.0,0.0,9996516,9996516,Benign
17,31175,2,2,166,330,83,83,83.0,0.0,165,165,165.0,0.0,15910.18444,128.3079391,10391.667,17953.877,31123,3,3,3.0,0.0,3,3,49,49.0,0.0,49,49,0,0,0,0,64,40,64.15397,64.15397,83,165,115.8,44.91325,2017.2,0,0,0,0,0,0,0,0,1,144.75,83.0,165.0,0,0,0,0,0,0,2,166,2,330,-1,-1,1,32,0.0,0.0,0,0,0.0,0.0,0,0,Benign
6,6112228,5,5,1310,2744,1292,0,262.0,575.7934,1280,0,548.8,671.30707,663.2605983,1.636064623,679136.44,1944663.8,5863091,1,6112228,1528057.0,2891179.5,5863091,15717,213659,53414.75,76188.46,161718,1,0,0,0,0,112,112,0.8180323,0.8180323,0,1292,368.54544,590.238,348380.88,0,0,0,1,0,0,0,0,1,405.4,262.0,548.8,0,0,0,0,0,0,5,1310,5,2744,8192,7752,4,20,0.0,0.0,0,0,0.0,0.0,0,0,Benign
6,87481,3,1,38,6,38,0,12.666667,21.93931,6,6,6.0,0.0,502.9663584,45.7242144,29160.334,50453.492,87419,3,87481,43740.5,61854.164,87478,3,0,0.0,0.0,0,0,0,0,0,0,96,20,34.29316,11.431053,0,38,8.8,16.528763,273.2,0,0,0,0,1,0,0,0,0,11.0,12.666667,6.0,0,0,0,0,0,0,3,38,1,6,61,0,1,32,0.0,0.0,0,0,0.0,0.0,0,0,Benign
6,39551163,5,5,30,31,6,6,6.0,0.0,31,0,6.2,13.863622,1.542306101,0.252837066,4394573.5,5167160.0,10000000,228,39600000,9887791.0,325921.2,10100000,9398909,39500000,9875084.0,351227.53,10100000,9348243,0,0,0,0,100,148,0.12641853,0.12641853,0,31,6.090909,8.768746,76.89091,0,0,0,0,1,0,0,0,1,6.7,6.0,6.2,0,0,0,0,0,0,5,30,5,31,256,131,4,20,50586.0,119.9361,50731,50438,9837148.0,325936.5,10000000,9348243,Benign
6,55163463,2,2,0,12,0,0,0.0,0.0,6,6,6.0,0.0,0.217535291,0.072511764,18400000.0,31800000.0,55200000,44,55200000,55200000.0,0.0,55200000,55200000,55200000,55200000.0,0.0,55200000,55200000,0,0,0,0,80,40,0.03625588,0.03625588,0,6,2.4,3.2863352,10.8,0,0,0,1,0,0,0,0,1,3.0,0.0,6.0,0,0,0,0,0,0,2,0,2,12,29200,0,0,40,44.0,0.0,44,44,55200000.0,0.0,55200000,55200000,PortScan
6,209,2,0,0,0,0,0,0.0,0.0,0,0,0.0,0.0,0.0,9569.37799,209.0,0.0,209,209,209,209.0,0.0,209,209,0,0.0,0.0,0,0,0,0,0,0,64,0,9569.378,0.0,0,0,0.0,0.0,0.0,0,0,0,0,1,0,0,0,0,0.0,0.0,0.0,0,0,0,0,0,0,2,0,0,0,242,-1,0,32,0.0,0.0,0,0,0.0,0.0,0,0,Benign
6,117563743,22,17,1740,2984,435,0,79.09091,171.72539,746,0,175.52942,326.17905,40.18245659,0.33173493,3093782.8,4615854.5,10200000,56,118000000,5598273.5,5007960.0,10200000,36965,115000000,7178900.5,4682196.5,10200000,20196,0,0,0,0,712,552,0.18713252,0.1446024,0,746,118.1,249.36122,62181.016,0,0,0,1,0,0,0,0,0,121.128204,79.09091,175.52942,0,0,0,0,0,0,22,1740,17,2984,29200,365,4,32,246996.9,697195.7,2349121,36613,10200000.0,27109.256,10200000,10100000,Benign
17,203,2,2,64,160,32,32,32.0,0.0,80,80,80.0,0.0,1103448.276,19704.4335,67.666664,75.447556,151,4,48,48.0,0.0,48,48,4,4.0,0.0,4,4,0,0,0,0,40,40,9852.217,9852.217,32,80,51.2,26.290682,691.2,0,0,0,0,0,0,0,0,1,64.0,32.0,80.0,0,0,0,0,0,0,2,64,2,160,-1,-1,1,20,0.0,0.0,0,0,0.0,0.0,0,0,Benign
17,30646,2,2,80,250,40,40,40.0,0.0,125,125,125.0,0.0,10768.12635,130.5227436,10215.333,17687.414,30639,3,3,3.0,0.0,3,3,4,4.0,0.0,4,4,0,0,0,0,64,64,65.261375,65.261375,40,125,74.0,46.556416,2167.5,0,0,0,0,0,0,0,0,1,92.5,40.0,125.0,0,0,0,0,0,0,2,80,2,250,-1,-1,1,32,0.0,0.0,0,0,0.0,0.0,0,0,Benign
6,55,1,1,6,6,6,6,6.0,0.0,6,6,6.0,0.0,218181.8182,36363.63636,55.0,0.0,55,55,0,0.0,0.0,0,0,0,0.0,0.0,0,0,0,0,0,0,20,20,18181.818,18181.818,6,6,6.0,0.0,0.0,0,0,0,0,1,1,0,0,1,9.0,6.0,6.0,0,0,0,0,0,0,1,6,1,6,30016,63982,0,20,0.0,0.0,0,0,0.0,0.0,0,0,Benign
17,67102,2,2,84,182,42,42,42.0,0.0,91,91,91.0,0.0,3964.114333,59.61074186,22367.334,38737.027,67097,2,2,2.0,0.0,2,2,3,3.0,0.0,3,3,0,0,0,0,64,64,29.80537,29.80537,42,91,61.6,26.838406,720.3,0,0,0,0,0,0,0,0,1,77.0,42.0,91.0,0,0,0,0,0,0,2,84,2,182,-1,-1,1,32,0.0,0.0,0,0,0.0,0.0,0,0,Benign
6,5061948,9,5,674,3007,517,0,74.888885,170.89868,1448,0,601.4,709.6822,727.1904018,2.765733666,389380.62,1365884.5,4935076,18,5061948,632743.5,1738554.8,4935076,18,59346,14836.5,16568.953,33090,239,0,0,0,0,296,168,1.7779716,0.98776203,0,1448,245.4,478.37625,228843.83,0,0,0,1,0,0,0,0,0,262.92856,74.888885,601.4,0,0,0,0,0,0,9,674,5,3007,29200,59,3,32,0.0,0.0,0,0,0.0,0.0,0,0,Benign
6,115862931,66,87,2464,136614,589,0,37.333332,123.64159,4380,0,1570.2759,935.6188,1200.366664,1.320525889,762256.1,2621960.8,10000000,0,116000000,1782506.6,3797758.0,10000000,49,111000000,1286534.8,3362988.0,10000000,68,0,0,0,0,1332,1884,0.5696386,0.7508873,0,4380,903.1039,1039.3824,1080315.9,0,0,0,1,0,0,0,0,1,909.00653,37.333332,1570.2759,0,0,0,0,0,0,66,2464,87,136614,8192,66,65,20,57987.75,148193.84,528566,14939,9597252.0,1383031.9,10000000,5205779,Benign
17,24285,1,1,42,58,42,42,42.0,0.0,58,58,58.0,0.0,4117.76817,82.35536339,24285.0,0.0,24285,24285,0,0.0,0.0,0,0,0,0.0,0.0,0,0,0,0,0,0,20,20,41.17768,41.17768,42,58,47.333332,9.237604,85.333336,0,0,0,0,0,0,0,0,1,71.0,42.0,58.0,0,0,0,0,0,0,1,42,1,58,-1,-1,0,20,0.0,0.0,0,0,0.0,0.0,0,0,Benign
17,200,2,2,56,222,28,28,28.0,0.0,111,111,111.0,0.0,1390000.0,20000.0,66.666664,73.11862,147,4,4,4.0,0.0,4,4,49,49.0,0.0,49,49,0,0,0,0,40,40,10000.0,10000.0,28,111,61.2,45.46097,2066.7,0,0,0,0,0,0,0,0,1,76.5,28.0,111.0,0,0,0,0,0,0,2,56,2,222,-1,-1,1,20,0.0,0.0,0,0,0.0,0.0,0,0,Benign
17,51096,2,2,94,230,47,47,47.0,0.0,115,115,115.0,0.0,6341.005167,78.2840144,17032.0,29495.959,51091,1,1,1.0,0.0,1,1,4,4.0,0.0,4,4,0,0,0,0,64,40,39.142006,39.142006,47,115,74.2,37.245132,1387.2,0,0,0,0,0,0,0,0,1,92.75,47.0,115.0,0,0,0,0,0,0,2,94,2,230,-1,-1,1,32,0.0,0.0,0,0,0.0,0.0,0,0,Benign
6,119111100,28,30,3656,12169,385,0,130.57143,143.69965,1460,0,405.63333,455.41534,132.8591542,0.486940344,2089668.4,5696950.5,23900000,2,119000000,4411522.0,7702755.0,23900000,61,119000000,4103715.8,7571000.0,24000000,2,0,0,0,0,572,612,0.23507465,0.25186568,0,1460,268.22034,365.3332,133468.34,0,0,0,1,0,0,0,0,1,272.84482,130.57143,405.63333,0,0,0,0,0,0,28,3656,30,12169,8192,156,27,20,153925.33,121236.164,477033,108900,13100000.0,8133159.5,23900000,6477119,Benign
17,216,2,2,80,452,40,40,40.0,0.0,226,226,226.0,0.0,2462962.963,18518.51852,72.0,83.62416,165,3,3,3.0,0.0,3,3,48,48.0,0.0,48,48,0,0,0,0,40,40,9259.259,9259.259,40,226,114.4,101.876396,10378.8,0,0,0,0,0,0,0,0,1,143.0,40.0,226.0,0,0,0,0,0,0,2,80,2,452,-1,-1,1,20,0.0,0.0,0,0,0.0,0.0,0,0,Benign
17,347,2,2,94,228,47,47,47.0,0.0,114,114,114.0,0.0,927953.8905,11527.37752,115.666664,157.93143,296,2,2,2.0,0.0,2,2,49,49.0,0.0,49,49,0,0,0,0,64,64,5763.689,5763.689,47,114,73.8,36.69741,1346.7,0,0,0,0,0,0,0,0,1,92.25,47.0,114.0,0,0,0,0,0,0,2,94,2,228,-1,-1,1,32,0.0,0.0,0,0,0.0,0.0,0,0,Benign
6,3527347,5,1,135,46,46,6,27.0,20.12461,46,46,46.0,0.0,51.3133525,1.70099511,705469.4,1517895.4,3420546,3,3527347,881836.75,1692892.5,3420546,3,0,0.0,0.0,0,0,1,0,0,0,100,20,1.417496,0.28349918,6,46,32.42857,18.866701,355.9524,0,1,0,0,1,0,0,0,0,37.833332,27.0,46.0,0,0,0,0,0,0,5,135,1,46,256,351,4,20,0.0,0.0,0,0,0.0,0.0,0,0,Benign
17,451,1,1,63,123,63,63,63.0,0.0,123,123,123.0,0.0,412416.8514,4434.5898,451.0,0.0,451,451,0,0.0,0.0,0,0,0,0.0,0.0,0,0,0,0,0,0,20,20,2217.295,2217.295,63,123,83.0,34.641018,1200.0,0,0,0,0,0,0,0,0,1,124.5,63.0,123.0,0,0,0,0,0,0,1,63,1,123,-1,-1,0,20,0.0,0.0,0,0,0.0,0.0,0,0,Benign
17,220,2,2,84,228,42,42,42.0,0.0,114,114,114.0,0.0,1418181.818,18181.81818,73.333336,124.41999,217,1,1,1.0,0.0,1,1,2,2.0,0.0,2,2,0,0,0,0,80,80,9090.909,9090.909,42,114,70.8,39.436024,1555.2,0,0,0,0,0,0,0,0,1,88.5,42.0,114.0,0,0,0,0,0,0,2,84,2,228,-1,-1,1,40,0.0,0.0,0,0,0.0,0.0,0,0,Benign
6,102830,1,1,0,0,0,0,0.0,0.0,0,0,0.0,0.0,0.0,19.44957697,102830.0,0.0,102830,102830,0,0.0,0.0,0,0,0,0.0,0.0,0,0,0,0,0,0,32,32,9.724789,9.724789,0,0,0.0,0.0,0.0,0,0,0,0,1,1,0,0,1,0.0,0.0,0.0,0,0,0,0,0,0,1,0,1,0,305,31,0,32,0.0,0.0,0,0,0.0,0.0,0,0,Benign
6,77,1,1,6,6,6,6,6.0,0.0,6,6,6.0,0.0,155844.1558,25974.02597,77.0,0.0,77,77,0,0.0,0.0,0,0,0,0.0,0.0,0,0,0,0,0,0,20,20,12987.013,12987.013,6,6,6.0,0.0,0.0,0,0,0,0,1,1,0,0,1,9.0,6.0,6.0,0,0,0,0,0,0,1,6,1,6,335,258,0,20,0.0,0.0,0,0,0.0,0.0,0,0,Benign
6,299157,11,7,532,3548,195,0,48.363636,78.44268,1735,0,506.85715,750.70734,13638.32369,60.1690751,17597.47,19807.95,42821,1,299157,29915.7,28198.398,85424,3,249971,41661.832,47781.25,115935,1,0,0,0,0,360,232,36.76999,23.399084,0,1735,214.73685,493.89798,243935.2,0,0,0,1,0,0,0,0,0,226.66667,48.363636,506.85715,0,0,0,0,0,0,11,532,7,3548,29200,23,4,32,0.0,0.0,0,0,0.0,0.0,0,0,Benign
17,398,2,2,86,408,43,43,43.0,0.0,204,204,204.0,0.0,1241206.03,10050.25126,132.66667,228.05336,396,1,1,1.0,0.0,1,1,1,1.0,0.0,1,1,0,0,0,0,64,64,5025.1255,5025.1255,43,204,107.4,88.183334,7776.3,0,0,0,0,0,0,0,0,1,134.25,43.0,204.0,0,0,0,0,0,0,2,86,2,408,-1,-1,1,32,0.0,0.0,0,0,0.0,0.0,0,0,Benign
17,172,2,2,90,146,45,45,45.0,0.0,73,73,73.0,0.0,1372093.023,23255.81395,57.333332,59.551098,121,3,3,3.0,0.0,3,3,48,48.0,0.0,48,48,0,0,0,0,64,40,11627.907,11627.907,45,73,56.2,15.336231,235.2,0,0,0,0,0,0,0,0,1,70.25,45.0,73.0,0,0,0,0,0,0,2,90,2,146,-1,-1,1,32,0.0,0.0,0,0,0.0,0.0,0,0,Benign
17,60932,1,1,42,97,42,42,42.0,0.0,97,97,97.0,0.0,2281.231537,32.82347535,60932.0,0.0,60932,60932,0,0.0,0.0,0,0,0,0.0,0.0,0,0,0,0,0,0,32,32,16.411737,16.411737,42,97,60.333332,31.754265,1008.3333,0,0,0,0,0,0,0,0,1,90.5,42.0,97.0,0,0,0,0,0,0,1,42,1,97,-1,-1,0,32,0.0,0.0,0,0,0.0,0.0,0,0,Benign
17,24441,2,2,80,174,40,40,40.0,0.0,87,87,87.0,0.0,10392.37347,163.6594247,8147.0,14106.6875,24436,1,1,1.0,0.0,1,1,4,4.0,0.0,4,4,0,0,0,0,80,64,81.82971,81.82971,40,87,58.8,25.74296,662.7,0,0,0,0,0,0,0,0,1,73.5,40.0,87.0,0,0,0,0,0,0,2,80,2,174,-1,-1,1,40,0.0,0.0,0,0,0.0,0.0,0,0,Benign
17,114,2,2,64,120,32,32,32.0,0.0,60,60,60.0,0.0,1614035.088,35087.7193,38.0,61.506096,109,1,4,4.0,0.0,4,4,1,1.0,0.0,1,1,0,0,0,0,40,40,17543.86,17543.86,32,60,43.2,15.336231,235.2,0,0,0,0,0,0,0,0,1,54.0,32.0,60.0,0,0,0,0,0,0,2,64,2,120,-1,-1,1,20,0.0,0.0,0,0,0.0,0.0,0,0,Benign
17,54167,2,2,84,310,42,42,42.0,0.0,155,155,155.0,0.0,7273.801392,73.84569941,18055.666,31229.172,54116,3,48,48.0,0.0,48,48,3,3.0,0.0,3,3,0,0,0,0,40,40,36.92285,36.92285,42,155,87.2,61.89265,3830.7,0,0,0,0,0,0,0,0,1,109.0,42.0,155.0,0,0,0,0,0,0,2,84,2,310,-1,-1,1,20,0.0,0.0,0,0,0.0,0.0,0,0,Benign
17,53826,4,2,124,240,31,31,31.0,0.0,120,120,120.0,0.0,6762.531119,111.4702932,10765.2,14928.741,30294,4,30302,10100.667,17487.94,30294,4,4,4.0,0.0,4,4,0,0,0,0,80,40,74.31353,37.156765,31,120,56.42857,43.427555,1885.9524,0,0,0,0,0,0,0,0,0,65.833336,31.0,120.0,0,0,0,0,0,0,4,124,2,240,-1,-1,3,20,0.0,0.0,0,0,0.0,0.0,0,0,Benign
17,121911,1,1,50,235,50,50,50.0,0.0,235,235,235.0,0.0,2337.770997,16.4054105,121911.0,0.0,121911,121911,0,0.0,0.0,0,0,0,0.0,0.0,0,0,0,0,0,0,32,20,8.202705,8.202705,50,235,111.666664,106.8098,11408.333,0,0,0,0,0,0,0,0,1,167.5,50.0,235.0,0,0,0,0,0,0,1,50,1,235,-1,-1,0,32,0.0,0.0,0,0,0.0,0.0,0,0,Benign
6,115306141,30,38,6904,8286,1038,0,230.13333,370.25076,1558,0,218.05263,388.6823,131.736262,0.589734418,1720987.1,3584369.8,10100000,4,115000000,3975270.5,4599597.5,10100000,364,115000000,3115758.8,4387301.5,10100000,4,0,0,0,0,612,892,0.26017696,0.32955748,0,1558,220.14493,376.06403,141424.16,0,0,0,1,0,0,0,0,1,223.38235,230.13333,218.05263,0,0,0,0,0,0,30,6904,38,8286,8192,1358,29,20,1500451.9,4671007.0,14800000,22994,10000000.0,38324.15,10100000,9999356,Benign
6,54,1,1,6,6,6,6,6.0,0.0,6,6,6.0,0.0,222222.2222,37037.03704,54.0,0.0,54,54,0,0.0,0.0,0,0,0,0.0,0.0,0,0,0,0,0,0,20,20,18518.518,18518.518,6,6,6.0,0.0,0.0,0,0,0,0,1,1,0,0,1,9.0,6.0,6.0,0,0,0,0,0,0,1,6,1,6,219,255,0,20,0.0,0.0,0,0,0.0,0.0,0,0,Benign
17,212,2,2,70,158,35,35,35.0,0.0,79,79,79.0,0.0,1075471.698,18867.92453,70.666664,120.66621,210,1,1,1.0,0.0,1,1,1,1.0,0.0,1,1,0,0,0,0,64,64,9433.962,9433.962,35,79,52.6,24.099792,580.8,0,0,0,0,0,0,0,0,1,65.75,35.0,79.0,0,0,0,0,0,0,2,70,2,158,-1,-1,1,32,0.0,0.0,0,0,0.0,0.0,0,0,Benign
17,46915,1,1,46,235,46,46,46.0,0.0,235,235,235.0,0.0,5989.555579,42.63028882,46915.0,0.0,46915,46915,0,0.0,0.0,0,0,0,0.0,0.0,0,0,0,0,0,0,20,20,21.315144,21.315144,46,235,109.0,109.1192,11907.0,0,0,0,0,0,0,0,0,1,163.5,46.0,235.0,0,0,0,0,0,0,1,46,1,235,-1,-1,0,20,0.0,0.0,0,0,0.0,0.0,0,0,Benign
17,159,2,2,66,122,33,33,33.0,0.0,61,61,61.0,0.0,1182389.937,25157.2327,53.0,52.67827,108,3,3,3.0,0.0,3,3,48,48.0,0.0,48,48,0,0,0,0,40,40,12578.616,12578.616,33,61,44.2,15.336231,235.2,0,0,0,0,0,0,0,0,1,55.25,33.0,61.0,0,0,0,0,0,0,2,66,2,122,-1,-1,1,20,0.0,0.0,0,0,0.0,0.0,0,0,Benign
6,66,1,1,0,0,0,0,0.0,0.0,0,0,0.0,0.0,0.0,30303.0303,66.0,0.0,66,66,0,0.0,0.0,0,0,0,0.0,0.0,0,0,0,0,0,0,32,32,15151.516,15151.516,0,0,0.0,0.0,0.0,0,0,0,0,1,1,0,0,1,0.0,0.0,0.0,0,0,0,0,0,0,1,0,1,0,357,873,0,32,0.0,0.0,0,0,0.0,0.0,0,0,Benign
6,50726,1,1,0,0,0,0,0.0,0.0,0,0,0.0,0.0,0.0,39.42751252,50726.0,0.0,50726,50726,0,0.0,0.0,0,0,0,0.0,0.0,0,0,0,0,0,0,32,32,19.713757,19.713757,0,0,0.0,0.0,0.0,0,0,0,0,1,1,0,0,1,0.0,0.0,0.0,0,0,0,0,0,0,1,0,1,0,253,119,0,32,0.0,0.0,0,0,0.0,0.0,0,0,Benign
17,214,2,2,70,166,35,35,35.0,0.0,83,83,83.0,0.0,1102803.738,18691.58879,71.333336,116.624756,206,4,4,4.0,0.0,4,4,4,4.0,0.0,4,4,0,0,0,0,64,64,9345.794,9345.794,35,83,54.2,26.290682,691.2,0,0,0,0,0,0,0,0,1,67.75,35.0,83.0,0,0,0,0,0,0,2,70,2,166,-1,-1,1,32,0.0,0.0,0,0,0.0,0.0,0,0,Benign
17,23907,2,2,60,96,30,30,30.0,0.0,48,48,48.0,0.0,6525.285481,167.3150123,7969.0,13797.517,23901,2,2,2.0,0.0,2,2,4,4.0,0.0,4,4,0,0,0,0,40,64,83.65751,83.65751,30,48,37.2,9.859006,97.2,0,0,0,0,0,0,0,0,1,46.5,30.0,48.0,0,0,0,0,0,0,2,60,2,96,-1,-1,1,20,0.0,0.0,0,0,0.0,0.0,0,0,Benign
17,219,2,2,64,96,32,32,32.0,0.0,48,48,48.0,0.0,730593.6073,18264.84018,73.0,43.30127,123,48,48,48.0,0.0,48,48,48,48.0,0.0,48,48,0,0,0,0,64,64,9132.42,9132.42,32,48,38.4,8.763561,76.8,0,0,0,0,0,0,0,0,1,48.0,32.0,48.0,0,0,0,0,0,0,2,64,2,96,-1,-1,1,32,0.0,0.0,0,0,0.0,0.0,0,0,Benign
17,222,2,2,46,46,23,23,23.0,0.0,23,23,23.0,0.0,414414.4144,18018.01802,74.0,126.43971,220,1,1,1.0,0.0,1,1,1,1.0,0.0,1,1,0,0,0,0,64,64,9009.009,9009.009,23,23,23.0,0.0,0.0,0,0,0,0,0,0,0,0,1,28.75,23.0,23.0,0,0,0,0,0,0,2,46,2,46,-1,-1,1,32,0.0,0.0,0,0,0.0,0.0,0,0,Benign
6,119641965,5,3,206,496,188,0,41.2,82.10481,490,0,165.33333,281.18558,5.867506439,0.06686617,17100000.0,45200000.0,120000000,26,120000000,29900000.0,59800000.0,120000000,54,30847,15423.5,341.53256,15665,15182,0,0,0,0,112,72,0.041791357,0.025074814,0,490,78.0,166.14452,27604.0,0,0,0,1,0,0,0,0,0,87.75,41.2,165.33333,0,0,0,0,0,0,5,206,3,496,65535,946,4,20,0.0,0.0,0,0,0.0,0.0,0,0,Benign
6,55179175,2,2,0,12,0,0,0.0,0.0,6,6,6.0,0.0,0.217473349,0.072491116,18400000.0,31900000.0,55200000,29,55200000,55200000.0,0.0,55200000,55200000,55200000,55200000.0,0.0,55200000,55200000,0,0,0,0,80,40,0.03624556,0.03624556,0,6,2.4,3.2863352,10.8,0,0,0,1,0,0,0,0,1,3.0,0.0,6.0,0,0,0,0,0,0,2,0,2,12,29200,0,0,40,29.0,0.0,29,29,55200000.0,0.0,55200000,55200000,PortScan
6,44390298,6,5,0,0,0,0,0.0,0.0,0,0,0.0,0.0,0.0,0.247801896,4439030.0,5077811.5,10200000,23488,44400000,8878060.0,3045391.2,10200000,3430298,41000000,10200000.0,153.12521,10200000,10200000,0,0,0,0,192,160,0.13516466,0.11263722,0,0,0.0,0.0,0.0,0,0,0,0,1,0,0,0,0,0.0,0.0,0.0,0,0,0,0,0,0,6,0,5,0,266,290,0,32,23612.0,111.51083,23738,23488,10200000.0,109.48059,10200000,10200000,Benign
6,125,1,1,0,6,0,0,0.0,0.0,6,6,6.0,0.0,48000.0,16000.0,125.0,0.0,125,125,0,0.0,0.0,0,0,0,0.0,0.0,0,0,0,0,0,0,40,20,8000.0,8000.0,0,6,2.0,3.4641016,12.0,0,0,0,1,0,0,0,0,1,3.0,0.0,6.0,0,0,0,0,0,0,1,0,1,6,64240,0,0,40,0.0,0.0,0,0,0.0,0.0,0,0,PortScan
6,32,1,1,0,0,0,0,0.0,0.0,0,0,0.0,0.0,0.0,62500.0,32.0,0.0,32,32,0,0.0,0.0,0,0,0,0.0,0.0,0,0,0,0,0,0,32,32,31250.0,31250.0,0,0,0.0,0.0,0.0,0,0,0,0,1,1,0,0,1,0.0,0.0,0.0,0,0,0,0,0,0,1,0,1,0,362,743,0,32,0.0,0.0,0,0,0.0,0.0,0,0,Benign
17,178,2,2,62,254,31,31,31.0,0.0,127,127,127.0,0.0,1775280.899,22471.91011,59.333332,95.84014,170,4,4,4.0,0.0,4,4,4,4.0,0.0,4,4,0,0,0,0,64,64,11235.955,11235.955,31,127,69.4,52.581364,2764.8,0,0,0,0,0,0,0,0,1,86.75,31.0,127.0,0,0,0,0,0,0,2,62,2,254,-1,-1,1,32,0.0,0.0,0,0,0.0,0.0,0,0,Benign
17,31435,1,1,58,186,58,58,58.0,0.0,186,186,186.0,0.0,7762.048672,63.62334977,31435.0,0.0,31435,31435,0,0.0,0.0,0,0,0,0.0,0.0,0,0,0,0,0,0,20,20,31.811674,31.811674,58,186,100.666664,73.90083,5461.3335,0,0,0,0,0,0,0,0,1,151.0,58.0,186.0,0,0,0,0,0,0,1,58,1,186,-1,-1,0,20,0.0,0.0,0,0,0.0,0.0,0,0,Benign
6,3,2,0,0,0,0,0,0.0,0.0,0,0,0.0,0.0,0.0,666666.6667,3.0,0.0,3,3,3,3.0,0.0,3,3,0,0.0,0.0,0,0,0,0,0,0,64,0,666666.7,0.0,0,0,0.0,0.0,0.0,0,0,0,0,1,0,0,0,0,0.0,0.0,0.0,0,0,0,0,0,0,2,0,0,0,4741,-1,0,32,0.0,0.0,0,0,0.0,0.0,0,0,Benign
6,255085,2,0,6,0,6,0,3.0,4.2426405,0,0,0.0,0.0,23.52157124,7.840523747,255085.0,0.0,255085,255085,255085,255085.0,0.0,255085,255085,0,0.0,0.0,0,0,0,0,0,0,52,0,7.8405237,0.0,0,6,2.0,3.4641016,12.0,0,0,0,0,1,0,0,0,0,3.0,3.0,0.0,0,0,0,0,0,0,2,6,0,0,329,-1,1,20,0.0,0.0,0,0,0.0,0.0,0,0,Benign
6,83390,3,5,1582,309,1582,0,527.3333,913.3681,309,0,61.8,138.189,22676.57993,95.93476436,11912.857,18124.398,38397,1,38263,19131.5,26783.084,38070,193,45372,11343.0,18467.879,38642,1,0,0,0,0,104,168,35.975536,59.95923,0,1582,210.11111,524.5099,275110.62,0,0,0,1,0,0,0,0,1,236.375,527.3333,61.8,0,0,0,0,0,0,3,1582,5,309,29200,40,1,32,0.0,0.0,0,0,0.0,0.0,0,0,Benign
6,1727115,7,10,1625,9460,1595,0,232.14285,600.96765,1460,0,946.0,633.3798,6418.217664,9.843004085,107944.69,275235.66,1006210,13,1727021,287836.84,448168.7,1094829,246,1640373,182263.67,372655.97,1006210,48,0,0,0,0,152,212,4.053002,5.7900023,0,1595,615.8333,697.7857,486904.84,0,0,0,1,0,0,0,0,1,652.05884,232.14285,946.0,0,0,0,0,0,0,7,1625,10,9460,8192,18,6,20,0.0,0.0,0,0,0.0,0.0,0,0,Benign
6,214910,9,5,560,3088,199,0,62.22222,82.26296,2763,0,617.6,1203.2819,16974.54748,65.14354846,16531.54,16628.324,50400,3,214910,26863.75,24139.068,73728,3,125561,31390.25,26865.57,65453,942,0,0,0,0,192,112,41.877995,23.265553,0,2763,243.2,702.0626,492891.88,0,0,0,1,0,0,0,0,0,260.57144,62.22222,617.6,0,0,0,0,0,0,9,560,5,3088,8192,980,8,20,0.0,0.0,0,0,0.0,0.0,0,0,Benign
17,30836,1,1,58,145,58,58,58.0,0.0,145,145,145.0,0.0,6583.214425,64.85925542,30836.0,0.0,30836,30836,0,0.0,0.0,0,0,0,0.0,0.0,0,0,0,0,0,0,32,40,32.429626,32.429626,58,145,87.0,50.229473,2523.0,0,0,0,0,0,0,0,0,1,130.5,58.0,145.0,0,0,0,0,0,0,1,58,1,145,-1,-1,0,32,0.0,0.0,0,0,0.0,0.0,0,0,Benign
6,89851,2,0,12,0,6,6,6.0,0.0,0,0,0.0,0.0,133.5544401,22.25907335,89851.0,0.0,89851,89851,89851,89851.0,0.0,89851,89851,0,0.0,0.0,0,0,0,0,0,0,40,0,22.259073,0.0,6,6,6.0,0.0,0.0,0,0,0,0,1,0,0,0,0,9.0,6.0,0.0,0,0,0,0,0,0,2,12,0,0,253,-1,1,20,0.0,0.0,0,0,0.0,0.0,0,0,Benign
17,47469,2,2,80,200,40,40,40.0,0.0,100,100,100.0,0.0,5898.586446,84.26552066,15823.0,27360.35,47416,4,49,49.0,0.0,49,49,4,4.0,0.0,4,4,0,0,0,0,40,40,42.13276,42.13276,40,100,64.0,32.863354,1080.0,0,0,0,0,0,0,0,0,1,80.0,40.0,100.0,0,0,0,0,0,0,2,80,2,200,-1,-1,1,20,0.0,0.0,0,0,0.0,0.0,0,0,Benign
6,2,1,1,6,6,6,6,6.0,0.0,6,6,6.0,0.0,6000000.0,1000000.0,2.0,0.0,2,2,0,0.0,0.0,0,0,0,0.0,0.0,0,0,0,0,0,0,20,20,500000.0,500000.0,6,6,6.0,0.0,0.0,0,0,0,0,1,0,0,0,1,9.0,6.0,6.0,0,0,0,0,0,0,1,6,1,6,256,123,0,20,0.0,0.0,0,0,0.0,0.0,0,0,Benign
17,31470,2,2,86,196,43,43,43.0,0.0,98,98,98.0,0.0,8960.915157,127.1051795,10490.0,18164.018,31464,3,3,3.0,0.0,3,3,3,3.0,0.0,3,3,0,0,0,0,64,64,63.55259,63.55259,43,98,65.0,30.12474,907.5,0,0,0,0,0,0,0,0,1,81.25,43.0,98.0,0,0,0,0,0,0,2,86,2,196,-1,-1,1,32,0.0,0.0,0,0,0.0,0.0,0,0,Benign
17,48559,4,2,140,102,35,35,35.0,0.0,51,51,51.0,0.0,4983.628164,123.5610289,9711.8,14034.06,30635,3,30641,10213.667,17685.393,30635,3,4,4.0,0.0,4,4,0,0,0,0,128,64,82.374016,41.187008,35,51,39.57143,7.8072004,60.95238,0,0,0,0,0,0,0,0,0,46.166668,35.0,51.0,0,0,0,0,0,0,4,140,2,102,-1,-1,3,32,0.0,0.0,0,0,0.0,0.0,0,0,Benign
17,145,2,2,102,224,51,51,51.0,0.0,112,112,112.0,0.0,2248275.862,27586.2069,48.333332,79.38724,140,2,3,3.0,0.0,3,3,2,2.0,0.0,2,2,0,0,0,0,64,64,13793.104,13793.104,51,112,75.4,33.411076,1116.3,0,0,0,0,0,0,0,0,1,94.25,51.0,112.0,0,0,0,0,0,0,2,102,2,224,-1,-1,1,32,0.0,0.0,0,0,0.0,0.0,0,0,Benign
17,133104,1,1,42,141,42,42,42.0,0.0,141,141,141.0,0.0,1374.864767,15.02584445,133104.0,0.0,133104,133104,0,0.0,0.0,0,0,0,0.0,0.0,0,0,0,0,0,0,20,20,7.5129223,7.5129223,42,141,75.0,57.157677,3267.0,0,0,0,0,0,0,0,0,1,112.5,42.0,141.0,0,0,0,0,0,0,1,42,1,141,-1,-1,0,20,0.0,0.0,0,0,0.0,0.0,0,0,Benign
6,116364804,245,376,2163,543523,402,0,8.828571,28.598894,2920,0,1445.5399,381.9321,4689.442007,5.3366652,187685.17,1354134.8,10200000,1,116000000,476904.94,2132049.2,10200000,1,113000000,301266.97,1726556.4,10200000,2,0,0,0,0,4920,7532,2.1054475,3.2312176,0,2920,877.30865,763.36176,582721.1,0,0,0,1,0,0,0,0,1,878.72144,8.828571,1445.5399,0,0,0,0,0,0,245,2163,376,543523,29200,31,244,20,66085.37,169156.75,576112,14965,10200000.0,58296.156,10200000,10000000,Benign
6,10143917,38,57,961,92088,443,0,25.289474,77.87547,3320,0,1615.579,861.65674,9172.886568,9.365218584,107914.01,1029024.0,9978356,1,165558,4474.5405,9754.651,45511,3,10100000,180789.12,1333098.6,9978360,1,0,0,0,0,772,1152,3.7460876,5.619131,0,3320,969.26044,1028.0935,1056976.2,0,0,0,1,0,0,0,0,1,979.46313,25.289474,1615.579,0,0,0,0,0,0,38,961,57,92088,8192,31,37,20,165558.0,0.0,165558,165558,9978356.0,0.0,9978356,9978356,Benign
17,50330,2,2,68,380,34,34,34.0,0.0,190,190,190.0,0.0,8901.251739,79.47546195,16776.666,29013.014,50278,4,48,48.0,0.0,48,48,4,4.0,0.0,4,4,0,0,0,0,72,80,39.737732,39.737732,34,190,96.4,85.44472,7300.8,0,0,0,0,0,0,0,0,1,120.5,34.0,190.0,0,0,0,0,0,0,2,68,2,380,-1,-1,1,32,0.0,0.0,0,0,0.0,0.0,0,0,Benign
6,5369339,9,6,740,5522,517,0,82.22222,170.96402,2920,0,920.3333,1132.5549,1166.251563,2.793639962,383524.22,1398848.2,5243461,4,5369339,671167.4,1847605.8,5243461,4,58545,11709.0,15150.021,31856,31,0,0,0,0,200,132,1.6761839,1.117456,0,2920,391.375,789.0656,622624.5,0,0,0,1,0,0,0,0,0,417.46667,82.22222,920.3333,0,0,0,0,0,0,9,740,6,5522,29200,123,8,20,125874.0,0.0,125874,125874,5243461.0,0.0,5243461,5243461,Benign
6,115433811,16,14,515,2058,431,0,32.1875,106.36053,2052,0,147.0,548.2991,22.2898298,0.259889193,3980476.2,4880841.0,10000000,93,115000000,7695587.5,4168126.8,10000000,3286,110000000,8486444.0,3760123.8,10000000,1126,0,0,0,0,332,424,0.13860758,0.121281624,0,2052,83.0,373.42764,139448.2,0,0,0,1,0,0,0,0,0,85.76667,32.1875,147.0,0,0,0,0,0,0,16,515,14,2058,8192,946,15,20,26539.818,8485.007,51941,23613,10000000.0,3506.9536,10000000,10000000,Benign
6,36,1,1,6,6,6,6,6.0,0.0,6,6,6.0,0.0,333333.3333,55555.55556,36.0,0.0,36,36,0,0.0,0.0,0,0,0,0.0,0.0,0,0,0,0,0,0,20,20,27777.777,27777.777,6,6,6.0,0.0,0.0,0,0,0,0,1,1,0,0,1,9.0,6.0,6.0,0,0,0,0,0,0,1,6,1,6,31,255,0,20,0.0,0.0,0,0,0.0,0.0,0,0,Benign
17,57709,1,1,46,153,46,46,46.0,0.0,153,153,153.0,0.0,3448.335615,34.65663935,57709.0,0.0,57709,57709,0,0.0,0.0,0,0,0,0.0,0.0,0,0,0,0,0,0,32,32,17.32832,17.32832,46,153,81.666664,61.776478,3816.3333,0,0,0,0,0,0,0,0,1,122.5,46.0,153.0,0,0,0,0,0,0,1,46,1,153,-1,-1,0,32,0.0,0.0,0,0,0.0,0.0,0,0,Benign
6,38,1,1,6,6,6,6,6.0,0.0,6,6,6.0,0.0,315789.4737,52631.57895,38.0,0.0,38,38,0,0.0,0.0,0,0,0,0.0,0.0,0,0,0,0,0,0,20,20,26315.79,26315.79,6,6,6.0,0.0,0.0,0,0,0,0,1,1,0,0,1,9.0,6.0,6.0,0,0,0,0,0,0,1,6,1,6,31,255,0,20,0.0,0.0,0,0,0.0,0.0,0,0,Benign
17,158,2,2,94,126,47,47,47.0,0.0,63,63,63.0,0.0,1392405.063,25316.4557,52.666668,85.16063,151,3,4,4.0,0.0,4,4,3,3.0,0.0,3,3,0,0,0,0,40,40,12658.228,12658.228,47,63,53.4,8.763561,76.8,0,0,0,0,0,0,0,0,1,66.75,47.0,63.0,0,0,0,0,0,0,2,94,2,126,-1,-1,1,20,0.0,0.0,0,0,0.0,0.0,0,0,Benign
6,3,2,0,0,0,0,0,0.0,0.0,0,0,0.0,0.0,0.0,666666.6667,3.0,0.0,3,3,3,3.0,0.0,3,3,0,0.0,0.0,0,0,0,0,0,0,64,0,666666.7,0.0,0,0,0.0,0.0,0.0,0,0,0,0,1,0,0,0,0,0.0,0.0,0.0,0,0,0,0,0,0,2,0,0,0,179,-1,0,32,0.0,0.0,0,0,0.0,0.0,0,0,Benign
6,115716943,22,19,1250,7821,911,0,56.81818,196.25777,1448,0,411.6316,616.0481,78.38955787,0.354312851,2892923.5,4513632.0,10000000,1,116000000,5510330.5,4974228.0,10000000,2,110000000,6124429.0,5019945.5,10000000,56,0,0,0,0,712,616,0.19011909,0.16419376,0,1448,215.9762,467.77646,218814.8,0,0,0,1,0,0,0,0,0,221.2439,56.81818,411.6316,0,0,0,0,0,0,22,1250,19,7821,29200,63,4,32,23479.334,28823.732,115005,14956,9619599.0,1309292.9,10000000,5462208,Benign
6,4,2,0,12,0,6,6,6.0,0.0,0,0,0.0,0.0,3000000.0,500000.0,4.0,0.0,4,4,4,4.0,0.0,4,4,0,0.0,0.0,0,0,0,0,0,0,40,0,500000.0,0.0,6,6,6.0,0.0,0.0,0,0,0,0,1,0,0,0,0,9.0,6.0,0.0,0,0,0,0,0,0,2,12,0,0,4969,-1,1,20,0.0,0.0,0,0,0.0,0.0,0,0,Benign
17,223,2,2,82,210,41,41,41.0,0.0,105,105,105.0,0.0,1309417.04,17937.21973,74.333336,44.74744,126,48,49,49.0,0.0,49,49,48,48.0,0.0,48,48,0,0,0,0,64,64,8968.61,8968.61,41,105,66.6,35.054245,1228.8,0,0,0,0,0,0,0,0,1,83.25,41.0,105.0,0,0,0,0,0,0,2,82,2,210,-1,-1,1,32,0.0,0.0,0,0,0.0,0.0,0,0,Benign
6,63128092,16,15,2201,4892,933,0,137.5625,306.6083,1460,0,326.13333,508.16068,112.3588529,0.491065055,2104269.8,3997706.0,10000000,31,63100000,4208539.5,4921274.0,10100000,20647,63000000,4503140.5,5000952.0,10100000,47,0,0,0,0,344,372,0.25345293,0.23761213,0,1460,221.65625,415.47964,172623.33,0,0,0,1,0,0,0,0,0,228.80646,137.5625,326.13333,0,0,0,0,0,0,16,2201,15,4892,8192,124,14,20,591419.5,1243231.9,3129156,83696,9929884.0,104583.234,10000000,9783963,Benign
17,60267,2,2,92,254,46,46,46.0,0.0,127,127,127.0,0.0,5741.118689,66.37131432,20089.0,34790.84,60262,1,1,1.0,0.0,1,1,4,4.0,0.0,4,4,0,0,0,0,64,64,33.185658,33.185658,46,127,78.4,44.36553,1968.3,0,0,0,0,0,0,0,0,1,98.0,46.0,127.0,0,0,0,0,0,0,2,92,2,254,-1,-1,1,32,0.0,0.0,0,0,0.0,0.0,0,0,Benign
6,5300340,8,6,390,3716,209,0,48.75,77.13578,1460,0,619.3333,679.909,774.6672855,2.64133999,407718.47,1430395.4,5168100,48,5300340,757191.44,1945185.1,5168100,48,59405,11881.0,15194.541,33277,49,0,0,0,0,172,132,1.5093372,1.1320028,0,1460,273.73334,503.5259,253538.36,0,0,0,1,0,0,0,0,0,293.2857,48.75,619.3333,0,0,0,0,0,0,8,390,6,3716,8192,119,7,20,132192.0,0.0,132192,132192,5168100.0,0.0,5168100,5168100,Benign
6,59975946,17,17,4982,7884,2896,0,293.05884,770.67255,1509,0,463.7647,673.24286,214.5193341,0.566893934,1817452.9,3890683.0,10000000,5,50400000,3149133.0,4796416.5,10000000,5,60000000,3747016.5,4973947.0,10000000,48,0,0,0,0,552,540,0.28344697,0.28344697,0,2896,367.6,710.0512,504172.72,0,0,0,1,0,0,0,0,1,378.41177,293.05884,463.7647,0,0,0,0,0,0,17,4982,17,7884,29200,9362,4,32,52634.832,71773.25,199141,23093,9943356.0,184891.53,10000000,9566499,Benign
17,30899,2,2,90,210,45,45,45.0,0.0,105,105,105.0,0.0,9709.052073,129.4540276,10299.667,17833.484,30892,3,3,3.0,0.0,3,3,4,4.0,0.0,4,4,0,0,0,0,40,40,64.72701,64.72701,45,105,69.0,32.863354,1080.0,0,0,0,0,0,0,0,0,1,86.25,45.0,105.0,0,0,0,0,0,0,2,90,2,210,-1,-1,1,20,0.0,0.0,0,0,0.0,0.0,0,0,Benign
17,108009,4,2,140,412,35,35,35.0,0.0,206,206,206.0,0.0,5110.685221,55.55092631,21601.8,31341.223,68725,1,39236,13078.667,22649.451,39232,1,48,48.0,0.0,48,48,0,0,0,0,128,40,37.03395,18.516975,35,206,83.85714,83.43945,6962.143,0,0,0,0,0,0,0,0,0,97.833336,35.0,206.0,0,0,0,0,0,0,4,140,2,412,-1,-1,3,32,0.0,0.0,0,0,0.0,0.0,0,0,Benign
6,215,2,0,0,0,0,0,0.0,0.0,0,0,0.0,0.0,0.0,9302.325581,215.0,0.0,215,215,215,215.0,0.0,215,215,0,0.0,0.0,0,0,0,0,0,0,64,0,9302.325,0.0,0,0,0.0,0.0,0.0,0,0,0,0,1,0,0,0,0,0.0,0.0,0.0,0,0,0,0,0,0,2,0,0,0,63,-1,0,32,0.0,0.0,0,0,0.0,0.0,0,0,Benign
6,139527,20,24,176,424,43,0,8.8,12.680694,51,0,17.666666,16.311283,4300.242964,315.3511507,3244.814,14498.756,87065,1,139458,7339.8945,29182.746,127572,1,139393,6060.5654,19592.467,87065,1,0,0,0,0,656,784,143.34143,172.00972,0,51,13.333333,15.236022,232.13637,0,0,0,1,0,0,0,0,1,13.636364,8.8,17.666666,0,0,0,0,0,0,20,176,24,424,29200,227,12,32,0.0,0.0,0,0,0.0,0.0,0,0,Benign
17,23674,1,1,41,105,41,41,41.0,0.0,105,105,105.0,0.0,6167.103151,84.48086508,23674.0,0.0,23674,23674,0,0.0,0.0,0,0,0,0.0,0.0,0,0,0,0,0,0,32,32,42.240433,42.240433,41,105,62.333332,36.950417,1365.3334,0,0,0,0,0,0,0,0,1,93.5,41.0,105.0,0,0,0,0,0,0,1,41,1,105,-1,-1,0,32,0.0,0.0,0,0,0.0,0.0,0,0,Benign
6,323,3,0,18,0,6,6,6.0,0.0,0,0,0.0,0.0,55727.55418,9287.925697,161.5,210.01071,310,13,323,161.5,210.01071,310,13,0,0.0,0.0,0,0,0,0,0,0,60,0,9287.926,0.0,6,6,6.0,0.0,0.0,0,0,0,0,1,0,0,0,0,8.0,6.0,0.0,0,0,0,0,0,0,3,18,0,0,32846,-1,2,20,0.0,0.0,0,0,0.0,0.0,0,0,Benign
17,177,2,2,66,122,33,33,33.0,0.0,61,61,61.0,0.0,1062146.893,22598.87006,59.0,61.245407,125,4,4,4.0,0.0,4,4,48,48.0,0.0,48,48,0,0,0,0,40,40,11299.435,11299.435,33,61,44.2,15.336231,235.2,0,0,0,0,0,0,0,0,1,55.25,33.0,61.0,0,0,0,0,0,0,2,66,2,122,-1,-1,1,20,0.0,0.0,0,0,0.0,0.0,0,0,Benign
6,46,1,1,6,6,6,6,6.0,0.0,6,6,6.0,0.0,260869.5652,43478.26087,46.0,0.0,46,46,0,0.0,0.0,0,0,0,0.0,0.0,0,0,0,0,0,0,20,20,21739.13,21739.13,6,6,6.0,0.0,0.0,0,0,0,0,1,1,0,0,1,9.0,6.0,6.0,0,0,0,0,0,0,1,6,1,6,1024,548,0,20,0.0,0.0,0,0,0.0,0.0,0,0,Benign
17,50824,2,2,58,178,29,29,29.0,0.0,89,89,89.0,0.0,4643.475523,78.70297497,16941.334,29301.69,50776,1,1,1.0,0.0,1,1,47,47.0,0.0,47,47,0,0,0,0,64,64,39.351486,39.351486,29,89,53.0,32.863354,1080.0,0,0,0,0,0,0,0,0,1,66.25,29.0,89.0,0,0,0,0,0,0,2,58,2,178,-1,-1,1,32,0.0,0.0,0,0,0.0,0.0,0,0,Benign
17,177516,4,2,136,100,34,34,34.0,0.0,50,50,50.0,0.0,1329.457626,33.79977016,35503.2,63564.832,146676,3,30836,10278.667,17797.977,30830,3,4,4.0,0.0,4,4,0,0,0,0,80,64,22.53318,11.26659,34,50,38.57143,7.8072004,60.95238,0,0,0,0,0,0,0,0,0,45.0,34.0,50.0,0,0,0,0,0,0,4,136,2,100,-1,-1,3,20,0.0,0.0,0,0,0.0,0.0,0,0,Benign
6,5733706,3,1,12,0,6,0,4.0,3.4641016,0,0,0.0,0.0,2.092887218,0.697629073,1911235.4,3215372.2,5623484,103,5733706,2866853.0,3898465.0,5623484,110222,0,0.0,0.0,0,0,0,0,0,0,72,32,0.5232218,0.17440727,0,6,2.4,3.2863352,10.8,0,0,0,1,0,0,0,0,0,3.0,4.0,0.0,0,0,0,0,0,0,3,12,1,0,8192,14600,2,20,0.0,0.0,0,0,0.0,0.0,0,0,Benign
17,256,2,2,70,198,35,35,35.0,0.0,99,99,99.0,0.0,1046875.0,15625.0,85.333336,107.220955,206,1,1,1.0,0.0,1,1,49,49.0,0.0,49,49,0,0,0,0,64,64,7812.5,7812.5,35,99,60.6,35.054245,1228.8,0,0,0,0,0,0,0,0,1,75.75,35.0,99.0,0,0,0,0,0,0,2,70,2,198,-1,-1,1,32,0.0,0.0,0,0,0.0,0.0,0,0,Benign
17,16374,1,1,48,48,48,48,48.0,0.0,48,48,48.0,0.0,5862.953463,122.1448638,16374.0,0.0,16374,16374,0,0.0,0.0,0,0,0,0.0,0.0,0,0,0,0,0,0,32,32,61.072433,61.072433,48,48,48.0,0.0,0.0,0,0,0,0,0,0,0,0,1,72.0,48.0,48.0,0,0,0,0,0,0,1,48,1,48,-1,-1,0,32,0.0,0.0,0,0,0.0,0.0,0,0,Benign
6,74,2,0,12,0,6,6,6.0,0.0,0,0,0.0,0.0,162162.1622,27027.02703,74.0,0.0,74,74,74,74.0,0.0,74,74,0,0.0,0.0,0,0,0,0,0,0,40,0,27027.027,0.0,6,6,6.0,0.0,0.0,0,0,0,0,1,0,0,0,0,9.0,6.0,0.0,0,0,0,0,0,0,2,12,0,0,256,-1,1,20,0.0,0.0,0,0,0.0,0.0,0,0,Benign
6,110232128,21,26,8733,4255,5600,0,415.85715,1247.8536,1400,0,163.65384,387.64612,117.8240885,0.426372972,2396350.5,4261107.0,9993057,3,110000000,5509725.0,5030901.0,10000000,382,110000000,4407769.5,5047678.5,10000000,3,0,0,0,0,432,528,0.19050707,0.2358659,0,5600,270.58334,871.69684,759855.4,0,0,0,1,0,0,0,0,1,276.34042,415.85715,163.65384,0,0,0,0,0,0,21,8733,26,4255,8192,12849,20,20,105054.27,161090.75,541429,37592,9912628.0,157091.94,9993057,9499263,Benign
6,346015,6,9,742,762,444,0,123.666664,180.70602,585,0,84.666664,190.49869,4346.632371,43.35072179,24715.357,54591.26,206714,3,309790,61958.0,101479.9,240912,162,311775,38971.875,82800.734,240485,3,0,0,0,0,132,188,17.340288,26.010433,0,585,94.0,176.72804,31232.8,0,0,0,1,0,0,0,0,1,100.26667,123.666664,84.666664,0,0,0,0,0,0,6,742,9,762,8192,5110,5,20,0.0,0.0,0,0,0.0,0.0,0,0,Benign
6,213,2,0,12,0,6,6,6.0,0.0,0,0,0.0,0.0,56338.02817,9389.671362,213.0,0.0,213,213,213,213.0,0.0,213,213,0,0.0,0.0,0,0,0,0,0,0,40,0,9389.671,0.0,6,6,6.0,0.0,0.0,0,0,0,0,1,0,0,0,0,9.0,6.0,0.0,0,0,0,0,0,0,2,12,0,0,256,-1,1,20,0.0,0.0,0,0,0.0,0.0,0,0,Benign
17,136,2,2,58,90,29,29,29.0,0.0,45,45,45.0,0.0,1088235.294,29411.76471,45.333332,73.32349,130,3,3,3.0,0.0,3,3,3,3.0,0.0,3,3,0,0,0,0,40,40,14705.883,14705.883,29,45,35.4,8.763561,76.8,0,0,0,0,0,0,0,0,1,44.25,29.0,45.0,0,0,0,0,0,0,2,58,2,90,-1,-1,1,20,0.0,0.0,0,0,0.0,0.0,0,0,Benign
6,5429273,3,1,12,0,6,0,4.0,3.4641016,0,0,0.0,0.0,2.210240671,0.73674689,1809757.6,3103137.2,5392891,94,5429273,2714636.5,3787623.8,5392891,36382,0,0.0,0.0,0,0,0,0,0,0,72,32,0.55256015,0.18418673,0,6,2.4,3.2863352,10.8,0,0,0,1,0,0,0,0,0,3.0,4.0,0.0,0,0,0,0,0,0,3,12,1,0,8192,42780,2,20,0.0,0.0,0,0,0.0,0.0,0,0,Benign
6,13,1,1,6,6,6,6,6.0,0.0,6,6,6.0,0.0,923076.9231,153846.1538,13.0,0.0,13,13,0,0.0,0.0,0,0,0,0.0,0.0,0,0,0,0,0,0,20,20,76923.08,76923.08,6,6,6.0,0.0,0.0,0,0,0,0,1,0,0,0,1,9.0,6.0,6.0,0,0,0,0,0,0,1,6,1,6,16560,362,0,20,0.0,0.0,0,0,0.0,0.0,0,0,Benign
6,61818222,18,15,1642,6004,672,0,91.22222,213.77547,1448,0,400.26666,582.422,123.6852137,0.533823182,1931819.4,3980864.0,10200000,7,61800000,3636366.0,4937629.5,10200000,73,61800000,4412636.0,5132344.0,10200000,49,0,0,0,0,584,488,0.2911763,0.2426469,0,1448,224.88235,438.98822,192710.66,0,0,0,1,0,0,0,0,0,231.69698,91.22222,400.26666,0,0,0,0,0,0,18,1642,15,6004,29200,120,4,32,220538.5,438699.5,1116030,41141,10100000.0,161987.5,10200000,9792138,Benign
6,1550388,8,10,952,7486,602,0,119.0,208.78424,1786,0,748.6,747.47577,5442.508585,11.60999698,91199.3,189800.81,759696,4,1451962,207423.14,267834.88,759696,3817,1518046,168671.78,367745.88,1127700,4,0,0,0,0,172,212,5.159999,6.4499984,0,1786,444.10526,636.98785,405753.53,0,0,0,1,0,0,0,0,1,468.77777,119.0,748.6,0,0,0,0,0,0,8,952,10,7486,8192,246,7,20,0.0,0.0,0,0,0.0,0.0,0,0,Benign
17,655,2,2,80,242,40,40,40.0,0.0,121,121,121.0,0.0,491603.0534,6106.870229,218.33333,336.55063,606,1,1,1.0,0.0,1,1,48,48.0,0.0,48,48,0,0,0,0,64,64,3053.435,3053.435,40,121,72.4,44.36553,1968.3,0,0,0,0,0,0,0,0,1,90.5,40.0,121.0,0,0,0,0,0,0,2,80,2,242,-1,-1,1,32,0.0,0.0,0,0,0.0,0.0,0,0,Benign
17,61545,2,2,60,172,30,30,30.0,0.0,86,86,86.0,0.0,3769.59948,64.99309448,20515.0,35449.02,61448,48,49,49.0,0.0,49,49,48,48.0,0.0,48,48,0,0,0,0,64,64,32.496548,32.496548,30,86,52.4,30.672462,940.8,0,0,0,0,0,0,0,0,1,65.5,30.0,86.0,0,0,0,0,0,0,2,60,2,172,-1,-1,1,32,0.0,0.0,0,0,0.0,0.0,0,0,Benign
6,46212637,19,19,529,16674,427,0,27.842106,96.670265,1460,0,877.5789,712.94183,372.2574845,0.822285904,1248990.2,3263258.2,10200000,1,40900000,2273273.2,4346254.5,10200000,1,46200000,2566526.8,4363992.5,10200000,1,0,0,0,0,400,392,0.41114295,0.41114295,0,1460,441.10257,656.4769,430961.94,0,0,0,1,0,0,0,0,1,452.71054,27.842106,877.5789,0,0,0,0,0,0,19,529,19,16674,29200,30,18,20,66649.75,102888.836,220983,15175,10200000.0,108030.83,10200000,10000000,Benign
17,181,2,2,58,122,29,29,29.0,0.0,61,61,61.0,0.0,994475.1381,22099.44751,60.333332,64.39203,130,3,3,3.0,0.0,3,3,48,48.0,0.0,48,48,0,0,0,0,64,64,11049.724,11049.724,29,61,41.8,17.527122,307.2,0,0,0,0,0,0,0,0,1,52.25,29.0,61.0,0,0,0,0,0,0,2,58,2,122,-1,-1,1,32,0.0,0.0,0,0,0.0,0.0,0,0,Benign
17,23431,1,1,78,159,78,78,78.0,0.0,159,159,159.0,0.0,10114.80517,85.35700568,23431.0,0.0,23431,23431,0,0.0,0.0,0,0,0,0.0,0.0,0,0,0,0,0,0,20,20,42.6785,42.6785,78,159,105.0,46.765373,2187.0,0,0,0,0,0,0,0,0,1,157.5,78.0,159.0,0,0,0,0,0,0,1,78,1,159,-1,-1,0,20,0.0,0.0,0,0,0.0,0.0,0,0,Benign
6,237467,8,5,326,144,222,0,40.75,75.20021,85,2,28.8,35.98194,1979.222376,54.7444487,19788.916,23628.834,72786,4,237467,33923.855,36571.37,108724,46,128831,32207.75,37398.938,70418,4,0,0,0,0,180,104,33.688892,21.055557,0,222,33.57143,59.754257,3570.5715,0,0,0,1,0,0,0,0,0,36.153847,40.75,28.8,0,0,0,0,0,0,8,326,5,144,29200,35193,7,20,0.0,0.0,0,0,0.0,0.0,0,0,Benign
6,50,3,0,43,0,31,6,14.333333,14.433757,0,0,0.0,0.0,860000.0,60000.0,25.0,33.941124,49,1,50,25.0,33.941124,49,1,0,0.0,0.0,0,0,0,0,0,0,60,0,60000.0,0.0,6,31,12.25,12.5,156.25,0,0,0,0,1,0,0,0,0,16.333334,14.333333,0.0,0,0,0,0,0,0,3,43,0,0,110,-1,2,20,0.0,0.0,0,0,0.0,0.0,0,0,Benign
17,118253,1,1,51,184,51,51,51.0,0.0,184,184,184.0,0.0,1987.264594,16.91289016,118253.0,0.0,118253,118253,0,0.0,0.0,0,0,0,0.0,0.0,0,0,0,0,0,0,32,32,8.456445,8.456445,51,184,95.333336,76.78758,5896.3335,0,0,0,0,0,0,0,0,1,143.0,51.0,184.0,0,0,0,0,0,0,1,51,1,184,-1,-1,0,32,0.0,0.0,0,0,0.0,0.0,0,0,Benign
17,53995,2,2,94,206,47,47,47.0,0.0,103,103,103.0,0.0,5556.070006,74.08093342,17998.334,31168.832,53989,3,3,3.0,0.0,3,3,3,3.0,0.0,3,3,0,0,0,0,40,40,37.040466,37.040466,47,103,69.4,30.672462,940.8,0,0,0,0,0,0,0,0,1,86.75,47.0,103.0,0,0,0,0,0,0,2,94,2,206,-1,-1,1,20,0.0,0.0,0,0,0.0,0.0,0,0,Benign
17,149257,2,2,70,320,35,35,35.0,0.0,160,160,160.0,0.0,2612.942777,26.79941309,49752.332,86168.375,149251,3,3,3.0,0.0,3,3,3,3.0,0.0,3,3,0,0,0,0,64,64,13.399707,13.399707,35,160,85.0,68.46532,4687.5,0,0,0,0,0,0,0,0,1,106.25,35.0,160.0,0,0,0,0,0,0,2,70,2,320,-1,-1,1,32,0.0,0.0,0,0,0.0,0.0,0,0,Benign
6,62,1,1,0,0,0,0,0.0,0.0,0,0,0.0,0.0,0.0,32258.06452,62.0,0.0,62,62,0,0.0,0.0,0,0,0,0.0,0.0,0,0,0,0,0,0,32,32,16129.032,16129.032,0,0,0.0,0.0,0.0,0,0,0,0,1,1,0,0,1,0.0,0.0,0.0,0,0,0,0,0,0,1,0,1,0,122,259,0,32,0.0,0.0,0,0,0.0,0.0,0,0,Benign
17,62397,2,2,66,428,33,33,33.0,0.0,214,214,214.0,0.0,7917.047294,64.1056461,20799.0,35979.9,62345,3,3,3.0,0.0,3,3,49,49.0,0.0,49,49,0,0,0,0,64,64,32.052822,32.052822,33,214,105.4,99.13778,9828.3,0,0,0,0,0,0,0,0,1,131.75,33.0,214.0,0,0,0,0,0,0,2,66,2,428,-1,-1,1,32,0.0,0.0,0,0,0.0,0.0,0,0,Benign
6,165627,21,17,972,23154,298,0,46.285713,80.03508,2920,0,1362.0,1077.5018,145664.6561,229.4311918,4476.4053,10047.457,38160,4,165627,8281.35,15106.62,45289,4,125320,7832.5,16682.52,56528,49,0,0,0,0,432,352,126.790924,102.64027,0,2920,618.61536,964.64197,930534.1,0,0,0,1,0,0,0,0,0,634.8947,46.285713,1362.0,0,0,0,0,0,0,21,972,17,23154,8192,1013,20,20,0.0,0.0,0,0,0.0,0.0,0,0,Benign
17,13910342,2,2,107,270,58,49,53.5,6.363961,145,125,135.0,14.142136,27.10213739,0.287555834,4636780.5,8010538.0,13900000,444,13900000,13900000.0,0.0,13900000,13900000,13900000,13900000.0,0.0,13900000,13900000,0,0,0,0,64,52,0.14377792,0.14377792,49,145,87.0,44.536503,1983.5,0,0,0,0,0,0,0,0,1,108.75,53.5,135.0,0,0,0,0,0,0,2,107,2,270,-1,-1,1,32,444.0,0.0,444,444,13900000.0,0.0,13900000,13900000,Benign
17,31157,4,4,132,504,33,33,33.0,0.0,126,126,126.0,0.0,20412.74834,256.7641301,4451.0,11667.384,30910,3,30917,10305.667,17843.877,30910,3,211,70.333336,39.551655,116,47,0,0,0,0,104,80,128.38206,128.38206,33,126,74.333336,49.015305,2402.5,0,0,0,0,0,0,0,0,1,83.625,33.0,126.0,0,0,0,0,0,0,4,132,4,504,-1,-1,3,20,0.0,0.0,0,0,0.0,0.0,0,0,Benign
6,246,2,0,12,0,6,6,6.0,0.0,0,0,0.0,0.0,48780.4878,8130.081301,246.0,0.0,246,246,246,246.0,0.0,246,246,0,0.0,0.0,0,0,0,0,0,0,40,0,8130.0815,0.0,6,6,6.0,0.0,0.0,0,0,0,0,1,0,0,0,0,9.0,6.0,0.0,0,0,0,0,0,0,2,12,0,0,1026,-1,1,20,0.0,0.0,0,0,0.0,0.0,0,0,Benign
17,23404,1,1,38,54,38,38,38.0,0.0,54,54,54.0,0.0,3930.951974,85.4554777,23404.0,0.0,23404,23404,0,0.0,0.0,0,0,0,0.0,0.0,0,0,0,0,0,0,20,20,42.727737,42.727737,38,54,43.333332,9.237604,85.333336,0,0,0,0,0,0,0,0,1,65.0,38.0,54.0,0,0,0,0,0,0,1,38,1,54,-1,-1,0,20,0.0,0.0,0,0,0.0,0.0,0,0,Benign
6,62,1,2,6,12,6,6,6.0,0.0,6,6,6.0,0.0,290322.5806,48387.09677,31.0,25.455845,49,13,0,0.0,0.0,0,0,49,49.0,0.0,49,49,0,0,0,0,20,40,16129.032,32258.064,6,6,6.0,0.0,0.0,0,0,0,0,1,1,0,0,2,8.0,6.0,6.0,0,0,0,0,0,0,1,6,2,12,245,250,0,20,0.0,0.0,0,0,0.0,0.0,0,0,Benign
6,5672091,3,1,12,0,6,0,4.0,3.4641016,0,0,0.0,0.0,2.115621911,0.705207304,1890697.0,3242815.8,5635118,135,5672091,2836045.5,3958486.2,5635118,36973,0,0.0,0.0,0,0,0,0,0,0,72,32,0.52890545,0.17630182,0,6,2.4,3.2863352,10.8,0,0,0,1,0,0,0,0,0,3.0,4.0,0.0,0,0,0,0,0,0,3,12,1,0,8192,42780,2,20,0.0,0.0,0,0,0.0,0.0,0,0,Benign
6,31561,15,6,20532,24,2920,0,1368.8,1156.5319,6,0,4.0,3.0983868,651310.1613,665.3781566,1578.05,5710.242,25212,2,31561,2254.3572,6783.622,25212,2,25622,5124.4,11312.914,25361,3,0,0,0,0,324,144,475.2701,190.10805,0,2920,934.36365,1146.9108,1315404.4,0,0,0,1,0,0,0,0,0,978.8571,1368.8,4.0,0,0,0,0,0,0,15,20532,6,24,8192,357,13,20,0.0,0.0,0,0,0.0,0.0,0,0,Benign
6,6152174,9,6,710,5477,517,0,78.888885,172.65677,2856,0,912.8333,1105.981,1005.660763,2.43816251,439441.0,1415802.2,5344646,1,6152174,769021.75,1853564.5,5344646,3,508812,101762.4,138530.64,254100,188,0,0,0,0,296,200,1.4628975,0.975265,0,2856,386.6875,775.3544,601174.4,0,0,0,1,0,0,0,0,0,412.46667,78.888885,912.8333,0,0,0,0,0,0,9,710,6,5477,29200,129,3,32,807525.0,0.0,807525,807525,5344646.0,0.0,5344646,5344646,Benign
6,117164124,18,20,1022,17672,348,0,56.77778,93.80302,1949,0,883.6,716.50006,159.5539604,0.324331363,3166598.0,13400000.0,58500000,1,117000000,6892007.5,19300000.0,58500000,18,117000000,6154006.0,18400000.0,58500000,1,0,0,0,0,372,412,0.15363064,0.17070071,0,1949,479.33334,661.2589,437263.34,0,0,0,1,0,0,0,0,1,491.94736,56.77778,883.6,0,0,0,0,0,0,18,1022,20,17672,8192,1013,17,20,198409.0,36008.707,223871,172947,58300000.0,264280.44,58500000,58100000,Benign
6,115474,1,1,0,0,0,0,0.0,0.0,0,0,0.0,0.0,0.0,17.31991617,115474.0,0.0,115474,115474,0,0.0,0.0,0,0,0,0.0,0.0,0,0,0,0,0,0,32,32,8.659958,8.659958,0,0,0.0,0.0,0.0,0,0,0,0,1,1,0,0,1,0.0,0.0,0.0,0,0,0,0,0,0,1,0,1,0,318,132,0,32,0.0,0.0,0,0,0.0,0.0,0,0,Benign
17,242,2,2,66,578,33,33,33.0,0.0,289,289,289.0,0.0,2661157.025,16528.92562,80.666664,133.65752,235,3,3,3.0,0.0,3,3,4,4.0,0.0,4,4,0,0,0,0,40,40,8264.463,8264.463,33,289,135.4,140.21698,19660.8,0,0,0,0,0,0,0,0,1,169.25,33.0,289.0,0,0,0,0,0,0,2,66,2,578,-1,-1,1,20,0.0,0.0,0,0,0.0,0.0,0,0,Benign
6,494080,10,13,904,18487,539,0,90.4,171.94974,3745,0,1422.0769,1039.73,39246.6807,46.5511658,22458.182,38363.43,97038,25,493594,54843.777,56254.043,145917,66,397550,33129.168,63147.71,192266,48,0,0,0,0,212,272,20.239637,26.31153,0,3745,807.9583,1020.2962,1041004.3,0,0,0,1,0,0,0,0,1,843.087,90.4,1422.0769,0,0,0,0,0,0,10,904,13,18487,8192,245,9,20,0.0,0.0,0,0,0.0,0.0,0,0,Benign
6,116,3,1,4,4,4,0,1.3333334,2.309401,4,4,4.0,0.0,68965.51724,34482.75862,38.666668,62.6445,111,2,116,58.0,77.781746,113,3,0,0.0,0.0,0,0,1,0,0,0,96,32,25862.068,8620.689,0,4,2.4,2.1908903,4.8,0,1,0,0,1,0,0,0,0,3.0,1.3333334,4.0,0,0,0,0,0,0,3,4,1,4,302,302,0,32,0.0,0.0,0,0,0.0,0.0,0,0,Benign
6,654699,8,8,714,4806,406,0,89.25,146.4394,1448,0,600.75,682.30865,8431.355478,24.43871153,43646.6,51470.586,119165,1,546362,78051.71,43439.56,119182,397,550753,78679.0,100194.234,213277,1,0,0,0,0,264,264,12.219356,12.219356,0,1448,324.70587,534.29156,285467.47,0,0,0,1,0,0,0,0,1,345.0,89.25,600.75,0,0,0,0,0,0,8,714,8,4806,29200,31,3,32,0.0,0.0,0,0,0.0,0.0,0,0,Benign
6,5256128,3,1,12,0,6,0,4.0,3.4641016,0,0,0.0,0.0,2.283049423,0.761016474,1752042.6,3013341.5,5231521,90,5256128,2628064.0,3681844.2,5231521,24607,0,0.0,0.0,0,0,0,0,0,0,72,28,0.57076234,0.19025412,0,6,2.4,3.2863352,10.8,0,0,0,1,0,0,0,0,0,3.0,4.0,0.0,0,0,0,0,0,0,3,12,1,0,8192,4380,2,20,0.0,0.0,0,0,0.0,0.0,0,0,Benign
6,15058,1,1,6,6,6,6,6.0,0.0,6,6,6.0,0.0,796.9185815,132.8197636,15058.0,0.0,15058,15058,0,0.0,0.0,0,0,0,0.0,0.0,0,0,0,0,0,0,20,20,66.40988,66.40988,6,6,6.0,0.0,0.0,0,0,0,0,1,1,0,0,1,9.0,6.0,6.0,0,0,0,0,0,0,1,6,1,6,274,30,0,20,0.0,0.0,0,0,0.0,0.0,0,0,Benign
6,1594367,3,3,0,18,0,0,0.0,0.0,6,6,6.0,0.0,11.28974697,3.763248988,318873.4,165368.0,500425,196501,1397866,698933.0,192.33304,699069,698797,1395995,697997.5,2658.0144,699877,696118,0,0,0,0,92,60,1.8816245,1.8816245,0,6,2.5714285,3.207135,10.285714,0,0,0,1,0,0,0,0,1,3.0,0.0,6.0,0,0,0,0,0,0,3,0,3,18,8192,0,0,28,0.0,0.0,0,0,0.0,0.0,0,0,Benign
17,49026,1,1,48,64,48,48,48.0,0.0,64,64,64.0,0.0,2284.502101,40.79468037,49026.0,0.0,49026,49026,0,0.0,0.0,0,0,0,0.0,0.0,0,0,0,0,0,0,20,20,20.39734,20.39734,48,64,53.333332,9.237604,85.333336,0,0,0,0,0,0,0,0,1,80.0,48.0,64.0,0,0,0,0,0,0,1,48,1,64,-1,-1,0,20,0.0,0.0,0,0,0.0,0.0,0,0,Benign
17,200,2,2,168,424,84,84,84.0,0.0,212,212,212.0,0.0,2960000.0,20000.0,66.666664,110.2739,194,3,3,3.0,0.0,3,3,3,3.0,0.0,3,3,0,0,0,0,40,40,10000.0,10000.0,84,212,135.2,70.10849,4915.2,0,0,0,0,0,0,0,0,1,169.0,84.0,212.0,0,0,0,0,0,0,2,168,2,424,-1,-1,1,20,0.0,0.0,0,0,0.0,0.0,0,0,Benign
17,138045,1,1,47,218,47,47,47.0,0.0,218,218,218.0,0.0,1919.663878,14.48802927,138045.0,0.0,138045,138045,0,0.0,0.0,0,0,0,0.0,0.0,0,0,0,0,0,0,32,20,7.2440147,7.2440147,47,218,104.0,98.7269,9747.0,0,0,0,0,0,0,0,0,1,156.0,47.0,218.0,0,0,0,0,0,0,1,47,1,218,-1,-1,0,32,0.0,0.0,0,0,0.0,0.0,0,0,Benign
17,92808,2,2,74,204,37,37,37.0,0.0,102,102,102.0,0.0,2995.431428,43.09973278,30936.0,53576.66,92801,3,4,4.0,0.0,4,4,3,3.0,0.0,3,3,0,0,0,0,40,40,21.549866,21.549866,37,102,63.0,35.601967,1267.5,0,0,0,0,0,0,0,0,1,78.75,37.0,102.0,0,0,0,0,0,0,2,74,2,204,-1,-1,1,20,0.0,0.0,0,0,0.0,0.0,0,0,Benign
17,38352439,2,2,96,271,49,47,48.0,1.4142135,161,110,135.5,36.062447,9.569143699,0.104295844,12800000.0,22000000.0,38200000,30594,38300000,38300000.0,0.0,38300000,38300000,38200000,38200000.0,0.0,38200000,38200000,0,0,0,0,64,40,0.05214792,0.05214792,47,161,82.8,51.382877,2640.2,0,0,0,0,0,0,0,0,1,103.5,48.0,135.5,0,0,0,0,0,0,2,96,2,271,-1,-1,1,32,163537.0,0.0,163537,163537,38200000.0,0.0,38200000,38200000,Benign
17,30596,1,1,51,67,51,51,51.0,0.0,67,67,67.0,0.0,3856.713296,65.36802196,30596.0,0.0,30596,30596,0,0.0,0.0,0,0,0,0.0,0.0,0,0,0,0,0,0,20,20,32.68401,32.68401,51,67,56.333332,9.237604,85.333336,0,0,0,0,0,0,0,0,1,84.5,51.0,67.0,0,0,0,0,0,0,1,51,1,67,-1,-1,0,20,0.0,0.0,0,0,0.0,0.0,0,0,Benign
17,72051,2,2,90,374,45,45,45.0,0.0,187,187,187.0,0.0,6439.882861,55.51623156,24017.0,41595.2,72047,1,1,1.0,0.0,1,1,3,3.0,0.0,3,3,0,0,0,0,64,64,27.758116,27.758116,45,187,101.8,77.7766,6049.2,0,0,0,0,0,0,0,0,1,127.25,45.0,187.0,0,0,0,0,0,0,2,90,2,374,-1,-1,1,32,0.0,0.0,0,0,0.0,0.0,0,0,Benign
6,3420424,5,1,135,46,46,6,27.0,20.12461,46,46,46.0,0.0,52.91741609,1.754168489,684084.8,1475187.6,3322753,4,3420424,855106.0,1645464.2,3322753,4,0,0.0,0.0,0,0,1,0,0,0,100,20,1.4618071,0.2923614,6,46,32.42857,18.866701,355.9524,0,1,0,0,1,0,0,0,0,37.833332,27.0,46.0,0,0,0,0,0,0,5,135,1,46,255,360,4,20,0.0,0.0,0,0,0.0,0.0,0,0,Benign
17,31222,2,2,72,328,36,36,36.0,0.0,164,164,164.0,0.0,12811.47909,128.1147909,10407.333,17983.61,31173,1,1,1.0,0.0,1,1,48,48.0,0.0,48,48,0,0,0,0,40,40,64.057396,64.057396,36,164,87.2,70.10849,4915.2,0,0,0,0,0,0,0,0,1,109.0,36.0,164.0,0,0,0,0,0,0,2,72,2,328,-1,-1,1,20,0.0,0.0,0,0,0.0,0.0,0,0,Benign
6,89327,1,1,0,0,0,0,0.0,0.0,0,0,0.0,0.0,0.0,22.38964703,89327.0,0.0,89327,89327,0,0.0,0.0,0,0,0,0.0,0.0,0,0,0,0,0,0,32,32,11.194823,11.194823,0,0,0.0,0.0,0.0,0,0,0,0,1,1,0,0,1,0.0,0.0,0.0,0,0,0,0,0,0,1,0,1,0,264,235,0,32,0.0,0.0,0,0,0.0,0.0,0,0,Benign
6,1023861,3,3,0,18,0,0,0.0,0.0,6,6,6.0,0.0,17.58051142,5.860170472,204772.2,279436.94,511903,558,1023112,511556.0,1279.8633,512461,510651,1023065,511532.5,1583.212,512652,510413,0,0,0,0,92,60,2.9300852,2.9300852,0,6,2.5714285,3.207135,10.285714,0,0,0,1,0,0,0,0,1,3.0,0.0,6.0,0,0,0,0,0,0,3,0,3,18,8192,0,0,28,0.0,0.0,0,0,0.0,0.0,0,0,Benign
17,174529,4,2,188,226,47,47,47.0,0.0,113,113,113.0,0.0,2372.09862,34.37824087,34905.8,62367.414,143927,3,30599,10199.667,17660.28,30592,3,3,3.0,0.0,3,3,0,0,0,0,128,40,22.918827,11.459414,47,113,65.85714,32.204704,1037.1428,0,0,0,0,0,0,0,0,0,76.833336,47.0,113.0,0,0,0,0,0,0,4,188,2,226,-1,-1,3,32,0.0,0.0,0,0,0.0,0.0,0,0,Benign
17,176,2,2,82,114,41,41,41.0,0.0,57,57,57.0,0.0,1113636.364,22727.27273,58.666668,60.08605,123,4,4,4.0,0.0,4,4,49,49.0,0.0,49,49,0,0,0,0,40,40,11363.637,11363.637,41,57,47.4,8.763561,76.8,0,0,0,0,0,0,0,0,1,59.25,41.0,57.0,0,0,0,0,0,0,2,82,2,114,-1,-1,1,20,0.0,0.0,0,0,0.0,0.0,0,0,Benign
6,57,3,1,43,6,31,6,14.333333,14.433757,6,6,6.0,0.0,859649.1228,70175.4386,19.0,25.357445,48,1,49,24.5,33.23402,48,1,0,0.0,0.0,0,0,0,0,0,0,60,20,52631.58,17543.86,6,31,11.0,11.18034,125.0,0,0,0,0,1,0,0,0,0,13.75,14.333333,6.0,0,0,0,0,0,0,3,43,1,6,1214,0,2,20,0.0,0.0,0,0,0.0,0.0,0,0,Benign
17,24140,1,1,52,116,52,52,52.0,0.0,116,116,116.0,0.0,6959.40348,82.85004143,24140.0,0.0,24140,24140,0,0.0,0.0,0,0,0,0.0,0.0,0,0,0,0,0,0,20,20,41.425022,41.425022,52,116,73.333336,36.950417,1365.3334,0,0,0,0,0,0,0,0,1,110.0,52.0,116.0,0,0,0,0,0,0,1,52,1,116,-1,-1,0,20,0.0,0.0,0,0,0.0,0.0,0,0,Benign
17,23647,1,1,60,246,60,60,60.0,0.0,246,246,246.0,0.0,12940.3307,84.57732482,23647.0,0.0,23647,23647,0,0.0,0.0,0,0,0,0.0,0.0,0,0,0,0,0,0,20,32,42.288662,42.288662,60,246,122.0,107.38715,11532.0,0,0,0,0,0,0,0,0,1,183.0,60.0,246.0,0,0,0,0,0,0,1,60,1,246,-1,-1,0,20,0.0,0.0,0,0,0.0,0.0,0,0,Benign
6,55,2,0,0,0,0,0,0.0,0.0,0,0,0.0,0.0,0.0,36363.63636,55.0,0.0,55,55,55,55.0,0.0,55,55,0,0.0,0.0,0,0,0,0,0,0,64,0,36363.637,0.0,0,0,0.0,0.0,0.0,0,0,0,0,1,0,0,0,0,0.0,0.0,0.0,0,0,0,0,0,0,2,0,0,0,2021,-1,0,32,0.0,0.0,0,0,0.0,0.0,0,0,Benign
17,30637,1,1,94,176,94,94,94.0,0.0,176,176,176.0,0.0,8812.873323,65.28054313,30637.0,0.0,30637,30637,0,0.0,0.0,0,0,0,0.0,0.0,0,0,0,0,0,0,20,20,32.64027,32.64027,94,176,121.333336,47.342724,2241.3333,0,0,0,0,0,0,0,0,1,182.0,94.0,176.0,0,0,0,0,0,0,1,94,1,176,-1,-1,0,20,0.0,0.0,0,0,0.0,0.0,0,0,Benign
6,5878972,9,7,377,5048,190,0,41.88889,68.30528,1460,0,721.1429,684.289,922.7803772,2.721564246,391931.47,1427665.6,5551643,3,5878972,734871.5,1946704.6,5551643,4,198824,33137.332,50838.47,103849,48,0,0,0,0,192,152,1.5308799,1.1906843,0,1460,319.11765,546.1079,298233.88,0,0,0,1,0,0,0,0,0,339.0625,41.88889,721.1429,0,0,0,0,0,0,9,377,7,5048,8192,110,8,20,327325.0,0.0,327325,327325,5551643.0,0.0,5551643,5551643,Benign
6,3006,3,1,18,0,6,6,6.0,0.0,0,0,0.0,0.0,5988.023952,1330.671989,1002.0,1682.0381,2944,4,3006,1503.0,2119.9062,3002,4,0,0.0,0.0,0,0,0,0,0,0,60,32,998.00397,332.668,0,6,4.8,2.6832817,7.2,1,0,0,0,0,0,0,0,0,6.0,6.0,0.0,0,0,0,0,0,0,3,18,1,0,0,290,2,20,0.0,0.0,0,0,0.0,0.0,0,0,Benign
17,172,2,2,84,140,42,42,42.0,0.0,70,70,70.0,0.0,1302325.581,23255.81395,57.333332,58.943478,120,3,3,3.0,0.0,3,3,49,49.0,0.0,49,49,0,0,0,0,40,40,11627.907,11627.907,42,70,53.2,15.336231,235.2,0,0,0,0,0,0,0,0,1,66.5,42.0,70.0,0,0,0,0,0,0,2,84,2,140,-1,-1,1,20,0.0,0.0,0,0,0.0,0.0,0,0,Benign
17,133000,1,1,67,128,67,67,67.0,0.0,128,128,128.0,0.0,1466.165414,15.03759398,133000.0,0.0,133000,133000,0,0.0,0.0,0,0,0,0.0,0.0,0,0,0,0,0,0,20,32,7.518797,7.518797,67,128,87.333336,35.218365,1240.3334,0,0,0,0,0,0,0,0,1,131.0,67.0,128.0,0,0,0,0,0,0,1,67,1,128,-1,-1,0,20,0.0,0.0,0,0,0.0,0.0,0,0,Benign
17,206965,2,2,70,160,35,35,35.0,0.0,80,80,80.0,0.0,1111.299012,19.32693934,68988.336,119448.0,206915,1,49,49.0,0.0,49,49,1,1.0,0.0,1,1,0,0,0,0,40,40,9.663469,9.663469,35,80,53.0,24.647514,607.5,0,0,0,0,0,0,0,0,1,66.25,35.0,80.0,0,0,0,0,0,0,2,70,2,160,-1,-1,1,20,0.0,0.0,0,0,0.0,0.0,0,0,Benign
6,5508835,3,1,12,0,6,0,4.0,3.4641016,0,0,0.0,0.0,2.178319009,0.726106336,1836278.4,3155200.5,5479551,44,5508835,2754417.5,3853920.8,5479551,29284,0,0.0,0.0,0,0,0,0,0,0,72,32,0.54457974,0.18152659,0,6,2.4,3.2863352,10.8,0,0,0,1,0,0,0,0,0,3.0,4.0,0.0,0,0,0,0,0,0,3,12,1,0,8192,29200,2,20,0.0,0.0,0,0,0.0,0.0,0,0,Benign
17,30663,2,2,98,220,49,49,49.0,0.0,110,110,110.0,0.0,10370.8052,130.4503799,10221.0,17697.229,30656,3,4,4.0,0.0,4,4,3,3.0,0.0,3,3,0,0,0,0,40,40,65.22519,65.22519,49,110,73.4,33.411076,1116.3,0,0,0,0,0,0,0,0,1,91.75,49.0,110.0,0,0,0,0,0,0,2,98,2,220,-1,-1,1,20,0.0,0.0,0,0,0.0,0.0,0,0,Benign
6,5146396,5,1,135,46,46,6,27.0,20.12461,46,46,46.0,0.0,35.17024341,1.165864422,1029279.2,2246220.8,5047240,3,5146396,1286599.0,2507459.5,5047240,3,0,0.0,0.0,0,0,1,0,0,0,100,20,0.9715537,0.19431074,6,46,32.42857,18.866701,355.9524,0,1,0,0,1,0,0,0,0,37.833332,27.0,46.0,0,0,0,0,0,0,5,135,1,46,255,377,4,20,93504.0,0.0,93504,93504,5047240.0,0.0,5047240,5047240,Benign
17,2247959,4,4,188,482,53,41,47.0,6.928203,124,117,120.5,4.041452,298.0481406,3.558783768,321137.0,839115.5,2223967,4,2247794,749264.7,1297719.5,2247742,4,2224233,741411.0,1284073.1,2224131,49,0,0,0,0,80,104,1.7793919,1.7793919,41,124,79.0,39.7209,1577.75,0,0,0,0,0,0,0,0,1,88.875,47.0,120.5,0,0,0,0,0,0,4,188,4,482,-1,-1,3,20,0.0,0.0,0,0,0.0,0.0,0,0,Benign
17,195,2,2,64,96,32,32,32.0,0.0,48,48,48.0,0.0,820512.8205,20512.82051,65.0,106.5223,188,3,4,4.0,0.0,4,4,3,3.0,0.0,3,3,0,0,0,0,40,40,10256.41,10256.41,32,48,38.4,8.763561,76.8,0,0,0,0,0,0,0,0,1,48.0,32.0,48.0,0,0,0,0,0,0,2,64,2,96,-1,-1,1,20,0.0,0.0,0,0,0.0,0.0,0,0,Benign
6,2,2,0,31,0,31,0,15.5,21.920311,0,0,0.0,0.0,15500000.0,1000000.0,2.0,0.0,2,2,2,2.0,0.0,2,2,0,0.0,0.0,0,0,1,0,0,0,64,0,1000000.0,0.0,0,31,20.666666,17.897858,320.33334,0,1,0,0,1,0,0,0,0,31.0,15.5,0.0,0,0,0,0,0,0,2,31,0,0,61,-1,0,32,0.0,0.0,0,0,0.0,0.0,0,0,Benign
