Protocol,Flow Duration,Total Fwd Packets,Total Backward Packets,Fwd Packets Length Total,Bwd Packets Length Total,Fwd Packet Length Max,Fwd Packet Length Min,Fwd Packet Length Mean,Fwd Packet Length Std,Bwd Packet Length Max,Bwd Packet Length Min,Bwd Packet Length Mean,Bwd Packet Length Std,Flow Bytes/s,Flow Packets/s,Flow IAT Mean,Flow IAT Std,Flow IAT Max,Flow IAT Min,Fwd IAT Total,Fwd IAT Mean,Fwd IAT Std,Fwd IAT Max,Fwd IAT Min,Bwd IAT Total,Bwd IAT Mean,Bwd IAT Std,Bwd IAT Max,Bwd IAT Min,Fwd PSH Flags,Bwd PSH Flags,Fwd URG Flags,Bwd URG Flags,Fwd Header Length,Bwd Header Length,Fwd Packets/s,Bwd Packets/s,Packet Length Min,Packet Length Max,Packet Length Mean,Packet Length Std,Packet Length Variance,FIN Flag Count,SYN Flag Count,RST Flag Count,PSH Flag Count,ACK Flag Count,URG Flag Count,CWE Flag Count,ECE Flag Count,Down/Up Ratio,Avg Packet Size,Avg Fwd Segment Size,Avg Bwd Segment Size,Fwd Avg Bytes/Bulk,Fwd Avg Packets/Bulk,Fwd Avg Bulk Rate,Bwd Avg Bytes/Bulk,Bwd Avg Packets/Bulk,Bwd Avg Bulk Rate,Subflow Fwd Packets,Subflow Fwd Bytes,Subflow Bwd Packets,Subflow Bwd Bytes,Init Fwd Win Bytes,Init Bwd Win Bytes,Fwd Act Data Packets,Fwd Seg Size Min,Active Mean,Active Std,Active Max,Active Min,Idle Mean,Idle Std,Idle Max,Idle Min,Label
6,556507,3,4,441,870,435,0,147.0,249.43336,858,0,217.5,427.00937,2355.76551597734,12.5784581326021,92751.164,204388.61,509322,4,532690,266345.0,343621.38,509322,23368,533180,177726.67,307268.88,532530,4,0,0,0,0,72,92,5.3907676,7.1876903,0,858,163.875,318.62582,101522.414,0,0,0,1,0,0,0,0,1,187.28572,147.0,217.5,0,0,0,0,0,0,3,441,4,870,8192,31,2,20,0.0,0.0,0,0,0.0,0.0,0,0,Benign
17,31041,2,2,68,182,34,34,34.0,0.0,91,91,91.0,0.0,8053.8642440643,128.861827905029,10347.0,17918.066,31037,1,3,3.0,0.0,3,3,1,1.0,0.0,1,1,0,0,0,0,40,40,64.430916,64.430916,34,91,56.8,31.220186,974.7,0,0,0,0,0,0,0,0,1,71.0,34.0,91.0,0,0,0,0,0,0,2,68,2,182,-1,-1,1,20,0.0,0.0,0,0,0.0,0.0,0,0,Benign
17,61725,2,2,82,146,41,41,41.0,0.0,73,73,73.0,0.0,3693.80315917375,64.8035641960308,20575.0,35630.016,61717,4,4,4.0,0.0,4,4,4,4.0,0.0,4,4,0,0,0,0,64,40,32.401783,32.401783,41,73,53.8,17.527122,307.2,0,0,0,0,0,0,0,0,1,67.25,41.0,73.0,0,0,0,0,0,0,2,82,2,146,-1,-1,1,32,0.0,0.0,0,0,0.0,0.0,0,0,Benign
17,153,2,2,80,112,40,40,40.0,0.0,56,56,56.0,0.0,1254901.96078431,26143.7908496732,51.0,74.64583,137,3,3,3.0,0.0,3,3,13,13.0,0.0,13,13,0,0,0,0,64,64,13071.8955,13071.8955,40,56,46.4,8.763561,76.8,0,0,0,0,0,0,0,0,1,58.0,40.0,56.0,0,0,0,0,0,0,2,80,2,112,-1,-1,1,32,0.0,0.0,0,0,0.0,0.0,0,0,Benign
17,46593,1,1,42,233,42,42,42.0,0.0,233,233,233.0,0.0,5902.17414633099,42.9249028824072,46593.0,0.0,46593,46593,0,0.0,0.0,0,0,0,0.0,0.0,0,0,0,0,0,0,20,20,21.462452,21.462452,42,233,105.666664,110.2739,12160.333,0,0,0,0,0,0,0,0,1,158.5,42.0,233.0,0,0,0,0,0,0,1,42,1,233,-1,-1,0,20,0.0,0.0,0,0,0.0,0.0,0,0,Benign
6,115968746,26,25,3380,12964,977,0,130.0,272.21725,1755,0,518.56,713.596,140.934523858696,0.439773661086238,2319375.0,4139163.0,10023310,4,115883295,4635332.0,4951658.0,10108752,259,115883200,4828466.5,4992080.5,10108997,4,0,0,0,0,532,644,0.22419834,0.21557532,0,1755,314.30768,561.83844,315662.44,0,0,0,1,0,0,0,0,0,320.47058,130.0,518.56,0,0,0,0,0,0,26,3380,25,12964,8192,135,25,20,545777.2,1526182.4,5147390,85430,9989068.0,64001.49,10023310,9796769,Benign
17,75610,2,2,86,214,43,43,43.0,0.0,107,107,107.0,0.0,3967.72913635762,52.903055151435,25203.334,43646.527,75602,4,4,4.0,0.0,4,4,4,4.0,0.0,4,4,0,0,0,0,40,88,26.451527,26.451527,43,107,68.6,35.054245,1228.8,0,0,0,0,0,0,0,0,1,85.75,43.0,107.0,0,0,0,0,0,0,2,86,2,214,-1,-1,1,20,0.0,0.0,0,0,0.0,0.0,0,0,Benign
17,31049,2,2,60,414,30,30,30.0,0.0,207,207,207.0,0.0,15266.1921478953,128.828625720635,10349.667,17920.953,31043,3,3,3.0,0.0,3,3,3,3.0,0.0,3,3,0,0,0,0,64,64,64.414314,64.414314,30,207,100.8,96.94689,9398.7,0,0,0,0,0,0,0,0,1,126.0,30.0,207.0,0,0,0,0,0,0,2,60,2,414,-1,-1,1,32,0.0,0.0,0,0,0.0,0.0,0,0,Benign
17,77842140,3,3,164,326,59,52,54.666668,3.785939,120,92,108.666664,14.742229,6.29479097054629,0.07707907310873,15568428.0,21064982.0,42428650,30679,76942885,38471444.0,5639723.0,42459329,34483556,77794196,38897096.0,6266107.5,43327905,34466291,0,0,0,0,84,104,0.038539536,0.038539536,52,120,78.42857,29.658373,879.619,0,0,0,0,0,0,0,0,1,91.5,54.666668,108.666664,0,0,0,0,0,0,3,164,3,326,-1,-1,2,20,39311.5,12208.198,47944,30679,38432132.0,5651931.5,42428650,34435612,Benign
17,49620,1,1,62,90,62,62,62.0,0.0,90,90,90.0,0.0,3063.28093510681,40.3063280935107,49620.0,0.0,49620,49620,0,0.0,0.0,0,0,0,0.0,0.0,0,0,0,0,0,0,32,20,20.153164,20.153164,62,90,71.333336,16.165808,261.33334,0,0,0,0,0,0,0,0,1,107.0,62.0,90.0,0,0,0,0,0,0,1,62,1,90,-1,-1,0,32,0.0,0.0,0,0,0.0,0.0,0,0,Benign
6,26,1,1,0,0,0,0,0.0,0.0,0,0,0.0,0.0,0.0,76923.0769230769,26.0,0.0,26,26,0,0.0,0.0,0,0,0,0.0,0.0,0,0,0,0,0,0,32,32,38461.54,38461.54,0,0,0.0,0.0,0.0,0,0,0,0,1,0,0,0,1,0.0,0.0,0.0,0,0,0,0,0,0,1,0,1,0,349,32832,0,32,0.0,0.0,0,0,0.0,0.0,0,0,Benign
17,60570,2,2,72,136,36,36,36.0,0.0,68,68,68.0,0.0,3434.04325573716,66.0392933795608,20190.0,34964.91,60564,3,3,3.0,0.0,3,3,3,3.0,0.0,3,3,0,0,0,0,64,64,33.019646,33.019646,36,68,48.8,17.527122,307.2,0,0,0,0,0,0,0,0,1,61.0,36.0,68.0,0,0,0,0,0,0,2,72,2,136,-1,-1,1,32,0.0,0.0,0,0,0.0,0.0,0,0,Benign
6,46704,4,5,1594,214,1242,0,398.5,585.12305,196,0,42.8,85.6808,38711.8876327509,192.702980472765,5838.0,10611.769,23146,1,23320,7773.3335,13367.682,23209,48,23558,5889.5,11466.425,23086,1,0,0,0,0,92,112,85.64577,107.05721,0,1242,180.8,390.7192,152661.52,0,0,0,1,0,0,0,0,1,200.88889,398.5,42.8,0,0,0,0,0,0,4,1594,5,214,8192,1024,3,20,0.0,0.0,0,0,0.0,0.0,0,0,Benign
6,313,2,0,0,0,0,0,0.0,0.0,0,0,0.0,0.0,0.0,6389.77635782748,313.0,0.0,313,313,313,313.0,0.0,313,313,0,0.0,0.0,0,0,0,0,0,0,64,0,6389.7764,0.0,0,0,0.0,0.0,0.0,0,0,0,0,1,0,0,0,0,0.0,0.0,0.0,0,0,0,0,0,0,2,0,0,0,250,-1,0,32,0.0,0.0,0,0,0.0,0.0,0,0,Benign
6,142,1,1,0,0,0,0,0.0,0.0,0,0,0.0,0.0,0.0,14084.5070422535,142.0,0.0,142,142,0,0.0,0.0,0,0,0,0.0,0.0,0,0,0,0,0,0,32,32,7042.2534,7042.2534,0,0,0.0,0.0,0.0,0,0,0,0,1,1,0,0,1,0.0,0.0,0.0,0,0,0,0,0,0,1,0,1,0,340,32832,0,32,0.0,0.0,0,0,0.0,0.0,0,0,Benign
17,30873,1,1,56,97,56,56,56.0,0.0,97,97,97.0,0.0,4955.78660965893,64.781524309267,30873.0,0.0,30873,30873,0,0.0,0.0,0,0,0,0.0,0.0,0,0,0,0,0,0,20,32,32.390762,32.390762,56,97,69.666664,23.671362,560.3333,0,0,0,0,0,0,0,0,1,104.5,56.0,97.0,0,0,0,0,0,0,1,56,1,97,-1,-1,0,20,0.0,0.0,0,0,0.0,0.0,0,0,Benign
17,30683,2,2,76,108,38,38,38.0,0.0,54,54,54.0,0.0,5996.80604895219,130.365348890265,10227.667,17670.686,30632,3,3,3.0,0.0,3,3,48,48.0,0.0,48,48,0,0,0,0,64,64,65.18268,65.18268,38,54,44.4,8.763561,76.8,0,0,0,0,0,0,0,0,1,55.5,38.0,54.0,0,0,0,0,0,0,2,76,2,108,-1,-1,1,32,0.0,0.0,0,0,0.0,0.0,0,0,Benign
6,190389,14,9,1978,4128,1368,0,141.28572,361.4046,1418,0,458.66666,601.24976,32071.1805829118,120.805298625446,8654.046,15932.382,50772,1,190389,14645.308,21277.998,52644,1,151890,18986.25,23370.002,60358,50,0,0,0,0,460,296,73.53366,47.271637,0,1418,254.41667,475.91348,226493.64,0,0,0,1,0,0,0,0,0,265.47827,141.28572,458.66666,0,0,0,0,0,0,14,1978,9,4128,65535,362,7,32,0.0,0.0,0,0,0.0,0.0,0,0,Benign
17,864,2,2,88,472,44,44,44.0,0.0,236,236,236.0,0.0,648148.148148148,4629.62962962963,288.0,493.6345,858,3,3,3.0,0.0,3,3,3,3.0,0.0,3,3,0,0,0,0,40,40,2314.8147,2314.8147,44,236,120.8,105.16273,11059.2,0,0,0,0,0,0,0,0,1,151.0,44.0,236.0,0,0,0,0,0,0,2,88,2,472,-1,-1,1,20,0.0,0.0,0,0,0.0,0.0,0,0,Benign
6,66955935,36,68,887,74034,117,0,24.63889,40.692684,2836,0,1088.7354,633.55786,1118.95980543024,1.55326036444715,650057.6,5813196.5,58579129,0,66898005,1911371.6,9944887.0,58579129,1,66918973,998790.6,7212486.5,58656931,1,1,0,0,0,1152,2176,0.53766704,1.0155933,0,2836,713.97144,720.9407,519755.4,0,1,0,0,1,0,0,0,1,720.83655,24.63889,1088.7354,0,0,0,0,0,0,36,887,68,74034,2480,365,10,32,57397.5,29016.127,77915,36880,33122732.0,36000784.0,58579129,7666334,Benign
6,64960471,10,8,1081,4423,681,0,108.1,215.93233,1486,0,552.875,739.435,84.7284497059758,0.277091586974485,3821204.2,11292777.0,44982565,127,64960471,7217830.0,15090393.0,44982565,127,60990420,8712917.0,17068476.0,45049403,216,0,0,0,0,212,184,0.15393977,0.12315182,0,1486,289.6842,538.2477,289710.56,0,0,0,1,0,0,0,0,0,305.77777,108.1,552.875,0,0,0,0,0,0,10,1081,8,4423,8192,115,9,20,119623.5,111385.58,198385,40862,30396148.0,20628308.0,44982565,15809731,Benign
6,37,1,1,0,0,0,0,0.0,0.0,0,0,0.0,0.0,0.0,54054.0540540541,37.0,0.0,37,37,0,0.0,0.0,0,0,0,0.0,0.0,0,0,0,0,0,0,32,32,27027.027,27027.027,0,0,0.0,0.0,0.0,0,0,0,0,1,0,0,0,1,0.0,0.0,0.0,0,0,0,0,0,0,1,0,1,0,352,32832,0,32,0.0,0.0,0,0,0.0,0.0,0,0,Benign
6,6004105,4,2,0,0,0,0,0.0,0.0,0,0,0.0,0.0,0.0,0.999316301097333,1200821.0,2659000.5,5957340,56,6004105,2001368.4,3425972.0,5957340,23329,23438,23438.0,0.0,23438,23438,0,0,0,0,136,80,0.6662109,0.33310544,0,0,0.0,0.0,0.0,0,0,0,1,0,0,0,0,0,0.0,0.0,0.0,0,0,0,0,0,0,4,0,2,0,29200,28960,0,32,0.0,0.0,0,0,0.0,0.0,0,0,Benign
6,401,2,0,12,0,6,6,6.0,0.0,0,0,0.0,0.0,29925.187032419,4987.53117206983,401.0,0.0,401,401,401,401.0,0.0,401,401,0,0.0,0.0,0,0,0,0,0,0,40,0,4987.5312,0.0,6,6,6.0,0.0,0.0,0,0,0,0,1,0,0,0,0,9.0,6.0,0.0,0,0,0,0,0,0,2,12,0,0,16425,-1,1,20,0.0,0.0,0,0,0.0,0.0,0,0,Benign
17,48051,2,2,70,102,35,35,35.0,0.0,51,51,51.0,0.0,3579.53008262055,83.2448856423384,16017.0,27737.062,48045,3,3,3.0,0.0,3,3,3,3.0,0.0,3,3,0,0,0,0,40,40,41.622444,41.622444,35,51,41.4,8.763561,76.8,0,0,0,0,0,0,0,0,1,51.75,35.0,51.0,0,0,0,0,0,0,2,70,2,102,-1,-1,1,20,0.0,0.0,0,0,0.0,0.0,0,0,Benign
17,186,2,2,46,172,23,23,23.0,0.0,86,86,86.0,0.0,1172043.01075269,21505.376344086,62.0,22.538855,88,48,50,50.0,0.0,50,50,48,48.0,0.0,48,48,0,0,0,0,64,64,10752.688,10752.688,23,86,48.2,34.50652,1190.7,0,0,0,0,0,0,0,0,1,60.25,23.0,86.0,0,0,0,0,0,0,2,46,2,172,-1,-1,1,32,0.0,0.0,0,0,0.0,0.0,0,0,Benign
6,110,1,1,6,6,6,6,6.0,0.0,6,6,6.0,0.0,109090.909090909,18181.8181818182,110.0,0.0,110,110,0,0.0,0.0,0,0,0,0.0,0.0,0,0,0,0,0,0,20,20,9090.909,9090.909,6,6,6.0,0.0,0.0,0,0,0,0,1,1,0,0,1,9.0,6.0,6.0,0,0,0,0,0,0,1,6,1,6,11256,64165,0,20,0.0,0.0,0,0,0.0,0.0,0,0,Benign
6,52,1,1,0,0,0,0,0.0,0.0,0,0,0.0,0.0,0.0,38461.5384615385,52.0,0.0,52,52,0,0.0,0.0,0,0,0,0.0,0.0,0,0,0,0,0,0,32,32,19230.77,19230.77,0,0,0.0,0.0,0.0,0,0,0,0,1,1,0,0,1,0.0,0.0,0.0,0,0,0,0,0,0,1,0,1,0,302,404,0,32,0.0,0.0,0,0,0.0,0.0,0,0,Benign
6,7703236,6,7,1267,456,687,0,211.16667,308.0204,251,0,65.14286,98.91145,223.672233331551,1.68760245694147,641936.3,2177293.2,7555522,3,147711,29542.2,27810.572,61831,145,7660833,1276805.5,3085400.5,7574710,3,0,0,0,0,132,152,0.7788935,0.908709,0,687,123.07143,218.08342,47560.38,0,0,0,1,0,0,0,0,1,132.53847,211.16667,65.14286,0,0,0,0,0,0,6,1267,7,456,8192,67,5,20,147711.0,0.0,147711,147711,7555522.0,0.0,7555522,7555522,Benign
6,29262,2,0,0,0,0,0,0.0,0.0,0,0,0.0,0.0,0.0,68.3480281593876,29262.0,0.0,29262,29262,29262,29262.0,0.0,29262,29262,0,0.0,0.0,0,0,0,0,0,0,64,0,68.34803,0.0,0,0,0.0,0.0,0.0,0,0,0,0,1,0,0,0,0,0.0,0.0,0.0,0,0,0,0,0,0,2,0,0,0,33300,-1,0,32,0.0,0.0,0,0,0.0,0.0,0,0,Benign
6,431227,10,8,1235,7197,887,0,123.5,276.39838,1448,0,899.625,613.79333,19553.5066218024,41.7413566404701,25366.295,46434.76,110792,3,431227,47914.11,55883.383,111215,3,327644,46806.285,58176.336,111179,49,0,0,0,0,328,264,23.189642,18.551714,0,1448,443.78946,587.36,344991.72,0,0,0,1,0,0,0,0,0,468.44446,123.5,899.625,0,0,0,0,0,0,10,1235,8,7197,29200,10,4,32,0.0,0.0,0,0,0.0,0.0,0,0,Benign
6,145,3,1,18,0,6,6,6.0,0.0,0,0,0.0,0.0,124137.931034483,27586.2068965517,48.333332,36.50114,85,12,145,72.5,34.64823,97,48,0,0.0,0.0,0,0,0,0,0,0,60,32,20689.654,6896.552,0,6,4.8,2.6832817,7.2,1,0,0,0,0,0,0,0,0,6.0,6.0,0.0,0,0,0,0,0,0,3,18,1,0,0,972,2,20,0.0,0.0,0,0,0.0,0.0,0,0,Benign
17,111648808,2,2,105,217,55,50,52.5,3.535534,118,99,108.5,13.435029,2.88404332986699,0.035826625215739,37216268.0,64355520.0,111527625,60412,111588037,111588040.0,0.0,111588037,111588037,111588396,111588400.0,0.0,111588396,111588396,0,0,0,0,40,52,0.017913312,0.017913312,50,118,74.4,31.910812,1018.3,0,0,0,0,0,0,0,0,1,93.0,52.5,108.5,0,0,0,0,0,0,2,105,2,217,-1,-1,1,20,60412.0,0.0,60412,60412,111527624.0,0.0,111527625,111527625,Benign
6,117201944,40,57,8836,52043,1706,0,220.9,565.366,2495,0,913.0351,713.0127,519.436776577699,0.827631323248358,1220853.6,3258218.0,10210626,6,117201944,3005178.0,4604431.0,10240047,47,113716133,2030645.2,4079745.5,10240222,47,0,0,0,0,1288,1832,0.34129128,0.48634005,0,2495,621.2143,736.288,542120.06,0,0,0,1,0,0,0,0,1,627.6185,220.9,913.0351,0,0,0,0,0,0,40,8836,57,52043,29200,184,8,32,160854.73,435410.25,1473666,29381,10176987.0,75190.836,10210626,10002530,Benign
6,5463272,8,7,380,5463,205,0,47.5,76.45727,2021,0,780.4286,838.3837,1069.50560030692,2.74560739425019,390233.72,1371868.2,5151817,1,5463272,780467.44,1929819.8,5151817,1,288890,48148.332,92593.164,235571,50,0,0,0,0,184,152,1.464324,1.2812835,0,2021,365.1875,653.50256,427065.62,0,0,0,1,0,0,0,0,0,389.53333,47.5,780.4286,0,0,0,0,0,0,8,380,7,5463,8192,119,6,20,311454.0,0.0,311454,311454,5151817.0,0.0,5151817,5151817,Benign
17,62832,1,1,46,176,46,46,46.0,0.0,176,176,176.0,0.0,3533.23147440794,31.8309141838554,62832.0,0.0,62832,62832,0,0.0,0.0,0,0,0,0.0,0.0,0,0,0,0,0,0,20,20,15.915457,15.915457,46,176,89.333336,75.055534,5633.3335,0,0,0,0,0,0,0,0,1,134.0,46.0,176.0,0,0,0,0,0,0,1,46,1,176,-1,-1,0,20,0.0,0.0,0,0,0.0,0.0,0,0,Benign
6,68,1,1,6,6,6,6,6.0,0.0,6,6,6.0,0.0,176470.588235294,29411.7647058824,68.0,0.0,68,68,0,0.0,0.0,0,0,0,0.0,0.0,0,0,0,0,0,0,20,20,14705.883,14705.883,6,6,6.0,0.0,0.0,1,0,0,0,1,0,0,0,1,9.0,6.0,6.0,0,0,0,0,0,0,1,6,1,6,0,946,0,20,0.0,0.0,0,0,0.0,0.0,0,0,Benign
6,118538,12,6,879,3973,405,0,73.25,130.5451,1448,0,662.1667,715.3526,40932.0217989168,151.850039649733,6972.8237,10120.927,24215,1,118538,10776.182,11069.001,24567,1,92210,18442.0,16947.938,33673,211,0,0,0,0,396,200,101.23336,50.61668,0,1448,255.36842,483.17447,233457.58,0,0,0,1,0,0,0,0,0,269.55554,73.25,662.1667,0,0,0,0,0,0,12,879,6,3973,65535,61,6,32,0.0,0.0,0,0,0.0,0.0,0,0,Benign
6,45248687,12,12,1254,3924,661,0,104.5,205.45714,1460,0,327.0,559.2253,114.434259716752,0.53040213078448,1967334.2,3849398.8,10006869,2,45248687,4113517.0,4851845.0,10100547,972,40690859,3699169.0,5072852.0,10100665,2,0,0,0,0,252,252,0.26520106,0.26520106,0,1460,207.12,420.6208,176921.86,0,0,0,1,0,0,0,0,1,215.75,104.5,327.0,0,0,0,0,0,0,12,1254,12,3924,8192,40958,11,20,236874.25,286029.22,665918,93678,9935862.0,136209.02,10006869,9731588,Benign
6,9115,1,1,6,6,6,6,6.0,0.0,6,6,6.0,0.0,1316.51124520022,219.418540866703,9115.0,0.0,9115,9115,0,0.0,0.0,0,0,0,0.0,0.0,0,0,0,0,0,0,20,20,109.70927,109.70927,6,6,6.0,0.0,0.0,1,0,0,0,1,0,0,0,1,9.0,6.0,6.0,0,0,0,0,0,0,1,6,1,6,0,0,0,20,0.0,0.0,0,0,0.0,0.0,0,0,Benign
17,221,2,2,92,248,46,46,46.0,0.0,124,124,124.0,0.0,1538461.53846154,18099.5475113122,73.666664,125.86236,219,1,1,1.0,0.0,1,1,1,1.0,0.0,1,1,0,0,0,0,64,64,9049.773,9049.773,46,124,77.2,42.72236,1825.2,0,0,0,0,0,0,0,0,1,96.5,46.0,124.0,0,0,0,0,0,0,2,92,2,248,-1,-1,1,32,0.0,0.0,0,0,0.0,0.0,0,0,Benign
6,211,2,0,37,0,37,0,18.5,26.16295,0,0,0.0,0.0,175355.450236967,9478.67298578199,211.0,0.0,211,211,211,211.0,0.0,211,211,0,0.0,0.0,0,0,1,0,0,0,64,0,9478.673,0.0,0,37,24.666666,21.36196,456.33334,0,1,0,0,1,0,0,0,0,37.0,18.5,0.0,0,0,0,0,0,0,2,37,0,0,972,-1,0,32,0.0,0.0,0,0,0.0,0.0,0,0,Benign
6,214,2,1,31,6,31,0,15.5,21.920311,6,6,6.0,0.0,172897.196261682,14018.691588785,107.0,70.71068,157,57,214,214.0,0.0,214,214,0,0.0,0.0,0,0,1,0,0,0,64,20,9345.794,4672.897,0,31,17.0,16.35033,267.33334,0,1,0,0,1,0,0,0,0,22.666666,15.5,6.0,0,0,0,0,0,0,2,31,1,6,1394,0,0,32,0.0,0.0,0,0,0.0,0.0,0,0,Benign
17,240,2,2,64,536,32,32,32.0,0.0,268,268,268.0,0.0,2500000.0,16666.6666666667,80.0,132.50282,233,3,4,4.0,0.0,4,4,3,3.0,0.0,3,3,0,0,0,0,40,40,8333.333,8333.333,32,268,126.4,129.26253,16708.8,0,0,0,0,0,0,0,0,1,158.0,32.0,268.0,0,0,0,0,0,0,2,64,2,536,-1,-1,1,20,0.0,0.0,0,0,0.0,0.0,0,0,Benign
6,3,2,0,37,0,31,6,18.5,17.67767,0,0,0.0,0.0,12333333.3333333,666666.666666667,3.0,0.0,3,3,3,3.0,0.0,3,3,0,0.0,0.0,0,0,1,0,0,0,40,0,666666.7,0.0,6,31,22.666666,14.433757,208.33333,0,1,0,0,1,0,0,0,0,34.0,18.5,0.0,0,0,0,0,0,0,2,37,0,0,1069,-1,1,20,0.0,0.0,0,0,0.0,0.0,0,0,Benign
6,5265410,7,4,635,168,517,0,90.71429,190.7072,168,0,42.0,84.0,152.504743220376,2.089106071512,526541.0,1605763.4,5096072,2,5265410,877568.3,2103924.0,5172054,2,132892,44297.332,38911.152,76405,1024,0,0,0,0,232,136,1.3294312,0.7596749,0,517,66.916664,150.84879,22755.355,0,0,0,1,0,0,0,0,0,73.0,90.71429,42.0,0,0,0,0,0,0,7,635,4,168,29200,340,3,32,169336.0,0.0,169336,169336,5096072.0,0.0,5096072,5096072,Benign
6,53,1,1,6,6,6,6,6.0,0.0,6,6,6.0,0.0,226415.094339623,37735.8490566038,53.0,0.0,53,53,0,0.0,0.0,0,0,0,0.0,0.0,0,0,0,0,0,0,20,20,18867.924,18867.924,6,6,6.0,0.0,0.0,0,0,0,0,1,1,0,0,1,9.0,6.0,6.0,0,0,0,0,0,0,1,6,1,6,114,256,0,20,0.0,0.0,0,0,0.0,0.0,0,0,Benign
17,77262,2,2,110,482,55,55,55.0,0.0,241,241,241.0,0.0,7662.24016981181,51.771893039269,25754.0,44562.207,77210,4,4,4.0,0.0,4,4,48,48.0,0.0,48,48,0,0,0,0,80,64,25.885946,25.885946,55,241,129.4,101.876396,10378.8,0,0,0,0,0,0,0,0,1,161.75,55.0,241.0,0,0,0,0,0,0,2,110,2,482,-1,-1,1,40,0.0,0.0,0,0,0.0,0.0,0,0,Benign
6,88677,10,5,713,479,469,0,71.3,147.28735,341,0,95.8,149.52992,13442.0424687348,169.153218985757,6334.0713,8853.927,23421,4,88677,9853.0,10870.237,24162,4,55996,13999.0,12965.983,25568,381,0,0,0,0,332,168,112.768814,56.384407,0,469,74.5,139.66628,19506.666,0,0,0,1,0,0,0,0,0,79.46667,71.3,95.8,0,0,0,0,0,0,10,713,5,479,65535,972,5,32,0.0,0.0,0,0,0.0,0.0,0,0,Benign
17,257,2,2,84,228,42,42,42.0,0.0,114,114,114.0,0.0,1214007.78210117,15564.2023346303,85.666664,144.0567,252,1,1,1.0,0.0,1,1,4,4.0,0.0,4,4,0,0,0,0,64,64,7782.101,7782.101,42,114,70.8,39.436024,1555.2,0,0,0,0,0,0,0,0,1,88.5,42.0,114.0,0,0,0,0,0,0,2,84,2,228,-1,-1,1,32,0.0,0.0,0,0,0.0,0.0,0,0,Benign
17,31139,1,1,54,82,54,54,54.0,0.0,82,82,82.0,0.0,4367.51340762388,64.22813834741,31139.0,0.0,31139,31139,0,0.0,0.0,0,0,0,0.0,0.0,0,0,0,0,0,0,32,20,32.11407,32.11407,54,82,63.333332,16.165808,261.33334,0,0,0,0,0,0,0,0,1,95.0,54.0,82.0,0,0,0,0,0,0,1,54,1,82,-1,-1,0,32,0.0,0.0,0,0,0.0,0.0,0,0,Benign
17,62995,1,1,56,72,56,56,56.0,0.0,72,72,72.0,0.0,2031.9072942297,31.7485514723391,62995.0,0.0,62995,62995,0,0.0,0.0,0,0,0,0.0,0.0,0,0,0,0,0,0,20,20,15.874276,15.874276,56,72,61.333332,9.237604,85.333336,0,0,0,0,0,0,0,0,1,92.0,56.0,72.0,0,0,0,0,0,0,1,56,1,72,-1,-1,0,20,0.0,0.0,0,0,0.0,0.0,0,0,Benign
6,118896066,22,20,1816,5228,433,0,82.545456,169.10936,746,0,261.4,364.83945,59.2450216140877,0.35324970298008,2899904.0,4443017.0,10010164,2,118859660,5659984.0,4842720.0,10046402,255,118859882,6255783.5,4734869.0,10046505,20657,0,0,0,0,488,544,0.18503556,0.16821414,0,746,163.81395,288.3534,83147.68,0,0,0,1,0,0,0,0,0,167.71428,82.545456,261.4,0,0,0,0,0,0,22,1816,20,5228,8192,368,18,20,257298.33,699804.94,2470594,36175,9647673.0,1188695.9,10010164,5877428,Benign
6,64,2,1,0,0,0,0,0.0,0.0,0,0,0.0,0.0,0.0,46875.0,32.0,39.59798,60,4,4,4.0,0.0,4,4,0,0.0,0.0,0,0,0,0,0,0,64,32,31250.0,15625.0,0,0,0.0,0.0,0.0,0,0,0,0,1,1,0,0,0,0.0,0.0,0.0,0,0,0,0,0,0,2,0,1,0,66,33304,0,32,0.0,0.0,0,0,0.0,0.0,0,0,Benign
6,27,1,1,6,6,6,6,6.0,0.0,6,6,6.0,0.0,444444.444444444,74074.0740740741,27.0,0.0,27,27,0,0.0,0.0,0,0,0,0.0,0.0,0,0,0,0,0,0,20,20,37037.035,37037.035,6,6,6.0,0.0,0.0,0,0,0,0,1,1,0,0,1,9.0,6.0,6.0,0,0,0,0,0,0,1,6,1,6,6176,16497,0,20,0.0,0.0,0,0,0.0,0.0,0,0,Benign
6,65602115,17,18,1262,7315,445,0,74.23529,146.83432,1576,0,406.3889,598.5591,130.742735962095,0.533519384245462,1929474.0,3855541.0,10006434,4,60881412,3805088.2,4960779.5,10062588,165,65548892,3855817.2,4814838.5,10060433,4,0,0,0,0,364,444,0.259138,0.2743814,0,1576,238.25,461.62924,213101.56,0,0,0,1,0,0,0,0,1,245.05714,74.23529,406.3889,0,0,0,0,0,0,17,1262,18,7315,8192,247,15,20,187993.0,327525.75,856545,53262,9958909.0,107591.49,10006434,9739409,Benign
17,785,2,2,90,146,45,45,45.0,0.0,73,73,73.0,0.0,300636.942675159,5095.54140127389,261.66666,409.67102,734,3,3,3.0,0.0,3,3,48,48.0,0.0,48,48,0,0,0,0,40,40,2547.7708,2547.7708,45,73,56.2,15.336231,235.2,0,0,0,0,0,0,0,0,1,70.25,45.0,73.0,0,0,0,0,0,0,2,90,2,146,-1,-1,1,20,0.0,0.0,0,0,0.0,0.0,0,0,Benign
6,222,2,1,37,6,31,6,18.5,17.67767,6,6,6.0,0.0,193693.693693694,13513.5135135135,111.0,108.89445,188,34,222,222.0,0.0,222,222,0,0.0,0.0,0,0,1,0,0,0,40,20,9009.009,4504.5044,6,31,18.5,14.433757,208.33333,0,1,0,0,1,0,0,0,0,24.666666,18.5,6.0,0,0,0,0,0,0,2,37,1,6,30856,0,1,20,0.0,0.0,0,0,0.0,0.0,0,0,Benign
6,48,3,1,83,6,46,6,27.666666,20.20726,6,6,6.0,0.0,1854166.66666667,83333.3333333333,16.0,15.0,31,1,48,24.0,32.526913,47,1,0,0.0,0.0,0,0,1,0,0,0,60,20,62500.0,20833.334,6,46,27.0,20.12461,405.0,0,1,0,0,1,0,0,0,0,33.75,27.666666,6.0,0,0,0,0,0,0,3,83,1,6,123,0,2,20,0.0,0.0,0,0,0.0,0.0,0,0,Benign
6,737262,6,8,959,5467,517,0,159.83333,232.15979,2403,0,683.375,945.0273,8716.03310627701,18.9891788807778,56712.46,107411.44,245320,2,491018,98203.6,134211.62,245388,146,492281,70325.86,119710.03,245824,2,0,0,0,0,200,264,8.13822,10.85096,0,2403,428.4,739.56647,546958.56,0,0,0,1,0,0,0,0,1,459.0,159.83333,683.375,0,0,0,0,0,0,6,959,8,5467,29200,243,3,32,0.0,0.0,0,0,0.0,0.0,0,0,Benign
17,30914,2,2,78,110,39,39,39.0,0.0,55,55,55.0,0.0,6081.38707381769,129.391214336547,10304.667,17842.145,30907,3,4,4.0,0.0,4,4,3,3.0,0.0,3,3,0,0,0,0,64,64,64.69561,64.69561,39,55,45.4,8.763561,76.8,0,0,0,0,0,0,0,0,1,56.75,39.0,55.0,0,0,0,0,0,0,2,78,2,110,-1,-1,1,32,0.0,0.0,0,0,0.0,0.0,0,0,Benign
6,60919858,10,10,873,368,825,0,87.3,259.20822,318,2,36.8,98.81161,20.3710258155887,0.328300174304412,3206308.2,4715901.5,9997145,59,60558473,6728719.0,4956728.0,10081569,242,60835331,6759481.0,4978469.0,10081878,4805,0,0,0,0,212,204,0.16415009,0.16415009,0,825,59.095238,188.28061,35449.59,0,0,0,1,0,0,0,0,1,62.05,87.3,36.8,0,0,0,0,0,0,10,873,10,368,8192,30525,9,20,131172.17,114482.82,364859,84257,9961907.0,83932.83,9997145,9790586,Benign
17,99477,1,1,48,88,48,48,48.0,0.0,88,88,88.0,0.0,1367.15019552258,20.1051499341556,99477.0,0.0,99477,99477,0,0.0,0.0,0,0,0,0.0,0.0,0,0,0,0,0,0,40,32,10.052575,10.052575,48,88,61.333332,23.094011,533.3333,0,0,0,0,0,0,0,0,1,92.0,48.0,88.0,0,0,0,0,0,0,1,48,1,88,-1,-1,0,40,0.0,0.0,0,0,0.0,0.0,0,0,Benign
17,48717,2,2,56,120,28,28,28.0,0.0,60,60,60.0,0.0,3612.70193156393,82.1068620809984,16239.0,28082.615,48666,3,48,48.0,0.0,48,48,3,3.0,0.0,3,3,0,0,0,0,64,64,41.053432,41.053432,28,60,40.8,17.527122,307.2,0,0,0,0,0,0,0,0,1,51.0,28.0,60.0,0,0,0,0,0,0,2,56,2,120,-1,-1,1,32,0.0,0.0,0,0,0.0,0.0,0,0,Benign
17,272,2,2,94,220,47,47,47.0,0.0,110,110,110.0,0.0,1154411.76470588,14705.8823529412,90.666664,154.442,269,1,1,1.0,0.0,1,1,2,2.0,0.0,2,2,0,0,0,0,64,64,7352.9414,7352.9414,47,110,72.2,34.50652,1190.7,0,0,0,0,0,0,0,0,1,90.25,47.0,110.0,0,0,0,0,0,0,2,94,2,220,-1,-1,1,32,0.0,0.0,0,0,0.0,0.0,0,0,Benign
17,30933,2,2,90,172,45,45,45.0,0.0,86,86,86.0,0.0,8469.91885688423,129.311738273042,10311.0,17853.98,30927,3,3,3.0,0.0,3,3,3,3.0,0.0,3,3,0,0,0,0,40,40,64.65587,64.65587,45,86,61.4,22.456625,504.3,0,0,0,0,0,0,0,0,1,76.75,45.0,86.0,0,0,0,0,0,0,2,90,2,172,-1,-1,1,20,0.0,0.0,0,0,0.0,0.0,0,0,Benign
6,4177539,105,199,2314,158049,421,0,22.038095,74.69424,2920,2,794.21606,730.6111,38386.9546161029,72.7701165686305,13787.258,173211.08,2999750,0,1177662,11323.673,32205.514,118701,48,4066840,20539.596,214409.17,2999750,0,0,0,0,0,2112,3984,25.134415,47.6357,0,2920,525.78033,696.6355,485301.0,0,0,0,1,0,0,0,0,1,527.5099,22.038095,794.21606,0,0,0,0,0,0,105,2314,199,158049,8192,32768,104,20,0.0,0.0,0,0,0.0,0.0,0,0,Benign
6,16042184,9,10,742,4233,400,0,82.44444,140.29889,1448,0,423.3,578.99243,310.119868965473,1.18437738901387,891232.44,2665386.8,9997301,3,10091112,1261389.0,3529863.2,9997301,212,16017169,1779685.5,3658253.0,10022202,3,0,0,0,0,296,328,0.56102085,0.6233565,0,1448,248.75,446.62665,199475.36,0,0,0,1,0,0,0,0,1,261.8421,82.44444,423.3,0,0,0,0,0,0,9,742,10,4233,29200,35,3,32,59266.0,48854.008,93811,24721,7961824.5,2878598.5,9997301,5926348,Benign
6,36016888,52,72,4163,99455,469,0,80.05769,168.29799,2896,0,1381.3195,658.50214,2876.92817880323,3.442829374931,292820.22,3105926.8,34455949,2,36016888,706213.5,4820833.0,34455990,2,1529720,21545.352,63868.133,334138,4,0,0,0,0,1676,2312,1.4437672,1.9990622,0,2896,828.944,823.3037,677829.0,0,0,0,1,0,0,0,0,1,835.629,80.05769,1381.3195,0,0,0,0,0,0,52,4163,72,99455,65535,155,13,32,1560820.0,0.0,1560820,1560820,34455948.0,0.0,34455949,34455949,Benign
6,61143933,15,13,1774,4203,697,0,118.26667,241.37773,3561,0,323.30768,978.0472,97.7529528563366,0.457935867488276,2264590.0,4199246.5,10006184,42,61143933,4367424.0,5076392.0,10056489,7935,61093612,5091134.5,5182705.5,10056535,3895,0,0,0,0,312,344,0.24532278,0.21261308,0,3561,206.10345,671.6554,451120.97,0,0,0,1,0,0,0,0,0,213.46428,118.26667,323.30768,0,0,0,0,0,0,15,1774,13,4203,8192,121,14,20,133014.5,202585.31,546540,50119,9971923.0,72759.016,10006184,9823498,Benign
6,32,1,1,6,6,6,6,6.0,0.0,6,6,6.0,0.0,375000.0,62500.0,32.0,0.0,32,32,0,0.0,0.0,0,0,0,0.0,0.0,0,0,0,0,0,0,20,20,31250.0,31250.0,6,6,6.0,0.0,0.0,0,0,0,0,1,1,0,0,1,9.0,6.0,6.0,0,0,0,0,0,0,1,6,1,6,31,251,0,20,0.0,0.0,0,0,0.0,0.0,0,0,Benign
6,5586854,3,1,0,0,0,0,0.0,0.0,0,0,0.0,0.0,0.0,0.715966445516564,1862284.6,3205018.5,5563096,62,5586854,2793427.0,3916903.5,5563096,23758,0,0.0,0.0,0,0,0,0,0,0,104,40,0.53697485,0.17899162,0,0,0.0,0.0,0.0,0,0,0,1,0,0,0,0,0,0.0,0.0,0.0,0,0,0,0,0,0,3,0,1,0,29200,14480,0,32,0.0,0.0,0,0,0.0,0.0,0,0,Benign
17,30337,1,1,62,78,62,62,62.0,0.0,78,78,78.0,0.0,4614.82677918054,65.9260968454363,30337.0,0.0,30337,30337,0,0.0,0.0,0,0,0,0.0,0.0,0,0,0,0,0,0,20,20,32.963047,32.963047,62,78,67.333336,9.237604,85.333336,0,0,0,0,0,0,0,0,1,101.0,62.0,78.0,0,0,0,0,0,0,1,62,1,78,-1,-1,0,20,0.0,0.0,0,0,0.0,0.0,0,0,Benign
17,30897,1,1,49,65,49,49,49.0,0.0,65,65,65.0,0.0,3689.67860957374,64.7312036767324,30897.0,0.0,30897,30897,0,0.0,0.0,0,0,0,0.0,0.0,0,0,0,0,0,0,32,20,32.3656,32.3656,49,65,54.333332,9.237604,85.333336,0,0,0,0,0,0,0,0,1,81.5,49.0,65.0,0,0,0,0,0,0,1,49,1,65,-1,-1,0,32,0.0,0.0,0,0,0.0,0.0,0,0,Benign
6,47479,3,4,442,872,436,0,147.33333,250.01067,860,0,218.0,428.00934,27675.3933317888,147.433602224141,7913.1665,11901.519,23346,4,23564,11782.0,16502.459,23451,113,24133,8044.3335,13321.235,23421,4,0,0,0,0,72,92,63.18583,84.24777,0,860,164.25,319.3698,101997.07,0,0,0,1,0,0,0,0,1,187.71428,147.33333,218.0,0,0,0,0,0,0,3,442,4,872,8192,31,2,20,0.0,0.0,0,0,0.0,0.0,0,0,Benign
6,82690,7,3,635,168,517,0,90.71429,190.7072,168,0,56.0,96.99484,9710.96867819567,120.93360744951,9187.777,15636.48,36422,3,82690,13781.667,18005.418,36972,3,37528,18764.0,25832.025,37030,498,0,0,0,0,232,104,84.65353,36.280083,0,517,73.0,156.66014,24542.4,0,0,0,1,0,0,0,0,0,80.3,90.71429,56.0,0,0,0,0,0,0,7,635,3,168,29200,340,3,32,0.0,0.0,0,0,0.0,0.0,0,0,Benign
6,5260635,8,6,384,3905,203,0,48.0,75.36388,1460,0,650.8333,681.6839,815.300814445404,2.66127568249841,404664.22,1375615.0,4979600,3,5260635,751519.3,1866027.0,4979600,3,61866,12373.2,16997.393,37070,67,0,0,0,0,172,132,1.520729,1.1405467,0,1460,285.93332,513.86426,264056.5,0,0,0,1,0,0,0,0,0,306.35715,48.0,650.8333,0,0,0,0,0,0,8,384,6,3905,8192,946,7,20,0.0,0.0,0,0,0.0,0.0,0,0,Benign
6,6019867,3,1,12,0,6,0,4.0,3.4641016,0,0,0.0,0.0,1.99339952194957,0.664466507316524,2006622.4,3455611.5,5996797,97,6019867,3009933.5,4224063.0,5996797,23070,0,0.0,0.0,0,0,0,0,0,0,72,32,0.49834988,0.16611663,0,6,2.4,3.2863352,10.8,0,0,0,1,0,0,0,0,0,3.0,4.0,0.0,0,0,0,0,0,0,3,12,1,0,8192,29200,2,20,0.0,0.0,0,0,0.0,0.0,0,0,Benign
17,62865,2,2,72,242,36,36,36.0,0.0,121,121,121.0,0.0,4994.83019168058,63.628410085103,20955.0,36264.816,62830,3,32,32.0,0.0,32,32,3,3.0,0.0,3,3,0,0,0,0,40,40,31.814205,31.814205,36,121,70.0,46.556416,2167.5,0,0,0,0,0,0,0,0,1,87.5,36.0,121.0,0,0,0,0,0,0,2,72,2,242,-1,-1,1,20,0.0,0.0,0,0,0.0,0.0,0,0,Benign
17,34301,2,2,58,312,29,29,29.0,0.0,156,156,156.0,0.0,10786.8575260197,116.614675956969,11433.667,19799.361,34296,1,1,1.0,0.0,1,1,4,4.0,0.0,4,4,0,0,0,0,40,40,58.30734,58.30734,29,156,79.8,69.56077,4838.7,0,0,0,0,0,0,0,0,1,99.75,29.0,156.0,0,0,0,0,0,0,2,58,2,312,-1,-1,1,20,0.0,0.0,0,0,0.0,0.0,0,0,Benign
6,78,1,1,0,0,0,0,0.0,0.0,0,0,0.0,0.0,0.0,25641.0256410256,78.0,0.0,78,78,0,0.0,0.0,0,0,0,0.0,0.0,0,0,0,0,0,0,32,32,12820.513,12820.513,0,0,0.0,0.0,0.0,0,0,0,0,1,1,0,0,1,0.0,0.0,0.0,0,0,0,0,0,0,1,0,1,0,5840,33304,0,32,0.0,0.0,0,0,0.0,0.0,0,0,Benign
6,116238091,20,19,2239,6149,1791,0,111.95,398.33884,2920,0,323.6316,740.666,72.1622312259068,0.335518242466663,3058897.2,4589149.0,10069373,3,116238091,6117794.5,4880302.5,10093086,3,110588915,6143828.5,5023256.5,10093415,177,0,0,0,0,412,524,0.17206064,0.1634576,0,2920,209.7,585.5319,342847.6,0,0,0,1,0,0,0,0,0,215.07692,111.95,323.6316,0,0,0,0,0,0,20,2239,19,6149,8192,1129,19,20,38048.25,49311.734,194633,23569,9648459.0,1267180.6,10069373,5625026,Benign
6,50,1,1,0,0,0,0,0.0,0.0,0,0,0.0,0.0,0.0,40000.0,50.0,0.0,50,50,0,0.0,0.0,0,0,0,0.0,0.0,0,0,0,0,0,0,32,32,20000.0,20000.0,0,0,0.0,0.0,0.0,0,0,0,0,1,1,0,0,1,0.0,0.0,0.0,0,0,0,0,0,0,1,0,1,0,939,257,0,32,0.0,0.0,0,0,0.0,0.0,0,0,Benign
17,61426,2,2,84,202,42,42,42.0,0.0,101,101,101.0,0.0,4656.00885618468,65.1190049816039,20475.334,35457.39,61418,4,4,4.0,0.0,4,4,4,4.0,0.0,4,4,0,0,0,0,64,40,32.5595,32.5595,42,101,65.6,32.31563,1044.3,0,0,0,0,0,0,0,0,1,82.0,42.0,101.0,0,0,0,0,0,0,2,84,2,202,-1,-1,1,32,0.0,0.0,0,0,0.0,0.0,0,0,Benign
6,52609,1,2,0,0,0,0,0.0,0.0,0,0,0.0,0.0,0.0,57.0244634948393,26304.5,37021.99,52483,126,0,0.0,0.0,0,0,52483,52483.0,0.0,52483,52483,0,0,0,0,32,76,19.008154,38.016308,0,0,0.0,0.0,0.0,0,0,0,0,1,0,0,0,2,0.0,0.0,0.0,0,0,0,0,0,0,1,0,2,0,32832,349,0,32,0.0,0.0,0,0,0.0,0.0,0,0,Benign
17,30757,2,2,90,212,45,45,45.0,0.0,106,106,106.0,0.0,9818.90301394804,130.051695548981,10252.333,17753.232,30752,2,2,2.0,0.0,2,2,3,3.0,0.0,3,3,0,0,0,0,40,64,65.02585,65.02585,45,106,69.4,33.411076,1116.3,0,0,0,0,0,0,0,0,1,86.75,45.0,106.0,0,0,0,0,0,0,2,90,2,212,-1,-1,1,20,0.0,0.0,0,0,0.0,0.0,0,0,Benign
6,8067862,11,9,2364,5135,683,0,214.90909,307.4721,1854,0,570.55554,819.3719,929.490365601196,2.47897150447045,424624.3,1202103.8,5015409,28,8067862,806786.2,1596526.2,5015409,133,3011220,376402.5,700425.7,1926975,210,0,0,0,0,232,192,1.3634343,1.1155372,0,1854,357.09525,594.8253,353817.2,0,0,0,1,0,0,0,0,0,374.95,214.90909,570.55554,0,0,0,0,0,0,11,2364,9,5135,8192,126,10,20,0.0,0.0,0,0,0.0,0.0,0,0,Benign
17,168,2,2,86,142,43,43,43.0,0.0,71,71,71.0,0.0,1357142.85714286,23809.5238095238,56.0,90.934044,161,3,3,3.0,0.0,3,3,4,4.0,0.0,4,4,0,0,0,0,40,40,11904.762,11904.762,43,71,54.2,15.336231,235.2,0,0,0,0,0,0,0,0,1,67.75,43.0,71.0,0,0,0,0,0,0,2,86,2,142,-1,-1,1,20,0.0,0.0,0,0,0.0,0.0,0,0,Benign
6,302122,15,10,976,7408,469,0,65.066666,134.34894,1586,0,740.8,749.5048,27750.3789859726,82.7480289419506,12588.417,25267.785,92832,1,302122,21580.143,30710.035,93518,1,237440,26382.223,40775.7,94876,2,0,0,0,0,492,328,49.64882,33.099213,0,1586,322.46155,571.18634,326253.84,0,0,0,1,0,0,0,0,0,335.36,65.066666,740.8,0,0,0,0,0,0,15,976,10,7408,65535,357,6,32,0.0,0.0,0,0,0.0,0.0,0,0,Benign
17,459455,2,2,90,316,45,45,45.0,0.0,158,158,158.0,0.0,883.655635481168,8.70596685203121,153151.67,265261.28,459449,3,3,3.0,0.0,3,3,3,3.0,0.0,3,3,0,0,0,0,64,64,4.3529835,4.3529835,45,158,90.2,61.89265,3830.7,0,0,0,0,0,0,0,0,1,112.75,45.0,158.0,0,0,0,0,0,0,2,90,2,316,-1,-1,1,32,0.0,0.0,0,0,0.0,0.0,0,0,Benign
17,43042,1,1,48,48,48,48,48.0,0.0,48,48,48.0,0.0,2230.37962919939,46.4662422749872,43042.0,0.0,43042,43042,0,0.0,0.0,0,0,0,0.0,0.0,0,0,0,0,0,0,32,32,23.233122,23.233122,48,48,48.0,0.0,0.0,0,0,0,0,0,0,0,0,1,72.0,48.0,48.0,0,0,0,0,0,0,1,48,1,48,-1,-1,0,32,0.0,0.0,0,0,0.0,0.0,0,0,Benign
17,30562,1,1,56,84,56,56,56.0,0.0,84,84,84.0,0.0,4580.85203847916,65.4407434068451,30562.0,0.0,30562,30562,0,0.0,0.0,0,0,0,0.0,0.0,0,0,0,0,0,0,32,20,32.72037,32.72037,56,84,65.333336,16.165808,261.33334,0,0,0,0,0,0,0,0,1,98.0,56.0,84.0,0,0,0,0,0,0,1,56,1,84,-1,-1,0,32,0.0,0.0,0,0,0.0,0.0,0,0,Benign
17,30399,1,1,55,111,55,55,55.0,0.0,111,111,111.0,0.0,5460.70594427448,65.7916378828251,30399.0,0.0,30399,30399,0,0.0,0.0,0,0,0,0.0,0.0,0,0,0,0,0,0,32,20,32.89582,32.89582,55,111,73.666664,32.331615,1045.3334,0,0,0,0,0,0,0,0,1,110.5,55.0,111.0,0,0,0,0,0,0,1,55,1,111,-1,-1,0,32,0.0,0.0,0,0,0.0,0.0,0,0,Benign
17,30747,2,2,70,126,35,35,35.0,0.0,63,63,63.0,0.0,6374.60565258399,130.093992909877,10249.0,17746.592,30741,3,3,3.0,0.0,3,3,3,3.0,0.0,3,3,0,0,0,0,40,40,65.047,65.047,35,63,46.2,15.336231,235.2,0,0,0,0,0,0,0,0,1,57.75,35.0,63.0,0,0,0,0,0,0,2,70,2,126,-1,-1,1,20,0.0,0.0,0,0,0.0,0.0,0,0,Benign
17,23483,1,1,45,107,45,45,45.0,0.0,107,107,107.0,0.0,6472.76753396074,85.1679938679044,23483.0,0.0,23483,23483,0,0.0,0.0,0,0,0,0.0,0.0,0,0,0,0,0,0,32,20,42.583996,42.583996,45,107,65.666664,35.795715,1281.3334,0,0,0,0,0,0,0,0,1,98.5,45.0,107.0,0,0,0,0,0,0,1,45,1,107,-1,-1,0,32,0.0,0.0,0,0,0.0,0.0,0,0,Benign
6,3,2,0,37,0,37,0,18.5,26.16295,0,0,0.0,0.0,12333333.3333333,666666.666666667,3.0,0.0,3,3,3,3.0,0.0,3,3,0,0.0,0.0,0,0,1,0,0,0,64,0,666666.7,0.0,0,37,24.666666,21.36196,456.33334,0,1,0,0,1,0,0,0,0,37.0,18.5,0.0,0,0,0,0,0,0,2,37,0,0,68,-1,0,32,0.0,0.0,0,0,0.0,0.0,0,0,Benign
6,10106637,10,11,2617,7689,1460,0,261.7,488.5366,1689,2,699.0,752.28107,1019.725948404,2.0778425108174,505331.84,2188334.5,9800600,3,10106433,1122937.0,3254728.2,9800600,48,10074403,1007440.3,3159673.5,9999937,3,0,0,0,0,212,224,0.9894488,1.0883937,0,1689,468.45456,656.06573,430422.25,0,0,0,1,0,0,0,0,1,490.7619,261.7,699.0,0,0,0,0,0,0,10,2617,11,7689,8192,35040,9,20,305833.0,0.0,305833,305833,9800600.0,0.0,9800600,9800600,Benign
17,119,2,2,62,94,31,31,31.0,0.0,47,47,47.0,0.0,1310924.3697479,33613.4453781513,39.666668,65.248245,115,1,1,1.0,0.0,1,1,3,3.0,0.0,3,3,0,0,0,0,40,40,16806.723,16806.723,31,47,37.4,8.763561,76.8,0,0,0,0,0,0,0,0,1,46.75,31.0,47.0,0,0,0,0,0,0,2,62,2,94,-1,-1,1,20,0.0,0.0,0,0,0.0,0.0,0,0,Benign
17,25475,1,1,40,56,40,40,40.0,0.0,56,56,56.0,0.0,3768.40039254171,78.5083415112856,25475.0,0.0,25475,25475,0,0.0,0.0,0,0,0,0.0,0.0,0,0,0,0,0,0,32,40,39.25417,39.25417,40,56,45.333332,9.237604,85.333336,0,0,0,0,0,0,0,0,1,68.0,40.0,56.0,0,0,0,0,0,0,1,40,1,56,-1,-1,0,32,0.0,0.0,0,0,0.0,0.0,0,0,Benign
6,27,1,1,6,6,6,6,6.0,0.0,6,6,6.0,0.0,444444.444444444,74074.0740740741,27.0,0.0,27,27,0,0.0,0.0,0,0,0,0.0,0.0,0,0,0,0,0,0,20,20,37037.035,37037.035,6,6,6.0,0.0,0.0,0,0,0,0,1,1,0,0,1,9.0,6.0,6.0,0,0,0,0,0,0,1,6,1,6,35040,63222,0,20,0.0,0.0,0,0,0.0,0.0,0,0,Benign
6,5296762,9,8,380,6600,193,0,42.22222,69.120865,1410,0,825.0,660.99664,1317.78622486719,3.20950799752755,331047.62,1187106.5,4777095,1,5296762,662095.25,1665859.1,4777095,1,217926,31132.285,52719.656,109099,48,0,0,0,0,192,172,1.6991513,1.5103567,0,1410,387.77777,586.6652,344176.06,0,0,0,1,0,0,0,0,0,410.58823,42.22222,825.0,0,0,0,0,0,0,9,380,8,6600,8192,116,8,20,0.0,0.0,0,0,0.0,0.0,0,0,Benign
17,30642,1,1,45,173,45,45,45.0,0.0,173,173,173.0,0.0,7114.41811892174,65.269890999282,30642.0,0.0,30642,30642,0,0.0,0.0,0,0,0,0.0,0.0,0,0,0,0,0,0,32,32,32.634945,32.634945,45,173,87.666664,73.90083,5461.3335,0,0,0,0,0,0,0,0,1,131.5,45.0,173.0,0,0,0,0,0,0,1,45,1,173,-1,-1,0,32,0.0,0.0,0,0,0.0,0.0,0,0,Benign
17,179,2,2,66,98,33,33,33.0,0.0,49,49,49.0,0.0,916201.117318436,22346.3687150838,59.666668,63.3114,128,3,3,3.0,0.0,3,3,48,48.0,0.0,48,48,0,0,0,0,64,64,11173.185,11173.185,33,49,39.4,8.763561,76.8,0,0,0,0,0,0,0,0,1,49.25,33.0,49.0,0,0,0,0,0,0,2,66,2,98,-1,-1,1,32,0.0,0.0,0,0,0.0,0.0,0,0,Benign
17,121226,2,2,88,662,44,44,44.0,0.0,331,331,331.0,0.0,6186.79161236038,32.9962219325887,40408.668,69982.94,121218,4,4,4.0,0.0,4,4,4,4.0,0.0,4,4,0,0,0,0,88,64,16.498112,16.498112,44,331,158.8,157.19638,24710.7,0,0,0,0,0,0,0,0,1,198.5,44.0,331.0,0,0,0,0,0,0,2,88,2,662,-1,-1,1,44,0.0,0.0,0,0,0.0,0.0,0,0,Benign
17,23590,2,2,148,312,74,74,74.0,0.0,156,156,156.0,0.0,19499.7880457821,169.563374311149,7863.3335,13613.631,23583,3,4,4.0,0.0,4,4,3,3.0,0.0,3,3,0,0,0,0,40,40,84.781685,84.781685,74,156,106.8,44.91325,2017.2,0,0,0,0,0,0,0,0,1,133.5,74.0,156.0,0,0,0,0,0,0,2,148,2,312,-1,-1,1,20,0.0,0.0,0,0,0.0,0.0,0,0,Benign
17,233,2,2,104,220,52,52,52.0,0.0,110,110,110.0,0.0,1390557.93991416,17167.3819742489,77.666664,51.384174,137,48,48,48.0,0.0,48,48,48,48.0,0.0,48,48,0,0,0,0,80,80,8583.691,8583.691,52,110,75.2,31.767908,1009.2,0,0,0,0,0,0,0,0,1,94.0,52.0,110.0,0,0,0,0,0,0,2,104,2,220,-1,-1,1,40,0.0,0.0,0,0,0.0,0.0,0,0,Benign
6,3,2,0,31,0,31,0,15.5,21.920311,0,0,0.0,0.0,10333333.3333333,666666.666666667,3.0,0.0,3,3,3,3.0,0.0,3,3,0,0.0,0.0,0,0,1,0,0,0,64,0,666666.7,0.0,0,31,20.666666,17.897858,320.33334,0,1,0,0,1,0,0,0,0,31.0,15.5,0.0,0,0,0,0,0,0,2,31,0,0,2131,-1,0,32,0.0,0.0,0,0,0.0,0.0,0,0,Benign
6,5725334,10,7,377,5256,220,0,37.7,75.29505,1448,0,750.8571,697.5415,983.87273126773,2.96925908602013,357833.38,1371697.2,5501083,9,5725334,636148.25,1824643.0,5501083,18,128025,21337.5,32078.676,63385,49,0,0,0,0,328,232,1.746623,1.2226361,0,1448,312.94446,551.37854,304018.28,0,0,0,1,0,0,0,0,0,331.35294,37.7,750.8571,0,0,0,0,0,0,10,377,7,5256,29200,110,3,32,224233.0,0.0,224233,224233,5501083.0,0.0,5501083,5501083,Benign
6,130378,10,5,670,555,405,0,67.0,126.71841,405,0,111.0,174.31007,9395.75695286015,115.050085137063,9312.714,17186.9,41234,3,130378,14486.444,20454.736,42011,3,85458,21364.5,23633.465,41901,483,0,0,0,0,224,112,76.70006,38.35003,0,405,76.5625,136.32314,18583.996,0,0,0,1,0,0,0,0,0,81.666664,67.0,111.0,0,0,0,0,0,0,10,670,5,555,65535,62,9,20,0.0,0.0,0,0,0.0,0.0,0,0,Benign
6,117673,1,1,0,0,0,0,0.0,0.0,0,0,0.0,0.0,0.0,16.996252326362,117673.0,0.0,117673,117673,0,0.0,0.0,0,0,0,0.0,0.0,0,0,0,0,0,0,32,32,8.498126,8.498126,0,0,0.0,0.0,0.0,0,0,0,0,1,1,0,0,1,0.0,0.0,0.0,0,0,0,0,0,0,1,0,1,0,237,244,0,32,0.0,0.0,0,0,0.0,0.0,0,0,Benign
17,201,2,2,94,220,47,47,47.0,0.0,110,110,110.0,0.0,1562189.05472637,19900.4975124378,67.0,114.31535,199,1,1,1.0,0.0,1,1,1,1.0,0.0,1,1,0,0,0,0,64,64,9950.249,9950.249,47,110,72.2,34.50652,1190.7,0,0,0,0,0,0,0,0,1,90.25,47.0,110.0,0,0,0,0,0,0,2,94,2,220,-1,-1,1,32,0.0,0.0,0,0,0.0,0.0,0,0,Benign
6,256700,1,1,6,6,6,6,6.0,0.0,6,6,6.0,0.0,46.7471756914686,7.79119594857811,256700.0,0.0,256700,256700,0,0.0,0.0,0,0,0,0.0,0.0,0,0,0,0,0,0,20,20,3.895598,3.895598,6,6,6.0,0.0,0.0,0,0,0,0,1,1,0,0,1,9.0,6.0,6.0,0,0,0,0,0,0,1,6,1,6,256,245,0,20,0.0,0.0,0,0,0.0,0.0,0,0,Benign
6,32010550,14,10,1412,5129,532,0,100.85714,180.69774,1460,0,512.9,626.52277,204.338882024832,0.749752815868518,1391763.0,3382147.5,9986657,3,32010550,2462350.0,4358895.5,10249317,3,21603764,2400418.2,4459000.0,10268977,205,0,0,0,0,292,236,0.43735582,0.312397,0,1460,261.64,457.29895,209122.33,0,0,0,1,0,0,0,0,0,272.54166,100.85714,512.9,0,0,0,0,0,0,14,1412,10,5129,8192,64,13,20,690794.0,741566.3,1547081,262641,9927162.0,103002.47,9986657,9808225,Benign
6,110,1,4,0,12,0,0,0.0,0.0,6,0,3.0,3.4641016,109090.909090909,45454.5454545455,27.5,34.68429,74,1,0,0.0,0.0,0,0,76,25.333334,42.14657,74,1,0,0,0,0,32,104,9090.909,36363.637,0,6,2.0,3.0983868,9.6,0,0,0,0,1,1,0,0,4,2.4,0.0,3.0,0,0,0,0,0,0,1,0,4,12,254,0,0,32,0.0,0.0,0,0,0.0,0.0,0,0,Benign
6,150682,10,5,1243,687,997,0,124.3,310.2361,549,0,137.4,237.72421,12808.4310003849,99.5473911947014,10763.0,15417.393,37539,3,150682,16742.445,21511.455,56322,3,97420,24355.0,17961.371,39164,540,0,0,0,0,332,168,66.36493,33.182465,0,997,120.625,271.82858,73890.78,0,0,0,1,0,0,0,0,0,128.66667,124.3,137.4,0,0,0,0,0,0,10,1243,5,687,65535,362,5,32,0.0,0.0,0,0,0.0,0.0,0,0,Benign
17,30739,1,1,61,77,61,61,61.0,0.0,77,77,77.0,0.0,4489.41084615635,65.0639253066138,30739.0,0.0,30739,30739,0,0.0,0.0,0,0,0,0.0,0.0,0,0,0,0,0,0,44,32,32.531963,32.531963,61,77,66.333336,9.237604,85.333336,0,0,0,0,0,0,0,0,1,99.5,61.0,77.0,0,0,0,0,0,0,1,61,1,77,-1,-1,0,44,0.0,0.0,0,0,0.0,0.0,0,0,Benign
6,95420,10,5,713,479,469,0,71.3,147.28735,341,0,95.8,149.52992,12492.140012576,157.199748480402,6815.7144,9929.7705,23690,3,95420,10602.223,11391.978,24077,3,53571,13392.75,14066.678,25885,317,0,0,0,0,332,168,104.799835,52.399918,0,469,74.5,139.66628,19506.666,0,0,0,1,0,0,0,0,0,79.46667,71.3,95.8,0,0,0,0,0,0,10,713,5,479,65535,972,5,32,0.0,0.0,0,0,0.0,0.0,0,0,Benign
17,30523,1,1,55,119,55,55,55.0,0.0,119,119,119.0,0.0,5700.61920518953,65.5243586803394,30523.0,0.0,30523,30523,0,0.0,0.0,0,0,0,0.0,0.0,0,0,0,0,0,0,20,20,32.76218,32.76218,55,119,76.333336,36.950417,1365.3334,0,0,0,0,0,0,0,0,1,114.5,55.0,119.0,0,0,0,0,0,0,1,55,1,119,-1,-1,0,20,0.0,0.0,0,0,0.0,0.0,0,0,Benign
17,85921,2,2,68,182,34,34,34.0,0.0,91,91,91.0,0.0,2909.64956180678,46.5543929889084,28640.334,49562.35,85870,3,3,3.0,0.0,3,3,48,48.0,0.0,48,48,0,0,0,0,40,64,23.277197,23.277197,34,91,56.8,31.220186,974.7,0,0,0,0,0,0,0,0,1,71.0,34.0,91.0,0,0,0,0,0,0,2,68,2,182,-1,-1,1,20,0.0,0.0,0,0,0.0,0.0,0,0,Benign
17,24285,2,2,68,380,34,34,34.0,0.0,190,190,190.0,0.0,18447.6014000412,164.710726786082,8095.0,13976.802,24234,3,3,3.0,0.0,3,3,48,48.0,0.0,48,48,0,0,0,0,40,40,82.35536,82.35536,34,190,96.4,85.44472,7300.8,0,0,0,0,0,0,0,0,1,120.5,34.0,190.0,0,0,0,0,0,0,2,68,2,380,-1,-1,1,20,0.0,0.0,0,0,0.0,0.0,0,0,Benign
6,3,2,0,31,0,31,0,15.5,21.920311,0,0,0.0,0.0,10333333.3333333,666666.666666667,3.0,0.0,3,3,3,3.0,0.0,3,3,0,0.0,0.0,0,0,1,0,0,0,64,0,666666.7,0.0,0,31,20.666666,17.897858,320.33334,0,1,0,0,1,0,0,0,0,31.0,15.5,0.0,0,0,0,0,0,0,2,31,0,0,1814,-1,0,32,0.0,0.0,0,0,0.0,0.0,0,0,Benign
6,1309850,33,36,2582,6694,408,0,78.242424,108.48474,976,0,185.94444,337.16812,7081.72691529565,52.6777875329236,19262.5,116462.44,957595,1,1309850,40932.812,170720.48,957595,1,309909,8854.543,19907.082,91373,1,0,0,0,0,684,744,25.193724,27.484062,0,976,132.51428,257.44055,66275.65,0,0,0,1,0,0,0,0,1,134.43478,78.242424,185.94444,0,0,0,0,0,0,33,2582,36,6694,8192,245,31,20,0.0,0.0,0,0,0.0,0.0,0,0,Benign
6,51,1,1,0,0,0,0,0.0,0.0,0,0,0.0,0.0,0.0,39215.6862745098,51.0,0.0,51,51,0,0.0,0.0,0,0,0,0.0,0.0,0,0,0,0,0,0,32,32,19607.844,19607.844,0,0,0.0,0.0,0.0,0,0,0,0,1,1,0,0,1,0.0,0.0,0.0,0,0,0,0,0,0,1,0,1,0,358,1008,0,32,0.0,0.0,0,0,0.0,0.0,0,0,Benign
6,5805348,9,6,384,7395,197,0,42.666668,70.21574,2920,0,1232.5,1041.5408,1339.9713505547,2.58382443223042,414667.72,1480925.8,5556932,3,5805348,725668.5,1953438.6,5556932,3,38662,7732.4,10322.739,20267,177,0,0,0,0,192,132,1.5502946,1.0335298,0,2920,486.1875,849.0052,720809.75,0,0,0,1,0,0,0,0,0,518.6,42.666668,1232.5,0,0,0,0,0,0,9,384,6,7395,8192,60,8,20,248413.0,0.0,248413,248413,5556932.0,0.0,5556932,5556932,Benign
6,684,1,3,0,18,0,0,0.0,0.0,6,6,6.0,0.0,26315.7894736842,5847.95321637427,228.0,387.97937,676,4,0,0.0,0.0,0,0,680,340.0,475.17575,676,4,0,0,0,0,32,60,1461.9883,4385.965,0,6,3.6,3.2863352,10.8,0,0,0,0,1,0,0,0,3,4.5,0.0,6.0,0,0,0,0,0,0,1,0,3,18,972,0,0,32,0.0,0.0,0,0,0.0,0.0,0,0,Benign
6,272381,6,6,352,3782,208,0,58.666668,87.8605,1460,0,630.3333,677.21716,15177.2700739038,44.0559363538573,24761.908,39570.74,87948,49,272381,54476.2,46258.293,90764,66,186688,37337.6,48926.72,95821,49,0,0,0,0,132,132,22.027967,22.027967,0,1460,318.0,533.9844,285139.34,0,0,0,1,0,0,0,0,1,344.5,58.666668,630.3333,0,0,0,0,0,0,6,352,6,3782,8192,60,5,20,0.0,0.0,0,0,0.0,0.0,0,0,Benign
6,56,1,1,0,0,0,0,0.0,0.0,0,0,0.0,0.0,0.0,35714.2857142857,56.0,0.0,56,56,0,0.0,0.0,0,0,0,0.0,0.0,0,0,0,0,0,0,32,32,17857.143,17857.143,0,0,0.0,0.0,0.0,0,0,0,0,1,1,0,0,1,0.0,0.0,0.0,0,0,0,0,0,0,1,0,1,0,353,237,0,32,0.0,0.0,0,0,0.0,0.0,0,0,Benign
17,62399,2,2,60,188,30,30,30.0,0.0,94,94,94.0,0.0,3974.42266702992,64.1035914037084,20799.666,36020.016,62392,3,3,3.0,0.0,3,3,4,4.0,0.0,4,4,0,0,0,0,64,64,32.051796,32.051796,30,94,55.6,35.054245,1228.8,0,0,0,0,0,0,0,0,1,69.5,30.0,94.0,0,0,0,0,0,0,2,60,2,188,-1,-1,1,32,0.0,0.0,0,0,0.0,0.0,0,0,Benign
17,61138,4,2,172,302,43,43,43.0,0.0,151,151,151.0,0.0,7752.95233733521,98.1386371814584,12227.6,17132.035,35723,3,35729,11909.667,20622.951,35723,3,3,3.0,0.0,3,3,0,0,0,0,80,40,65.42576,32.71288,43,151,73.85714,52.698605,2777.1428,0,0,0,0,0,0,0,0,0,86.166664,43.0,151.0,0,0,0,0,0,0,4,172,2,302,-1,-1,3,20,0.0,0.0,0,0,0.0,0.0,0,0,Benign
17,160,2,2,76,154,38,38,38.0,0.0,77,77,77.0,0.0,1437500.0,25000.0,53.333332,86.315315,153,3,4,4.0,0.0,4,4,3,3.0,0.0,3,3,0,0,0,0,40,40,12500.0,12500.0,38,77,53.6,21.36118,456.3,0,0,0,0,0,0,0,0,1,67.0,38.0,77.0,0,0,0,0,0,0,2,76,2,154,-1,-1,1,20,0.0,0.0,0,0,0.0,0.0,0,0,Benign
6,19693,1,1,0,0,0,0,0.0,0.0,0,0,0.0,0.0,0.0,101.558929568882,19693.0,0.0,19693,19693,0,0.0,0.0,0,0,0,0.0,0.0,0,0,0,0,0,0,32,32,50.779465,50.779465,0,0,0.0,0.0,0.0,0,0,0,0,1,1,0,0,1,0.0,0.0,0.0,0,0,0,0,0,0,1,0,1,0,1444,33,0,32,0.0,0.0,0,0,0.0,0.0,0,0,Benign
17,31263,2,2,96,180,48,48,48.0,0.0,90,90,90.0,0.0,8828.32741579503,127.946774141957,10421.0,18043.639,31256,3,3,3.0,0.0,3,3,4,4.0,0.0,4,4,0,0,0,0,64,64,63.97339,63.97339,48,90,64.8,23.004347,529.2,0,0,0,0,0,0,0,0,1,81.0,48.0,90.0,0,0,0,0,0,0,2,96,2,180,-1,-1,1,32,0.0,0.0,0,0,0.0,0.0,0,0,Benign
17,47573,1,1,55,118,55,55,55.0,0.0,118,118,118.0,0.0,3636.51651146659,42.0406533117525,47573.0,0.0,47573,47573,0,0.0,0.0,0,0,0,0.0,0.0,0,0,0,0,0,0,20,20,21.020327,21.020327,55,118,76.0,36.373066,1323.0,0,0,0,0,0,0,0,0,1,114.0,55.0,118.0,0,0,0,0,0,0,1,55,1,118,-1,-1,0,20,0.0,0.0,0,0,0.0,0.0,0,0,Benign
17,26792,1,1,56,338,56,56,56.0,0.0,338,338,338.0,0.0,14705.8823529412,74.6491489997014,26792.0,0.0,26792,26792,0,0.0,0.0,0,0,0,0.0,0.0,0,0,0,0,0,0,20,20,37.324574,37.324574,56,338,150.0,162.81277,26508.0,0,0,0,0,0,0,0,0,1,225.0,56.0,338.0,0,0,0,0,0,0,1,56,1,338,-1,-1,0,20,0.0,0.0,0,0,0.0,0.0,0,0,Benign
17,250,2,2,58,444,29,29,29.0,0.0,222,222,222.0,0.0,2008000.0,16000.0,83.333336,101.93298,198,3,49,49.0,0.0,49,49,3,3.0,0.0,3,3,0,0,0,0,64,64,8000.0,8000.0,29,222,106.2,105.71046,11174.7,0,0,0,0,0,0,0,0,1,132.75,29.0,222.0,0,0,0,0,0,0,2,58,2,444,-1,-1,1,32,0.0,0.0,0,0,0.0,0.0,0,0,Benign
6,1051209,4,4,892,1160,892,0,223.0,446.0,1160,0,290.0,580.0,1952.03808186574,7.61028491955453,150172.72,374548.9,999224,68,51985,17328.334,14779.006,27928,446,1027676,342558.66,568837.4,999292,4093,0,0,0,0,136,136,3.8051424,3.8051424,0,1160,228.0,457.35764,209176.0,0,0,0,1,0,0,0,0,1,256.5,223.0,290.0,0,0,0,0,0,0,4,892,4,1160,29200,32,1,32,0.0,0.0,0,0,0.0,0.0,0,0,Benign
17,61008,2,2,62,424,31,31,31.0,0.0,212,212,212.0,0.0,7966.16837136113,65.5651717807501,20336.0,35177.094,60955,5,48,48.0,0.0,48,48,5,5.0,0.0,5,5,0,0,0,0,40,40,32.782585,32.782585,31,212,103.4,99.13778,9828.3,0,0,0,0,0,0,0,0,1,129.25,31.0,212.0,0,0,0,0,0,0,2,62,2,424,-1,-1,1,20,0.0,0.0,0,0,0.0,0.0,0,0,Benign
17,167,2,2,70,208,35,35,35.0,0.0,104,104,104.0,0.0,1664670.65868263,23952.0958083832,55.666668,90.3567,160,3,3,3.0,0.0,3,3,4,4.0,0.0,4,4,0,0,0,0,40,40,11976.048,11976.048,35,104,62.6,37.79286,1428.3,0,0,0,0,0,0,0,0,1,78.25,35.0,104.0,0,0,0,0,0,0,2,70,2,208,-1,-1,1,20,0.0,0.0,0,0,0.0,0.0,0,0,Benign
6,20320697,9,8,1002,3760,658,0,111.333336,215.87265,1867,0,470.0,751.2205,234.342355481212,0.83658547735838,1270043.5,3407773.8,10000781,3,20284816,2535602.0,4617996.0,10036495,35897,20284866,2897838.0,4876116.0,10036662,3,0,0,0,0,192,184,0.44289818,0.39368728,0,1867,264.55554,539.17566,290710.38,0,0,0,1,0,0,0,0,0,280.11765,111.333336,470.0,0,0,0,0,0,0,9,1002,8,3760,8192,8201,8,20,142674.0,151264.28,249634,35714,9999734.0,1480.6816,10000781,9998687,Benign
6,31,1,1,0,0,0,0,0.0,0.0,0,0,0.0,0.0,0.0,64516.1290322581,31.0,0.0,31,31,0,0.0,0.0,0,0,0,0.0,0.0,0,0,0,0,0,0,32,32,32258.064,32258.064,0,0,0.0,0.0,0.0,0,0,0,0,1,1,0,0,1,0.0,0.0,0.0,0,0,0,0,0,0,1,0,1,0,391,352,0,32,0.0,0.0,0,0,0.0,0.0,0,0,Benign
6,1484,3,1,865,6,853,6,288.33334,489.0157,6,6,6.0,0.0,586927.223719677,2695.41778975741,494.66666,814.6363,1435,3,1438,719.0,1012.5769,1435,3,0,0.0,0.0,0,0,0,0,0,0,60,20,2021.5634,673.85443,6,853,175.4,378.78992,143481.8,0,0,0,0,1,0,0,0,0,219.25,288.33334,6.0,0,0,0,0,0,0,3,865,1,6,33689,0,2,20,0.0,0.0,0,0,0.0,0.0,0,0,Benign
6,5488847,8,6,390,3716,209,0,48.75,77.13578,1460,0,619.3333,679.909,748.062389059123,2.55062675275882,422219.0,1424632.2,5160185,3,5488847,784121.0,1931362.0,5160185,3,96208,19241.6,27559.818,63037,49,0,0,0,0,172,132,1.457501,1.0931257,0,1460,273.73334,503.5259,253538.36,0,0,0,1,0,0,0,0,0,293.2857,48.75,619.3333,0,0,0,0,0,0,8,390,6,3716,8192,119,7,20,328659.0,0.0,328659,328659,5160185.0,0.0,5160185,5160185,Benign
17,91560,4,2,116,234,29,29,29.0,0.0,117,117,117.0,0.0,3822.62996941896,65.5307994757536,18312.0,27377.715,61333,3,30224,10074.667,17443.771,30217,3,3,3.0,0.0,3,3,0,0,0,0,128,64,43.6872,21.8436,29,117,54.142857,42.9396,1843.8096,0,0,0,0,0,0,0,0,0,63.166668,29.0,117.0,0,0,0,0,0,0,4,116,2,234,-1,-1,3,32,0.0,0.0,0,0,0.0,0.0,0,0,Benign
6,4995,2,0,12,0,6,6,6.0,0.0,0,0,0.0,0.0,2402.4024024024,400.4004004004,4995.0,0.0,4995,4995,4995,4995.0,0.0,4995,4995,0,0.0,0.0,0,0,0,0,0,0,40,0,400.4004,0.0,6,6,6.0,0.0,0.0,0,0,0,0,1,0,0,0,0,9.0,6.0,0.0,0,0,0,0,0,0,2,12,0,0,16425,-1,1,20,0.0,0.0,0,0,0.0,0.0,0,0,Benign
17,109,2,2,66,258,33,33,33.0,0.0,129,129,129.0,0.0,2972477.06422018,36697.247706422,36.333332,58.620247,104,1,1,1.0,0.0,1,1,4,4.0,0.0,4,4,0,0,0,0,64,64,18348.623,18348.623,33,129,71.4,52.581364,2764.8,0,0,0,0,0,0,0,0,1,89.25,33.0,129.0,0,0,0,0,0,0,2,66,2,258,-1,-1,1,32,0.0,0.0,0,0,0.0,0.0,0,0,Benign
17,66809,1,1,43,59,43,43,43.0,0.0,59,59,59.0,0.0,1526.7404092263,29.9360864554177,66809.0,0.0,66809,66809,0,0.0,0.0,0,0,0,0.0,0.0,0,0,0,0,0,0,32,20,14.968043,14.968043,43,59,48.333332,9.237604,85.333336,0,0,0,0,0,0,0,0,1,72.5,43.0,59.0,0,0,0,0,0,0,1,43,1,59,-1,-1,0,32,0.0,0.0,0,0,0.0,0.0,0,0,Benign
17,51404,2,2,60,150,30,30,30.0,0.0,75,75,75.0,0.0,4085.28519181387,77.8149560345498,17134.666,29672.05,51397,3,4,4.0,0.0,4,4,3,3.0,0.0,3,3,0,0,0,0,112,40,38.90748,38.90748,30,75,48.0,24.647514,607.5,0,0,0,0,0,0,0,0,1,60.0,30.0,75.0,0,0,0,0,0,0,2,60,2,150,-1,-1,1,56,0.0,0.0,0,0,0.0,0.0,0,0,Benign
17,71659,2,2,76,184,38,38,38.0,0.0,92,92,92.0,0.0,3628.29511994306,55.819924922201,23886.334,41366.28,71652,3,4,4.0,0.0,4,4,3,3.0,0.0,3,3,0,0,0,0,64,64,27.909962,27.909962,38,92,59.6,29.577019,874.8,0,0,0,0,0,0,0,0,1,74.5,38.0,92.0,0,0,0,0,0,0,2,76,2,184,-1,-1,1,32,0.0,0.0,0,0,0.0,0.0,0,0,Benign
17,209,2,2,92,156,46,46,46.0,0.0,78,78,78.0,0.0,1186602.8708134,19138.7559808612,69.666664,81.68435,160,1,1,1.0,0.0,1,1,48,48.0,0.0,48,48,0,0,0,0,64,64,9569.378,9569.378,46,78,58.8,17.527122,307.2,0,0,0,0,0,0,0,0,1,73.5,46.0,78.0,0,0,0,0,0,0,2,92,2,156,-1,-1,1,32,0.0,0.0,0,0,0.0,0.0,0,0,Benign
6,41088,1,1,0,0,0,0,0.0,0.0,0,0,0.0,0.0,0.0,48.6760124610592,41088.0,0.0,41088,41088,0,0.0,0.0,0,0,0,0.0,0.0,0,0,0,0,0,0,32,32,24.338007,24.338007,0,0,0.0,0.0,0.0,0,0,0,0,1,1,0,0,1,0.0,0.0,0.0,0,0,0,0,0,0,1,0,1,0,30016,5043,0,32,0.0,0.0,0,0,0.0,0.0,0,0,Benign
17,91762,2,2,66,246,33,33,33.0,0.0,123,123,123.0,0.0,3400.10025936662,43.5910289662388,30587.334,52972.754,91755,3,4,4.0,0.0,4,4,3,3.0,0.0,3,3,0,0,0,0,64,64,21.795515,21.795515,33,123,69.0,49.29503,2430.0,0,0,0,0,0,0,0,0,1,86.25,33.0,123.0,0,0,0,0,0,0,2,66,2,246,-1,-1,1,32,0.0,0.0,0,0,0.0,0.0,0,0,Benign
17,23758,1,1,55,136,55,55,55.0,0.0,136,136,136.0,0.0,8039.39725566125,84.1821702163482,23758.0,0.0,23758,23758,0,0.0,0.0,0,0,0,0.0,0.0,0,0,0,0,0,0,32,32,42.091084,42.091084,55,136,82.0,46.765373,2187.0,0,0,0,0,0,0,0,0,1,123.0,55.0,136.0,0,0,0,0,0,0,1,55,1,136,-1,-1,0,32,0.0,0.0,0,0,0.0,0.0,0,0,Benign
17,50387,2,2,62,118,31,31,31.0,0.0,59,59,59.0,0.0,3572.35001091551,79.3855557981225,16795.666,29045.924,50335,3,49,49.0,0.0,49,49,3,3.0,0.0,3,3,0,0,0,0,40,40,39.69278,39.69278,31,59,42.2,15.336231,235.2,0,0,0,0,0,0,0,0,1,52.75,31.0,59.0,0,0,0,0,0,0,2,62,2,118,-1,-1,1,20,0.0,0.0,0,0,0.0,0.0,0,0,Benign
6,96404610,58,33,12242,8238,1337,0,211.06897,287.25342,3069,0,249.63637,619.07074,212.437973661218,0.943938261873576,1071162.4,6080704.0,54036735,1,96404610,1691309.0,7595800.5,54036735,1,96404438,3012638.8,10006266.0,54037110,2,0,0,0,0,1872,1072,0.601631,0.34230727,0,3069,222.60869,432.83713,187347.98,0,0,0,1,0,0,0,0,0,225.05495,211.06897,249.63637,0,0,0,0,0,0,58,12242,33,8238,29200,2078,30,32,3124660.0,3965763.0,8266119,386,20976398.0,22989420.0,54036735,5025593,Benign
17,41149,2,2,84,284,42,42,42.0,0.0,142,142,142.0,0.0,8943.10918855865,97.2077085712897,13716.333,23711.498,41096,4,49,49.0,0.0,49,49,4,4.0,0.0,4,4,0,0,0,0,64,64,48.603855,48.603855,42,142,82.0,54.772255,3000.0,0,0,0,0,0,0,0,0,1,102.5,42.0,142.0,0,0,0,0,0,0,2,84,2,284,-1,-1,1,32,0.0,0.0,0,0,0.0,0.0,0,0,Benign
6,110,1,1,6,6,6,6,6.0,0.0,6,6,6.0,0.0,109090.909090909,18181.8181818182,110.0,0.0,110,110,0,0.0,0.0,0,0,0,0.0,0.0,0,0,0,0,0,0,20,20,9090.909,9090.909,6,6,6.0,0.0,0.0,0,0,0,0,1,1,0,0,1,9.0,6.0,6.0,0,0,0,0,0,0,1,6,1,6,1039,253,0,20,0.0,0.0,0,0,0.0,0.0,0,0,Benign
17,59197,2,2,66,386,33,33,33.0,0.0,193,193,193.0,0.0,7635.52207037519,67.5709917732318,19732.334,34171.34,59190,3,3,3.0,0.0,3,3,4,4.0,0.0,4,4,0,0,0,0,40,64,33.785496,33.785496,33,193,97.0,87.63561,7680.0,0,0,0,0,0,0,0,0,1,121.25,33.0,193.0,0,0,0,0,0,0,2,66,2,386,-1,-1,1,20,0.0,0.0,0,0,0.0,0.0,0,0,Benign
6,4747,2,0,0,0,0,0,0.0,0.0,0,0,0.0,0.0,0.0,421.318727617443,4747.0,0.0,4747,4747,4747,4747.0,0.0,4747,4747,0,0.0,0.0,0,0,0,0,0,0,64,0,421.31873,0.0,0,0,0.0,0.0,0.0,0,0,0,0,1,0,0,0,0,0.0,0.0,0.0,0,0,0,0,0,0,2,0,0,0,324,-1,0,32,0.0,0.0,0,0,0.0,0.0,0,0,Benign
17,83571128,3,3,149,316,53,44,49.666668,4.932883,137,72,105.333336,32.532036,5.5641225759212,0.071795130011887,16714226.0,33144494.0,75702427,29384,83540780,41770390.0,48028704.0,75731811,7808969,83541744,41770870.0,48057804.0,75752871,7788873,0,0,0,0,72,84,0.035897564,0.035897564,44,137,73.85714,35.049625,1228.4762,0,0,0,0,0,0,0,0,1,86.166664,49.666668,105.333336,0,0,0,0,0,0,3,149,3,316,-1,-1,2,20,39914.0,14891.669,50444,29384,41730476.0,48043590.0,75702427,7758525,Benign
17,240,2,2,134,390,67,67,67.0,0.0,195,195,195.0,0.0,2183333.33333333,16666.6666666667,80.0,97.04123,189,3,48,48.0,0.0,48,48,3,3.0,0.0,3,3,0,0,0,0,64,64,8333.333,8333.333,67,195,118.2,70.10849,4915.2,0,0,0,0,0,0,0,0,1,147.75,67.0,195.0,0,0,0,0,0,0,2,134,2,390,-1,-1,1,32,0.0,0.0,0,0,0.0,0.0,0,0,Benign
17,80033,1,1,50,78,50,50,50.0,0.0,78,78,78.0,0.0,1599.34027213774,24.9896917521522,80033.0,0.0,80033,80033,0,0.0,0.0,0,0,0,0.0,0.0,0,0,0,0,0,0,32,40,12.494846,12.494846,50,78,59.333332,16.165808,261.33334,0,0,0,0,0,0,0,0,1,89.0,50.0,78.0,0,0,0,0,0,0,1,50,1,78,-1,-1,0,32,0.0,0.0,0,0,0.0,0.0,0,0,Benign
6,913103,2,0,0,0,0,0,0.0,0.0,0,0,0.0,0.0,0.0,2.19033340159872,913103.0,0.0,913103,913103,913103,913103.0,0.0,913103,913103,0,0.0,0.0,0,0,0,0,0,0,64,0,2.1903334,0.0,0,0,0.0,0.0,0.0,0,0,0,0,1,1,0,0,0,0.0,0.0,0.0,0,0,0,0,0,0,2,0,0,0,33304,-1,0,32,0.0,0.0,0,0,0.0,0.0,0,0,Benign
17,30897,1,1,47,175,47,47,47.0,0.0,175,175,175.0,0.0,7185.16360811729,64.7312036767324,30897.0,0.0,30897,30897,0,0.0,0.0,0,0,0,0.0,0.0,0,0,0,0,0,0,32,32,32.3656,32.3656,47,175,89.666664,73.90083,5461.3335,0,0,0,0,0,0,0,0,1,134.5,47.0,175.0,0,0,0,0,0,0,1,47,1,175,-1,-1,0,32,0.0,0.0,0,0,0.0,0.0,0,0,Benign
6,1172580,10,4,824,351,581,0,82.4,181.19554,213,0,87.75,105.85013,1002.0638250695,11.9394838731686,90198.46,148712.17,505899,4,1172580,130286.664,166331.67,505899,4,1027738,342579.34,306296.6,620359,14094,0,0,0,0,332,136,8.528203,3.411281,0,581,78.333336,154.86292,23982.523,0,0,0,1,0,0,0,0,0,83.92857,82.4,87.75,0,0,0,0,0,0,10,824,4,351,65535,61,5,32,0.0,0.0,0,0,0.0,0.0,0,0,Benign
17,91035,1,1,48,123,48,48,48.0,0.0,123,123,123.0,0.0,1878.39841819081,21.9695721425825,91035.0,0.0,91035,91035,0,0.0,0.0,0,0,0,0.0,0.0,0,0,0,0,0,0,32,20,10.984786,10.984786,48,123,73.0,43.30127,1875.0,0,0,0,0,0,0,0,0,1,109.5,48.0,123.0,0,0,0,0,0,0,1,48,1,123,-1,-1,0,32,0.0,0.0,0,0,0.0,0.0,0,0,Benign
17,75814,4,2,184,250,46,46,46.0,0.0,125,125,125.0,0.0,5724.53636531511,79.1410557416836,15162.8,20915.398,41515,1,41520,13840.0,23967.254,41515,1,3,3.0,0.0,3,3,0,0,0,0,104,40,52.760704,26.380352,46,125,68.57143,38.548054,1485.9524,0,0,0,0,0,0,0,0,0,80.0,46.0,125.0,0,0,0,0,0,0,4,184,2,250,-1,-1,3,20,0.0,0.0,0,0,0.0,0.0,0,0,Benign
17,30263,1,1,50,78,50,50,50.0,0.0,78,78,78.0,0.0,4229.58728480323,66.0873013250504,30263.0,0.0,30263,30263,0,0.0,0.0,0,0,0,0.0,0.0,0,0,0,0,0,0,32,20,33.04365,33.04365,50,78,59.333332,16.165808,261.33334,0,0,0,0,0,0,0,0,1,89.0,50.0,78.0,0,0,0,0,0,0,1,50,1,78,-1,-1,0,32,0.0,0.0,0,0,0.0,0.0,0,0,Benign
6,5832385,3,1,12,0,6,0,4.0,3.4641016,0,0,0.0,0.0,2.05747734417395,0.685825781391318,1944128.4,3335430.8,5795494,134,5832385,2916192.5,4071947.2,5795494,36891,0,0.0,0.0,0,0,0,0,0,0,72,32,0.5143693,0.17145644,0,6,2.4,3.2863352,10.8,0,0,0,1,0,0,0,0,0,3.0,4.0,0.0,0,0,0,0,0,0,3,12,1,0,8192,42780,2,20,0.0,0.0,0,0,0.0,0.0,0,0,Benign
6,10945830,7,5,1516,1812,872,0,216.57143,368.91864,914,0,362.4,490.86536,304.042726773575,1.09630790903933,995075.44,2921579.2,9784503,31,10944128,1824021.4,3906732.8,9784503,324,10913694,2728423.5,4865543.0,10001172,682,0,0,0,0,152,112,0.63951296,0.45679495,0,914,256.0,399.31442,159452.0,0,0,0,1,0,0,0,0,0,277.33334,216.57143,362.4,0,0,0,0,0,0,7,1516,5,1812,8192,59,6,20,1159625.0,0.0,1159625,1159625,9784503.0,0.0,9784503,9784503,Benign
6,2261115,9,7,1732,1606,731,0,192.44444,313.03558,720,0,229.42857,337.93286,1476.2628172384,7.07615490587608,150741.0,512196.72,1999566,3,261546,32693.25,36562.723,102374,267,2231751,371958.5,799923.6,1999640,3,0,0,0,0,296,232,3.9803371,3.0958178,0,731,196.35294,307.76126,94716.99,0,0,0,1,0,0,0,0,0,208.625,192.44444,229.42857,0,0,0,0,0,0,9,1732,7,1606,29200,33,4,32,0.0,0.0,0,0,0.0,0.0,0,0,Benign
17,185,2,2,70,102,35,35,35.0,0.0,51,51,51.0,0.0,929729.72972973,21621.6216216216,61.666668,23.671362,89,48,48,48.0,0.0,48,48,48,48.0,0.0,48,48,0,0,0,0,40,40,10810.811,10810.811,35,51,41.4,8.763561,76.8,0,0,0,0,0,0,0,0,1,51.75,35.0,51.0,0,0,0,0,0,0,2,70,2,102,-1,-1,1,20,0.0,0.0,0,0,0.0,0.0,0,0,Benign
6,241495,6,7,1531,600,951,0,255.16667,395.90475,414,0,85.71429,152.64633,8824.19925878383,53.831342263815,20124.584,24085.69,66212,1,187438,37487.6,27021.121,66212,353,190758,31793.0,42955.133,109073,1,0,0,0,0,140,152,24.845236,28.986107,0,951,152.21428,283.0097,80094.49,0,0,0,1,0,0,0,0,1,163.92308,255.16667,85.71429,0,0,0,0,0,0,6,1531,7,600,29200,41,5,20,0.0,0.0,0,0,0.0,0.0,0,0,Benign
6,11174164,55,85,2465,122730,312,0,44.81818,102.92034,3743,0,1443.8823,803.5698,11203.9701583045,12.5289014909751,80389.67,851520.2,9999132,0,1175032,21759.852,134069.22,987041,0,11151717,132758.53,1094996.0,9999135,4,0,0,0,0,1112,1712,4.9220686,7.606833,0,3743,887.9078,929.5521,864067.1,0,0,0,1,0,0,0,0,1,894.25,44.81818,1443.8823,0,0,0,0,0,0,55,2465,85,122730,8192,31,54,20,0.0,0.0,0,0,0.0,0.0,0,0,Benign
6,70915626,21,18,3493,10208,730,0,166.33333,264.63113,1460,0,567.1111,563.2499,193.201425028667,0.549949315824978,1866200.6,7624269.5,44982988,1,70915626,3545781.2,10346557.0,44982988,93,67340206,3961188.5,11212931.0,45057417,1,0,0,0,0,432,384,0.29612654,0.25382277,0,1460,342.525,466.05237,217204.81,0,0,0,1,0,0,0,0,0,351.30768,166.33333,567.1111,0,0,0,0,0,0,21,3493,18,10208,8192,134,20,20,3527658.0,4912213.0,7001117,54199,30168046.0,20951492.0,44982988,15353105,Benign
17,30316,1,1,58,186,58,58,58.0,0.0,186,186,186.0,0.0,8048.55521836654,65.9717640849716,30316.0,0.0,30316,30316,0,0.0,0.0,0,0,0,0.0,0.0,0,0,0,0,0,0,32,20,32.98588,32.98588,58,186,100.666664,73.90083,5461.3335,0,0,0,0,0,0,0,0,1,151.0,58.0,186.0,0,0,0,0,0,0,1,58,1,186,-1,-1,0,32,0.0,0.0,0,0,0.0,0.0,0,0,Benign
6,3983666,9,9,502,5132,196,0,55.77778,85.653046,1882,0,570.2222,780.62775,1414.27519274959,4.51845109504662,234333.3,578553.5,2007638,3,3959998,494999.75,786371.56,2007661,3,3959157,494894.62,802895.6,2031283,3,0,0,0,0,296,296,2.2592256,2.2592256,0,1882,296.5263,587.7207,345415.6,0,0,0,1,0,0,0,0,1,313.0,55.77778,570.2222,0,0,0,0,0,0,9,502,9,5132,29200,287,3,32,0.0,0.0,0,0,0.0,0.0,0,0,Benign
6,332984,22,19,1601,18768,1349,0,72.77273,287.17358,1418,0,987.7895,646.6546,61171.1073204719,123.129039233116,8324.6,24428.26,138457,2,332984,15856.381,47566.72,215790,3,294207,16344.833,34411.727,138457,2,0,0,0,0,716,616,66.06924,57.0598,0,1418,484.9762,663.2445,439893.25,0,0,0,1,0,0,0,0,0,496.80487,72.77273,987.7895,0,0,0,0,0,0,22,1601,19,18768,65535,362,5,32,0.0,0.0,0,0,0.0,0.0,0,0,Benign
17,119393,1,1,49,134,49,49,49.0,0.0,134,134,134.0,0.0,1532.75317648438,16.7514008358949,119393.0,0.0,119393,119393,0,0.0,0.0,0,0,0,0.0,0.0,0,0,0,0,0,0,20,20,8.3757,8.3757,49,134,77.333336,49.07477,2408.3333,0,0,0,0,0,0,0,0,1,116.0,49.0,134.0,0,0,0,0,0,0,1,49,1,134,-1,-1,0,20,0.0,0.0,0,0,0.0,0.0,0,0,Benign
6,36716,2,1,0,0,0,0,0.0,0.0,0,0,0.0,0.0,0.0,81.7082470857392,18358.0,25960.719,36715,1,1,1.0,0.0,1,1,0,0.0,0.0,0,0,0,0,0,0,64,44,54.472164,27.236082,0,0,0.0,0.0,0.0,0,0,0,0,1,1,0,0,0,0.0,0.0,0.0,0,0,0,0,0,0,2,0,1,0,32832,362,0,32,0.0,0.0,0,0,0.0,0.0,0,0,Benign
6,117179,5,3,754,1876,736,0,150.8,327.14706,1868,2,625.3333,1076.1827,22444.2946261702,68.2716186347383,16739.857,24928.549,67327,104,117179,29294.75,43086.39,91649,356,92567,46283.5,29760.004,67327,25240,0,0,0,0,124,64,42.66976,25.601856,0,1868,292.22223,638.62384,407840.44,0,0,0,1,0,0,0,0,0,328.75,150.8,625.3333,0,0,0,0,0,0,5,754,3,1876,65535,8190,4,20,0.0,0.0,0,0,0.0,0.0,0,0,Benign
17,166,2,2,76,172,38,38,38.0,0.0,86,86,86.0,0.0,1493975.90361446,24096.3855421687,55.333332,90.64399,160,3,3,3.0,0.0,3,3,3,3.0,0.0,3,3,0,0,0,0,88,88,12048.192,12048.192,38,86,57.2,26.290682,691.2,0,0,0,0,0,0,0,0,1,71.5,38.0,86.0,0,0,0,0,0,0,2,76,2,172,-1,-1,1,44,0.0,0.0,0,0,0.0,0.0,0,0,Benign
6,6088475,3,1,0,0,0,0,0.0,0.0,0,0,0.0,0.0,0.0,0.656978964354785,2029491.6,3494667.5,6064763,31,6088475,3044237.5,4271668.0,6064763,23712,0,0.0,0.0,0,0,0,0,0,0,104,40,0.49273422,0.16424474,0,0,0.0,0.0,0.0,0,0,0,1,0,0,0,0,0,0.0,0.0,0.0,0,0,0,0,0,0,3,0,1,0,29200,65535,0,32,0.0,0.0,0,0,0.0,0.0,0,0,Benign
17,167,2,2,414,326,207,207,207.0,0.0,163,163,163.0,0.0,4431137.7245509,23952.0958083832,55.666668,93.82075,164,1,1,1.0,0.0,1,1,2,2.0,0.0,2,2,0,0,0,0,40,40,11976.048,11976.048,163,207,189.4,24.099792,580.8,0,0,0,0,0,0,0,0,1,236.75,207.0,163.0,0,0,0,0,0,0,2,414,2,326,-1,-1,1,20,0.0,0.0,0,0,0.0,0.0,0,0,Benign
17,190,2,2,64,158,32,32,32.0,0.0,79,79,79.0,0.0,1168421.05263158,21052.6315789474,63.333332,107.9645,188,1,1,1.0,0.0,1,1,1,1.0,0.0,1,1,0,0,0,0,40,40,10526.315,10526.315,32,79,50.8,25.74296,662.7,0,0,0,0,0,0,0,0,1,63.5,32.0,79.0,0,0,0,0,0,0,2,64,2,158,-1,-1,1,20,0.0,0.0,0,0,0.0,0.0,0,0,Benign
17,174,2,2,70,134,35,35,35.0,0.0,67,67,67.0,0.0,1172413.79310345,22988.5057471264,58.0,94.398094,167,3,4,4.0,0.0,4,4,3,3.0,0.0,3,3,0,0,0,0,40,40,11494.253,11494.253,35,67,47.8,17.527122,307.2,0,0,0,0,0,0,0,0,1,59.75,35.0,67.0,0,0,0,0,0,0,2,70,2,134,-1,-1,1,20,0.0,0.0,0,0,0.0,0.0,0,0,Benign
17,320,2,2,64,306,32,32,32.0,0.0,153,153,153.0,0.0,1156250.0,12500.0,106.666664,181.29074,316,1,1,1.0,0.0,1,1,3,3.0,0.0,3,3,0,0,0,0,40,40,6250.0,6250.0,32,153,80.4,66.27443,4392.3,0,0,0,0,0,0,0,0,1,100.5,32.0,153.0,0,0,0,0,0,0,2,64,2,306,-1,-1,1,20,0.0,0.0,0,0,0.0,0.0,0,0,Benign
17,107029,2,2,88,168,44,44,44.0,0.0,84,84,84.0,0.0,2391.87509927216,37.3730484261275,35676.332,61788.027,107023,3,3,3.0,0.0,3,3,3,3.0,0.0,3,3,0,0,0,0,64,80,18.686523,18.686523,44,84,60.0,21.908903,480.0,0,0,0,0,0,0,0,0,1,75.0,44.0,84.0,0,0,0,0,0,0,2,88,2,168,-1,-1,1,32,0.0,0.0,0,0,0.0,0.0,0,0,Benign
6,245,2,0,0,0,0,0,0.0,0.0,0,0,0.0,0.0,0.0,8163.26530612245,245.0,0.0,245,245,245,245.0,0.0,245,245,0,0.0,0.0,0,0,0,0,0,0,64,0,8163.265,0.0,0,0,0.0,0.0,0.0,0,0,0,0,1,0,0,0,0,0.0,0.0,0.0,0,0,0,0,0,0,2,0,0,0,252,-1,0,32,0.0,0.0,0,0,0.0,0.0,0,0,Benign
6,39,2,1,0,0,0,0,0.0,0.0,0,0,0.0,0.0,0.0,76923.0769230769,19.5,24.748737,37,2,2,2.0,0.0,2,2,0,0.0,0.0,0,0,0,0,0,0,64,32,51282.05,25641.025,0,0,0.0,0.0,0.0,0,0,0,0,1,1,0,0,0,0.0,0.0,0.0,0,0,0,0,0,0,2,0,1,0,357,32832,0,32,0.0,0.0,0,0,0.0,0.0,0,0,Benign
6,8621682,2,0,12,0,6,6,6.0,0.0,0,0,0.0,0.0,1.39183978253895,0.231973297089825,8621682.0,0.0,8621682,8621682,8621682,8621682.0,0.0,8621682,8621682,0,0.0,0.0,0,0,0,0,0,0,40,0,0.23197329,0.0,6,6,6.0,0.0,0.0,0,0,0,0,1,0,0,0,0,9.0,6.0,0.0,0,0,0,0,0,0,2,12,0,0,256,-1,1,20,0.0,0.0,0,0,0.0,0.0,0,0,Benign
17,54085,1,1,41,119,41,41,41.0,0.0,119,119,119.0,0.0,2958.3063696034,36.9788296200425,54085.0,0.0,54085,54085,0,0.0,0.0,0,0,0,0.0,0.0,0,0,0,0,0,0,20,20,18.489414,18.489414,41,119,67.0,45.03332,2028.0,0,0,0,0,0,0,0,0,1,100.5,41.0,119.0,0,0,0,0,0,0,1,41,1,119,-1,-1,0,20,0.0,0.0,0,0,0.0,0.0,0,0,Benign
6,116600177,35,24,5703,10360,429,0,162.94286,207.50804,796,0,431.66666,404.5939,137.761368921421,0.506002662414483,2010347.9,3815678.0,10076844,45,116576508,3428720.8,4498379.5,10100554,55,116576479,5068542.5,4706527.0,10118233,630,0,0,0,0,712,588,0.30017108,0.20583159,0,796,267.71667,327.54962,107288.75,0,0,0,1,0,0,0,0,0,272.25424,162.94286,431.66666,0,0,0,0,0,0,35,5703,24,10360,8192,313,34,20,449710.75,783103.1,2090915,23599,9264998.0,1680359.9,10076844,5685143,Benign
6,5506557,8,6,382,3938,201,0,47.75,74.77729,1460,0,656.3333,682.65063,784.519255861694,2.5424235143666,423581.3,1490611.5,5384414,4,5506557,786651.0,2027560.8,5384414,4,54594,10918.8,14237.393,28713,48,0,0,0,0,172,132,1.4528134,1.0896101,0,1460,288.0,516.0234,266280.16,0,0,0,1,0,0,0,0,0,308.57144,47.75,656.3333,0,0,0,0,0,0,8,382,6,3938,8192,946,7,20,122139.0,0.0,122139,122139,5384414.0,0.0,5384414,5384414,Benign
6,45,1,1,6,6,6,6,6.0,0.0,6,6,6.0,0.0,266666.666666667,44444.4444444444,45.0,0.0,45,45,0,0.0,0.0,0,0,0,0.0,0.0,0,0,0,0,0,0,20,20,22222.223,22222.223,6,6,6.0,0.0,0.0,0,0,0,0,1,1,0,0,1,9.0,6.0,6.0,0,0,0,0,0,0,1,6,1,6,245,256,0,20,0.0,0.0,0,0,0.0,0.0,0,0,Benign
6,14247,3,0,43,0,31,6,14.333333,14.433757,0,0,0.0,0.0,3018.17926581035,210.570646451885,7123.5,10069.907,14244,3,14247,7123.5,10069.907,14244,3,0,0.0,0.0,0,0,0,0,0,0,60,0,210.57065,0.0,6,31,12.25,12.5,156.25,0,0,0,0,1,0,0,0,0,16.333334,14.333333,0.0,0,0,0,0,0,0,3,43,0,0,64240,-1,2,20,0.0,0.0,0,0,0.0,0.0,0,0,Benign
6,36735,1,1,0,0,0,0,0.0,0.0,0,0,0.0,0.0,0.0,54.4439907445216,36735.0,0.0,36735,36735,0,0.0,0.0,0,0,0,0.0,0.0,0,0,0,0,0,0,32,32,27.221996,27.221996,0,0,0.0,0.0,0.0,0,0,0,0,1,1,0,0,1,0.0,0.0,0.0,0,0,0,0,0,0,1,0,1,0,284,972,0,32,0.0,0.0,0,0,0.0,0.0,0,0,Benign
17,30875,2,2,78,110,39,39,39.0,0.0,55,55,55.0,0.0,6089.06882591093,129.554655870445,10291.667,17819.627,30868,3,3,3.0,0.0,3,3,4,4.0,0.0,4,4,0,0,0,0,64,64,64.77733,64.77733,39,55,45.4,8.763561,76.8,0,0,0,0,0,0,0,0,1,56.75,39.0,55.0,0,0,0,0,0,0,2,78,2,110,-1,-1,1,32,0.0,0.0,0,0,0.0,0.0,0,0,Benign
6,115714164,16,14,437,796,437,0,27.3125,109.25,796,0,56.857143,212.73994,10.6555667636332,0.259259531961878,3990143.5,4975535.5,10216507,33,115714164,7714277.5,4370252.0,10240017,1177,112510501,8654654.0,3835276.5,10241999,156,0,0,0,0,520,456,0.13827175,0.12098778,0,796,39.774193,160.78386,25851.447,0,0,0,1,0,0,0,0,0,41.1,27.3125,56.857143,0,0,0,0,0,0,16,437,14,796,29200,285,1,32,26880.273,8064.7354,50716,23499,10201338.0,47041.906,10216507,10059583,Benign
6,116100,10,5,1028,575,789,0,102.8,245.2902,437,0,115.0,189.66286,13807.0628768303,129.198966408269,8292.857,12670.938,30624,3,116100,12900.0,18498.188,48285,3,81033,20258.25,13850.547,30541,996,0,0,0,0,332,168,86.132645,43.066322,0,789,100.1875,215.49887,46439.76,0,0,0,1,0,0,0,0,0,106.86667,102.8,115.0,0,0,0,0,0,0,10,1028,5,575,65535,988,5,32,0.0,0.0,0,0,0.0,0.0,0,0,Benign
6,33175,1,1,6,6,6,6,6.0,0.0,6,6,6.0,0.0,361.718161266013,60.2863602110023,33175.0,0.0,33175,33175,0,0.0,0.0,0,0,0,0.0,0.0,0,0,0,0,0,0,20,20,30.14318,30.14318,6,6,6.0,0.0,0.0,0,0,0,0,1,1,0,0,1,9.0,6.0,6.0,0,0,0,0,0,0,1,6,1,6,64240,37960,0,20,0.0,0.0,0,0,0.0,0.0,0,0,Benign
6,758707,5,8,961,3865,517,0,192.2,242.37924,1460,0,483.125,654.7572,6360.82176650538,17.134414207329,63225.582,113915.65,252177,1,505561,126390.25,145753.4,253069,150,506592,72370.29,123117.945,252887,1,0,0,0,0,112,172,6.5901594,10.544255,0,1460,344.7143,528.01013,278794.7,0,0,0,1,0,0,0,0,1,371.23077,192.2,483.125,0,0,0,0,0,0,5,961,8,3865,8192,245,4,20,0.0,0.0,0,0,0.0,0.0,0,0,Benign
6,115979946,22,20,974,6020,594,0,44.272728,133.07506,1448,0,301.0,560.20044,60.3035286807256,0.362131570573416,2828779.2,4487976.5,10024485,3,115979946,5522854.5,4991794.0,10048006,3,110546921,5818259.0,5091756.0,10049705,48,0,0,0,0,712,648,0.18968797,0.1724436,0,1448,162.65117,409.76514,167907.47,0,0,0,1,0,0,0,0,0,166.5238,44.272728,301.0,0,0,0,0,0,0,22,974,20,6020,29200,290,4,32,28874.25,15895.515,79159,23516,9636121.0,1331191.0,10024485,5409107,Benign
17,30957,2,2,58,430,29,29,29.0,0.0,215,215,215.0,0.0,15763.8014019446,129.211486901186,10319.0,17866.104,30949,4,4,4.0,0.0,4,4,4,4.0,0.0,4,4,0,0,0,0,64,88,64.60574,64.60574,29,215,103.4,101.876396,10378.8,0,0,0,0,0,0,0,0,1,129.25,29.0,215.0,0,0,0,0,0,0,2,58,2,430,-1,-1,1,32,0.0,0.0,0,0,0.0,0.0,0,0,Benign
6,209,2,0,12,0,6,6,6.0,0.0,0,0,0.0,0.0,57416.2679425837,9569.37799043062,209.0,0.0,209,209,209,209.0,0.0,209,209,0,0.0,0.0,0,0,0,0,0,0,40,0,9569.378,0.0,6,6,6.0,0.0,0.0,0,0,0,0,1,0,0,0,0,9.0,6.0,0.0,0,0,0,0,0,0,2,12,0,0,30084,-1,1,20,0.0,0.0,0,0,0.0,0.0,0,0,Benign
6,5530728,8,11,3019,6543,2688,0,377.375,936.3304,2264,0,594.8182,782.17554,1728.88632382572,3.435352452697,307262.66,1087942.6,4656433,49,874082,124868.86,133397.75,395132,4642,5413867,541386.7,1450181.8,4656513,49,0,0,0,0,184,232,1.4464642,1.9888883,0,2688,478.1,818.03955,669188.75,0,0,0,1,0,0,0,0,1,503.26315,377.375,594.8182,0,0,0,0,0,0,8,3019,11,6543,8192,59,6,20,0.0,0.0,0,0,0.0,0.0,0,0,Benign
17,48613,2,2,78,282,39,39,39.0,0.0,141,141,141.0,0.0,7405.42653199761,82.2825170221957,16204.333,28063.264,48609,1,1,1.0,0.0,1,1,3,3.0,0.0,3,3,0,0,0,0,64,64,41.14126,41.14126,39,141,79.8,55.867702,3121.2,0,0,0,0,0,0,0,0,1,99.75,39.0,141.0,0,0,0,0,0,0,2,78,2,282,-1,-1,1,32,0.0,0.0,0,0,0.0,0.0,0,0,Benign
6,5,3,0,37,0,37,0,12.333333,21.36196,0,0,0.0,0.0,7400000.0,600000.0,2.5,2.1213202,4,1,5,2.5,2.1213202,4,1,0,0.0,0.0,0,0,0,0,0,0,96,0,600000.0,0.0,0,37,9.25,18.5,342.25,0,0,0,0,1,0,0,0,0,12.333333,12.333333,0.0,0,0,0,0,0,0,3,37,0,0,29,-1,1,32,0.0,0.0,0,0,0.0,0.0,0,0,Benign
6,88,1,1,6,6,6,6,6.0,0.0,6,6,6.0,0.0,136363.636363636,22727.2727272727,88.0,0.0,88,88,0,0.0,0.0,0,0,0,0.0,0.0,0,0,0,0,0,0,20,20,11363.637,11363.637,6,6,6.0,0.0,0.0,0,0,0,0,1,1,0,0,1,9.0,6.0,6.0,0,0,0,0,0,0,1,6,1,6,61,254,0,20,0.0,0.0,0,0,0.0,0.0,0,0,Benign
17,30643,2,2,58,446,29,29,29.0,0.0,223,223,223.0,0.0,16447.4757693437,130.535521978919,10214.333,17685.682,30636,3,3,3.0,0.0,3,3,4,4.0,0.0,4,4,0,0,0,0,64,80,65.26776,65.26776,29,223,106.6,106.25818,11290.8,0,0,0,0,0,0,0,0,1,133.25,29.0,223.0,0,0,0,0,0,0,2,58,2,446,-1,-1,1,32,0.0,0.0,0,0,0.0,0.0,0,0,Benign
6,398,1,1,0,0,0,0,0.0,0.0,0,0,0.0,0.0,0.0,5025.1256281407,398.0,0.0,398,398,0,0.0,0.0,0,0,0,0.0,0.0,0,0,0,0,0,0,32,32,2512.5627,2512.5627,0,0,0.0,0.0,0.0,0,0,0,0,1,1,0,0,1,0.0,0.0,0.0,0,0,0,0,0,0,1,0,1,0,62,33304,0,32,0.0,0.0,0,0,0.0,0.0,0,0,Benign
17,30594,1,1,95,207,95,95,95.0,0.0,207,207,207.0,0.0,9871.21657841407,65.3722952212852,30594.0,0.0,30594,30594,0,0.0,0.0,0,0,0,0.0,0.0,0,0,0,0,0,0,20,20,32.686146,32.686146,95,207,132.33333,64.66323,4181.3335,0,0,0,0,0,0,0,0,1,198.5,95.0,207.0,0,0,0,0,0,0,1,95,1,207,-1,-1,0,20,0.0,0.0,0,0,0.0,0.0,0,0,Benign
6,309,2,1,0,0,0,0,0.0,0.0,0,0,0.0,0.0,0.0,9708.73786407767,154.5,214.25336,306,3,3,3.0,0.0,3,3,0,0.0,0.0,0,0,0,0,0,0,64,32,6472.4917,3236.2458,0,0,0.0,0.0,0.0,0,0,0,0,1,1,0,0,0,0.0,0.0,0.0,0,0,0,0,0,0,2,0,1,0,57,33304,0,32,0.0,0.0,0,0,0.0,0.0,0,0,Benign
6,64059016,2,0,74,0,37,37,37.0,0.0,0,0,0.0,0.0,1.15518477523913,0.031221210141598,64059016.0,0.0,64059016,64059016,64059016,64059016.0,0.0,64059016,64059016,0,0.0,0.0,0,0,1,0,0,0,64,0,0.031221211,0.0,37,37,37.0,0.0,0.0,0,1,0,0,1,1,0,0,0,55.5,37.0,0.0,0,0,0,0,0,0,2,74,0,0,33304,-1,1,32,0.0,0.0,0,0,0.0,0.0,0,0,Benign
17,60688,1,1,56,188,56,56,56.0,0.0,188,188,188.0,0.0,4020.56419720538,32.9554442393883,60688.0,0.0,60688,60688,0,0.0,0.0,0,0,0,0.0,0.0,0,0,0,0,0,0,32,32,16.477722,16.477722,56,188,100.0,76.210236,5808.0,0,0,0,0,0,0,0,0,1,150.0,56.0,188.0,0,0,0,0,0,0,1,56,1,188,-1,-1,0,32,0.0,0.0,0,0,0.0,0.0,0,0,Benign
17,520,1,1,52,129,52,52,52.0,0.0,129,129,129.0,0.0,348076.923076923,3846.15384615385,520.0,0.0,520,520,0,0.0,0.0,0,0,0,0.0,0.0,0,0,0,0,0,0,20,20,1923.0769,1923.0769,52,129,77.666664,44.45597,1976.3334,0,0,0,0,0,0,0,0,1,116.5,52.0,129.0,0,0,0,0,0,0,1,52,1,129,-1,-1,0,20,0.0,0.0,0,0,0.0,0.0,0,0,Benign
6,119463454,70,72,1810,89711,402,0,25.857143,94.37764,2896,0,1245.9861,726.8529,766.100400880758,1.18864803624379,847258.56,2716821.8,10024730,0,119463454,1731354.4,3703403.2,10047918,1,114798260,1616876.9,3650813.5,10048194,47,0,0,0,0,2248,2312,0.58595324,0.60269475,0,2896,640.007,802.18164,643495.44,0,0,0,1,0,0,0,0,1,644.5141,25.857143,1245.9861,0,0,0,0,0,0,70,1810,72,89711,29200,68,5,32,413983.38,1295659.9,4320545,23178,10022238.0,5434.948,10024730,10008466,Benign
6,117503341,36,45,1418,44220,531,0,39.38889,125.04497,2836,0,982.6667,715.7725,388.397466928196,0.689342101345016,1468791.8,3478896.5,10019563,2,117503341,3357238.2,4671085.0,10055987,3,112674350,2560780.8,4383039.5,10055854,2,0,0,0,0,1160,1448,0.30637428,0.38296783,0,2836,556.561,713.1814,508627.72,0,0,0,1,0,0,0,0,1,563.4321,39.38889,982.6667,0,0,0,0,0,0,36,1418,45,44220,29200,365,5,32,234743.55,657935.25,2218493,36246,10008384.0,13601.826,10019563,9968008,Benign
6,264,3,1,18,0,6,6,6.0,0.0,0,0,0.0,0.0,68181.8181818182,15151.5151515152,88.0,95.220795,197,21,264,132.0,121.62237,218,46,0,0.0,0.0,0,0,0,0,0,0,60,32,11363.637,3787.879,0,6,4.8,2.6832817,7.2,1,0,0,0,0,0,0,0,0,6.0,6.0,0.0,0,0,0,0,0,0,3,18,1,0,0,116,2,20,0.0,0.0,0,0,0.0,0.0,0,0,Benign
6,1323474,41,44,2728,6634,456,0,66.53658,110.129944,976,0,150.77272,312.82776,7073.80726784206,64.2249111051672,15755.643,104502.15,952704,0,1323474,33086.85,159202.55,996742,0,370704,8621.023,21126.834,101140,1,0,0,0,0,1328,1424,30.979074,33.24584,0,976,108.860466,239.01175,57126.617,0,0,0,1,0,0,0,0,1,110.141174,66.53658,150.77272,0,0,0,0,0,0,41,2728,44,6634,29200,243,24,32,0.0,0.0,0,0,0.0,0.0,0,0,Benign
17,31126,1,1,44,128,44,44,44.0,0.0,128,128,128.0,0.0,5525.92687785131,64.2549636959455,31126.0,0.0,31126,31126,0,0.0,0.0,0,0,0,0.0,0.0,0,0,0,0,0,0,20,40,32.127483,32.127483,44,128,72.0,48.49742,2352.0,0,0,0,0,0,0,0,0,1,108.0,44.0,128.0,0,0,0,0,0,0,1,44,1,128,-1,-1,0,20,0.0,0.0,0,0,0.0,0.0,0,0,Benign
17,74733,4,2,124,352,31,31,31.0,0.0,176,176,176.0,0.0,6369.34152248672,80.2858175103368,14946.6,21041.232,44296,3,30433,10144.333,17565.305,30427,3,4,4.0,0.0,4,4,0,0,0,0,80,40,53.52388,26.76194,31,176,72.42857,70.752754,5005.952,0,0,0,0,0,0,0,0,0,84.5,31.0,176.0,0,0,0,0,0,0,4,124,2,352,-1,-1,3,20,0.0,0.0,0,0,0.0,0.0,0,0,Benign
6,116237222,24,19,1579,6727,378,0,65.791664,127.49014,1778,0,354.05264,599.6087,71.4573168309201,0.369933135532093,2767553.0,4417974.5,10000495,41,116237222,5053792.5,4951567.5,10023591,48,111382152,6187897.5,4951258.0,10028855,221,0,0,0,0,492,524,0.2064743,0.16345882,0,1778,188.77272,424.895,180535.77,0,0,0,1,0,0,0,0,0,193.1628,65.791664,354.05264,0,0,0,0,0,0,24,1579,19,6727,8192,1047,23,20,134458.73,368927.84,1246818,23068,9991173.0,30061.639,10000495,9900539,Benign
17,30643,1,1,40,56,40,40,40.0,0.0,56,56,56.0,0.0,3132.85252749404,65.2677609894593,30643.0,0.0,30643,30643,0,0.0,0.0,0,0,0,0.0,0.0,0,0,0,0,0,0,32,32,32.63388,32.63388,40,56,45.333332,9.237604,85.333336,0,0,0,0,0,0,0,0,1,68.0,40.0,56.0,0,0,0,0,0,0,1,40,1,56,-1,-1,0,32,0.0,0.0,0,0,0.0,0.0,0,0,Benign
17,156,2,2,90,212,45,45,45.0,0.0,106,106,106.0,0.0,1935897.43589744,25641.0256410256,52.0,84.87049,150,3,3,3.0,0.0,3,3,3,3.0,0.0,3,3,0,0,0,0,40,40,12820.513,12820.513,45,106,69.4,33.411076,1116.3,0,0,0,0,0,0,0,0,1,86.75,45.0,106.0,0,0,0,0,0,0,2,90,2,212,-1,-1,1,20,0.0,0.0,0,0,0.0,0.0,0,0,Benign
6,70456327,14,13,2534,4440,1071,0,181.0,383.33676,1636,0,341.53845,588.9674,98.9833035150981,0.383216116275831,2709858.8,4256469.5,10003945,81,65892684,5068668.0,4988900.0,10094908,153,70368732,5864061.0,4706772.0,10092212,210,0,0,0,0,292,344,0.19870466,0.18451147,0,1636,249.07143,483.46603,233739.4,0,0,0,1,0,0,0,0,0,258.2963,181.0,341.53845,0,0,0,0,0,0,14,2534,13,4440,8192,265,13,20,989503.2,2207702.0,5495955,87436,9992611.0,14530.337,10003945,9963950,Benign
17,217,2,2,60,414,30,30,30.0,0.0,207,207,207.0,0.0,2184331.79723502,18433.1797235023,72.333336,119.22388,210,3,3,3.0,0.0,3,3,4,4.0,0.0,4,4,0,0,0,0,40,40,9216.59,9216.59,30,207,100.8,96.94689,9398.7,0,0,0,0,0,0,0,0,1,126.0,30.0,207.0,0,0,0,0,0,0,2,60,2,414,-1,-1,1,20,0.0,0.0,0,0,0.0,0.0,0,0,Benign
6,551,2,0,12,0,6,6,6.0,0.0,0,0,0.0,0.0,21778.5843920145,3629.76406533575,551.0,0.0,551,551,551,551.0,0.0,551,551,0,0.0,0.0,0,0,0,0,0,0,40,0,3629.7642,0.0,6,6,6.0,0.0,0.0,0,0,0,0,1,0,0,0,0,9.0,6.0,0.0,0,0,0,0,0,0,2,12,0,0,30,-1,1,20,0.0,0.0,0,0,0.0,0.0,0,0,Benign
6,6939188,7,5,810,373,504,0,115.71429,191.12187,216,0,74.6,99.90896,170.481041874064,1.72930896237427,630835.25,2043390.5,6791631,4,6939188,1156531.4,2760736.5,6791631,335,86026,21506.5,24274.482,42587,4,0,0,0,0,152,112,1.0087636,0.7205454,0,504,91.0,150.82938,22749.5,0,0,0,1,0,0,0,0,0,98.583336,115.71429,74.6,0,0,0,0,0,0,7,810,5,373,8192,114,6,20,0.0,0.0,0,0,0.0,0.0,0,0,Benign
6,48,2,1,37,6,37,0,18.5,26.16295,6,6,6.0,0.0,895833.333333333,62500.0,24.0,32.526913,47,1,48,48.0,0.0,48,48,0,0.0,0.0,0,0,1,0,0,0,64,20,41666.668,20833.334,0,37,20.0,19.782146,391.33334,0,1,0,0,1,0,0,0,0,26.666666,18.5,6.0,0,0,0,0,0,0,2,37,1,6,117,0,0,32,0.0,0.0,0,0,0.0,0.0,0,0,Benign
6,94678535,15,26,7486,3702,2910,0,499.06668,831.45435,1305,0,142.38461,355.2821,118.168283867088,0.433044300907275,2366963.5,14966688.0,94658168,1,94678535,6762752.5,25298082.0,94658310,2,94678476,3787139.0,18931464.0,94658168,1,0,0,0,0,472,856,0.15843084,0.27461347,0,2910,266.38095,586.78357,344314.97,0,0,0,1,1,0,0,0,1,272.87805,499.06668,142.38461,0,0,0,0,0,0,15,7486,26,3702,8192,33304,13,20,20264.0,0.0,20264,20264,94658170.0,0.0,94658168,94658168,Benign
6,1310673,41,44,2664,6954,456,0,64.97561,109.86457,976,0,158.04546,312.67526,7338.21479499463,64.8521789950659,15603.25,104464.65,952123,1,1310673,32766.824,159081.5,996074,1,358449,8336.023,21200.145,105807,1,0,0,0,0,1328,1424,31.28164,33.57054,0,976,111.83721,239.68684,57449.785,0,0,0,1,0,0,0,0,1,113.15294,64.97561,158.04546,0,0,0,0,0,0,41,2664,44,6954,29200,243,24,32,0.0,0.0,0,0,0.0,0.0,0,0,Benign
6,4423,2,0,12,0,6,6,6.0,0.0,0,0,0.0,0.0,2713.0906624463,452.181777074384,4423.0,0.0,4423,4423,4423,4423.0,0.0,4423,4423,0,0.0,0.0,0,0,0,0,0,0,40,0,452.18176,0.0,6,6,6.0,0.0,0.0,0,0,0,0,1,0,0,0,0,9.0,6.0,0.0,0,0,0,0,0,0,2,12,0,0,256,-1,1,20,0.0,0.0,0,0,0.0,0.0,0,0,Benign
17,444,1,1,58,139,58,58,58.0,0.0,139,139,139.0,0.0,443693.693693694,4504.50450450451,444.0,0.0,444,444,0,0.0,0.0,0,0,0,0.0,0.0,0,0,0,0,0,0,32,32,2252.2522,2252.2522,58,139,85.0,46.765373,2187.0,0,0,0,0,0,0,0,0,1,127.5,58.0,139.0,0,0,0,0,0,0,1,58,1,139,-1,-1,0,32,0.0,0.0,0,0,0.0,0.0,0,0,Benign
17,23950109,2,2,103,218,62,41,51.5,14.849242,128,90,109.0,26.870058,13.4028617573306,0.167013853673902,7983369.5,13763320.0,23875875,23736,23926373,23926372.0,0.0,23926373,23926373,23899611,23899612.0,0.0,23899611,23899611,0,0,0,0,60,64,0.08350693,0.08350693,41,128,76.6,33.59762,1128.8,0,0,0,0,0,0,0,0,1,95.75,51.5,109.0,0,0,0,0,0,0,2,103,2,218,-1,-1,1,20,50498.0,0.0,50498,50498,23875876.0,0.0,23875875,23875875,Benign
6,116960570,15,15,1035,5126,413,0,69.0,112.84123,1418,0,341.73334,545.1509,52.6758718771634,0.256496697989758,4033123.0,15040896.0,58431072,1,116960570,8354326.5,21182868.0,58431072,35,116923615,8351687.0,21201152.0,58511787,1,0,0,0,0,488,488,0.12824835,0.12824835,0,1418,198.74193,405.69315,164586.94,0,0,0,1,0,0,0,0,1,205.36667,69.0,341.73334,0,0,0,0,0,0,15,1035,15,5126,29200,357,8,32,125714.5,64870.684,171585,79844,58335612.0,135001.53,58431072,58240151,Benign
6,90389,3,1,88,6,51,6,29.333334,22.54625,6,6,6.0,0.0,1039.94955138346,44.2531723992964,30129.666,52119.44,90312,3,90389,45194.5,63910.434,90386,3,0,0.0,0.0,0,0,1,0,0,0,60,20,33.18988,11.063293,6,51,29.0,22.527761,507.5,0,1,0,0,1,0,0,0,0,36.25,29.333334,6.0,0,0,0,0,0,0,3,88,1,6,110,0,2,20,0.0,0.0,0,0,0.0,0.0,0,0,Benign
17,47279,1,1,50,82,50,50,50.0,0.0,82,82,82.0,0.0,2791.93722371455,42.3020791471901,47279.0,0.0,47279,47279,0,0.0,0.0,0,0,0,0.0,0.0,0,0,0,0,0,0,32,20,21.15104,21.15104,50,82,60.666668,18.475208,341.33334,0,0,0,0,0,0,0,0,1,91.0,50.0,82.0,0,0,0,0,0,0,1,50,1,82,-1,-1,0,32,0.0,0.0,0,0,0.0,0.0,0,0,Benign
17,30500,1,1,40,56,40,40,40.0,0.0,56,56,56.0,0.0,3147.54098360656,65.5737704918033,30500.0,0.0,30500,30500,0,0.0,0.0,0,0,0,0.0,0.0,0,0,0,0,0,0,20,20,32.786884,32.786884,40,56,45.333332,9.237604,85.333336,0,0,0,0,0,0,0,0,1,68.0,40.0,56.0,0,0,0,0,0,0,1,40,1,56,-1,-1,0,20,0.0,0.0,0,0,0.0,0.0,0,0,Benign
6,100,1,1,6,6,6,6,6.0,0.0,6,6,6.0,0.0,120000.0,20000.0,100.0,0.0,100,100,0,0.0,0.0,0,0,0,0.0,0.0,0,0,0,0,0,0,20,20,10000.0,10000.0,6,6,6.0,0.0,0.0,0,0,0,0,1,1,0,0,1,9.0,6.0,6.0,0,0,0,0,0,0,1,6,1,6,8190,63424,0,20,0.0,0.0,0,0,0.0,0.0,0,0,Benign
6,23115,1,1,0,0,0,0,0.0,0.0,0,0,0.0,0.0,0.0,86.5239022279905,23115.0,0.0,23115,23115,0,0.0,0.0,0,0,0,0.0,0.0,0,0,0,0,0,0,32,32,43.26195,43.26195,0,0,0.0,0.0,0.0,0,0,0,0,1,1,0,0,1,0.0,0.0,0.0,0,0,0,0,0,0,1,0,1,0,440,1073,0,32,0.0,0.0,0,0,0.0,0.0,0,0,Benign
17,285,2,2,66,214,33,33,33.0,0.0,107,107,107.0,0.0,982456.140350877,14035.0877192982,95.0,162.81277,283,1,1,1.0,0.0,1,1,1,1.0,0.0,1,1,0,0,0,0,64,64,7017.544,7017.544,33,107,62.6,40.531467,1642.8,0,0,0,0,0,0,0,0,1,78.25,33.0,107.0,0,0,0,0,0,0,2,66,2,214,-1,-1,1,32,0.0,0.0,0,0,0.0,0.0,0,0,Benign
17,301,2,2,80,156,40,40,40.0,0.0,78,78,78.0,0.0,784053.156146179,13289.0365448505,100.333336,105.23466,212,3,86,86.0,0.0,86,86,3,3.0,0.0,3,3,0,0,0,0,40,40,6644.518,6644.518,40,78,55.2,20.813457,433.2,0,0,0,0,0,0,0,0,1,69.0,40.0,78.0,0,0,0,0,0,0,2,80,2,156,-1,-1,1,20,0.0,0.0,0,0,0.0,0.0,0,0,Benign
6,424008,2,0,12,0,6,6,6.0,0.0,0,0,0.0,0.0,28.3013528046641,4.71689213411068,424008.0,0.0,424008,424008,424008,424008.0,0.0,424008,424008,0,0.0,0.0,0,0,0,0,0,0,40,0,4.7168922,0.0,6,6,6.0,0.0,0.0,0,0,0,0,1,0,0,0,0,9.0,6.0,0.0,0,0,0,0,0,0,2,12,0,0,11256,-1,1,20,0.0,0.0,0,0,0.0,0.0,0,0,Benign
6,61403760,15,15,6070,3523,5681,0,404.66666,1460.7365,1840,0,234.86667,579.93616,156.228217946263,0.488569429624505,2117371.0,4090112.5,10000679,1,61403760,4385983.0,5070963.0,10051580,5492,61352875,4382348.0,5099295.5,10068029,1,0,0,0,0,312,384,0.24428472,0.24428472,0,5681,309.4516,1078.5217,1163209.0,0,0,0,1,0,0,0,0,1,319.76666,404.66666,234.86667,0,0,0,0,0,0,15,6070,15,3523,8192,155,14,20,143183.67,225971.52,604446,50731,9983284.0,41002.31,10000679,9899594,Benign
17,323388,4,2,304,468,76,76,76.0,0.0,234,234,234.0,0.0,2387.2252526377,18.5535641396712,64677.6,113167.31,261330,3,62054,20684.666,35821.7,62048,3,4,4.0,0.0,4,4,0,0,0,0,80,40,12.369042,6.184521,76,234,121.14286,77.09611,5943.8096,0,0,0,0,0,0,0,0,0,141.33333,76.0,234.0,0,0,0,0,0,0,4,304,2,468,-1,-1,3,20,0.0,0.0,0,0,0.0,0.0,0,0,Benign
6,78878427,8,8,650,6147,289,0,81.25,114.17374,1900,0,768.375,759.1672,86.170582483852,0.202843801639198,5258562.0,20335496.0,78766983,5,78878427,11268347.0,29764104.0,78766983,342,87715,12530.714,15148.942,33425,5,0,0,0,0,172,172,0.1014219,0.1014219,0,1900,399.82352,621.6916,386500.4,0,0,0,1,0,0,0,0,1,424.8125,81.25,768.375,0,0,0,0,0,0,8,650,8,6147,8192,980,7,20,0.0,0.0,0,0,0.0,0.0,0,0,Benign
6,5290380,8,6,375,5457,194,0,46.875,72.741104,2273,0,909.5,952.1752,1102.37827906502,2.64631274123976,406952.3,1295419.6,4714936,43,5290380,755768.56,1746971.9,4714936,48,380924,76184.8,108087.65,236976,50,0,0,0,0,172,132,1.5121787,1.134134,0,2273,388.8,721.2818,520247.47,0,0,0,1,0,0,0,0,0,416.57144,46.875,909.5,0,0,0,0,0,0,8,375,6,5457,8192,237,7,20,0.0,0.0,0,0,0.0,0.0,0,0,Benign
17,154,2,2,72,208,36,36,36.0,0.0,104,104,104.0,0.0,1818181.81818182,25974.025974026,51.333332,82.85127,147,3,4,4.0,0.0,4,4,3,3.0,0.0,3,3,0,0,0,0,64,64,12987.013,12987.013,36,104,63.2,37.245132,1387.2,0,0,0,0,0,0,0,0,1,79.0,36.0,104.0,0,0,0,0,0,0,2,72,2,208,-1,-1,1,32,0.0,0.0,0,0,0.0,0.0,0,0,Benign
17,983598,1,1,49,79,49,49,49.0,0.0,79,79,79.0,0.0,130.134465503183,2.03335102348724,983598.0,0.0,983598,983598,0,0.0,0.0,0,0,0,0.0,0.0,0,0,0,0,0,0,32,32,1.0166755,1.0166755,49,79,59.0,17.320509,300.0,0,0,0,0,0,0,0,0,1,88.5,49.0,79.0,0,0,0,0,0,0,1,49,1,79,-1,-1,0,32,0.0,0.0,0,0,0.0,0.0,0,0,Benign
17,154,2,2,66,178,33,33,33.0,0.0,89,89,89.0,0.0,1584415.58441558,25974.025974026,51.333332,85.45369,150,1,3,3.0,0.0,3,3,1,1.0,0.0,1,1,0,0,0,0,40,40,12987.013,12987.013,33,89,55.4,30.672462,940.8,0,0,0,0,0,0,0,0,1,69.25,33.0,89.0,0,0,0,0,0,0,2,66,2,178,-1,-1,1,20,0.0,0.0,0,0,0.0,0.0,0,0,Benign
17,160,2,2,80,112,40,40,40.0,0.0,56,56,56.0,0.0,1200000.0,25000.0,53.333332,55.1936,111,1,1,1.0,0.0,1,1,48,48.0,0.0,48,48,0,0,0,0,40,40,12500.0,12500.0,40,56,46.4,8.763561,76.8,0,0,0,0,0,0,0,0,1,58.0,40.0,56.0,0,0,0,0,0,0,2,80,2,112,-1,-1,1,20,0.0,0.0,0,0,0.0,0.0,0,0,Benign
6,844,2,0,12,0,6,6,6.0,0.0,0,0,0.0,0.0,14218.009478673,2369.6682464455,844.0,0.0,844,844,844,844.0,0.0,844,844,0,0.0,0.0,0,0,0,0,0,0,40,0,2369.6682,0.0,6,6,6.0,0.0,0.0,0,0,0,0,1,0,0,0,0,9.0,6.0,0.0,0,0,0,0,0,0,2,12,0,0,30,-1,1,20,0.0,0.0,0,0,0.0,0.0,0,0,Benign
6,119090131,25,23,7086,6941,2751,0,283.44,673.6167,1610,0,301.78262,533.2961,117.784739022581,0.40305606851671,2533832.5,4255802.5,10051888,7,119090131,4962089.0,4885279.0,10075298,218,113391817,5154173.5,5000531.5,10075185,68,0,0,0,0,512,604,0.20992504,0.19313103,0,2751,286.26532,599.215,359058.66,0,0,0,1,0,0,0,0,0,292.22916,283.44,301.78262,0,0,0,0,0,0,25,7086,23,6941,8192,87,24,20,308897.8,947079.9,3164451,23217,9999454.0,27268.648,10051888,9931637,Benign
6,5819899,3,1,12,0,6,0,4.0,3.4641016,0,0,0.0,0.0,2.06189145206815,0.687297150689385,1939966.4,3328060.5,5782821,169,5819899,2909949.5,4062853.8,5782821,37078,0,0.0,0.0,0,0,0,0,0,0,72,32,0.5154729,0.17182429,0,6,2.4,3.2863352,10.8,0,0,0,1,0,0,0,0,0,3.0,4.0,0.0,0,0,0,0,0,0,3,12,1,0,8192,42780,2,20,0.0,0.0,0,0,0.0,0.0,0,0,Benign
6,5088954,9,6,351,3899,194,0,39.0,71.40028,1448,0,649.8333,677.8485,835.14215298468,2.94756053994593,363496.72,1331732.1,4990279,1,5088954,636119.25,1759452.6,4990279,3,40639,8127.8,10481.163,21836,191,0,0,0,0,296,200,1.7685363,1.1790242,0,1448,265.625,500.4438,250443.98,0,0,0,1,0,0,0,0,0,283.33334,39.0,649.8333,0,0,0,0,0,0,9,351,6,3899,29200,939,3,32,0.0,0.0,0,0,0.0,0.0,0,0,Benign
17,67026498,2,2,96,96,48,48,48.0,0.0,48,48,48.0,0.0,2.86453873809728,0.059677890377027,22342166.0,38651170.0,66972692,26441,67000057,67000056.0,0.0,67000057,67000057,66999133,66999132.0,0.0,66999133,66999133,0,0,0,0,40,40,0.029838946,0.029838946,48,48,48.0,0.0,0.0,0,0,0,0,0,0,0,0,1,60.0,48.0,48.0,0,0,0,0,0,0,2,96,2,96,-1,-1,1,20,27365.0,0.0,27365,27365,66972692.0,0.0,66972692,66972692,Benign
6,6107483,7,4,599,152,517,0,85.57143,191.30853,152,0,38.0,76.0,122.9639116474,1.80106927845726,610748.3,1574048.8,4997941,57,6107483,1017913.8,2021662.6,5060317,193,87121,29040.334,31579.482,62981,525,0,0,0,0,232,136,1.146135,0.6549343,0,517,62.583332,149.83473,22450.447,0,0,0,1,0,0,0,0,0,68.27273,85.57143,38.0,0,0,0,0,0,0,7,599,4,152,29200,939,3,32,0.0,0.0,0,0,0.0,0.0,0,0,Benign
6,113795,7,5,1824,551,1448,0,260.57144,542.03284,551,0,110.2,246.41469,20870.8642734742,105.45278790808,10345.0,11338.037,25545,59,113795,18965.834,9251.632,25833,1815,72749,18187.25,10730.742,25803,2347,0,0,0,0,236,176,61.514126,43.938663,0,1448,182.6923,419.1049,175648.89,0,0,0,1,0,0,0,0,0,197.91667,260.57144,110.2,0,0,0,0,0,0,7,1824,5,551,65535,1086,2,32,0.0,0.0,0,0,0.0,0.0,0,0,Benign
6,52,1,1,0,0,0,0,0.0,0.0,0,0,0.0,0.0,0.0,38461.5384615385,52.0,0.0,52,52,0,0.0,0.0,0,0,0,0.0,0.0,0,0,0,0,0,0,32,32,19230.77,19230.77,0,0,0.0,0.0,0.0,0,0,0,0,1,1,0,0,1,0.0,0.0,0.0,0,0,0,0,0,0,1,0,1,0,235,341,0,32,0.0,0.0,0,0,0.0,0.0,0,0,Benign
6,198647,2,0,0,0,0,0,0.0,0.0,0,0,0.0,0.0,0.0,10.0681107693547,198647.0,0.0,198647,198647,198647,198647.0,0.0,198647,198647,0,0.0,0.0,0,0,0,0,0,0,64,0,10.06811,0.0,0,0,0.0,0.0,0.0,0,0,0,0,1,0,0,0,0,0.0,0.0,0.0,0,0,0,0,0,0,2,0,0,0,65160,-1,0,32,0.0,0.0,0,0,0.0,0.0,0,0,Benign
17,30843,2,2,140,304,70,70,70.0,0.0,152,152,152.0,0.0,14395.4868203482,129.689070453588,10281.0,17802.018,30837,3,3,3.0,0.0,3,3,3,3.0,0.0,3,3,0,0,0,0,40,40,64.844536,64.844536,70,152,102.8,44.91325,2017.2,0,0,0,0,0,0,0,0,1,128.5,70.0,152.0,0,0,0,0,0,0,2,140,2,304,-1,-1,1,20,0.0,0.0,0,0,0.0,0.0,0,0,Benign
17,77578,1,1,55,126,55,55,55.0,0.0,126,126,126.0,0.0,2333.13568279667,25.7805047822836,77578.0,0.0,77578,77578,0,0.0,0.0,0,0,0,0.0,0.0,0,0,0,0,0,0,20,28,12.890252,12.890252,55,126,78.666664,40.99187,1680.3334,0,0,0,0,0,0,0,0,1,118.0,55.0,126.0,0,0,0,0,0,0,1,55,1,126,-1,-1,0,20,0.0,0.0,0,0,0.0,0.0,0,0,Benign
6,144596,12,8,3230,479,1448,0,269.16666,552.58466,341,0,59.875,123.43007,25650.7787214031,138.316412625522,7610.316,12427.08,41233,1,144596,13145.091,19841.674,63725,1,113614,16230.571,15868.3,41233,4,0,0,0,0,396,264,82.989845,55.326565,0,1448,176.61905,430.61008,185425.05,0,0,0,1,0,0,0,0,0,185.45,269.16666,59.875,0,0,0,0,0,0,12,3230,8,479,65535,1120,7,32,0.0,0.0,0,0,0.0,0.0,0,0,Benign
17,194501,2,2,74,208,37,37,37.0,0.0,104,104,104.0,0.0,1449.86401098195,20.565446964283,64833.668,112290.875,194496,1,1,1.0,0.0,1,1,4,4.0,0.0,4,4,0,0,0,0,64,64,10.282723,10.282723,37,104,63.8,36.69741,1346.7,0,0,0,0,0,0,0,0,1,79.75,37.0,104.0,0,0,0,0,0,0,2,74,2,208,-1,-1,1,32,0.0,0.0,0,0,0.0,0.0,0,0,Benign
6,67407522,59,81,7536,51209,2080,0,127.72881,299.37976,2836,0,632.2099,707.7192,871.490276708288,2.07691954615985,484946.2,4983235.5,58711139,1,67407522,1162198.6,7713002.5,58786757,1,67329630,841620.4,6567788.0,58747662,1,0,0,0,0,1896,2600,0.8752732,1.2016463,0,2836,416.6312,621.807,386643.94,0,0,0,1,0,0,0,0,1,419.60715,127.72881,632.2099,0,0,0,0,0,0,59,7536,81,51209,29200,648,27,32,8618594.0,0.0,8618594,8618594,58711140.0,0.0,58711139,58711139,Benign
6,252024,3,4,438,859,438,0,146.0,252.87943,859,0,214.75,429.5,5146.33526965686,27.7751325270609,42004.0,80584.48,204854,2,228245,114122.5,128313.72,204854,23391,228712,76237.336,131699.81,228311,2,0,0,0,0,104,136,11.903628,15.871504,0,859,162.125,320.59073,102778.414,0,0,0,1,0,0,0,0,1,185.28572,146.0,214.75,0,0,0,0,0,0,3,438,4,859,29200,31,1,32,0.0,0.0,0,0,0.0,0.0,0,0,Benign
6,32,1,1,6,6,6,6,6.0,0.0,6,6,6.0,0.0,375000.0,62500.0,32.0,0.0,32,32,0,0.0,0.0,0,0,0,0.0,0.0,0,0,0,0,0,0,20,20,31250.0,31250.0,6,6,6.0,0.0,0.0,0,0,0,0,1,1,0,0,1,9.0,6.0,6.0,0,0,0,0,0,0,1,6,1,6,30,256,0,20,0.0,0.0,0,0,0.0,0.0,0,0,Benign
6,5943942,9,6,382,3597,225,0,42.444443,80.03767,1416,0,599.5,659.8975,669.421067702208,2.52357778726643,424567.28,1497413.1,5625622,1,5943942,742992.75,1973561.4,5625622,3,187852,37570.4,49801.832,95912,187,0,0,0,0,296,200,1.5141467,1.0094311,0,1416,248.6875,476.91086,227443.97,0,0,0,1,0,0,0,0,0,265.26666,42.444443,599.5,0,0,0,0,0,0,9,382,6,3597,29200,230,3,32,318317.0,0.0,318317,318317,5625622.0,0.0,5625622,5625622,Benign
17,30629,2,2,90,222,45,45,45.0,0.0,111,111,111.0,0.0,10186.4246302524,130.595187567338,10209.667,17678.465,30623,3,3,3.0,0.0,3,3,3,3.0,0.0,3,3,0,0,0,0,64,40,65.29759,65.29759,45,111,71.4,36.14969,1306.8,0,0,0,0,0,0,0,0,1,89.25,45.0,111.0,0,0,0,0,0,0,2,90,2,222,-1,-1,1,32,0.0,0.0,0,0,0.0,0.0,0,0,Benign
6,18830005,5,5,435,1778,417,0,87.0,184.4939,1766,0,355.6,788.4433,117.525194496762,0.531067304549308,2092222.8,4142602.5,9995792,28,10044454,2511113.5,4989798.5,9995792,115,18806816,4701704.0,5438675.0,10019620,1515,0,0,0,0,112,124,0.26553366,0.26553366,0,1766,201.18182,533.63,284760.97,0,0,0,1,0,0,0,0,1,221.3,87.0,355.6,0,0,0,0,0,0,5,435,5,1778,8192,946,4,20,48662.0,0.0,48662,48662,9995792.0,0.0,9995792,9995792,Benign
17,157,2,2,68,132,34,34,34.0,0.0,66,66,66.0,0.0,1273885.35031847,25477.7070063694,52.333332,85.44784,151,3,3,3.0,0.0,3,3,3,3.0,0.0,3,3,0,0,0,0,88,88,12738.854,12738.854,34,66,46.8,17.527122,307.2,0,0,0,0,0,0,0,0,1,58.5,34.0,66.0,0,0,0,0,0,0,2,68,2,132,-1,-1,1,44,0.0,0.0,0,0,0.0,0.0,0,0,Benign
17,227,2,2,68,380,34,34,34.0,0.0,190,190,190.0,0.0,1973568.28193833,17621.1453744493,75.666664,89.75708,176,3,3,3.0,0.0,3,3,48,48.0,0.0,48,48,0,0,0,0,40,40,8810.572,8810.572,34,190,96.4,85.44472,7300.8,0,0,0,0,0,0,0,0,1,120.5,34.0,190.0,0,0,0,0,0,0,2,68,2,380,-1,-1,1,20,0.0,0.0,0,0,0.0,0.0,0,0,Benign
6,293774,10,5,630,239,389,0,63.0,123.31982,138,0,47.8,66.747284,2958.05619285573,51.0596581045293,20983.857,22763.912,51485,4,293774,32641.555,28454.443,80007,4,206839,51709.75,35908.03,81045,477,0,0,0,0,332,168,34.039772,17.019886,0,389,54.3125,102.829124,10573.829,0,0,0,1,0,0,0,0,0,57.933334,63.0,47.8,0,0,0,0,0,0,10,630,5,239,65535,122,5,32,0.0,0.0,0,0,0.0,0.0,0,0,Benign
6,60,1,1,0,0,0,0,0.0,0.0,0,0,0.0,0.0,0.0,33333.3333333333,60.0,0.0,60,60,0,0.0,0.0,0,0,0,0.0,0.0,0,0,0,0,0,0,32,32,16666.666,16666.666,0,0,0.0,0.0,0.0,0,0,0,0,1,1,0,0,1,0.0,0.0,0.0,0,0,0,0,0,0,1,0,1,0,119,312,0,32,0.0,0.0,0,0,0.0,0.0,0,0,Benign
6,60481433,9,9,1030,433,988,0,114.44444,327.58936,421,0,48.11111,139.85747,24.1892416801698,0.297611996064974,3557731.2,4915785.0,10081749,143,50455333,6306916.5,5184210.5,10082890,222,60430834,7553854.0,4643414.0,10158896,11157,0,0,0,0,192,252,0.14880599,0.14880599,0,988,77.0,240.49232,57836.555,0,0,0,1,0,0,0,0,1,81.27778,114.44444,48.11111,0,0,0,0,0,0,9,1030,9,433,8192,78,8,20,68318.6,39746.973,139420,50408,10022748.0,35847.48,10081749,9999824,Benign
6,8902485,7,7,1924,2658,1589,0,274.85715,586.0024,2469,0,379.7143,923.22345,514.687752913934,1.57259461824423,684806.56,2379969.8,8604907,75,8902485,1483747.5,3489207.0,8604907,156,238406,39734.332,46105.07,114111,354,0,0,0,0,152,148,0.7862973,0.7862973,0,2469,305.46667,722.73785,522349.97,0,0,0,1,0,0,0,0,1,327.2857,274.85715,379.7143,0,0,0,0,0,0,7,1924,7,2658,8192,6286,6,20,0.0,0.0,0,0,0.0,0.0,0,0,Benign
17,30608,2,2,82,194,41,41,41.0,0.0,97,97,97.0,0.0,9017.25039205437,130.684788290643,10202.667,17588.398,30512,48,48,48.0,0.0,48,48,48,48.0,0.0,48,48,0,0,0,0,64,64,65.34239,65.34239,41,97,63.4,30.672462,940.8,0,0,0,0,0,0,0,0,1,79.25,41.0,97.0,0,0,0,0,0,0,2,82,2,194,-1,-1,1,32,0.0,0.0,0,0,0.0,0.0,0,0,Benign
6,5871071,12,10,1552,6358,917,0,129.33333,269.97787,1493,0,635.8,671.53253,1347.28399639521,3.74718684205999,279574.8,1161748.2,5347580,2,5871071,533733.75,1597513.4,5347580,48,488274,54252.668,49717.465,135640,175,0,0,0,0,264,208,2.04392,1.7032667,0,1493,343.91306,538.6499,290143.72,0,0,0,1,0,0,0,0,0,359.54544,129.33333,635.8,0,0,0,0,0,0,12,1552,10,6358,8192,13755,10,20,523443.0,0.0,523443,523443,5347580.0,0.0,5347580,5347580,Benign
17,120996,2,2,88,662,44,44,44.0,0.0,331,331,331.0,0.0,6198.55201824854,33.0589440973255,40332.0,69851.875,120990,3,3,3.0,0.0,3,3,3,3.0,0.0,3,3,0,0,0,0,40,64,16.529472,16.529472,44,331,158.8,157.19638,24710.7,0,0,0,0,0,0,0,0,1,198.5,44.0,331.0,0,0,0,0,0,0,2,88,2,662,-1,-1,1,20,0.0,0.0,0,0,0.0,0.0,0,0,Benign
6,19769,1,1,0,0,0,0,0.0,0.0,0,0,0.0,0.0,0.0,101.168496130305,19769.0,0.0,19769,19769,0,0.0,0.0,0,0,0,0.0,0.0,0,0,0,0,0,0,32,32,50.584248,50.584248,0,0,0.0,0.0,0.0,0,0,0,0,1,1,0,0,1,0.0,0.0,0.0,0,0,0,0,0,0,1,0,1,0,1444,31,0,32,0.0,0.0,0,0,0.0,0.0,0,0,Benign
17,205955,1,1,50,142,50,50,50.0,0.0,142,142,142.0,0.0,932.242480153432,9.71085916826491,205955.0,0.0,205955,205955,0,0.0,0.0,0,0,0,0.0,0.0,0,0,0,0,0,0,32,32,4.8554296,4.8554296,50,142,80.666664,53.116226,2821.3333,0,0,0,0,0,0,0,0,1,121.0,50.0,142.0,0,0,0,0,0,0,1,50,1,142,-1,-1,0,32,0.0,0.0,0,0,0.0,0.0,0,0,Benign
6,7974525,8,8,673,5932,517,0,84.125,179.97177,1515,0,741.5,718.3982,828.262498393321,2.00638909527527,531635.0,2038666.6,7900904,4,7974525,1139217.9,2981642.2,7900904,232,51204,7314.857,11204.954,24579,4,0,0,0,0,172,172,1.0031946,1.0031946,0,1515,388.52942,598.34973,358022.38,0,0,0,1,0,0,0,0,1,412.8125,84.125,741.5,0,0,0,0,0,0,8,673,8,5932,8192,237,7,20,0.0,0.0,0,0,0.0,0.0,0,0,Benign
6,154589,9,10,528,4205,202,0,58.666668,76.89766,1430,0,420.5,596.87134,30616.667421356,122.906545743876,8588.277,12452.009,36847,1,137037,17129.625,14536.97,38970,3,117742,13082.444,20760.984,50015,1,0,0,0,0,192,212,58.21889,64.68765,0,1430,236.65,454.95624,206985.19,0,0,0,1,0,0,0,0,1,249.10527,58.666668,420.5,0,0,0,0,0,0,9,528,10,4205,8192,351,8,20,0.0,0.0,0,0,0.0,0.0,0,0,Benign
6,75470,11,6,1158,1952,885,0,105.27273,262.1683,1397,0,325.33334,547.66766,41208.4271896118,225.255068239035,4716.875,6445.0645,15192,3,75470,7547.0,10393.09,29075,46,51541,10308.2,7597.224,17062,3,0,0,0,0,244,132,145.75328,79.501785,0,1397,172.77777,376.2539,141567.0,0,0,0,1,0,0,0,0,0,182.94118,105.27273,325.33334,0,0,0,0,0,0,11,1158,6,1952,65535,32,10,20,0.0,0.0,0,0,0.0,0.0,0,0,Benign
6,4805992,52,84,1188,112927,358,0,22.846153,58.46547,2920,0,1344.369,427.1978,23744.317510308,28.2980079866966,35599.94,309325.5,3376060,1,4805992,94235.14,500835.5,3376060,1,1361981,16409.41,140173.92,1277835,1,0,0,0,0,1052,1692,10.819826,17.478182,0,2920,832.9562,728.1704,530232.1,0,0,0,1,0,0,0,0,1,839.0809,22.846153,1344.369,0,0,0,0,0,0,52,1188,84,112927,8192,31,51,20,0.0,0.0,0,0,0.0,0.0,0,0,Benign
6,1711359,9,11,904,9071,354,0,100.44444,127.737144,2285,0,824.63635,820.9201,5828.70104986739,11.6866186463506,90071.52,212052.3,859079,1,1711347,213918.38,295467.25,859079,130,1437837,143783.7,358243.1,1132671,1,0,0,0,0,192,228,5.2589784,6.4276404,0,2285,475.0,696.51227,485129.3,0,0,0,1,0,0,0,0,1,498.75,100.44444,824.63635,0,0,0,0,0,0,9,904,11,9071,8192,33,8,20,0.0,0.0,0,0,0.0,0.0,0,0,Benign
17,60785,1,1,45,225,45,45,45.0,0.0,225,225,225.0,0.0,4441.88533355269,32.9028543226125,60785.0,0.0,60785,60785,0,0.0,0.0,0,0,0,0.0,0.0,0,0,0,0,0,0,20,32,16.451427,16.451427,45,225,105.0,103.92305,10800.0,0,0,0,0,0,0,0,0,1,157.5,45.0,225.0,0,0,0,0,0,0,1,45,1,225,-1,-1,0,20,0.0,0.0,0,0,0.0,0.0,0,0,Benign
6,121,1,1,6,6,6,6,6.0,0.0,6,6,6.0,0.0,99173.5537190083,16528.9256198347,121.0,0.0,121,121,0,0.0,0.0,0,0,0,0.0,0.0,0,0,0,0,0,0,20,20,8264.463,8264.463,6,6,6.0,0.0,0.0,0,0,0,0,1,1,0,0,1,9.0,6.0,6.0,0,0,0,0,0,0,1,6,1,6,351,256,0,20,0.0,0.0,0,0,0.0,0.0,0,0,Benign
6,5548417,9,6,371,4905,178,0,41.22222,73.82035,1751,0,817.5,814.3876,950.901851825485,2.70347380162666,396315.5,1334898.2,5028908,2,5548417,693552.1,1753767.9,5028908,3,324251,64850.2,86440.54,163215,193,0,0,0,0,296,200,1.6220843,1.0813895,0,1751,329.75,613.46564,376340.06,0,0,0,1,0,0,0,0,0,351.73334,41.22222,817.5,0,0,0,0,0,0,9,371,6,4905,29200,243,3,32,519506.0,0.0,519506,519506,5028908.0,0.0,5028908,5028908,Benign
6,5098330,1,3,6,12,6,6,6.0,0.0,6,0,4.0,3.4641016,3.53056785261056,0.784570633913458,1699443.4,2919780.5,5070890,2370,0,0.0,0.0,0,0,5095960,2547980.0,3567933.5,5070890,25070,0,0,0,0,20,72,0.19614266,0.58842796,0,6,4.8,2.6832817,7.2,0,0,0,0,1,1,0,0,3,6.0,6.0,4.0,0,0,0,0,0,0,1,6,3,12,34824,11256,0,20,0.0,0.0,0,0,0.0,0.0,0,0,Benign
17,69006863,8,8,384,384,48,48,48.0,0.0,48,48,48.0,0.0,11.1293278177273,0.231860996202653,4600457.5,14254033.0,55978410,22056,68984632,9854947.0,20351772.0,56000638,1983198,68984685,9854955.0,20351770.0,56000641,1982867,0,0,0,0,184,208,0.1159305,0.1159305,48,48,48.0,0.0,0.0,0,0,0,0,0,0,0,0,1,51.0,48.0,48.0,0,0,0,0,0,0,8,384,8,384,-1,-1,7,20,13006222.0,0.0,13006222,13006222,55978410.0,0.0,55978410,55978410,Benign
17,47886,2,2,60,216,30,30,30.0,0.0,108,108,108.0,0.0,5763.68876080692,83.5317211711147,15962.0,27644.396,47883,0,0,0.0,0.0,0,0,3,3.0,0.0,3,3,0,0,0,0,64,64,41.76586,41.76586,30,108,61.2,42.72236,1825.2,0,0,0,0,0,0,0,0,1,76.5,30.0,108.0,0,0,0,0,0,0,2,60,2,216,-1,-1,1,32,0.0,0.0,0,0,0.0,0.0,0,0,Benign
6,224,2,0,0,0,0,0,0.0,0.0,0,0,0.0,0.0,0.0,8928.57142857143,224.0,0.0,224,224,224,224.0,0.0,224,224,0,0.0,0.0,0,0,0,0,0,0,64,0,8928.571,0.0,0,0,0.0,0.0,0.0,0,0,0,0,1,0,0,0,0,0.0,0.0,0.0,0,0,0,0,0,0,2,0,0,0,340,-1,0,32,0.0,0.0,0,0,0.0,0.0,0,0,Benign
17,61246,1,1,44,215,44,44,44.0,0.0,215,215,215.0,0.0,4228.8475982105,32.6551938085753,61246.0,0.0,61246,61246,0,0.0,0.0,0,0,0,0.0,0.0,0,0,0,0,0,0,32,40,16.327597,16.327597,44,215,101.0,98.7269,9747.0,0,0,0,0,0,0,0,0,1,151.5,44.0,215.0,0,0,0,0,0,0,1,44,1,215,-1,-1,0,32,0.0,0.0,0,0,0.0,0.0,0,0,Benign
6,40690,2,0,12,0,6,6,6.0,0.0,0,0,0.0,0.0,294.912754976653,49.1521258294421,40690.0,0.0,40690,40690,40690,40690.0,0.0,40690,40690,0,0.0,0.0,0,0,0,0,0,0,40,0,49.152126,0.0,6,6,6.0,0.0,0.0,0,0,0,0,1,0,0,0,0,9.0,6.0,0.0,0,0,0,0,0,0,2,12,0,0,16335,-1,1,20,0.0,0.0,0,0,0.0,0.0,0,0,Benign
6,3612388,7,5,598,2719,342,0,85.42857,141.33041,1451,0,543.8,714.39465,918.229160322756,3.3219022984242,328398.9,1044113.5,3476120,2,3612388,602064.7,1408264.6,3476120,134,63013,15753.25,18232.996,34681,2,0,0,0,0,152,108,1.9377763,1.384126,0,1451,255.15384,486.87933,237051.47,0,0,0,1,0,0,0,0,0,276.41666,85.42857,543.8,0,0,0,0,0,0,7,598,5,2719,8192,11256,6,20,0.0,0.0,0,0,0.0,0.0,0,0,Benign
6,540991,13,8,1120,3727,645,0,86.15385,184.29588,1418,0,465.875,613.5339,8959.48361433,38.8176513102806,27049.55,49279.67,124274,3,540991,45082.582,57931.84,125445,3,410915,58702.145,73989.46,161396,49,0,0,0,0,428,264,24.029974,14.787677,0,1418,220.31818,425.80304,181308.23,0,0,0,1,0,0,0,0,0,230.80952,86.15385,465.875,0,0,0,0,0,0,13,1120,8,3727,65535,350,6,32,0.0,0.0,0,0,0.0,0.0,0,0,Benign
6,58700,1,1,6,6,6,6,6.0,0.0,6,6,6.0,0.0,204.42930153322,34.0715502555366,58700.0,0.0,58700,58700,0,0.0,0.0,0,0,0,0.0,0.0,0,0,0,0,0,0,20,20,17.035774,17.035774,6,6,6.0,0.0,0.0,0,0,0,0,1,1,0,0,1,9.0,6.0,6.0,0,0,0,0,0,0,1,6,1,6,237,39,0,20,0.0,0.0,0,0,0.0,0.0,0,0,Benign
17,60638,1,1,46,217,46,46,46.0,0.0,217,217,217.0,0.0,4337.21428807019,32.9826181602296,60638.0,0.0,60638,60638,0,0.0,0.0,0,0,0,0.0,0.0,0,0,0,0,0,0,20,20,16.491308,16.491308,46,217,103.0,98.7269,9747.0,0,0,0,0,0,0,0,0,1,154.5,46.0,217.0,0,0,0,0,0,0,1,46,1,217,-1,-1,0,20,0.0,0.0,0,0,0.0,0.0,0,0,Benign
17,167,2,2,94,206,47,47,47.0,0.0,103,103,103.0,0.0,1796407.18562874,23952.0958083832,55.666668,91.221344,161,3,3,3.0,0.0,3,3,3,3.0,0.0,3,3,0,0,0,0,40,40,11976.048,11976.048,47,103,69.4,30.672462,940.8,0,0,0,0,0,0,0,0,1,86.75,47.0,103.0,0,0,0,0,0,0,2,94,2,206,-1,-1,1,20,0.0,0.0,0,0,0.0,0.0,0,0,Benign
17,30559,1,1,50,105,50,50,50.0,0.0,105,105,105.0,0.0,5072.15550247063,65.4471677738146,30559.0,0.0,30559,30559,0,0.0,0.0,0,0,0,0.0,0.0,0,0,0,0,0,0,20,20,32.723583,32.723583,50,105,68.333336,31.754265,1008.3333,0,0,0,0,0,0,0,0,1,102.5,50.0,105.0,0,0,0,0,0,0,1,50,1,105,-1,-1,0,20,0.0,0.0,0,0,0.0,0.0,0,0,Benign
17,31058,1,1,60,137,60,60,60.0,0.0,137,137,137.0,0.0,6342.97121514586,64.3956468542727,31058.0,0.0,31058,31058,0,0.0,0.0,0,0,0,0.0,0.0,0,0,0,0,0,0,20,20,32.197823,32.197823,60,137,85.666664,44.45597,1976.3334,0,0,0,0,0,0,0,0,1,128.5,60.0,137.0,0,0,0,0,0,0,1,60,1,137,-1,-1,0,20,0.0,0.0,0,0,0.0,0.0,0,0,Benign
17,370362,4,2,124,154,31,31,31.0,0.0,77,77,77.0,0.0,750.616963943385,16.2003661282745,74072.4,120779.08,277922,3,92437,30812.334,53362.465,92430,3,3,3.0,0.0,3,3,0,0,0,0,104,64,10.800244,5.400122,31,77,44.142857,22.445702,503.8095,0,0,0,0,0,0,0,0,0,51.5,31.0,77.0,0,0,0,0,0,0,4,124,2,154,-1,-1,3,20,0.0,0.0,0,0,0.0,0.0,0,0,Benign
6,118468051,28,19,3078,1596,453,0,109.92857,184.08531,224,0,84.0,105.71345,39.4536751516238,0.396731436056123,2575392.5,4279540.5,10197960,29,118468051,4387705.5,4962676.5,10240047,69,115943470,6441304.0,4914725.5,10343542,145621,0,0,0,0,580,392,0.23635064,0.1603808,0,453,97.375,155.29034,24115.09,0,0,0,1,0,0,0,0,0,99.44681,109.92857,84.0,0,0,0,0,0,0,28,3078,19,1596,29200,512,27,20,439668.38,962554.06,3341827,145382,10100317.0,32883.945,10197960,10080270,Benign
6,5619550,8,6,642,4032,342,0,80.25,129.90408,1460,0,672.0,724.1986,831.739196198984,2.49130268437864,432273.06,1516539.5,5479387,3,5619550,802792.9,2062339.0,5479387,3,69144,13828.8,17633.371,39637,48,0,0,0,0,172,128,1.4236015,1.0677011,0,1460,311.6,537.52405,288932.12,0,0,0,1,0,0,0,0,0,333.85715,80.25,672.0,0,0,0,0,0,0,8,642,6,4032,8192,4945,7,20,140160.0,0.0,140160,140160,5479387.0,0.0,5479387,5479387,Benign
6,5154309,5,8,318,238,231,0,63.6,98.53071,92,0,29.75,36.05056,107.870909563241,2.52216155453621,429525.75,1427263.0,4960695,1,103262,25815.5,29352.586,51742,336,5103700,729100.0,1866290.9,4960695,1,0,0,0,0,112,172,0.97006214,1.5520995,0,231,39.714287,63.944,4088.8352,0,0,0,1,0,0,0,0,1,42.76923,63.6,29.75,0,0,0,0,0,0,5,318,8,238,8192,149,4,20,0.0,0.0,0,0,0.0,0.0,0,0,Benign
6,136,1,1,0,0,0,0,0.0,0.0,0,0,0.0,0.0,0.0,14705.8823529412,136.0,0.0,136,136,0,0.0,0.0,0,0,0,0.0,0.0,0,0,0,0,0,0,32,32,7352.9414,7352.9414,0,0,0.0,0.0,0.0,0,0,0,0,1,1,0,0,1,0.0,0.0,0.0,0,0,0,0,0,0,1,0,1,0,285,241,0,32,0.0,0.0,0,0,0.0,0.0,0,0,Benign
17,259,2,2,82,182,41,41,41.0,0.0,91,91,91.0,0.0,1019305.01930502,15444.0154440154,86.333336,108.90975,209,1,1,1.0,0.0,1,1,49,49.0,0.0,49,49,0,0,0,0,80,80,7722.008,7722.008,41,91,61.0,27.386127,750.0,0,0,0,0,0,0,0,0,1,76.25,41.0,91.0,0,0,0,0,0,0,2,82,2,182,-1,-1,1,40,0.0,0.0,0,0,0.0,0.0,0,0,Benign
6,34,1,2,6,12,6,6,6.0,0.0,6,6,6.0,0.0,529411.764705882,88235.2941176471,17.0,21.213203,32,2,0,0.0,0.0,0,0,2,2.0,0.0,2,2,0,0,0,0,20,40,29411.766,58823.53,6,6,6.0,0.0,0.0,0,0,0,0,1,0,0,0,2,8.0,6.0,6.0,0,0,0,0,0,0,1,6,2,12,256,123,0,20,0.0,0.0,0,0,0.0,0.0,0,0,Benign
17,202949,2,2,74,154,37,37,37.0,0.0,77,77,77.0,0.0,1123.4349516381,19.7093851164578,67649.664,117168.33,202944,1,4,4.0,0.0,4,4,1,1.0,0.0,1,1,0,0,0,0,64,40,9.854692,9.854692,37,77,53.0,21.908903,480.0,0,0,0,0,0,0,0,0,1,66.25,37.0,77.0,0,0,0,0,0,0,2,74,2,154,-1,-1,1,32,0.0,0.0,0,0,0.0,0.0,0,0,Benign
17,31801,1,1,41,119,41,41,41.0,0.0,119,119,119.0,0.0,5031.28832426653,62.8911040533317,31801.0,0.0,31801,31801,0,0.0,0.0,0,0,0,0.0,0.0,0,0,0,0,0,0,32,32,31.445553,31.445553,41,119,67.0,45.03332,2028.0,0,0,0,0,0,0,0,0,1,100.5,41.0,119.0,0,0,0,0,0,0,1,41,1,119,-1,-1,0,32,0.0,0.0,0,0,0.0,0.0,0,0,Benign
17,62186,2,2,70,102,35,35,35.0,0.0,51,51,51.0,0.0,2765.89586080468,64.3231595535973,20728.666,35897.043,62179,3,4,4.0,0.0,4,4,3,3.0,0.0,3,3,0,0,0,0,64,64,32.16158,32.16158,35,51,41.4,8.763561,76.8,0,0,0,0,0,0,0,0,1,51.75,35.0,51.0,0,0,0,0,0,0,2,70,2,102,-1,-1,1,32,0.0,0.0,0,0,0.0,0.0,0,0,Benign
17,46321,1,1,61,107,61,61,61.0,0.0,107,107,107.0,0.0,3626.86470499341,43.1769607737311,46321.0,0.0,46321,46321,0,0.0,0.0,0,0,0,0.0,0.0,0,0,0,0,0,0,20,32,21.58848,21.58848,61,107,76.333336,26.558113,705.3333,0,0,0,0,0,0,0,0,1,114.5,61.0,107.0,0,0,0,0,0,0,1,61,1,107,-1,-1,0,20,0.0,0.0,0,0,0.0,0.0,0,0,Benign
17,153,2,2,68,158,34,34,34.0,0.0,79,79,79.0,0.0,1477124.18300654,26143.7908496732,51.0,83.138435,147,3,3,3.0,0.0,3,3,3,3.0,0.0,3,3,0,0,0,0,40,40,13071.8955,13071.8955,34,79,52.0,24.647514,607.5,0,0,0,0,0,0,0,0,1,65.0,34.0,79.0,0,0,0,0,0,0,2,68,2,158,-1,-1,1,20,0.0,0.0,0,0,0.0,0.0,0,0,Benign
6,67373,10,5,615,447,373,0,61.5,118.71371,309,0,89.4,136.53131,15762.991109198,222.641117361554,4812.357,6171.229,16937,21,67373,7485.8887,7616.208,17299,49,43746,10936.5,9462.156,20501,343,0,0,0,0,332,168,148.42741,74.21371,0,373,66.375,117.953026,13912.917,0,0,0,1,0,0,0,0,0,70.8,61.5,89.4,0,0,0,0,0,0,10,615,5,447,65535,972,5,32,0.0,0.0,0,0,0.0,0.0,0,0,Benign
6,208540,17,19,930,23004,453,0,54.705883,123.19485,2896,0,1210.7368,860.7959,114769.348805984,172.62875227774,5958.2856,12514.938,52742,1,208540,13033.75,16339.919,52742,1,161546,8974.777,21808.072,76382,33,0,0,0,0,556,616,81.519135,91.10962,0,2896,646.86487,849.8511,722246.8,0,0,0,1,0,0,0,0,1,664.8333,54.705883,1210.7368,0,0,0,0,0,0,17,930,19,23004,65535,122,6,32,0.0,0.0,0,0,0.0,0.0,0,0,Benign
17,193,2,2,86,204,43,43,43.0,0.0,102,102,102.0,0.0,1502590.67357513,20725.3886010363,64.333336,105.36761,186,3,4,4.0,0.0,4,4,3,3.0,0.0,3,3,0,0,0,0,64,64,10362.694,10362.694,43,102,66.6,32.31563,1044.3,0,0,0,0,0,0,0,0,1,83.25,43.0,102.0,0,0,0,0,0,0,2,86,2,204,-1,-1,1,32,0.0,0.0,0,0,0.0,0.0,0,0,Benign
0,114575611,105,0,0,0,0,0,0.0,0.0,0,0,0.0,0.0,0.0,0.916425398770075,1101688.6,3285932.2,23339551,0,114575611,1101688.6,3285932.2,23339551,0,0,0.0,0.0,0,0,0,0,0,0,0,0,0.9164254,0.0,0,0,0.0,0.0,0.0,0,0,0,0,0,0,0,0,0,0.0,0.0,0.0,0,0,0,0,0,0,105,0,0,0,-1,-1,0,0,1667290.4,2181298.8,6341549,1,9266755.0,5939872.5,23339551,5459503,Benign
17,60901,1,1,50,178,50,50,50.0,0.0,178,178,178.0,0.0,3743.78089029737,32.8401832482225,60901.0,0.0,60901,60901,0,0.0,0.0,0,0,0,0.0,0.0,0,0,0,0,0,0,32,32,16.420092,16.420092,50,178,92.666664,73.90083,5461.3335,0,0,0,0,0,0,0,0,1,139.0,50.0,178.0,0,0,0,0,0,0,1,50,1,178,-1,-1,0,32,0.0,0.0,0,0,0.0,0.0,0,0,Benign
17,97879,2,2,60,264,30,30,30.0,0.0,132,132,132.0,0.0,3310.20954443752,40.8667844992286,32626.334,56505.27,97873,2,2,2.0,0.0,2,2,4,4.0,0.0,4,4,0,0,0,0,40,40,20.433392,20.433392,30,132,70.8,55.867702,3121.2,0,0,0,0,0,0,0,0,1,88.5,30.0,132.0,0,0,0,0,0,0,2,60,2,264,-1,-1,1,20,0.0,0.0,0,0,0.0,0.0,0,0,Benign
17,228,2,2,60,252,30,30,30.0,0.0,126,126,126.0,0.0,1368421.05263158,17543.8596491228,76.0,125.57468,221,3,4,4.0,0.0,4,4,3,3.0,0.0,3,3,0,0,0,0,80,80,8771.93,8771.93,30,126,68.4,52.581364,2764.8,0,0,0,0,0,0,0,0,1,85.5,30.0,126.0,0,0,0,0,0,0,2,60,2,252,-1,-1,1,40,0.0,0.0,0,0,0.0,0.0,0,0,Benign
6,44038438,8,8,434,1773,434,0,54.25,153.44217,1773,0,221.625,626.85016,50.1153106293189,0.363318971485773,2935895.8,4607480.5,10216956,9,41000680,5857240.0,5457919.0,10240010,15304,44015220,6287888.5,5028187.0,10242691,3531,0,0,0,0,264,264,0.18165949,0.18165949,0,1773,129.82353,436.27432,190335.28,0,0,0,1,0,0,0,0,1,137.9375,54.25,221.625,0,0,0,0,0,0,8,434,8,1773,29200,939,1,32,34857.5,21777.973,67468,23054,10215312.0,1905.6564,10216956,10213204,Benign
17,37922,1,1,50,112,50,50,50.0,0.0,112,112,112.0,0.0,4271.92658615052,52.73983439692,37922.0,0.0,37922,37922,0,0.0,0.0,0,0,0,0.0,0.0,0,0,0,0,0,0,32,20,26.369917,26.369917,50,112,70.666664,35.795715,1281.3334,0,0,0,0,0,0,0,0,1,106.0,50.0,112.0,0,0,0,0,0,0,1,50,1,112,-1,-1,0,32,0.0,0.0,0,0,0.0,0.0,0,0,Benign
6,330,2,0,12,0,6,6,6.0,0.0,0,0,0.0,0.0,36363.6363636364,6060.60606060606,330.0,0.0,330,330,330,330.0,0.0,330,330,0,0.0,0.0,0,0,0,0,0,0,40,0,6060.606,0.0,6,6,6.0,0.0,0.0,0,0,0,0,1,0,0,0,0,9.0,6.0,0.0,0,0,0,0,0,0,2,12,0,0,141,-1,1,20,0.0,0.0,0,0,0.0,0.0,0,0,Benign
17,174,2,2,64,158,32,32,32.0,0.0,79,79,79.0,0.0,1275862.06896552,22988.5057471264,58.0,98.7269,172,1,1,1.0,0.0,1,1,1,1.0,0.0,1,1,0,0,0,0,40,40,11494.253,11494.253,32,79,50.8,25.74296,662.7,0,0,0,0,0,0,0,0,1,63.5,32.0,79.0,0,0,0,0,0,0,2,64,2,158,-1,-1,1,20,0.0,0.0,0,0,0.0,0.0,0,0,Benign
6,157,2,0,0,0,0,0,0.0,0.0,0,0,0.0,0.0,0.0,12738.8535031847,157.0,0.0,157,157,157,157.0,0.0,157,157,0,0.0,0.0,0,0,0,0,0,0,64,0,12738.854,0.0,0,0,0.0,0.0,0.0,0,0,0,0,1,0,0,0,0,0.0,0.0,0.0,0,0,0,0,0,0,2,0,0,0,245,-1,0,32,0.0,0.0,0,0,0.0,0.0,0,0,Benign
6,28803,1,1,6,6,6,6,6.0,0.0,6,6,6.0,0.0,416.623268409541,69.4372114015901,28803.0,0.0,28803,28803,0,0.0,0.0,0,0,0,0.0,0.0,0,0,0,0,0,0,20,20,34.718605,34.718605,6,6,6.0,0.0,0.0,0,0,0,0,1,1,0,0,1,9.0,6.0,6.0,0,0,0,0,0,0,1,6,1,6,29200,16384,0,20,0.0,0.0,0,0,0.0,0.0,0,0,Benign
17,50665,2,2,90,210,45,45,45.0,0.0,105,105,105.0,0.0,5921.24740945426,78.9499654593901,16888.334,29245.389,50658,3,3,3.0,0.0,3,3,4,4.0,0.0,4,4,0,0,0,0,64,40,39.474983,39.474983,45,105,69.0,32.863354,1080.0,0,0,0,0,0,0,0,0,1,86.25,45.0,105.0,0,0,0,0,0,0,2,90,2,210,-1,-1,1,32,0.0,0.0,0,0,0.0,0.0,0,0,Benign
6,115890293,21,17,1501,1788,866,0,71.47619,214.29994,1549,0,105.17647,374.5506,28.3802889341215,0.327896314836308,3132170.0,4611722.0,10011514,3,115890293,5794514.5,4945975.5,10047955,3,110630792,6914424.5,4796943.0,10047952,4,0,0,0,0,680,552,0.18120585,0.14669046,0,1549,84.333336,289.33084,83712.336,0,0,0,1,0,0,0,0,0,86.552635,71.47619,105.17647,0,0,0,0,0,0,21,1501,17,1788,29200,362,4,32,50061.582,47129.246,199717,36417,9607463.0,1380808.0,10011514,5223059,Benign
6,14323570,3,1,12,0,6,0,4.0,3.4641016,0,0,0.0,0.0,0.837779966865802,0.279259988955267,4774523.5,8188324.0,14229430,138,14323570,7161785.0,9995159.0,14229430,94140,0,0.0,0.0,0,0,0,0,0,0,72,32,0.20944498,0.069814995,0,6,2.4,3.2863352,10.8,0,0,0,1,0,0,0,0,0,3.0,4.0,0.0,0,0,0,0,0,0,3,12,1,0,8192,8190,2,20,0.0,0.0,0,0,0.0,0.0,0,0,Benign
17,76311783,3,3,191,348,91,38,63.666668,26.53928,158,90,116.0,36.71512,7.06312942524223,0.078624817349635,15262357.0,29246806.0,67114158,23523,76262632,38131316.0,41095584.0,67190283,9072349,76288260,38144130.0,41039316.0,67163309,9124951,0,0,0,0,72,72,0.039312407,0.039312407,38,158,82.42857,41.864292,1752.619,0,0,0,0,0,0,0,0,1,96.166664,63.666668,116.0,0,0,0,0,0,0,3,191,3,348,-1,-1,2,20,49824.0,37195.23,76125,23523,38081492.0,41058390.0,67114158,9048826,Benign
6,91025625,7,8,1914,2850,630,6,273.42856,333.54202,722,0,356.25,316.6349,52.3369106226955,0.164788761406472,6501830.5,14185870.0,44998374,3,91025625,15170938.0,19119422.0,44998374,24263,91000465,13000066.0,18391306.0,45024108,3,1,0,0,0,140,172,0.07690142,0.08788734,0,722,337.125,314.79175,99093.85,0,1,0,0,1,0,0,0,1,359.6,273.42856,356.25,0,0,0,0,0,0,7,1914,8,2850,252,363,6,20,25100.334,585.6401,25631,24472,30308688.0,15034746.0,44998374,14951141,Benign
6,769288,3,4,518,438,512,0,172.66667,293.8866,426,0,109.5,211.01895,1242.70754255883,9.09932301036803,128214.664,218009.89,560948,4,665199,332599.5,322933.53,560948,104251,665097,221699.0,383670.94,664724,4,0,0,0,0,80,92,3.89971,5.199613,0,512,119.5,216.9549,47069.43,0,0,0,1,0,0,0,0,1,136.57143,172.66667,109.5,0,0,0,0,0,0,3,518,4,438,29200,237,2,20,0.0,0.0,0,0,0.0,0.0,0,0,Benign
6,118865045,21,19,1383,4482,433,0,65.85714,153.6051,746,0,235.89473,356.04712,49.3416714728876,0.336516088476642,3047821.8,4511590.5,10009787,4,118828398,5941420.0,4796739.0,10046404,34244,118828366,6601576.0,4603008.0,10046672,21034,0,0,0,0,468,524,0.17667095,0.15984514,0,746,143.04878,276.7274,76578.05,0,0,0,1,0,0,0,0,0,146.625,65.85714,235.89473,0,0,0,0,0,0,21,1383,19,4482,8192,360,17,20,248101.17,650367.94,2297906,36595,9654265.0,1151435.5,10009787,6005716,Benign
17,417992,2,2,88,270,44,44,44.0,0.0,135,135,135.0,0.0,856.475722023388,9.56956113992612,139330.67,241321.73,417985,3,3,3.0,0.0,3,3,4,4.0,0.0,4,4,0,0,0,0,80,64,4.7847805,4.7847805,44,135,80.4,49.842754,2484.3,0,0,0,0,0,0,0,0,1,100.5,44.0,135.0,0,0,0,0,0,0,2,88,2,270,-1,-1,1,40,0.0,0.0,0,0,0.0,0.0,0,0,Benign
17,178,2,2,74,138,37,37,37.0,0.0,69,69,69.0,0.0,1191011.23595506,22471.9101123596,59.333332,62.772076,127,3,3,3.0,0.0,3,3,48,48.0,0.0,48,48,0,0,0,0,64,64,11235.955,11235.955,37,69,49.8,17.527122,307.2,0,0,0,0,0,0,0,0,1,62.25,37.0,69.0,0,0,0,0,0,0,2,74,2,138,-1,-1,1,32,0.0,0.0,0,0,0.0,0.0,0,0,Benign
17,157611,2,2,60,208,30,30,30.0,0.0,104,104,104.0,0.0,1700.38893224458,25.3789392872325,52537.0,90990.69,157604,3,3,3.0,0.0,3,3,4,4.0,0.0,4,4,0,0,0,0,40,40,12.689469,12.689469,30,104,59.6,40.531467,1642.8,0,0,0,0,0,0,0,0,1,74.5,30.0,104.0,0,0,0,0,0,0,2,60,2,208,-1,-1,1,20,0.0,0.0,0,0,0.0,0.0,0,0,Benign
6,32,1,1,0,0,0,0,0.0,0.0,0,0,0.0,0.0,0.0,62500.0,32.0,0.0,32,32,0,0.0,0.0,0,0,0,0.0,0.0,0,0,0,0,0,0,32,32,31250.0,31250.0,0,0,0.0,0.0,0.0,0,0,0,0,1,1,0,0,1,0.0,0.0,0.0,0,0,0,0,0,0,1,0,1,0,1067,1762,0,32,0.0,0.0,0,0,0.0,0.0,0,0,Benign
17,31502,4,2,120,188,30,30,30.0,0.0,94,94,94.0,0.0,9777.15700590439,190.464097517618,6300.4,13420.635,30290,3,30297,10099.0,17485.918,30290,3,3,3.0,0.0,3,3,0,0,0,0,104,64,126.97607,63.488033,30,94,48.285713,31.228802,975.2381,0,0,0,0,0,0,0,0,0,56.333332,30.0,94.0,0,0,0,0,0,0,4,120,2,188,-1,-1,3,20,0.0,0.0,0,0,0.0,0.0,0,0,Benign
6,146,1,1,0,0,0,0,0.0,0.0,0,0,0.0,0.0,0.0,13698.6301369863,146.0,0.0,146,146,0,0.0,0.0,0,0,0,0.0,0.0,0,0,0,0,0,0,32,32,6849.315,6849.315,0,0,0.0,0.0,0.0,0,0,0,0,1,1,0,0,1,0.0,0.0,0.0,0,0,0,0,0,0,1,0,1,0,76,33304,0,32,0.0,0.0,0,0,0.0,0.0,0,0,Benign
6,4589467,9,8,6891,805,3156,0,765.6667,1361.6447,319,0,100.625,141.47482,1676.88317619453,3.70413383514905,286841.7,1066092.9,4283735,68,4589467,573683.4,1499412.4,4283735,129,234833,33547.57,56943.6,157297,328,0,0,0,0,192,172,1.961012,1.7431219,0,3156,427.55554,1001.1599,1002321.2,0,0,0,1,0,0,0,0,0,452.70587,765.6667,100.625,0,0,0,0,0,0,9,6891,8,805,8192,1494,8,20,0.0,0.0,0,0,0.0,0.0,0,0,Benign
17,186,2,2,86,142,43,43,43.0,0.0,71,71,71.0,0.0,1225806.4516129,21505.376344086,62.0,102.190994,180,3,3,3.0,0.0,3,3,3,3.0,0.0,3,3,0,0,0,0,40,40,10752.688,10752.688,43,71,54.2,15.336231,235.2,0,0,0,0,0,0,0,0,1,67.75,43.0,71.0,0,0,0,0,0,0,2,86,2,142,-1,-1,1,20,0.0,0.0,0,0,0.0,0.0,0,0,Benign
6,5155120,9,7,376,5259,189,0,41.77778,68.03451,1460,0,751.2857,697.7389,1093.08803674793,3.10371048588588,343674.66,1234224.1,4803315,2,5155120,644390.0,1681130.1,4803315,3,225784,37630.668,59318.45,137069,48,0,0,0,0,192,152,1.7458371,1.3578733,0,1460,331.47058,562.1916,316059.38,0,0,0,1,0,0,0,0,0,352.1875,41.77778,751.2857,0,0,0,0,0,0,9,376,7,5259,8192,119,8,20,0.0,0.0,0,0,0.0,0.0,0,0,Benign
17,23933,2,2,80,202,40,40,40.0,0.0,101,101,101.0,0.0,11782.8939121715,167.133246981156,7977.6665,13812.528,23927,3,3,3.0,0.0,3,3,3,3.0,0.0,3,3,0,0,0,0,40,40,83.56662,83.56662,40,101,64.4,33.411076,1116.3,0,0,0,0,0,0,0,0,1,80.5,40.0,101.0,0,0,0,0,0,0,2,80,2,202,-1,-1,1,20,0.0,0.0,0,0,0.0,0.0,0,0,Benign
17,23377,1,1,47,63,47,47,47.0,0.0,63,63,63.0,0.0,4705.47974504855,85.554177182701,23377.0,0.0,23377,23377,0,0.0,0.0,0,0,0,0.0,0.0,0,0,0,0,0,0,20,20,42.77709,42.77709,47,63,52.333332,9.237604,85.333336,0,0,0,0,0,0,0,0,1,78.5,47.0,63.0,0,0,0,0,0,0,1,47,1,63,-1,-1,0,20,0.0,0.0,0,0,0.0,0.0,0,0,Benign
17,23787,2,2,64,96,32,32,32.0,0.0,48,48,48.0,0.0,6726.36313953,168.15907848825,7929.0,13728.234,23781,3,3,3.0,0.0,3,3,3,3.0,0.0,3,3,0,0,0,0,64,64,84.07954,84.07954,32,48,38.4,8.763561,76.8,0,0,0,0,0,0,0,0,1,48.0,32.0,48.0,0,0,0,0,0,0,2,64,2,96,-1,-1,1,32,0.0,0.0,0,0,0.0,0.0,0,0,Benign
6,24008912,9,12,965,4794,389,0,107.22222,160.70609,1562,0,399.5,656.1102,239.869261880755,0.874675203940937,1200445.6,3112644.0,10003824,1,20413630,2551703.8,4626372.0,10067192,2185,23985179,2180470.8,4019907.0,10027684,1,0,0,0,0,192,276,0.3748608,0.4998144,0,1562,261.77274,509.57602,259667.7,0,0,0,1,0,0,0,0,1,274.2381,107.22222,399.5,0,0,0,0,0,0,9,965,12,4794,8192,1013,8,20,203543.0,254110.14,383226,23860,10003272.0,780.6459,10003824,10002720,Benign
17,63376,2,2,80,112,40,40,40.0,0.0,56,56,56.0,0.0,3029.53799545569,63.1153749053269,21125.334,36584.09,63369,3,3,3.0,0.0,3,3,4,4.0,0.0,4,4,0,0,0,0,40,40,31.557688,31.557688,40,56,46.4,8.763561,76.8,0,0,0,0,0,0,0,0,1,58.0,40.0,56.0,0,0,0,0,0,0,2,80,2,112,-1,-1,1,20,0.0,0.0,0,0,0.0,0.0,0,0,Benign
6,67,1,2,6,12,6,6,6.0,0.0,6,6,6.0,0.0,268656.71641791,44776.1194029851,33.5,21.920311,49,18,0,0.0,0.0,0,0,49,49.0,0.0,49,49,0,0,0,0,20,40,14925.373,29850.746,6,6,6.0,0.0,0.0,0,0,0,0,1,0,0,0,2,8.0,6.0,6.0,0,0,0,0,0,0,1,6,2,12,2052,0,0,20,0.0,0.0,0,0,0.0,0.0,0,0,Benign
17,224,2,2,60,264,30,30,30.0,0.0,132,132,132.0,0.0,1446428.57142857,17857.1428571429,74.666664,44.45597,126,49,49,49.0,0.0,49,49,49,49.0,0.0,49,49,0,0,0,0,64,64,8928.571,8928.571,30,132,70.8,55.867702,3121.2,0,0,0,0,0,0,0,0,1,88.5,30.0,132.0,0,0,0,0,0,0,2,60,2,264,-1,-1,1,32,0.0,0.0,0,0,0.0,0.0,0,0,Benign
17,26821,1,1,50,108,50,50,50.0,0.0,108,108,108.0,0.0,5890.90637932963,74.5684351813877,26821.0,0.0,26821,26821,0,0.0,0.0,0,0,0,0.0,0.0,0,0,0,0,0,0,20,20,37.284218,37.284218,50,108,69.333336,33.486317,1121.3334,0,0,0,0,0,0,0,0,1,104.0,50.0,108.0,0,0,0,0,0,0,1,50,1,108,-1,-1,0,20,0.0,0.0,0,0,0.0,0.0,0,0,Benign
17,68922,1,1,47,217,47,47,47.0,0.0,217,217,217.0,0.0,3830.41699312266,29.0183105539595,68922.0,0.0,68922,68922,0,0.0,0.0,0,0,0,0.0,0.0,0,0,0,0,0,0,32,32,14.509155,14.509155,47,217,103.666664,98.14954,9633.333,0,0,0,0,0,0,0,0,1,155.5,47.0,217.0,0,0,0,0,0,0,1,47,1,217,-1,-1,0,32,0.0,0.0,0,0,0.0,0.0,0,0,Benign
6,4405727,5,5,462,1884,444,0,92.4,196.56755,1637,0,376.8,711.54315,532.488735684258,2.2697729568809,489525.22,1321576.1,3999263,3,406464,101616.0,190094.39,386425,106,4386130,1096532.5,1942449.9,3999266,323,0,0,0,0,120,112,1.1348865,1.1348865,0,1637,213.27272,493.1503,243197.22,0,0,0,1,0,0,0,0,1,234.6,92.4,376.8,0,0,0,0,0,0,5,462,5,1884,29200,30,4,20,0.0,0.0,0,0,0.0,0.0,0,0,Benign
6,308924,10,5,704,1327,453,0,70.4,142.93993,1189,0,265.4,519.7546,6574.4325465163,48.5556318058811,22066.0,35925.652,87293,47,308924,34324.89,41350.97,89624,47,204760,51190.0,57922.254,113291,257,0,0,0,0,332,168,32.370422,16.185211,0,1189,126.9375,306.4205,93893.53,0,0,0,1,0,0,0,0,0,135.4,70.4,265.4,0,0,0,0,0,0,10,704,5,1327,65535,65,5,32,0.0,0.0,0,0,0.0,0.0,0,0,Benign
17,65764,2,2,62,162,31,31,31.0,0.0,81,81,81.0,0.0,3406.11884921842,60.8235508789003,21921.334,37924.703,65713,4,47,47.0,0.0,47,47,4,4.0,0.0,4,4,0,0,0,0,64,64,30.411776,30.411776,31,81,51.0,27.386127,750.0,0,0,0,0,0,0,0,0,1,63.75,31.0,81.0,0,0,0,0,0,0,2,62,2,162,-1,-1,1,32,0.0,0.0,0,0,0.0,0.0,0,0,Benign
6,34,1,1,0,0,0,0,0.0,0.0,0,0,0.0,0.0,0.0,58823.5294117647,34.0,0.0,34,34,0,0.0,0.0,0,0,0,0.0,0.0,0,0,0,0,0,0,32,32,29411.766,29411.766,0,0,0.0,0.0,0.0,0,0,0,0,1,1,0,0,1,0.0,0.0,0.0,0,0,0,0,0,0,1,0,1,0,3,229,0,32,0.0,0.0,0,0,0.0,0.0,0,0,Benign
17,85391307,2,2,95,272,50,45,47.5,3.535534,146,126,136.0,14.142136,4.29786137364076,0.046843175734504,28463768.0,49114070.0,85175769,46486,85344821,85344824.0,0.0,85344821,85344821,85222255,85222260.0,0.0,85222255,85222255,0,0,0,0,40,40,0.023421587,0.023421587,45,146,83.4,48.577774,2359.8,0,0,0,0,0,0,0,0,1,104.25,47.5,136.0,0,0,0,0,0,0,2,95,2,272,-1,-1,1,20,169052.0,0.0,169052,169052,85175770.0,0.0,85175769,85175769,Benign
6,291,1,2,0,12,0,0,0.0,0.0,6,6,6.0,0.0,41237.1134020619,10309.2783505155,145.5,200.11122,287,4,0,0.0,0.0,0,0,4,4.0,0.0,4,4,0,0,0,0,32,40,3436.426,6872.852,0,6,3.0,3.4641016,12.0,0,0,0,0,1,0,0,0,2,4.0,0.0,6.0,0,0,0,0,0,0,1,0,2,12,972,0,0,32,0.0,0.0,0,0,0.0,0.0,0,0,Benign
17,49342,2,2,66,222,33,33,33.0,0.0,111,111,111.0,0.0,5836.81245186657,81.0668396092578,16447.334,28483.287,49337,1,1,1.0,0.0,1,1,4,4.0,0.0,4,4,0,0,0,0,40,40,40.53342,40.53342,33,111,64.2,42.72236,1825.2,0,0,0,0,0,0,0,0,1,80.25,33.0,111.0,0,0,0,0,0,0,2,66,2,222,-1,-1,1,20,0.0,0.0,0,0,0.0,0.0,0,0,Benign
17,30538,1,1,52,68,52,52,52.0,0.0,68,68,68.0,0.0,3929.53042111468,65.4921736852446,30538.0,0.0,30538,30538,0,0.0,0.0,0,0,0,0.0,0.0,0,0,0,0,0,0,20,20,32.746086,32.746086,52,68,57.333332,9.237604,85.333336,0,0,0,0,0,0,0,0,1,86.0,52.0,68.0,0,0,0,0,0,0,1,52,1,68,-1,-1,0,20,0.0,0.0,0,0,0.0,0.0,0,0,Benign
6,11564007,26,28,782,46733,404,0,30.076923,106.31648,3203,0,1669.0358,963.1068,4108.86987529496,4.66966164928818,218188.81,1381894.8,10003227,1,11433842,457353.7,2006069.9,10003261,1,11540233,427416.03,1935832.9,10027113,48,0,0,0,0,840,904,2.2483556,2.4213061,0,3203,863.9091,1074.1149,1153722.6,0,0,0,1,0,0,0,0,1,879.9074,30.076923,1669.0358,0,0,0,0,0,0,26,782,28,46733,29200,61,2,32,1430615.0,0.0,1430615,1430615,10003227.0,0.0,10003227,10003227,Benign
6,5362841,3,1,0,0,0,0,0.0,0.0,0,0,0.0,0.0,0.0,0.745873316027829,1787613.6,3075868.5,5339295,66,5362841,2681420.5,3758802.2,5339295,23546,0,0.0,0.0,0,0,0,0,0,0,104,40,0.55940497,0.18646833,0,0,0.0,0.0,0.0,0,0,0,1,0,0,0,0,0,0.0,0.0,0.0,0,0,0,0,0,0,3,0,1,0,29200,28960,0,32,0.0,0.0,0,0,0.0,0.0,0,0,Benign
17,122697,2,2,94,392,47,47,47.0,0.0,196,196,196.0,0.0,3960.97704100345,32.6006340823329,40899.0,70795.85,122647,3,3,3.0,0.0,3,3,47,47.0,0.0,47,47,0,0,0,0,64,80,16.300318,16.300318,47,196,106.6,81.610664,6660.3,0,0,0,0,0,0,0,0,1,133.25,47.0,196.0,0,0,0,0,0,0,2,94,2,392,-1,-1,1,32,0.0,0.0,0,0,0.0,0.0,0,0,Benign
6,5468406,7,4,617,164,517,0,88.14286,189.98897,152,0,41.0,74.05403,142.820412383426,2.01155510399191,546840.6,1692320.4,5362973,3,5468406,911401.0,2210142.2,5422777,3,85634,28544.666,28272.516,60034,5340,0,0,0,0,160,92,1.2800806,0.7314746,0,517,65.083336,148.72333,22118.629,0,0,0,1,0,0,0,0,0,71.0,88.14286,41.0,0,0,0,0,0,0,7,617,4,164,29200,30,6,20,105430.0,0.0,105430,105430,5362973.0,0.0,5362973,5362973,Benign
17,23748,1,1,42,138,42,42,42.0,0.0,138,138,138.0,0.0,7579.58564931784,84.2176183257537,23748.0,0.0,23748,23748,0,0.0,0.0,0,0,0,0.0,0.0,0,0,0,0,0,0,20,32,42.10881,42.10881,42,138,74.0,55.425625,3072.0,0,0,0,0,0,0,0,0,1,111.0,42.0,138.0,0,0,0,0,0,0,1,42,1,138,-1,-1,0,20,0.0,0.0,0,0,0.0,0.0,0,0,Benign
17,23870,2,2,60,96,30,30,30.0,0.0,48,48,48.0,0.0,6535.40008378718,167.574361122748,7956.6665,13778.753,23867,0,0,0.0,0.0,0,0,3,3.0,0.0,3,3,0,0,0,0,64,64,83.78718,83.78718,30,48,37.2,9.859006,97.2,0,0,0,0,0,0,0,0,1,46.5,30.0,48.0,0,0,0,0,0,0,2,60,2,96,-1,-1,1,32,0.0,0.0,0,0,0.0,0.0,0,0,Benign
6,118541142,23,24,2188,7292,434,0,95.13043,136.6137,1410,0,303.83334,465.66003,79.9722344500444,0.396486816366254,2576981.2,11993954.0,58271608,2,118541142,5388233.5,17099478.0,58271608,18,118518856,5152993.5,16751492.0,58293819,2,0,0,0,0,520,492,0.19402546,0.20246135,0,1410,197.5,355.78186,126580.73,0,0,0,1,0,0,0,0,1,201.70213,95.13043,303.83334,0,0,0,0,0,0,23,2188,24,7292,8192,140,18,20,1009561.0,1293354.9,1924101,95021,58213696.0,81897.11,58271608,58155788,Benign
6,115963490,27,28,822,25827,337,0,30.444445,74.5728,2920,0,922.3929,1054.0831,229.805087790994,0.474287208844784,2147472.0,4079071.5,10007553,3,115963490,4460134.0,4974125.0,10030752,3,110362004,4087481.8,5014889.5,10030768,48,0,0,0,0,552,704,0.2328319,0.2414553,0,2920,475.875,866.6563,751093.2,0,0,0,1,0,0,0,0,1,484.52728,30.444445,922.3929,0,0,0,0,0,0,27,822,28,25827,8192,980,26,20,33104.832,34720.25,143356,22924,9630519.0,1276152.9,10007553,5578227,Benign
17,171,2,2,118,286,59,59,59.0,0.0,143,143,143.0,0.0,2362573.0994152,23391.8128654971,57.0,92.66607,164,3,4,4.0,0.0,4,4,3,3.0,0.0,3,3,0,0,0,0,64,64,11695.906,11695.906,59,143,92.6,46.008694,2116.8,0,0,0,0,0,0,0,0,1,115.75,59.0,143.0,0,0,0,0,0,0,2,118,2,286,-1,-1,1,32,0.0,0.0,0,0,0.0,0.0,0,0,Benign
17,60666,2,2,68,158,34,34,34.0,0.0,79,79,79.0,0.0,3725.31566280948,65.9347904922032,20222.0,34981.37,60615,3,48,48.0,0.0,48,48,3,3.0,0.0,3,3,0,0,0,0,64,88,32.967396,32.967396,34,79,52.0,24.647514,607.5,0,0,0,0,0,0,0,0,1,65.0,34.0,79.0,0,0,0,0,0,0,2,68,2,158,-1,-1,1,32,0.0,0.0,0,0,0.0,0.0,0,0,Benign
6,164,2,0,12,0,6,6,6.0,0.0,0,0,0.0,0.0,73170.7317073171,12195.1219512195,164.0,0.0,164,164,164,164.0,0.0,164,164,0,0.0,0.0,0,0,0,0,0,0,40,0,12195.122,0.0,6,6,6.0,0.0,0.0,0,0,0,0,1,0,0,0,0,9.0,6.0,0.0,0,0,0,0,0,0,2,12,0,0,255,-1,1,20,0.0,0.0,0,0,0.0,0.0,0,0,Benign
17,26819,2,2,84,244,42,42,42.0,0.0,122,122,122.0,0.0,12230.1353518028,149.147992095156,8939.667,15318.838,26628,1,190,190.0,0.0,190,190,1,1.0,0.0,1,1,0,0,0,0,64,64,74.574,74.574,42,122,74.0,43.817806,1920.0,0,0,0,0,0,0,0,0,1,92.5,42.0,122.0,0,0,0,0,0,0,2,84,2,244,-1,-1,1,32,0.0,0.0,0,0,0.0,0.0,0,0,Benign
17,232045,1,1,42,92,42,42,42.0,0.0,92,92,92.0,0.0,577.474196815273,8.61901786291452,232045.0,0.0,232045,232045,0,0.0,0.0,0,0,0,0.0,0.0,0,0,0,0,0,0,32,32,4.309509,4.309509,42,92,58.666668,28.867514,833.3333,0,0,0,0,0,0,0,0,1,88.0,42.0,92.0,0,0,0,0,0,0,1,42,1,92,-1,-1,0,32,0.0,0.0,0,0,0.0,0.0,0,0,Benign
6,114958405,22,17,2185,3980,437,0,99.318184,187.4433,796,0,234.11765,373.8559,53.6280927001379,0.339253141168756,3025221.2,4613661.5,10216501,26,114958405,5474210.0,5053864.0,10240015,23868,114934575,7183411.0,4583721.0,10240221,771,0,0,0,0,712,552,0.19137357,0.14787957,0,796,154.125,285.22345,81352.42,0,0,0,1,0,0,0,0,0,158.07692,99.318184,234.11765,0,0,0,0,0,0,22,2185,17,3980,29200,294,5,32,307260.8,940809.75,3143909,23504,10141274.0,227851.28,10216501,9456967,Benign
17,60861,1,1,44,137,44,44,44.0,0.0,137,137,137.0,0.0,2973.98991143754,32.8617669772104,60861.0,0.0,60861,60861,0,0.0,0.0,0,0,0,0.0,0.0,0,0,0,0,0,0,40,40,16.430883,16.430883,44,137,75.0,53.693577,2883.0,0,0,0,0,0,0,0,0,1,112.5,44.0,137.0,0,0,0,0,0,0,1,44,1,137,-1,-1,0,40,0.0,0.0,0,0,0.0,0.0,0,0,Benign
17,100324,1,1,56,109,56,56,56.0,0.0,109,109,109.0,0.0,1644.67126510107,19.9354092739524,100324.0,0.0,100324,100324,0,0.0,0.0,0,0,0,0.0,0.0,0,0,0,0,0,0,32,32,9.967705,9.967705,56,109,73.666664,30.599564,936.3333,0,0,0,0,0,0,0,0,1,110.5,56.0,109.0,0,0,0,0,0,0,1,56,1,109,-1,-1,0,32,0.0,0.0,0,0,0.0,0.0,0,0,Benign
6,23294,1,2,0,0,0,0,0.0,0.0,0,0,0.0,0.0,0.0,128.788529234996,11647.0,4910.1494,15119,8175,0,0.0,0.0,0,0,8175,8175.0,0.0,8175,8175,0,0,0,0,32,64,42.92951,85.85902,0,0,0.0,0.0,0.0,0,0,0,0,1,1,0,0,2,0.0,0.0,0.0,0,0,0,0,0,0,1,0,2,0,256,939,0,32,0.0,0.0,0,0,0.0,0.0,0,0,Benign
6,251,2,0,12,0,6,6,6.0,0.0,0,0,0.0,0.0,47808.764940239,7968.12749003984,251.0,0.0,251,251,251,251.0,0.0,251,251,0,0.0,0.0,0,0,0,0,0,0,40,0,7968.1274,0.0,6,6,6.0,0.0,0.0,0,0,0,0,1,0,0,0,0,9.0,6.0,0.0,0,0,0,0,0,0,2,12,0,0,63332,-1,1,20,0.0,0.0,0,0,0.0,0.0,0,0,Benign
17,181,2,2,68,100,34,34,34.0,0.0,50,50,50.0,0.0,928176.79558011,22099.4475138122,60.333332,97.5722,173,4,4,4.0,0.0,4,4,4,4.0,0.0,4,4,0,0,0,0,64,80,11049.724,11049.724,34,50,40.4,8.763561,76.8,0,0,0,0,0,0,0,0,1,50.5,34.0,50.0,0,0,0,0,0,0,2,68,2,100,-1,-1,1,32,0.0,0.0,0,0,0.0,0.0,0,0,Benign
17,30733,1,1,44,108,44,44,44.0,0.0,108,108,108.0,0.0,4945.82370741548,65.0766277291511,30733.0,0.0,30733,30733,0,0.0,0.0,0,0,0,0.0,0.0,0,0,0,0,0,0,32,32,32.538315,32.538315,44,108,65.333336,36.950417,1365.3334,0,0,0,0,0,0,0,0,1,98.0,44.0,108.0,0,0,0,0,0,0,1,44,1,108,-1,-1,0,32,0.0,0.0,0,0,0.0,0.0,0,0,Benign
17,133508,1,1,46,131,46,46,46.0,0.0,131,131,131.0,0.0,1325.76325014231,14.9803757078228,133508.0,0.0,133508,133508,0,0.0,0.0,0,0,0,0.0,0.0,0,0,0,0,0,0,32,20,7.4901876,7.4901876,46,131,74.333336,49.07477,2408.3333,0,0,0,0,0,0,0,0,1,111.5,46.0,131.0,0,0,0,0,0,0,1,46,1,131,-1,-1,0,32,0.0,0.0,0,0,0.0,0.0,0,0,Benign
6,181688,13,9,4060,5700,1622,0,312.30768,594.6061,2634,0,633.3333,930.46387,53718.4624190921,121.086698075822,8651.81,29391.764,127766,2,181688,15140.667,38257.938,127766,3,180506,22563.25,46461.652,128642,2,0,0,0,0,284,204,71.55123,49.53547,0,2634,424.34784,735.6233,541141.6,0,0,0,1,0,0,0,0,0,443.63635,312.30768,633.3333,0,0,0,0,0,0,13,4060,9,5700,8192,2053,11,20,0.0,0.0,0,0,0.0,0.0,0,0,Benign
6,1559205,6,5,2022,965,1454,0,337.0,583.53955,774,0,193.0,331.43326,1915.71987006199,7.0548773253036,155920.5,473314.25,1502847,4,40870,8174.0,7577.771,15405,203,1543963,385990.75,744644.8,1502847,4,0,0,0,0,200,168,3.848115,3.2067623,0,1454,248.91667,453.88513,206011.72,0,0,0,1,0,0,0,0,0,271.54544,337.0,193.0,0,0,0,0,0,0,6,2022,5,965,29200,65,3,32,0.0,0.0,0,0,0.0,0.0,0,0,Benign
17,49608,2,2,72,146,36,36,36.0,0.0,73,73,73.0,0.0,4394.45250766006,80.6321561038542,16536.0,28634.264,49600,4,4,4.0,0.0,4,4,4,4.0,0.0,4,4,0,0,0,0,64,40,40.31608,40.31608,36,73,50.8,20.265734,410.7,0,0,0,0,0,0,0,0,1,63.5,36.0,73.0,0,0,0,0,0,0,2,72,2,146,-1,-1,1,32,0.0,0.0,0,0,0.0,0.0,0,0,Benign
6,117287552,27,27,1679,11476,421,0,62.185184,92.66899,2048,0,425.03705,646.3742,112.16024015916,0.460406915134523,2212972.8,11209313.0,58664077,1,117287552,4511059.5,15837425.0,58718438,21,117084966,4503268.0,15838415.0,58679437,1,0,0,0,0,564,552,0.23020346,0.23020346,0,2048,239.18182,489.1747,239291.89,0,0,0,1,0,0,0,0,1,243.61111,62.185184,425.03705,0,0,0,0,0,0,27,1679,27,11476,8192,140,25,20,255546.5,11689.183,263812,247281,58279092.0,544449.6,58664077,57894109,Benign
6,115368464,20,19,2388,5877,1942,0,119.4,431.83908,1685,0,309.3158,593.10486,71.64002807561,0.338047319413042,3036012.2,4548527.0,10033640,3,115368464,6072024.5,4928324.5,10116396,3,111445756,6191431.0,5055227.5,10139284,51,0,0,0,0,412,524,0.1733576,0.16468972,0,1942,206.625,513.169,263342.44,0,0,0,1,0,0,0,0,0,211.92308,119.4,309.3158,0,0,0,0,0,0,20,2388,19,5877,8192,66,19,20,126767.45,69824.15,337295,105615,10004686.0,10152.208,10033640,9999718,Benign
6,56383,5,3,459,325,459,0,91.8,205.27104,325,0,108.333336,187.63884,13904.9004132451,141.886738910665,8054.7144,10874.766,23355,35,56383,14095.75,11421.32,23770,520,32571,16285.5,22493.773,32191,380,0,0,0,0,172,104,88.679214,53.207527,0,459,87.111115,176.07204,31001.361,0,0,0,1,0,0,0,0,0,98.0,91.8,108.333336,0,0,0,0,0,0,5,459,3,325,65535,59,1,32,0.0,0.0,0,0,0.0,0.0,0,0,Benign
6,162,1,1,0,0,0,0,0.0,0.0,0,0,0.0,0.0,0.0,12345.6790123457,162.0,0.0,162,162,0,0.0,0.0,0,0,0,0.0,0.0,0,0,0,0,0,0,32,32,6172.8394,6172.8394,0,0,0.0,0.0,0.0,0,0,0,0,1,0,0,0,1,0.0,0.0,0.0,0,0,0,0,0,0,1,0,1,0,357,353,0,32,0.0,0.0,0,0,0.0,0.0,0,0,Benign
6,19279,2,1,12,0,6,6,6.0,0.0,0,0,0.0,0.0,622.438923180663,155.609730795166,9639.5,13540.388,19214,65,19279,19279.0,0.0,19279,19279,0,0.0,0.0,0,0,0,0,0,0,40,44,103.73982,51.86991,0,6,4.5,3.0,9.0,1,0,0,0,0,0,0,0,0,6.0,6.0,0.0,0,0,0,0,0,0,2,12,1,0,0,31,1,20,0.0,0.0,0,0,0.0,0.0,0,0,Benign
6,6106,2,0,6,0,6,0,3.0,4.2426405,0,0,0.0,0.0,982.640026203734,327.546675401245,6106.0,0.0,6106,6106,6106,6106.0,0.0,6106,6106,0,0.0,0.0,0,0,0,0,0,0,52,0,327.54666,0.0,0,6,2.0,3.4641016,12.0,0,0,0,0,1,0,0,0,0,3.0,3.0,0.0,0,0,0,0,0,0,2,6,0,0,121,-1,1,20,0.0,0.0,0,0,0.0,0.0,0,0,Benign
17,31056,2,2,70,102,35,35,35.0,0.0,51,51,51.0,0.0,5538.38227717671,128.799587841319,10352.0,17924.127,31049,3,4,4.0,0.0,4,4,3,3.0,0.0,3,3,0,0,0,0,40,88,64.399796,64.399796,35,51,41.4,8.763561,76.8,0,0,0,0,0,0,0,0,1,51.75,35.0,51.0,0,0,0,0,0,0,2,70,2,102,-1,-1,1,20,0.0,0.0,0,0,0.0,0.0,0,0,Benign
6,81,1,1,0,0,0,0,0.0,0.0,0,0,0.0,0.0,0.0,24691.3580246914,81.0,0.0,81,81,0,0.0,0.0,0,0,0,0.0,0.0,0,0,0,0,0,0,32,32,12345.679,12345.679,0,0,0.0,0.0,0.0,0,0,0,0,1,1,0,0,1,0.0,0.0,0.0,0,0,0,0,0,0,1,0,1,0,8192,33304,0,32,0.0,0.0,0,0,0.0,0.0,0,0,Benign
6,118271,10,5,713,479,469,0,71.3,147.28735,341,0,95.8,149.52992,10078.5484184627,126.827371037702,8447.929,15554.367,37329,3,118271,13141.223,18430.63,37961,3,77093,19273.25,21324.773,37812,340,0,0,0,0,332,168,84.55158,42.27579,0,469,74.5,139.66628,19506.666,0,0,0,1,0,0,0,0,0,79.46667,71.3,95.8,0,0,0,0,0,0,10,713,5,479,65535,972,5,32,0.0,0.0,0,0,0.0,0.0,0,0,Benign
6,5237844,4,4,1137,355,1137,0,284.25,568.5,355,0,88.75,177.5,284.850026079433,1.52734598434012,748263.44,1876126.2,5001064,67,236780,78926.664,67625.92,118020,839,5120005,1706668.4,2853702.5,5001131,241,0,0,0,0,136,136,0.763673,0.763673,0,1137,165.77777,382.66394,146431.69,0,0,0,1,0,0,0,0,1,186.5,284.25,88.75,0,0,0,0,0,0,4,1137,4,355,29200,245,1,32,0.0,0.0,0,0,0.0,0.0,0,0,Benign
6,361400,10,5,720,1295,469,0,72.0,147.70842,1157,0,259.0,505.5413,5575.53956834532,41.5052573325955,25814.285,39154.824,87856,4,361400,40155.555,44539.98,89931,4,264230,66057.5,79839.47,169679,356,0,0,0,0,332,168,27.670172,13.835086,0,1157,125.9375,300.23645,90141.93,0,0,0,1,0,0,0,0,0,134.33333,72.0,259.0,0,0,0,0,0,0,10,720,5,1295,65535,65,5,32,0.0,0.0,0,0,0.0,0.0,0,0,Benign
17,57265823,2,2,92,314,48,44,46.0,2.828427,208,106,157.0,72.12489,7.0897435631022,0.069849690276869,19088608.0,32845414.0,57015225,120779,57145044,57145044.0,0.0,57145044,57145044,57136004,57136004.0,0.0,57136004,57136004,0,0,0,0,52,52,0.034924846,0.034924846,44,208,90.8,70.39318,4955.2,0,0,0,0,0,0,0,0,1,113.5,46.0,157.0,0,0,0,0,0,0,2,92,2,314,-1,-1,1,20,129819.0,0.0,129819,129819,57015224.0,0.0,57015225,57015225,Benign
6,94726,1,1,0,0,0,0,0.0,0.0,0,0,0.0,0.0,0.0,21.1135274370289,94726.0,0.0,94726,94726,0,0.0,0.0,0,0,0,0.0,0.0,0,0,0,0,0,0,32,32,10.556764,10.556764,0,0,0.0,0.0,0.0,0,0,0,0,1,1,0,0,1,0.0,0.0,0.0,0,0,0,0,0,0,1,0,1,0,304,252,0,32,0.0,0.0,0,0,0.0,0.0,0,0,Benign
6,67,2,1,0,0,0,0,0.0,0.0,0,0,0.0,0.0,0.0,44776.1194029851,33.5,43.133514,64,3,3,3.0,0.0,3,3,0,0.0,0.0,0,0,0,0,0,0,64,32,29850.746,14925.373,0,0,0.0,0.0,0.0,0,0,0,0,1,1,0,0,0,0.0,0.0,0.0,0,0,0,0,0,0,2,0,1,0,349,309,0,32,0.0,0.0,0,0,0.0,0.0,0,0,Benign
17,233,2,2,156,412,78,78,78.0,0.0,206,206,206.0,0.0,2437768.24034335,17167.3819742489,77.666664,128.46141,226,3,3,3.0,0.0,3,3,4,4.0,0.0,4,4,0,0,0,0,64,64,8583.691,8583.691,78,206,129.2,70.10849,4915.2,0,0,0,0,0,0,0,0,1,161.5,78.0,206.0,0,0,0,0,0,0,2,156,2,412,-1,-1,1,32,0.0,0.0,0,0,0.0,0.0,0,0,Benign
17,30742,1,1,75,107,75,75,75.0,0.0,107,107,107.0,0.0,5920.23941187951,65.0575759547199,30742.0,0.0,30742,30742,0,0.0,0.0,0,0,0,0.0,0.0,0,0,0,0,0,0,20,20,32.52879,32.52879,75,107,85.666664,18.475208,341.33334,0,0,0,0,0,0,0,0,1,128.5,75.0,107.0,0,0,0,0,0,0,1,75,1,107,-1,-1,0,20,0.0,0.0,0,0,0.0,0.0,0,0,Benign
17,83547,4,2,152,108,38,38,38.0,0.0,54,54,54.0,0.0,3112.02077872335,71.8158641243851,16709.4,24300.514,53363,3,30180,10060.0,17419.234,30174,3,4,4.0,0.0,4,4,0,0,0,0,104,40,47.877243,23.938622,38,54,42.57143,7.8072004,60.95238,0,0,0,0,0,0,0,0,0,49.666668,38.0,54.0,0,0,0,0,0,0,4,152,2,108,-1,-1,3,20,0.0,0.0,0,0,0.0,0.0,0,0,Benign
17,278,2,2,150,214,75,75,75.0,0.0,107,107,107.0,0.0,1309352.51798561,14388.4892086331,92.666664,77.36494,182,48,48,48.0,0.0,48,48,48,48.0,0.0,48,48,0,0,0,0,64,64,7194.2446,7194.2446,75,107,87.8,17.527122,307.2,0,0,0,0,0,0,0,0,1,109.75,75.0,107.0,0,0,0,0,0,0,2,150,2,214,-1,-1,1,32,0.0,0.0,0,0,0.0,0.0,0,0,Benign
17,3200649,3,3,150,150,50,50,50.0,0.0,50,50,50.0,0.0,93.7309901835534,1.87461980367107,640129.8,599645.5,1299735,200371,2999837,1499918.5,265.16504,1500106,1499731,2995186,1497593.0,4177.587,1500547,1494639,0,0,0,0,60,60,0.9373099,0.9373099,50,50,50.0,0.0,0.0,0,0,0,0,0,0,0,0,1,58.333332,50.0,50.0,0,0,0,0,0,0,3,150,3,150,-1,-1,2,20,0.0,0.0,0,0,0.0,0.0,0,0,Benign
6,64032,7,6,667,5007,517,0,95.28571,191.37808,1460,0,834.5,721.4063,88611.944027986,203.023488255872,5336.0,8977.723,24157,11,64032,10672.0,12174.404,27613,151,28235,5647.0,10456.59,24160,57,0,0,0,0,152,132,109.32034,93.70315,0,1460,405.2857,605.37305,366476.53,0,0,0,1,0,0,0,0,0,436.46155,95.28571,834.5,0,0,0,0,0,0,7,667,6,5007,8192,288,6,20,0.0,0.0,0,0,0.0,0.0,0,0,Benign
6,170198,15,12,834,7544,194,0,55.6,73.73679,1722,0,628.6667,726.87256,49225.0202705085,158.638761912596,6546.077,11612.03,50316,3,170198,12157.0,15637.923,55452,18,149905,13627.728,17684.896,53941,3,0,0,0,0,312,252,88.132645,70.50612,0,1722,299.2143,550.088,302596.84,0,0,0,1,0,0,0,0,0,310.2963,55.6,628.6667,0,0,0,0,0,0,15,834,12,7544,8192,32,14,20,0.0,0.0,0,0,0.0,0.0,0,0,Benign
6,3,1,1,6,6,6,6,6.0,0.0,6,6,6.0,0.0,4000000.0,666666.666666667,3.0,0.0,3,3,0,0.0,0.0,0,0,0,0.0,0.0,0,0,0,0,0,0,20,20,333333.34,333333.34,6,6,6.0,0.0,0.0,0,0,0,0,1,1,0,0,1,9.0,6.0,6.0,0,0,0,0,0,0,1,6,1,6,31088,63734,0,20,0.0,0.0,0,0,0.0,0.0,0,0,Benign
6,159,2,0,0,0,0,0,0.0,0.0,0,0,0.0,0.0,0.0,12578.6163522013,159.0,0.0,159,159,159,159.0,0.0,159,159,0,0.0,0.0,0,0,0,0,0,0,64,0,12578.616,0.0,0,0,0.0,0.0,0.0,0,0,0,0,1,0,0,0,0,0.0,0.0,0.0,0,0,0,0,0,0,2,0,0,0,471,-1,0,32,0.0,0.0,0,0,0.0,0.0,0,0,Benign
6,115303036,22,19,822,5178,445,0,37.363636,104.28283,1418,0,272.5263,515.2424,52.0367911214411,0.355584739329847,2882576.0,4504048.5,10011926,3,115303036,5490621.0,4990324.0,10048030,3,110638103,6146561.5,5030875.0,10048269,245,0,0,0,0,712,616,0.19080156,0.16478316,0,1418,142.85715,369.29825,136381.2,0,0,0,1,0,0,0,0,0,146.34146,37.363636,272.5263,0,0,0,0,0,0,22,822,19,5178,29200,357,4,32,48516.0,40464.316,170520,36100,10009547.0,7140.057,10011926,9988022,Benign
6,463316,10,7,581,5532,191,0,58.1,73.32644,2279,0,790.2857,927.051,13194.0187690475,36.6920201331273,28957.25,52352.824,138290,3,463316,51479.555,62644.02,140812,4,290206,48367.668,74007.61,149110,3,0,0,0,0,212,152,21.583542,15.108479,0,2279,339.6111,665.73737,443206.25,0,0,0,1,0,0,0,0,0,359.58823,58.1,790.2857,0,0,0,0,0,0,10,581,7,5532,8192,58,9,20,0.0,0.0,0,0,0.0,0.0,0,0,Benign
17,742,2,2,474,2920,237,237,237.0,0.0,1460,1460,1460.0,0.0,4574123.98921833,5390.83557951482,247.33333,423.19775,736,3,3,3.0,0.0,3,3,3,3.0,0.0,3,3,0,0,0,0,64,64,2695.4177,2695.4177,237,1460,726.2,669.8647,448718.7,0,0,0,0,0,0,0,0,1,907.75,237.0,1460.0,0,0,0,0,0,0,2,474,2,2920,-1,-1,1,32,0.0,0.0,0,0,0.0,0.0,0,0,Benign
17,61147,2,2,60,264,30,30,30.0,0.0,132,132,132.0,0.0,5298.70639606195,65.4161283464438,20382.334,35297.176,61140,3,3,3.0,0.0,3,3,4,4.0,0.0,4,4,0,0,0,0,40,40,32.708065,32.708065,30,132,70.8,55.867702,3121.2,0,0,0,0,0,0,0,0,1,88.5,30.0,132.0,0,0,0,0,0,0,2,60,2,264,-1,-1,1,20,0.0,0.0,0,0,0.0,0.0,0,0,Benign
6,5276793,7,3,599,160,517,0,85.57143,191.30853,160,0,53.333332,92.376045,143.837364853994,1.89509044603417,586310.3,1716355.5,5162883,3,5276793,879465.5,2130882.5,5229048,3,90568,45284.0,30083.15,66556,24012,0,0,0,0,232,104,1.3265634,0.56852716,0,517,69.0,156.2306,24408.0,0,0,0,1,0,0,0,0,0,75.9,85.57143,53.333332,0,0,0,0,0,0,7,599,3,160,29200,59,3,32,113907.0,0.0,113907,113907,5162883.0,0.0,5162883,5162883,Benign
6,117937149,20,18,1233,4675,600,0,61.65,139.05632,1418,0,259.72223,471.50558,50.0944787125556,0.322205516431468,3187490.5,13464776.0,58921751,0,117937149,6207218.5,18528616.0,58921751,0,117900538,6935326.0,19523416.0,59000577,1,0,0,0,0,660,584,0.16958185,0.15262367,0,1418,151.48718,345.72668,119526.94,0,0,0,1,0,0,0,0,0,155.47368,61.65,259.72223,0,0,0,0,0,0,20,1233,18,4675,29200,358,8,32,202386.0,174532.34,325799,78973,58747984.0,245740.81,58921751,58574221,Benign
6,220,2,0,0,0,0,0,0.0,0.0,0,0,0.0,0.0,0.0,9090.90909090909,220.0,0.0,220,220,220,220.0,0.0,220,220,0,0.0,0.0,0,0,0,0,0,0,64,0,9090.909,0.0,0,0,0.0,0.0,0.0,0,0,0,0,1,0,0,0,0,0.0,0.0,0.0,0,0,0,0,0,0,2,0,0,0,249,-1,0,32,0.0,0.0,0,0,0.0,0.0,0,0,Benign
6,58,1,1,0,0,0,0,0.0,0.0,0,0,0.0,0.0,0.0,34482.7586206897,58.0,0.0,58,58,0,0.0,0.0,0,0,0,0.0,0.0,0,0,0,0,0,0,32,32,17241.379,17241.379,0,0,0.0,0.0,0.0,0,0,0,0,1,1,0,0,1,0.0,0.0,0.0,0,0,0,0,0,0,1,0,1,0,61,260,0,32,0.0,0.0,0,0,0.0,0.0,0,0,Benign
17,23519989,2,2,89,249,49,40,44.5,6.363961,145,104,124.5,28.991379,14.3707550203361,0.17006810674954,7839996.5,13421441.0,23337704,61623,23458366,23458366.0,0.0,23458366,23458366,23399327,23399328.0,0.0,23399327,23399327,0,0,0,0,64,64,0.08503405,0.08503405,40,145,77.4,45.522522,2072.3,0,0,0,0,0,0,0,0,1,96.75,44.5,124.5,0,0,0,0,0,0,2,89,2,249,-1,-1,1,32,120662.0,0.0,120662,120662,23337704.0,0.0,23337704,23337704,Benign
6,115884416,23,24,1110,13832,648,0,48.260868,138.60153,1600,0,576.3333,700.828,128.938821247544,0.405576535847581,2519226.5,4308735.5,10017063,3,115884416,5267473.5,4985717.5,10040689,3,110548939,4806475.5,5103927.0,10041173,49,0,0,0,0,472,624,0.19847362,0.20710291,0,1600,311.29166,566.6887,321136.12,0,0,0,1,0,0,0,0,1,317.9149,48.260868,576.3333,0,0,0,0,0,0,23,1110,24,13832,8192,987,22,20,51444.582,95278.64,353993,23626,9605590.0,1352281.1,10017063,5311619,Benign
6,10869,2,0,0,0,0,0,0.0,0.0,0,0,0.0,0.0,0.0,184.009568497562,10869.0,0.0,10869,10869,10869,10869.0,0.0,10869,10869,0,0.0,0.0,0,0,0,0,0,0,64,0,184.00957,0.0,0,0,0.0,0.0,0.0,0,0,0,0,1,0,0,0,0,0.0,0.0,0.0,0,0,0,0,0,0,2,0,0,0,242,-1,0,32,0.0,0.0,0,0,0.0,0.0,0,0,Benign
17,74513,1,1,45,121,45,45,45.0,0.0,121,121,121.0,0.0,2227.79917598271,26.8409539275026,74513.0,0.0,74513,74513,0,0.0,0.0,0,0,0,0.0,0.0,0,0,0,0,0,0,32,32,13.420477,13.420477,45,121,70.333336,43.87862,1925.3334,0,0,0,0,0,0,0,0,1,105.5,45.0,121.0,0,0,0,0,0,0,1,45,1,121,-1,-1,0,32,0.0,0.0,0,0,0.0,0.0,0,0,Benign
6,5323928,5,4,324,177,237,0,64.8,101.08264,165,0,44.25,80.549675,94.1034514366084,1.69048116353189,665491.0,1761034.6,5022055,130,5323928,1330982.0,2544781.8,5147695,2904,215965,71988.336,64577.973,125846,396,0,0,0,0,112,92,0.9391562,0.75132495,0,237,50.1,84.368835,7118.1,0,0,0,1,0,0,0,0,0,55.666668,64.8,44.25,0,0,0,0,0,0,5,324,4,177,8192,31,4,20,0.0,0.0,0,0,0.0,0.0,0,0,Benign
17,205,2,2,64,256,32,32,32.0,0.0,128,128,128.0,0.0,1560975.6097561,19512.1951219512,68.333336,78.500534,155,2,2,2.0,0.0,2,2,48,48.0,0.0,48,48,0,0,0,0,40,40,9756.098,9756.098,32,128,70.4,52.581364,2764.8,0,0,0,0,0,0,0,0,1,88.0,32.0,128.0,0,0,0,0,0,0,2,64,2,256,-1,-1,1,20,0.0,0.0,0,0,0.0,0.0,0,0,Benign
17,23882,2,2,60,470,30,30,30.0,0.0,235,235,235.0,0.0,22192.4461937861,167.490159953103,7960.6665,13782.217,23875,3,4,4.0,0.0,4,4,3,3.0,0.0,3,3,0,0,0,0,40,64,83.74508,83.74508,30,235,112.0,112.28313,12607.5,0,0,0,0,0,0,0,0,1,140.0,30.0,235.0,0,0,0,0,0,0,2,60,2,470,-1,-1,1,20,0.0,0.0,0,0,0.0,0.0,0,0,Benign
6,8443,15,6,19897,0,2896,0,1326.4667,1136.5702,0,0,0.0,0.0,2356626.79142485,2487.26755892455,422.15,1505.0526,6696,0,8443,603.0714,1787.4026,6696,1,6907,1381.4,3084.4326,6899,0,0,0,0,0,496,208,1776.6196,710.6479,0,2896,904.4091,1122.98,1261084.1,0,0,0,1,0,0,0,0,0,947.4762,1326.4667,0.0,0,0,0,0,0,0,15,19897,6,0,29200,362,10,32,0.0,0.0,0,0,0.0,0.0,0,0,Benign
6,34617,2,1,6,6,6,0,3.0,4.2426405,6,6,6.0,0.0,346.650489643817,86.6626224109542,17308.5,24451.045,34598,19,34617,34617.0,0.0,34617,34617,0,0.0,0.0,0,0,0,0,0,0,52,20,57.77508,28.88754,0,6,4.5,3.0,9.0,0,0,0,0,1,1,0,0,0,6.0,3.0,6.0,0,0,0,0,0,0,2,6,1,6,20097,65535,0,20,0.0,0.0,0,0,0.0,0.0,0,0,Benign
17,26518,2,2,70,692,35,35,35.0,0.0,346,346,346.0,0.0,28735.1987329361,150.840938230636,8839.333,15304.979,26512,3,3,3.0,0.0,3,3,3,3.0,0.0,3,3,0,0,0,0,40,64,75.42047,75.42047,35,346,159.4,170.34172,29016.3,0,0,0,0,0,0,0,0,1,199.25,35.0,346.0,0,0,0,0,0,0,2,70,2,692,-1,-1,1,20,0.0,0.0,0,0,0.0,0.0,0,0,Benign
17,49413,1,1,81,163,81,81,81.0,0.0,163,163,163.0,0.0,4937.97178880052,40.4751785967256,49413.0,0.0,49413,49413,0,0.0,0.0,0,0,0,0.0,0.0,0,0,0,0,0,0,32,32,20.237589,20.237589,81,163,108.333336,47.342724,2241.3333,0,0,0,0,0,0,0,0,1,162.5,81.0,163.0,0,0,0,0,0,0,1,81,1,163,-1,-1,0,32,0.0,0.0,0,0,0.0,0.0,0,0,Benign
17,48258,1,1,54,116,54,54,54.0,0.0,116,116,116.0,0.0,3522.73198226201,41.4439056736707,48258.0,0.0,48258,48258,0,0.0,0.0,0,0,0,0.0,0.0,0,0,0,0,0,0,20,20,20.721952,20.721952,54,116,74.666664,35.795715,1281.3334,0,0,0,0,0,0,0,0,1,112.0,54.0,116.0,0,0,0,0,0,0,1,54,1,116,-1,-1,0,20,0.0,0.0,0,0,0.0,0.0,0,0,Benign
6,114377294,12,13,0,0,0,0,0.0,0.0,0,0,0.0,0.0,0.0,0.218574851053916,4765720.5,5132357.0,10216057,23904,112640029,10240003.0,2.335497,10240006,10239999,114352936,9529411.0,2461417.5,10240327,1713361,0,0,0,0,384,416,0.10491593,0.11365892,0,0,0.0,0.0,0.0,0,0,0,0,1,0,0,0,1,0.0,0.0,0.0,0,0,0,0,0,0,12,0,13,0,237,61,0,32,24182.908,205.86426,24650,23947,10215820.0,205.54128,10216057,10215354,Benign
17,48580,2,2,76,108,38,38,38.0,0.0,54,54,54.0,0.0,3787.56689995883,82.3384108686702,16193.333,28042.48,48574,3,3,3.0,0.0,3,3,3,3.0,0.0,3,3,0,0,0,0,40,40,41.169205,41.169205,38,54,44.4,8.763561,76.8,0,0,0,0,0,0,0,0,1,55.5,38.0,54.0,0,0,0,0,0,0,2,76,2,108,-1,-1,1,20,0.0,0.0,0,0,0.0,0.0,0,0,Benign
6,70869,17,12,1194,9902,885,0,70.23529,212.95291,1397,0,825.1667,666.3073,156570.573875743,409.205717591613,2531.0356,4915.1743,15069,2,70869,4429.3125,7503.0894,23888,34,48419,4401.727,7482.7334,20738,2,0,0,0,0,364,252,239.87921,169.3265,0,1397,369.86667,580.12555,336545.62,0,0,0,1,0,0,0,0,0,382.6207,70.23529,825.1667,0,0,0,0,0,0,17,1194,12,9902,65535,32,16,20,0.0,0.0,0,0,0.0,0.0,0,0,Benign
6,5204658,3,1,0,0,0,0,0.0,0.0,0,0,0.0,0.0,0.0,0.768542332656632,1734886.0,2984711.5,5181308,89,5204658,2602329.0,3647227.0,5181308,23350,0,0.0,0.0,0,0,0,0,0,0,104,40,0.5764068,0.19213559,0,0,0.0,0.0,0.0,0,0,0,1,0,0,0,0,0,0.0,0.0,0.0,0,0,0,0,0,0,3,0,1,0,29200,28960,0,32,0.0,0.0,0,0,0.0,0.0,0,0,Benign
6,5592901,5,1,135,46,46,6,27.0,20.12461,46,46,46.0,0.0,32.3624537605797,1.07278852245016,1118580.2,2440965.0,5484942,4,5592901,1398225.2,2724786.5,5484942,4,0,0.0,0.0,0,0,1,0,0,0,100,20,0.89399046,0.1787981,6,46,32.42857,18.866701,355.9524,0,1,0,0,1,0,0,0,0,37.833332,27.0,46.0,0,0,0,0,0,0,5,135,1,46,256,127,4,20,93380.0,0.0,93380,93380,5484942.0,0.0,5484942,5484942,Benign
6,112324721,14,13,839,896,839,0,59.92857,224.23218,896,0,68.92308,248.50569,15.4462880882651,0.240374512036402,4320181.5,4979850.5,10011412,55,112288071,8637544.0,3449886.5,10048032,57397,112288082,9357340.0,2389375.2,10048245,1770060,0,0,0,0,448,416,0.12463864,0.11573587,0,896,61.964287,227.64731,51823.297,0,0,0,0,1,0,0,0,0,64.25926,59.92857,68.92308,0,0,0,0,0,0,14,839,13,896,915,522,1,32,197634.64,533668.25,1806705,36596,10010372.0,3017.5496,10011412,10001280,Benign
17,30602,1,1,56,104,56,56,56.0,0.0,104,104,104.0,0.0,5228.41644336971,65.3552055421214,30602.0,0.0,30602,30602,0,0.0,0.0,0,0,0,0.0,0.0,0,0,0,0,0,0,32,20,32.677605,32.677605,56,104,72.0,27.712812,768.0,0,0,0,0,0,0,0,0,1,108.0,56.0,104.0,0,0,0,0,0,0,1,56,1,104,-1,-1,0,32,0.0,0.0,0,0,0.0,0.0,0,0,Benign
6,116642860,16,14,435,746,435,0,27.1875,108.75,746,0,53.285713,199.37689,10.1249232057582,0.25719533968903,4022167.5,4934128.5,10203784,70,116642860,7776190.5,4237624.5,10240038,36556,114008290,8769868.0,3564859.5,10240229,20876,0,0,0,0,520,456,0.13717085,0.120024495,0,746,38.096775,152.8342,23358.291,0,0,0,1,0,0,0,0,0,39.366665,27.1875,53.285713,0,0,0,0,0,0,16,435,14,746,29200,340,1,32,175929.19,462945.72,1571763,36219,10188484.0,50340.066,10203784,10036703,Benign
6,281435,15,12,1648,10152,1173,0,109.86667,302.71576,1448,0,846.0,659.2195,41927.9762645016,95.9368948425036,10824.423,22276.896,92571,0,281435,20102.5,27546.684,92571,0,252397,22945.182,41916.56,115789,1,0,0,0,0,492,392,53.298275,42.63862,0,1448,421.42856,604.30505,365184.62,0,0,0,1,0,0,0,0,0,437.03705,109.86667,846.0,0,0,0,0,0,0,15,1648,12,10152,65535,1012,6,32,0.0,0.0,0,0,0.0,0.0,0,0,Benign
6,50809,4,1,24,0,6,6,6.0,0.0,0,0,0.0,0.0,472.357259540633,98.4077624042985,12702.25,25351.193,50729,0,50809,16936.334,29333.725,50808,0,0,0.0,0.0,0,0,0,0,0,0,80,44,78.72621,19.681553,0,6,5.0,2.4494898,6.0,1,0,0,0,0,0,0,0,0,6.0,6.0,0.0,0,0,0,0,0,0,4,24,1,0,0,114,3,20,0.0,0.0,0,0,0.0,0.0,0,0,Benign
6,42496640,9,12,868,5079,517,0,96.44444,168.67433,1722,0,423.25,684.54803,139.940475294047,0.494156714507312,2124832.0,9472375.0,42368446,0,68745,8593.125,10298.158,22369,3,42477080,3861552.8,12771305.0,42368446,0,0,0,0,0,192,252,0.21178144,0.28237528,0,1722,270.31818,534.8829,286099.66,0,0,0,1,0,0,0,0,1,283.1905,96.44444,423.25,0,0,0,0,0,0,9,868,12,5079,8192,31,8,20,128190.0,0.0,128190,128190,42368450.0,0.0,42368446,42368446,Benign
17,30871,1,1,47,115,47,47,47.0,0.0,115,115,115.0,0.0,5247.64341939037,64.7857212270416,30871.0,0.0,30871,30871,0,0.0,0.0,0,0,0,0.0,0.0,0,0,0,0,0,0,32,20,32.39286,32.39286,47,115,69.666664,39.25982,1541.3334,0,0,0,0,0,0,0,0,1,104.5,47.0,115.0,0,0,0,0,0,0,1,47,1,115,-1,-1,0,32,0.0,0.0,0,0,0.0,0.0,0,0,Benign
17,30753,2,2,116,238,58,58,58.0,0.0,119,119,119.0,0.0,11511.0720905278,130.068611192404,10251.0,17750.057,30747,3,3,3.0,0.0,3,3,3,3.0,0.0,3,3,0,0,0,0,64,40,65.03431,65.03431,58,119,82.4,33.411076,1116.3,0,0,0,0,0,0,0,0,1,103.0,58.0,119.0,0,0,0,0,0,0,2,116,2,238,-1,-1,1,32,0.0,0.0,0,0,0.0,0.0,0,0,Benign
17,190,2,2,62,186,31,31,31.0,0.0,93,93,93.0,0.0,1305263.15789474,21052.6315789474,63.333332,107.09964,187,1,1,1.0,0.0,1,1,2,2.0,0.0,2,2,0,0,0,0,64,64,10526.315,10526.315,31,93,55.8,33.958797,1153.2,0,0,0,0,0,0,0,0,1,69.75,31.0,93.0,0,0,0,0,0,0,2,62,2,186,-1,-1,1,32,0.0,0.0,0,0,0.0,0.0,0,0,Benign
17,180,2,2,90,172,45,45,45.0,0.0,86,86,86.0,0.0,1455555.55555556,22222.2222222222,60.0,96.99484,172,4,4,4.0,0.0,4,4,4,4.0,0.0,4,4,0,0,0,0,80,80,11111.111,11111.111,45,86,61.4,22.456625,504.3,0,0,0,0,0,0,0,0,1,76.75,45.0,86.0,0,0,0,0,0,0,2,90,2,172,-1,-1,1,40,0.0,0.0,0,0,0.0,0.0,0,0,Benign
6,29223,1,1,6,6,6,6,6.0,0.0,6,6,6.0,0.0,410.63545837183,68.4392430619717,29223.0,0.0,29223,29223,0,0.0,0.0,0,0,0,0.0,0.0,0,0,0,0,0,0,20,20,34.21962,34.21962,6,6,6.0,0.0,0.0,1,0,0,0,1,0,0,0,1,9.0,6.0,6.0,0,0,0,0,0,0,1,6,1,6,0,30,0,20,0.0,0.0,0,0,0.0,0.0,0,0,Benign
17,174,2,2,68,158,34,34,34.0,0.0,79,79,79.0,0.0,1298850.57471264,22988.5057471264,58.0,60.621777,123,3,3,3.0,0.0,3,3,48,48.0,0.0,48,48,0,0,0,0,40,40,11494.253,11494.253,34,79,52.0,24.647514,607.5,0,0,0,0,0,0,0,0,1,65.0,34.0,79.0,0,0,0,0,0,0,2,68,2,158,-1,-1,1,20,0.0,0.0,0,0,0.0,0.0,0,0,Benign
17,177,2,2,100,196,50,50,50.0,0.0,98,98,98.0,0.0,1672316.38418079,22598.8700564972,59.0,96.99484,171,3,3,3.0,0.0,3,3,3,3.0,0.0,3,3,0,0,0,0,64,64,11299.435,11299.435,50,98,69.2,26.290682,691.2,0,0,0,0,0,0,0,0,1,86.5,50.0,98.0,0,0,0,0,0,0,2,100,2,196,-1,-1,1,32,0.0,0.0,0,0,0.0,0.0,0,0,Benign
6,934,2,1,0,0,0,0,0.0,0.0,0,0,0.0,0.0,0.0,3211.99143468951,467.0,363.45288,724,210,210,210.0,0.0,210,210,0,0.0,0.0,0,0,0,0,0,0,64,32,2141.3276,1070.6638,0,0,0.0,0.0,0.0,0,0,0,0,1,1,0,0,0,0.0,0.0,0.0,0,0,0,0,0,0,2,0,1,0,362,32832,0,32,0.0,0.0,0,0,0.0,0.0,0,0,Benign
6,174332,2,3,0,18,0,0,0.0,0.0,6,6,6.0,0.0,103.25126769612,28.6809076933667,43583.0,87093.336,174223,2,174332,174332.0,0.0,174332,174332,49,24.5,31.819805,47,2,0,0,0,0,64,60,11.472363,17.208544,0,6,3.0,3.2863352,10.8,0,0,0,0,1,0,0,0,1,3.6,0.0,6.0,0,0,0,0,0,0,2,0,3,18,114,0,0,32,0.0,0.0,0,0,0.0,0.0,0,0,Benign
17,30649,2,2,60,320,30,30,30.0,0.0,160,160,160.0,0.0,12398.4469313844,130.509967698783,10216.333,17651.92,30599,3,3,3.0,0.0,3,3,47,47.0,0.0,47,47,0,0,0,0,64,88,65.25498,65.25498,30,160,82.0,71.20393,5070.0,0,0,0,0,0,0,0,0,1,102.5,30.0,160.0,0,0,0,0,0,0,2,60,2,320,-1,-1,1,32,0.0,0.0,0,0,0.0,0.0,0,0,Benign
6,118,1,1,6,6,6,6,6.0,0.0,6,6,6.0,0.0,101694.915254237,16949.1525423729,118.0,0.0,118,118,0,0.0,0.0,0,0,0,0.0,0.0,0,0,0,0,0,0,20,20,8474.576,8474.576,6,6,6.0,0.0,0.0,0,0,0,0,1,1,0,0,1,9.0,6.0,6.0,0,0,0,0,0,0,1,6,1,6,946,256,0,20,0.0,0.0,0,0,0.0,0.0,0,0,Benign
17,48703,2,2,70,162,35,35,35.0,0.0,81,81,81.0,0.0,4763.56692606205,82.1304642424491,16234.333,28073.666,48651,3,49,49.0,0.0,49,49,3,3.0,0.0,3,3,0,0,0,0,40,40,41.06523,41.06523,35,81,53.4,25.195238,634.8,0,0,0,0,0,0,0,0,1,66.75,35.0,81.0,0,0,0,0,0,0,2,70,2,162,-1,-1,1,20,0.0,0.0,0,0,0.0,0.0,0,0,Benign
6,193,2,0,12,0,6,6,6.0,0.0,0,0,0.0,0.0,62176.1658031088,10362.6943005181,193.0,0.0,193,193,193,193.0,0.0,193,193,0,0.0,0.0,0,0,0,0,0,0,40,0,10362.694,0.0,6,6,6.0,0.0,0.0,0,0,0,0,1,0,0,0,0,9.0,6.0,0.0,0,0,0,0,0,0,2,12,0,0,253,-1,1,20,0.0,0.0,0,0,0.0,0.0,0,0,Benign
17,23736,2,2,88,204,44,44,44.0,0.0,102,102,102.0,0.0,12301.9885406134,168.520390967307,7912.0,13698.79,23730,3,3,3.0,0.0,3,3,3,3.0,0.0,3,3,0,0,0,0,64,64,84.26019,84.26019,44,102,67.2,31.767908,1009.2,0,0,0,0,0,0,0,0,1,84.0,44.0,102.0,0,0,0,0,0,0,2,88,2,204,-1,-1,1,32,0.0,0.0,0,0,0.0,0.0,0,0,Benign
6,66,2,1,0,0,0,0,0.0,0.0,0,0,0.0,0.0,0.0,45454.5454545455,33.0,45.254833,65,1,1,1.0,0.0,1,1,0,0.0,0.0,0,0,0,0,0,0,64,32,30303.031,15151.516,0,0,0.0,0.0,0.0,0,0,0,0,1,1,0,0,0,0.0,0.0,0.0,0,0,0,0,0,0,2,0,1,0,349,32832,0,32,0.0,0.0,0,0,0.0,0.0,0,0,Benign
17,60190,1,1,50,111,50,50,50.0,0.0,111,111,111.0,0.0,2674.8629340422,33.2281109818907,60190.0,0.0,60190,60190,0,0.0,0.0,0,0,0,0.0,0.0,0,0,0,0,0,0,20,20,16.614056,16.614056,50,111,70.333336,35.218365,1240.3334,0,0,0,0,0,0,0,0,1,105.5,50.0,111.0,0,0,0,0,0,0,1,50,1,111,-1,-1,0,20,0.0,0.0,0,0,0.0,0.0,0,0,Benign
6,5067307,4,3,566,1039,554,0,141.5,275.01456,1033,0,346.33334,594.67834,316.736286157519,1.38140436330382,844551.2,1939492.5,4800620,63,266687,88895.664,126604.97,233877,153,5034713,2517356.5,3510125.5,4999390,35323,0,0,0,0,92,68,0.78937393,0.59203047,0,1033,200.625,387.68726,150301.4,0,0,0,1,0,0,0,0,0,229.28572,141.5,346.33334,0,0,0,0,0,0,4,566,3,1039,8192,11,3,20,0.0,0.0,0,0,0.0,0.0,0,0,Benign
17,83094,1,1,45,356,45,45,45.0,0.0,356,356,356.0,0.0,4825.85986954533,24.0691265313982,83094.0,0.0,83094,83094,0,0.0,0.0,0,0,0,0.0,0.0,0,0,0,0,0,0,32,44,12.034563,12.034563,45,356,148.66667,179.55594,32240.334,0,0,0,0,0,0,0,0,1,223.0,45.0,356.0,0,0,0,0,0,0,1,45,1,356,-1,-1,0,32,0.0,0.0,0,0,0.0,0.0,0,0,Benign
17,33878,1,1,54,90,54,54,54.0,0.0,90,90,90.0,0.0,4250.54607710018,59.035362181947,33878.0,0.0,33878,33878,0,0.0,0.0,0,0,0,0.0,0.0,0,0,0,0,0,0,32,20,29.517681,29.517681,54,90,66.0,20.784609,432.0,0,0,0,0,0,0,0,0,1,99.0,54.0,90.0,0,0,0,0,0,0,1,54,1,90,-1,-1,0,32,0.0,0.0,0,0,0.0,0.0,0,0,Benign
6,6514219,10,11,5097,5416,1571,0,509.7,736.12787,1601,0,492.36365,613.49036,1613.85424714766,3.22371722534965,325710.94,1321271.4,5936961,97,6514219,723802.1,1955417.2,5936961,119,451589,45158.9,45148.906,100452,256,0,0,0,0,212,232,1.5351034,1.6886138,0,1601,477.86365,650.3283,422926.88,0,0,0,1,0,0,0,0,1,500.61905,509.7,492.36365,0,0,0,0,0,0,10,5097,11,5416,8192,112,9,20,0.0,0.0,0,0,0.0,0.0,0,0,Benign
6,322374,11,6,1350,592,1077,0,122.72727,319.41354,405,0,98.666664,158.80765,6024.05901220322,52.7337812602753,20148.375,45114.51,140168,3,322374,32237.4,58818.406,155894,3,177852,35570.4,59076.434,140168,3,0,0,0,0,244,132,34.121857,18.611923,0,1077,107.888885,261.32263,68289.516,0,0,0,1,0,0,0,0,0,114.23529,122.72727,98.666664,0,0,0,0,0,0,11,1350,6,592,65535,32,10,20,0.0,0.0,0,0,0.0,0.0,0,0,Benign
6,5712821,10,7,598,5148,342,0,59.8,117.95554,2896,0,735.4286,1057.7692,1005.80781368784,2.97576276239007,357051.3,1276514.0,5140560,17,5712821,634757.9,1690590.4,5140560,17,440187,73364.5,94392.51,240292,320,0,0,0,0,328,236,1.7504487,1.225314,0,2896,319.22223,720.53784,519174.78,0,0,0,1,0,0,0,0,0,338.0,59.8,735.4286,0,0,0,0,0,0,10,598,7,5148,29200,8688,3,32,572244.0,0.0,572244,572244,5140560.0,0.0,5140560,5140560,Benign
6,16035745,33,45,1198,70608,356,0,36.303032,90.67127,2920,0,1569.0667,976.96124,4477.87115597061,4.86413322237289,208256.42,1260382.4,9987358,3,11022750,344460.94,1760830.4,9987358,44,15942356,362326.28,1672271.4,10080974,3,0,0,0,0,672,924,2.0579026,2.8062308,0,2920,908.9367,1061.1077,1125949.5,0,0,0,1,0,0,0,0,1,920.5897,36.303032,1569.0667,0,0,0,0,0,0,33,1198,45,70608,8192,2026,32,20,1035392.0,0.0,1035392,1035392,9987358.0,0.0,9987358,9987358,Benign
6,178,2,0,12,0,6,6,6.0,0.0,0,0,0.0,0.0,67415.7303370787,11235.9550561798,178.0,0.0,178,178,178,178.0,0.0,178,178,0,0.0,0.0,0,0,0,0,0,0,40,0,11235.955,0.0,6,6,6.0,0.0,0.0,0,0,0,0,1,0,0,0,0,9.0,6.0,0.0,0,0,0,0,0,0,2,12,0,0,260,-1,1,20,0.0,0.0,0,0,0.0,0.0,0,0,Benign
6,56,1,1,0,0,0,0,0.0,0.0,0,0,0.0,0.0,0.0,35714.2857142857,56.0,0.0,56,56,0,0.0,0.0,0,0,0,0.0,0.0,0,0,0,0,0,0,32,32,17857.143,17857.143,0,0,0.0,0.0,0.0,0,0,0,0,1,1,0,0,1,0.0,0.0,0.0,0,0,0,0,0,0,1,0,1,0,98,367,0,32,0.0,0.0,0,0,0.0,0.0,0,0,Benign
6,347,2,0,12,0,6,6,6.0,0.0,0,0,0.0,0.0,34582.1325648415,5763.68876080692,347.0,0.0,347,347,347,347.0,0.0,347,347,0,0.0,0.0,0,0,0,0,0,0,40,0,5763.689,0.0,6,6,6.0,0.0,0.0,0,0,0,0,1,0,0,0,0,9.0,6.0,0.0,0,0,0,0,0,0,2,12,0,0,257,-1,1,20,0.0,0.0,0,0,0.0,0.0,0,0,Benign
6,90486,2,0,0,0,0,0,0.0,0.0,0,0,0.0,0.0,0.0,22.1028667418164,90486.0,0.0,90486,90486,90486,90486.0,0.0,90486,90486,0,0.0,0.0,0,0,0,0,0,0,64,0,22.102867,0.0,0,0,0.0,0.0,0.0,0,0,0,0,1,0,0,0,0,0.0,0.0,0.0,0,0,0,0,0,0,2,0,0,0,264,-1,0,32,0.0,0.0,0,0,0.0,0.0,0,0,Benign
17,50792,1,1,55,124,55,55,55.0,0.0,124,124,124.0,0.0,3524.17703575366,39.3762797290912,50792.0,0.0,50792,50792,0,0.0,0.0,0,0,0,0.0,0.0,0,0,0,0,0,0,20,20,19.688139,19.688139,55,124,78.0,39.83717,1587.0,0,0,0,0,0,0,0,0,1,117.0,55.0,124.0,0,0,0,0,0,0,1,55,1,124,-1,-1,0,20,0.0,0.0,0,0,0.0,0.0,0,0,Benign
17,24025,2,2,72,328,36,36,36.0,0.0,164,164,164.0,0.0,16649.3236212279,166.493236212279,8008.3335,13864.778,24018,3,3,3.0,0.0,3,3,4,4.0,0.0,4,4,0,0,0,0,64,40,83.24662,83.24662,36,164,87.2,70.10849,4915.2,0,0,0,0,0,0,0,0,1,109.0,36.0,164.0,0,0,0,0,0,0,2,72,2,328,-1,-1,1,32,0.0,0.0,0,0,0.0,0.0,0,0,Benign
17,166,2,2,74,262,37,37,37.0,0.0,131,131,131.0,0.0,2024096.38554217,24096.3855421687,55.333332,89.77936,159,3,4,4.0,0.0,4,4,3,3.0,0.0,3,3,0,0,0,0,64,64,12048.192,12048.192,37,131,74.6,51.48592,2650.8,0,0,0,0,0,0,0,0,1,93.25,37.0,131.0,0,0,0,0,0,0,2,74,2,262,-1,-1,1,32,0.0,0.0,0,0,0.0,0.0,0,0,Benign
17,265,2,2,60,344,30,30,30.0,0.0,172,172,172.0,0.0,1524528.30188679,15094.3396226415,88.333336,141.84616,252,1,12,12.0,0.0,12,12,1,1.0,0.0,1,1,0,0,0,0,80,64,7547.17,7547.17,30,172,86.8,77.7766,6049.2,0,0,0,0,0,0,0,0,1,108.5,30.0,172.0,0,0,0,0,0,0,2,60,2,344,-1,-1,1,40,0.0,0.0,0,0,0.0,0.0,0,0,Benign
6,20,1,1,6,6,6,6,6.0,0.0,6,6,6.0,0.0,600000.0,100000.0,20.0,0.0,20,20,0,0.0,0.0,0,0,0,0.0,0.0,0,0,0,0,0,0,20,20,50000.0,50000.0,6,6,6.0,0.0,0.0,0,0,0,0,1,1,0,0,1,9.0,6.0,6.0,0,0,0,0,0,0,1,6,1,6,115,256,0,20,0.0,0.0,0,0,0.0,0.0,0,0,Benign
17,776,2,2,112,276,56,56,56.0,0.0,138,138,138.0,0.0,500000.0,5154.63917525773,258.66666,442.82767,770,3,3,3.0,0.0,3,3,3,3.0,0.0,3,3,0,0,0,0,64,64,2577.3196,2577.3196,56,138,88.8,44.91325,2017.2,0,0,0,0,0,0,0,0,1,111.0,56.0,138.0,0,0,0,0,0,0,2,112,2,276,-1,-1,1,32,0.0,0.0,0,0,0.0,0.0,0,0,Benign
17,30901,2,2,82,310,41,41,41.0,0.0,155,155,155.0,0.0,12685.673602796,129.445649008123,10300.333,17834.639,30894,3,3,3.0,0.0,3,3,4,4.0,0.0,4,4,0,0,0,0,88,88,64.722824,64.722824,41,155,86.6,62.440372,3898.8,0,0,0,0,0,0,0,0,1,108.25,41.0,155.0,0,0,0,0,0,0,2,82,2,310,-1,-1,1,44,0.0,0.0,0,0,0.0,0.0,0,0,Benign
6,117075262,19,16,1389,2244,433,0,73.10526,160.1152,746,0,140.25,300.53986,31.0313206901045,0.298952993160929,3443390.0,4679257.0,9994644,34,117075262,6504181.0,4677457.5,10030874,36437,111536551,7435770.0,4456409.5,10033164,20254,0,0,0,0,392,464,0.16228877,0.13666423,0,746,100.916664,230.89644,53313.164,0,0,0,1,0,0,0,0,0,103.8,73.10526,140.25,0,0,0,0,0,0,19,1389,16,2244,8192,360,18,20,162624.19,418643.9,1424883,36207,9977077.0,57593.832,9994644,9803425,Benign
6,45,1,1,0,0,0,0,0.0,0.0,0,0,0.0,0.0,0.0,44444.4444444444,45.0,0.0,45,45,0,0.0,0.0,0,0,0,0.0,0.0,0,0,0,0,0,0,32,32,22222.223,22222.223,0,0,0.0,0.0,0.0,0,0,0,0,1,1,0,0,1,0.0,0.0,0.0,0,0,0,0,0,0,1,0,1,0,948,33304,0,32,0.0,0.0,0,0,0.0,0.0,0,0,Benign
6,61119596,15,14,1063,6512,675,0,70.86667,176.2672,1803,2,465.14285,685.835,123.93733754392,0.474479576075732,2182842.8,4156527.8,10002147,36,61119596,4365685.5,5100487.0,10050817,272,61068264,4697559.0,5149998.0,10053418,48,0,0,0,0,312,284,0.24542047,0.2290591,0,1803,252.5,516.6684,266946.25,0,0,0,1,0,0,0,0,0,261.2069,70.86667,465.14285,0,0,0,0,0,0,15,1063,14,6512,8192,31050,14,20,191051.0,342192.8,889549,51140,9995527.0,7412.86,10002147,9981435,Benign
17,24000,2,2,78,360,39,39,39.0,0.0,180,180,180.0,0.0,18250.0,166.666666666667,8000.0,13851.21,23994,3,3,3.0,0.0,3,3,3,3.0,0.0,3,3,0,0,0,0,40,40,83.333336,83.333336,39,180,95.4,77.22888,5964.3,0,0,0,0,0,0,0,0,1,119.25,39.0,180.0,0,0,0,0,0,0,2,78,2,360,-1,-1,1,20,0.0,0.0,0,0,0.0,0.0,0,0,Benign
6,68,1,1,6,6,6,6,6.0,0.0,6,6,6.0,0.0,176470.588235294,29411.7647058824,68.0,0.0,68,68,0,0.0,0.0,0,0,0,0.0,0.0,0,0,0,0,0,0,20,20,14705.883,14705.883,6,6,6.0,0.0,0.0,0,0,0,0,1,1,0,0,1,9.0,6.0,6.0,0,0,0,0,0,0,1,6,1,6,1415,256,0,20,0.0,0.0,0,0,0.0,0.0,0,0,Benign
6,188,2,0,12,0,6,6,6.0,0.0,0,0,0.0,0.0,63829.7872340426,10638.2978723404,188.0,0.0,188,188,188,188.0,0.0,188,188,0,0.0,0.0,0,0,0,0,0,0,40,0,10638.298,0.0,6,6,6.0,0.0,0.0,0,0,0,0,1,0,0,0,0,9.0,6.0,0.0,0,0,0,0,0,0,2,12,0,0,123,-1,1,20,0.0,0.0,0,0,0.0,0.0,0,0,Benign
17,30669,1,1,48,64,48,48,48.0,0.0,64,64,64.0,0.0,3651.89605138739,65.2124294890606,30669.0,0.0,30669,30669,0,0.0,0.0,0,0,0,0.0,0.0,0,0,0,0,0,0,20,20,32.606216,32.606216,48,64,53.333332,9.237604,85.333336,0,0,0,0,0,0,0,0,1,80.0,48.0,64.0,0,0,0,0,0,0,1,48,1,64,-1,-1,0,20,0.0,0.0,0,0,0.0,0.0,0,0,Benign
6,3382495,3,3,6,6,6,0,2.0,3.4641016,6,0,2.0,3.4641016,3.54767708451897,1.77383854225949,676499.0,947503.7,2024025,31,1358470,679235.0,927362.06,1334979,23491,3359175,1679587.5,487152.03,2024056,1335119,0,0,0,0,84,84,0.88691926,0.88691926,0,6,1.7142857,2.9277003,8.571428,0,0,0,1,0,0,0,0,1,2.0,2.0,2.0,0,0,0,0,0,0,3,6,3,6,8192,29,1,20,0.0,0.0,0,0,0.0,0.0,0,0,Benign
6,4068966,5,1,135,46,46,6,27.0,20.12461,46,46,46.0,0.0,44.4830455698082,1.47457609623673,813793.2,1773304.5,3985789,3,4068966,1017241.5,1979303.2,3985789,3,0,0.0,0.0,0,0,1,0,0,0,100,20,1.2288134,0.24576268,6,46,32.42857,18.866701,355.9524,0,1,0,0,1,0,0,0,0,37.833332,27.0,46.0,0,0,0,0,0,0,5,135,1,46,256,32,4,20,0.0,0.0,0,0,0.0,0.0,0,0,Benign
17,48834,2,2,84,190,42,42,42.0,0.0,95,95,95.0,0.0,5610.84490314125,81.9101445714052,16278.0,28189.127,48828,3,3,3.0,0.0,3,3,3,3.0,0.0,3,3,0,0,0,0,40,40,40.95507,40.95507,42,95,63.2,29.029295,842.7,0,0,0,0,0,0,0,0,1,79.0,42.0,95.0,0,0,0,0,0,0,2,84,2,190,-1,-1,1,20,0.0,0.0,0,0,0.0,0.0,0,0,Benign
17,9072465,4,4,176,466,47,41,44.0,3.4641016,134,99,116.5,20.20726,70.7635686662886,0.881789017648456,1296066.4,3385071.5,8972501,3,9021073,3007024.2,5208273.0,9021020,4,9023900,3007966.8,5209946.0,9023894,3,0,0,0,0,80,80,0.4408945,0.4408945,41,134,76.55556,39.931538,1594.5278,0,0,0,0,0,0,0,0,1,86.125,44.0,116.5,0,0,0,0,0,0,4,176,4,466,-1,-1,3,20,48568.0,0.0,48568,48568,8972501.0,0.0,8972501,8972501,Benign
17,165,2,2,64,96,32,32,32.0,0.0,48,48,48.0,0.0,969696.96969697,24242.4242424242,55.0,57.035076,116,3,3,3.0,0.0,3,3,46,46.0,0.0,46,46,0,0,0,0,40,40,12121.212,12121.212,32,48,38.4,8.763561,76.8,0,0,0,0,0,0,0,0,1,48.0,32.0,48.0,0,0,0,0,0,0,2,64,2,96,-1,-1,1,20,0.0,0.0,0,0,0.0,0.0,0,0,Benign
17,197047,1,1,58,117,58,58,58.0,0.0,117,117,117.0,0.0,888.112988271834,10.1498627231067,197047.0,0.0,197047,197047,0,0.0,0.0,0,0,0,0.0,0.0,0,0,0,0,0,0,32,32,5.074931,5.074931,58,117,77.666664,34.063667,1160.3334,0,0,0,0,0,0,0,0,1,116.5,58.0,117.0,0,0,0,0,0,0,1,58,1,117,-1,-1,0,32,0.0,0.0,0,0,0.0,0.0,0,0,Benign
6,256724,14,9,535,4193,202,0,38.214287,67.17048,2325,0,465.8889,834.25244,18416.6653682554,89.5903772144404,11669.272,20091.959,81258,1,256724,19748.0,23393.287,81258,1,197607,24700.875,42120.9,118320,1,0,0,0,0,456,296,54.53327,35.057106,0,2325,197.0,538.475,289955.3,0,0,0,1,0,0,0,0,0,205.56522,38.214287,465.8889,0,0,0,0,0,0,14,535,9,4193,29200,349,5,32,0.0,0.0,0,0,0.0,0.0,0,0,Benign
6,21,1,1,6,6,6,6,6.0,0.0,6,6,6.0,0.0,571428.571428571,95238.0952380952,21.0,0.0,21,21,0,0.0,0.0,0,0,0,0.0,0.0,0,0,0,0,0,0,20,20,47619.047,47619.047,6,6,6.0,0.0,0.0,0,0,0,0,1,1,0,0,1,9.0,6.0,6.0,0,0,0,0,0,0,1,6,1,6,114,256,0,20,0.0,0.0,0,0,0.0,0.0,0,0,Benign
17,61246,4,2,124,450,31,31,31.0,0.0,225,225,225.0,0.0,9372.0406230611,97.9655814257258,12249.2,16750.184,30954,1,30288,10096.0,17443.5,30238,1,4,4.0,0.0,4,4,0,0,0,0,104,64,65.31039,32.655193,31,225,86.42857,94.66231,8960.952,0,0,0,0,0,0,0,0,0,100.833336,31.0,225.0,0,0,0,0,0,0,4,124,2,450,-1,-1,3,20,0.0,0.0,0,0,0.0,0.0,0,0,Benign
6,136876,13,8,816,5624,341,0,62.76923,112.95586,1448,0,703.0,665.36285,47049.8845670534,153.423536631696,6843.8,13725.329,55828,1,136876,11406.333,16444.395,55834,1,116234,16604.857,26823.05,72423,4,0,0,0,0,428,264,94.97648,58.447063,0,1448,292.72726,505.7663,255799.55,0,0,0,1,0,0,0,0,0,306.66666,62.76923,703.0,0,0,0,0,0,0,13,816,8,5624,65535,61,6,32,0.0,0.0,0,0,0.0,0.0,0,0,Benign
17,199,2,2,66,258,33,33,33.0,0.0,129,129,129.0,0.0,1628140.70351759,20100.5025125628,66.333336,109.69655,193,3,3,3.0,0.0,3,3,3,3.0,0.0,3,3,0,0,0,0,40,40,10050.251,10050.251,33,129,71.4,52.581364,2764.8,0,0,0,0,0,0,0,0,1,89.25,33.0,129.0,0,0,0,0,0,0,2,66,2,258,-1,-1,1,20,0.0,0.0,0,0,0.0,0.0,0,0,Benign
17,155,2,2,64,96,32,32,32.0,0.0,48,48,48.0,0.0,1032258.06451613,25806.4516129032,51.666668,84.29314,149,3,3,3.0,0.0,3,3,3,3.0,0.0,3,3,0,0,0,0,40,40,12903.226,12903.226,32,48,38.4,8.763561,76.8,0,0,0,0,0,0,0,0,1,48.0,32.0,48.0,0,0,0,0,0,0,2,64,2,96,-1,-1,1,20,0.0,0.0,0,0,0.0,0.0,0,0,Benign
17,23666139,2,2,94,330,49,45,47.0,2.828427,230,100,165.0,91.92388,17.9158924064462,0.169017852891002,7888713.0,13505688.0,23483700,61377,23545077,23545076.0,0.0,23545077,23545077,23604762,23604762.0,0.0,23604762,23604762,0,0,0,0,52,40,0.084508926,0.084508926,45,230,93.8,79.62223,6339.7,0,0,0,0,0,0,0,0,1,117.25,47.0,165.0,0,0,0,0,0,0,2,94,2,330,-1,-1,1,20,61377.0,0.0,61377,61377,23483700.0,0.0,23483700,23483700,Benign
17,30364,1,1,56,84,56,56,56.0,0.0,84,84,84.0,0.0,4610.72322487156,65.8674746410223,30364.0,0.0,30364,30364,0,0.0,0.0,0,0,0,0.0,0.0,0,0,0,0,0,0,20,32,32.93374,32.93374,56,84,65.333336,16.165808,261.33334,0,0,0,0,0,0,0,0,1,98.0,56.0,84.0,0,0,0,0,0,0,1,56,1,84,-1,-1,0,20,0.0,0.0,0,0,0.0,0.0,0,0,Benign
6,293240,14,9,1003,6127,645,0,71.64286,171.60582,1448,0,680.7778,675.55286,24314.554631019,78.4340471968354,13329.091,23800.842,66935,1,293240,22556.924,28128.092,66935,1,232586,29073.25,43893.844,118023,1,0,0,0,0,460,296,47.742462,30.691584,0,1448,297.08334,517.45966,267764.5,0,0,0,1,0,0,0,0,0,310.0,71.64286,680.7778,0,0,0,0,0,0,14,1003,9,6127,65535,80,6,32,0.0,0.0,0,0,0.0,0.0,0,0,Benign
6,19502,1,2,0,0,0,0,0.0,0.0,0,0,0.0,0.0,0.0,153.830376371654,9751.0,8769.538,15952,3550,0,0.0,0.0,0,0,3550,3550.0,0.0,3550,3550,0,0,0,0,32,64,51.27679,102.55358,0,0,0.0,0.0,0.0,0,0,0,0,1,1,0,0,2,0.0,0.0,0.0,0,0,0,0,0,0,1,0,2,0,1324,33,0,32,0.0,0.0,0,0,0.0,0.0,0,0,Benign
17,30759,2,2,50,166,25,25,25.0,0.0,83,83,83.0,0.0,7022.33492636302,130.043239377093,10253.0,17753.521,30753,3,3,3.0,0.0,3,3,3,3.0,0.0,3,3,0,0,0,0,64,40,65.02162,65.02162,25,83,48.2,31.767908,1009.2,0,0,0,0,0,0,0,0,1,60.25,25.0,83.0,0,0,0,0,0,0,2,50,2,166,-1,-1,1,32,0.0,0.0,0,0,0.0,0.0,0,0,Benign
6,209721,13,8,977,5123,501,0,75.15385,148.84212,1706,0,640.375,742.383,29086.2622245746,100.13303388788,10486.05,18466.342,64429,3,209721,17476.75,21500.883,64514,3,168039,24005.572,31484.066,69064,4,0,0,0,0,428,264,61.987118,38.145916,0,1706,277.27274,524.9253,275546.6,0,0,0,1,0,0,0,0,0,290.4762,75.15385,640.375,0,0,0,0,0,0,13,977,8,5123,65535,118,6,32,0.0,0.0,0,0,0.0,0.0,0,0,Benign
6,61027980,15,14,710,5682,319,0,47.333332,94.122765,2920,2,405.85715,829.2426,104.738842740658,0.475191871007364,2179570.8,4158721.5,10000775,6,61027980,4359141.5,5107196.5,10051601,2451,60973673,4690282.5,5164662.5,10051353,250,0,0,0,0,312,284,0.2457889,0.22940297,0,2920,213.06667,588.42737,346246.75,0,0,0,1,0,0,0,0,0,220.41379,47.333332,405.85715,0,0,0,0,0,0,15,710,14,5682,8192,16616,14,20,79686.664,70658.52,223914,50421,9997405.0,3859.0166,10000775,9990198,Benign
17,426,1,1,54,110,54,54,54.0,0.0,110,110,110.0,0.0,384976.525821596,4694.83568075117,426.0,0.0,426,426,0,0.0,0.0,0,0,0,0.0,0.0,0,0,0,0,0,0,20,20,2347.4177,2347.4177,54,110,72.666664,32.331615,1045.3334,0,0,0,0,0,0,0,0,1,109.0,54.0,110.0,0,0,0,0,0,0,1,54,1,110,-1,-1,0,20,0.0,0.0,0,0,0.0,0.0,0,0,Benign
17,31007,1,1,56,83,56,56,56.0,0.0,83,83,83.0,0.0,4482.8587093237,64.501564162931,31007.0,0.0,31007,31007,0,0.0,0.0,0,0,0,0.0,0.0,0,0,0,0,0,0,20,32,32.250782,32.250782,56,83,65.0,15.588457,243.0,0,0,0,0,0,0,0,0,1,97.5,56.0,83.0,0,0,0,0,0,0,1,56,1,83,-1,-1,0,20,0.0,0.0,0,0,0.0,0.0,0,0,Benign
17,30520,1,1,51,67,51,51,51.0,0.0,67,67,67.0,0.0,3866.31716906946,65.5307994757536,30520.0,0.0,30520,30520,0,0.0,0.0,0,0,0,0.0,0.0,0,0,0,0,0,0,32,20,32.7654,32.7654,51,67,56.333332,9.237604,85.333336,0,0,0,0,0,0,0,0,1,84.5,51.0,67.0,0,0,0,0,0,0,1,51,1,67,-1,-1,0,32,0.0,0.0,0,0,0.0,0.0,0,0,Benign
6,4088034,5,1,135,46,46,6,27.0,20.12461,46,46,46.0,0.0,44.2755613089324,1.46769816493698,817606.8,1697221.1,3850447,4,4088034,1022008.5,1888635.4,3850447,4,0,0.0,0.0,0,0,1,0,0,0,100,20,1.2230818,0.24461636,6,46,32.42857,18.866701,355.9524,0,1,0,0,1,0,0,0,0,37.833332,27.0,46.0,0,0,0,0,0,0,5,135,1,46,16316,360,4,20,0.0,0.0,0,0,0.0,0.0,0,0,Benign
6,2731842,6,5,735,240,517,0,122.5,208.49916,152,0,48.0,61.400326,356.90204631161,4.02658718915662,273184.2,807680.7,2570791,3,2731842,546368.4,1131923.6,2570791,154,108008,27002.0,30850.95,54277,3,0,0,0,0,132,112,2.1963203,1.830267,0,517,81.25,152.18954,23161.658,0,0,0,1,0,0,0,0,0,88.63636,122.5,48.0,0,0,0,0,0,0,6,735,5,240,8192,176,5,20,0.0,0.0,0,0,0.0,0.0,0,0,Benign
6,98982,10,5,713,479,469,0,71.3,147.28735,341,0,95.8,149.52992,12042.5936028773,151.542704734194,7070.143,11777.292,28783,3,98982,10998.0,14366.793,31879,3,62627,15656.75,15850.627,29743,371,0,0,0,0,332,168,101.02847,50.514236,0,469,74.5,139.66628,19506.666,0,0,0,1,0,0,0,0,0,79.46667,71.3,95.8,0,0,0,0,0,0,10,713,5,479,65535,972,5,32,0.0,0.0,0,0,0.0,0.0,0,0,Benign
6,61923161,43,42,13111,11581,949,0,304.90698,381.8197,1867,0,275.7381,369.01947,398.752253619611,1.37266894369297,737180.5,2359294.2,10001206,1,51958712,1237112.2,2906571.0,10036626,7135,61886696,1509431.6,3233645.8,10037667,1,0,0,0,0,884,900,0.694409,0.67825997,0,1867,287.11627,372.7118,138914.08,0,0,0,1,0,0,0,0,0,290.4941,304.90698,275.7381,0,0,0,0,0,0,43,13111,42,11581,8192,111,41,20,2398921.0,3303993.2,6892809,36426,9985711.0,32262.564,10001206,9928010,Benign
6,11051974,8,12,2408,7125,1845,0,301.0,636.41113,1451,0,593.75,707.3154,862.560842072195,1.80963147397922,581682.8,2289951.5,10001480,1,10138481,1448354.4,3771603.2,10001480,570,11024307,1002209.75,3005400.2,10029214,1,0,0,0,0,172,260,0.7238526,1.0857788,0,1845,453.9524,669.5569,448306.44,0,0,0,1,0,0,0,0,1,476.65,301.0,593.75,0,0,0,0,0,0,8,2408,12,7125,8192,16060,7,20,137001.0,0.0,137001,137001,10001480.0,0.0,10001480,10001480,Benign
6,548184,10,5,1582,831,1317,0,158.2,410.55405,693,0,166.2,300.4916,4401.80669264335,27.3630751718401,39156.0,68900.12,229511,3,548184,60909.332,80295.75,229511,3,444631,111157.75,154866.6,332725,79,0,0,0,0,332,168,18.24205,9.121025,0,1317,150.8125,356.1504,126843.09,0,0,0,1,0,0,0,0,0,160.86667,158.2,166.2,0,0,0,0,0,0,10,1582,5,831,65535,120,5,32,0.0,0.0,0,0,0.0,0.0,0,0,Benign
17,46997,2,2,78,110,39,39,39.0,0.0,55,55,55.0,0.0,4000.25533544694,85.1118156478073,15665.667,27127.668,46990,3,4,4.0,0.0,4,4,3,3.0,0.0,3,3,0,0,0,0,64,40,42.55591,42.55591,39,55,45.4,8.763561,76.8,0,0,0,0,0,0,0,0,1,56.75,39.0,55.0,0,0,0,0,0,0,2,78,2,110,-1,-1,1,32,0.0,0.0,0,0,0.0,0.0,0,0,Benign
17,199,2,2,68,158,34,34,34.0,0.0,79,79,79.0,0.0,1135678.3919598,20100.5025125628,66.333336,73.24161,147,4,48,48.0,0.0,48,48,4,4.0,0.0,4,4,0,0,0,0,40,40,10050.251,10050.251,34,79,52.0,24.647514,607.5,0,0,0,0,0,0,0,0,1,65.0,34.0,79.0,0,0,0,0,0,0,2,68,2,158,-1,-1,1,20,0.0,0.0,0,0,0.0,0.0,0,0,Benign
17,24048,2,2,74,190,37,37,37.0,0.0,95,95,95.0,0.0,10978.0439121756,166.333998669328,8016.0,13878.057,24041,3,3,3.0,0.0,3,3,4,4.0,0.0,4,4,0,0,0,0,64,40,83.167,83.167,37,95,60.2,31.767908,1009.2,0,0,0,0,0,0,0,0,1,75.25,37.0,95.0,0,0,0,0,0,0,2,74,2,190,-1,-1,1,32,0.0,0.0,0,0,0.0,0.0,0,0,Benign
6,5864694,5,1,135,46,46,6,27.0,20.12461,46,46,46.0,0.0,30.8626502934339,1.02307128044532,1172938.8,2465207.5,5580547,3,5864694,1466173.5,2746104.2,5580547,3,0,0.0,0.0,0,0,1,0,0,0,100,20,0.8525594,0.17051189,6,46,32.42857,18.866701,355.9524,0,1,0,0,1,0,0,0,0,37.833332,27.0,46.0,0,0,0,0,0,0,5,135,1,46,16139,138,4,20,281803.0,0.0,281803,281803,5580547.0,0.0,5580547,5580547,Benign
17,189,2,2,102,224,51,51,51.0,0.0,112,112,112.0,0.0,1724867.72486772,21164.0211640212,63.0,102.190994,181,4,4,4.0,0.0,4,4,4,4.0,0.0,4,4,0,0,0,0,40,40,10582.011,10582.011,51,112,75.4,33.411076,1116.3,0,0,0,0,0,0,0,0,1,94.25,51.0,112.0,0,0,0,0,0,0,2,102,2,224,-1,-1,1,20,0.0,0.0,0,0,0.0,0.0,0,0,Benign
6,196686,29,38,767,44108,517,0,26.448277,99.09108,1941,0,1160.7368,520.84705,228155.53725227,340.644479017317,2980.0908,8130.3564,36304,0,196686,7024.5,12014.81,37911,0,158976,4296.6484,10602.2705,42854,2,0,0,0,0,940,1224,147.44313,193.20134,0,1941,659.92645,690.18945,476361.5,0,0,0,1,0,0,0,0,1,669.7761,26.448277,1160.7368,0,0,0,0,0,0,29,767,38,44108,65535,349,5,32,0.0,0.0,0,0,0.0,0.0,0,0,Benign
6,1395431,13,9,508,4230,204,0,39.076923,72.901146,1418,0,470.0,615.113,3395.36673615535,15.7657383274415,66449.09,139019.62,460660,1,1395431,116285.914,170077.84,460660,1,1307336,163417.0,223402.14,497833,1,0,0,0,0,424,296,9.316118,6.4496202,0,1418,206.0,432.88724,187391.36,0,0,0,1,0,0,0,0,0,215.36363,39.076923,470.0,0,0,0,0,0,0,13,508,9,4230,29200,349,4,32,0.0,0.0,0,0,0.0,0.0,0,0,Benign
17,198,2,2,68,402,34,34,34.0,0.0,201,201,201.0,0.0,2373737.37373737,20202.0202020202,66.0,108.25433,191,3,3,3.0,0.0,3,3,4,4.0,0.0,4,4,0,0,0,0,40,40,10101.01,10101.01,34,201,100.8,91.469666,8366.7,0,0,0,0,0,0,0,0,1,126.0,34.0,201.0,0,0,0,0,0,0,2,68,2,402,-1,-1,1,20,0.0,0.0,0,0,0.0,0.0,0,0,Benign
17,30450,2,2,62,94,31,31,31.0,0.0,47,47,47.0,0.0,5123.15270935961,131.36288998358,10150.0,17496.31,30353,48,48,48.0,0.0,48,48,49,49.0,0.0,49,49,0,0,0,0,64,64,65.68144,65.68144,31,47,37.4,8.763561,76.8,0,0,0,0,0,0,0,0,1,46.75,31.0,47.0,0,0,0,0,0,0,2,62,2,94,-1,-1,1,32,0.0,0.0,0,0,0.0,0.0,0,0,Benign
6,85483,4,4,86,7,86,0,21.5,43.0,7,0,1.75,3.5,1087.93561292889,93.5858591766784,12211.857,20570.416,42348,3,85137,28379.0,24229.67,42391,401,43135,14378.333,24564.418,42742,3,0,0,0,0,140,136,46.79293,46.79293,0,86,10.333333,28.469282,810.5,0,0,0,1,0,0,0,0,1,11.625,21.5,1.75,0,0,0,0,0,0,4,86,4,7,65535,22,1,32,0.0,0.0,0,0,0.0,0.0,0,0,Benign
6,1,2,0,37,0,31,6,18.5,17.67767,0,0,0.0,0.0,37000000.0,2000000.0,1.0,0.0,1,1,1,1.0,0.0,1,1,0,0.0,0.0,0,0,1,0,0,0,40,0,2000000.0,0.0,6,31,22.666666,14.433757,208.33333,0,1,0,0,1,0,0,0,0,34.0,18.5,0.0,0,0,0,0,0,0,2,37,0,0,31050,-1,1,20,0.0,0.0,0,0,0.0,0.0,0,0,Benign
6,160,2,0,12,0,6,6,6.0,0.0,0,0,0.0,0.0,75000.0,12500.0,160.0,0.0,160,160,160,160.0,0.0,160,160,0,0.0,0.0,0,0,0,0,0,0,40,0,12500.0,0.0,6,6,6.0,0.0,0.0,0,0,0,0,1,0,0,0,0,9.0,6.0,0.0,0,0,0,0,0,0,2,12,0,0,321,-1,1,20,0.0,0.0,0,0,0.0,0.0,0,0,Benign
17,169,2,2,94,196,47,47,47.0,0.0,98,98,98.0,0.0,1715976.33136095,23668.6390532544,56.333332,90.64399,161,4,4,4.0,0.0,4,4,4,4.0,0.0,4,4,0,0,0,0,64,64,11834.319,11834.319,47,98,67.4,27.933851,780.3,0,0,0,0,0,0,0,0,1,84.25,47.0,98.0,0,0,0,0,0,0,2,94,2,196,-1,-1,1,32,0.0,0.0,0,0,0.0,0.0,0,0,Benign
17,31582,2,2,120,284,60,60,60.0,0.0,142,142,142.0,0.0,12792.0967639795,126.654423405737,10527.333,18191.457,31533,1,48,48.0,0.0,48,48,1,1.0,0.0,1,1,0,0,0,0,64,64,63.327213,63.327213,60,142,92.8,44.91325,2017.2,0,0,0,0,0,0,0,0,1,116.0,60.0,142.0,0,0,0,0,0,0,2,120,2,284,-1,-1,1,32,0.0,0.0,0,0,0.0,0.0,0,0,Benign
6,6852,2,0,0,0,0,0,0.0,0.0,0,0,0.0,0.0,0.0,291.885580852306,6852.0,0.0,6852,6852,6852,6852.0,0.0,6852,6852,0,0.0,0.0,0,0,0,0,0,0,64,0,291.8856,0.0,0,0,0.0,0.0,0.0,0,0,0,0,1,0,0,0,0,0.0,0.0,0.0,0,0,0,0,0,0,2,0,0,0,249,-1,0,32,0.0,0.0,0,0,0.0,0.0,0,0,Benign
6,91282,3,2,432,656,426,0,144.0,244.2376,654,2,328.0,461.03363,11919.1078197235,54.7753116715234,22820.5,15206.766,32712,146,61897,30948.5,2493.9656,32712,29185,62243,62243.0,0.0,62243,62243,0,0,0,0,72,44,32.86519,21.910124,0,654,181.33333,287.03357,82388.266,0,0,0,1,0,0,0,0,0,217.6,144.0,328.0,0,0,0,0,0,0,3,432,2,656,8192,16384,2,20,0.0,0.0,0,0,0.0,0.0,0,0,Benign
6,2,1,1,6,0,6,6,6.0,0.0,0,0,0.0,0.0,3000000.0,1000000.0,2.0,0.0,2,2,0,0.0,0.0,0,0,0,0.0,0.0,0,0,0,0,0,0,20,32,500000.0,500000.0,0,6,4.0,3.4641016,12.0,1,0,0,0,1,0,0,0,1,6.0,6.0,0.0,0,0,0,0,0,0,1,6,1,0,0,299,0,20,0.0,0.0,0,0,0.0,0.0,0,0,Benign
17,88707071,2,2,103,258,57,46,51.5,7.7781744,153,105,129.0,33.941124,4.06957411546144,0.045092233966332,29569024.0,51157676.0,88640819,30795,88676276,88676270.0,0.0,88676276,88676276,88671614,88671620.0,0.0,88671614,88671614,0,0,0,0,52,52,0.022546116,0.022546116,46,153,81.4,46.8647,2196.3,0,0,0,0,0,0,0,0,1,101.75,51.5,129.0,0,0,0,0,0,0,2,103,2,258,-1,-1,1,20,35457.0,0.0,35457,35457,88640820.0,0.0,88640819,88640819,Benign
17,63413,2,2,68,156,34,34,34.0,0.0,78,78,78.0,0.0,3532.39871950546,63.0785485625976,21137.666,36607.184,63408,2,3,3.0,0.0,3,3,2,2.0,0.0,2,2,0,0,0,0,40,40,31.539274,31.539274,34,78,51.6,24.099792,580.8,0,0,0,0,0,0,0,0,1,64.5,34.0,78.0,0,0,0,0,0,0,2,68,2,156,-1,-1,1,20,0.0,0.0,0,0,0.0,0.0,0,0,Benign
6,4102767,6,8,661,4990,517,0,110.166664,205.15985,1769,0,623.75,788.09406,1377.36313078466,3.41233123889317,315597.47,1081058.0,3912834,1,189932,37986.4,33832.68,74959,1908,4051373,578767.56,1479248.0,3932889,1,0,0,0,0,132,172,1.4624276,1.9499036,0,1769,376.73334,633.2744,401036.5,0,0,0,1,0,0,0,0,1,403.64285,110.166664,623.75,0,0,0,0,0,0,6,661,8,4990,8192,55,5,20,0.0,0.0,0,0,0.0,0.0,0,0,Benign
6,288115,13,7,1045,3297,565,0,80.38461,164.42198,1529,0,471.0,701.5768,15070.3712059421,69.4167259601201,15163.947,26441.979,86222,1,288115,24009.584,30309.459,86222,1,250262,41710.332,53666.492,110581,210,0,0,0,0,428,232,45.120872,24.295855,0,1529,206.7619,448.15198,200840.19,0,0,0,1,0,0,0,0,0,217.1,80.38461,471.0,0,0,0,0,0,0,13,1045,7,3297,65535,974,6,32,0.0,0.0,0,0,0.0,0.0,0,0,Benign
6,5596078,8,5,395,166,243,0,49.375,82.91465,85,0,33.2,40.45615,100.248781378673,2.32305553996924,466339.84,1586162.8,5502929,3,5596078,799439.7,2086636.2,5531397,3,64537,16134.25,18724.643,35515,3,0,0,0,0,180,112,1.4295726,0.8934829,0,243,40.07143,66.33535,4400.379,0,0,0,1,0,0,0,0,0,43.153847,49.375,33.2,0,0,0,0,0,0,8,395,5,166,29200,4392,7,20,93146.0,0.0,93146,93146,5502929.0,0.0,5502929,5502929,Benign
6,118154239,427,714,5328,1117399,417,0,12.477752,34.591805,4290,0,1564.9846,643.3243,9502.21515116356,9.65686893383487,103644.07,2450135.8,58906384,1,118154239,277357.38,4007638.2,58906384,55,118060862,165583.25,3100750.0,58999969,1,0,0,0,0,8552,14292,3.6139202,6.0429487,0,4290,983.1235,907.94324,824360.9,0,0,0,1,0,0,0,0,1,983.9851,12.477752,1564.9846,0,0,0,0,0,0,427,5328,714,1117399,8192,410,426,20,508856.0,587235.2,924094,93618,58521452.0,544378.2,58906384,58136517,Benign
6,744106,2,0,12,0,6,6,6.0,0.0,0,0,0.0,0.0,16.1267346318938,2.68778910531564,744106.0,0.0,744106,744106,744106,744106.0,0.0,744106,744106,0,0.0,0.0,0,0,0,0,0,0,40,0,2.6877892,0.0,6,6,6.0,0.0,0.0,0,0,0,0,1,0,0,0,0,9.0,6.0,0.0,0,0,0,0,0,0,2,12,0,0,63572,-1,1,20,0.0,0.0,0,0,0.0,0.0,0,0,Benign
6,112875595,22,13,2986,6356,1305,0,135.72728,379.29337,2910,0,488.92307,897.6078,82.7636833276494,0.310075884871305,3319870.5,19354764.0,112857258,1,112875483,5375023.0,24627274.0,112857258,1,112875530,9406294.0,32578656.0,112857419,2,0,0,0,0,728,408,0.19490485,0.115171045,0,2910,259.5,627.4246,393661.62,0,0,0,1,0,0,0,0,0,266.91428,135.72728,488.92307,0,0,0,0,0,0,22,2986,13,6356,65535,0,10,32,18219.0,0.0,18219,18219,112857256.0,0.0,112857258,112857258,Benign
6,52616,2,1,0,0,0,0,0.0,0.0,0,0,0.0,0.0,0.0,57.0168769955907,26308.0,37203.715,52615,1,1,1.0,0.0,1,1,0,0.0,0.0,0,0,0,0,0,0,64,44,38.01125,19.005625,0,0,0.0,0.0,0.0,0,0,0,0,1,1,0,0,0,0.0,0.0,0.0,0,0,0,0,0,0,2,0,1,0,32832,179,0,32,0.0,0.0,0,0,0.0,0.0,0,0,Benign
17,60433,1,1,40,94,40,40,40.0,0.0,94,94,94.0,0.0,2217.33159035626,33.0945013486009,60433.0,0.0,60433,60433,0,0.0,0.0,0,0,0,0.0,0.0,0,0,0,0,0,0,32,32,16.54725,16.54725,40,94,58.0,31.176914,972.0,0,0,0,0,0,0,0,0,1,87.0,40.0,94.0,0,0,0,0,0,0,1,40,1,94,-1,-1,0,32,0.0,0.0,0,0,0.0,0.0,0,0,Benign
6,359589,10,6,720,1151,469,0,72.0,147.70842,1013,0,191.83333,406.05734,5203.16249940905,44.4952431804087,23972.6,43201.594,160714,4,359589,39954.332,80590.32,247233,4,300468,60093.6,59915.484,160714,431,0,0,0,0,332,200,27.809526,16.685717,0,1013,110.05882,260.70734,67968.31,0,0,0,1,0,0,0,0,0,116.9375,72.0,191.83333,0,0,0,0,0,0,10,720,6,1151,65535,114,5,32,0.0,0.0,0,0,0.0,0.0,0,0,Benign
17,57133,2,2,88,196,44,44,44.0,0.0,98,98,98.0,0.0,4970.85747291408,70.0120770832969,19044.334,32973.63,57119,3,11,11.0,0.0,11,11,3,3.0,0.0,3,3,0,0,0,0,40,40,35.00604,35.00604,44,98,65.6,29.577019,874.8,0,0,0,0,0,0,0,0,1,82.0,44.0,98.0,0,0,0,0,0,0,2,88,2,196,-1,-1,1,20,0.0,0.0,0,0,0.0,0.0,0,0,Benign
6,5730190,7,3,599,160,517,0,85.57143,191.30853,160,0,53.333332,92.376045,132.45634088922,1.74514283121502,636687.75,1866648.1,5614077,4,5730190,955031.7,2314846.2,5680137,4,92669,46334.5,28321.748,66361,26308,0,0,0,0,232,104,1.2215999,0.5235428,0,517,69.0,156.2306,24408.0,0,0,0,1,0,0,0,0,0,75.9,85.57143,53.333332,0,0,0,0,0,0,7,599,3,160,29200,59,3,32,116109.0,0.0,116109,116109,5614077.0,0.0,5614077,5614077,Benign
6,319956,10,6,1328,1167,1077,0,132.8,335.29584,1029,0,194.5,412.52963,7797.94721774244,50.0068759454425,21330.4,35229.457,87165,3,319956,35550.668,52969.008,136165,3,227762,45552.4,41767.527,89784,220,0,0,0,0,332,200,31.254297,18.752579,0,1077,146.76471,344.58987,118742.19,0,0,0,1,0,0,0,0,0,155.9375,132.8,194.5,0,0,0,0,0,0,10,1328,6,1167,65535,118,5,32,0.0,0.0,0,0,0.0,0.0,0,0,Benign
6,115990084,16,14,435,746,435,0,27.1875,108.75,746,0,53.285713,199.37689,10.1819048600741,0.258642799155142,3999658.0,4877741.5,10011744,48,115990084,7732672.5,4147793.2,10047918,36485,110679053,8513773.0,3741696.2,10048134,20900,0,0,0,0,520,456,0.13794282,0.12069997,0,746,38.096775,152.8342,23358.291,0,0,0,1,0,0,0,0,0,39.366665,27.1875,53.285713,0,0,0,0,0,0,16,435,14,746,29200,340,1,32,51487.363,50181.453,202790,36173,10010246.0,4334.178,10011744,9997180,Benign
17,17248570,4,4,108,108,27,27,27.0,0.0,27,27,27.0,0.0,12.5227772505199,0.46380656483407,2464081.5,3163849.0,7252978,1,5000742,1666914.0,2887172.8,5000734,4,7252981,2417660.2,4187508.0,7252978,1,0,0,0,0,80,80,0.23190328,0.23190328,27,27,27.0,0.0,0.0,0,0,0,0,0,0,0,0,1,30.375,27.0,27.0,0,0,0,0,0,0,4,108,4,108,-1,-1,3,20,2497428.5,3531891.5,4994853,4,6126856.0,1592577.0,7252978,5000734,Benign
6,118529730,15,19,896,5026,250,0,59.733334,80.87775,1460,0,264.5263,478.10904,49.9621487368612,0.286847865088362,3591810.0,14223969.0,58794525,1,118529730,8466409.0,21306344.0,58794525,3,118249245,6569402.5,19045564.0,59075200,1,0,0,0,0,312,392,0.12655053,0.16029733,0,1460,169.2,367.31113,134917.45,0,0,0,1,0,0,0,0,1,174.17647,59.733334,264.5263,0,0,0,0,0,0,15,896,19,5026,8192,127,14,20,388332.5,152117.77,495896,280769,58736228.0,82446.53,58794525,58677928,Benign
17,71188,1,1,55,144,55,55,55.0,0.0,144,144,144.0,0.0,2795.41495757712,28.0946226892173,71188.0,0.0,71188,71188,0,0.0,0.0,0,0,0,0.0,0.0,0,0,0,0,0,0,32,32,14.047312,14.047312,55,144,84.666664,51.384174,2640.3333,0,0,0,0,0,0,0,0,1,127.0,55.0,144.0,0,0,0,0,0,0,1,55,1,144,-1,-1,0,32,0.0,0.0,0,0,0.0,0.0,0,0,Benign
6,3301713,8,5,1276,3057,703,0,159.5,252.22325,1400,0,611.4,650.6998,1312.34907455615,3.93735009675281,275142.75,884306.1,3082515,53,3301713,471673.28,1151720.0,3082515,89,138560,34640.0,25585.85,60586,202,0,0,0,0,172,108,2.4229846,1.5143654,0,1400,309.5,469.89896,220805.03,0,0,0,1,0,0,0,0,0,333.30768,159.5,611.4,0,0,0,0,0,0,8,1276,5,3057,8192,29200,7,20,0.0,0.0,0,0,0.0,0.0,0,0,Benign
17,360487,1,1,55,55,55,55,55.0,0.0,55,55,55.0,0.0,305.142765203738,5.5480502764316,360487.0,0.0,360487,360487,0,0.0,0.0,0,0,0,0.0,0.0,0,0,0,0,0,0,32,20,2.7740252,2.7740252,55,55,55.0,0.0,0.0,0,0,0,0,0,0,0,0,1,82.5,55.0,55.0,0,0,0,0,0,0,1,55,1,55,-1,-1,0,32,0.0,0.0,0,0,0.0,0.0,0,0,Benign
17,30713,4,4,124,456,31,31,31.0,0.0,114,114,114.0,0.0,18884.5114446651,260.476019926416,4387.5713,11526.131,30526,2,30532,10177.333,17622.463,30526,3,11,3.6666667,2.081666,6,2,0,0,0,0,80,80,130.238,130.238,31,114,67.888885,43.744843,1913.6111,0,0,0,0,0,0,0,0,1,76.375,31.0,114.0,0,0,0,0,0,0,4,124,4,456,-1,-1,3,20,0.0,0.0,0,0,0.0,0.0,0,0,Benign
6,258,3,1,18,0,6,6,6.0,0.0,0,0,0.0,0.0,69767.4418604651,15503.8759689923,86.0,141.1701,249,3,252,126.0,173.94827,249,3,0,0.0,0.0,0,0,0,0,0,0,60,32,11627.907,3875.969,0,6,4.8,2.6832817,7.2,1,0,0,0,0,0,0,0,0,6.0,6.0,0.0,0,0,0,0,0,0,3,18,1,0,0,246,2,20,0.0,0.0,0,0,0.0,0.0,0,0,Benign
17,104584,1,1,48,48,48,48,48.0,0.0,48,48,48.0,0.0,917.922435554196,19.1233840740457,104584.0,0.0,104584,104584,0,0.0,0.0,0,0,0,0.0,0.0,0,0,0,0,0,0,32,32,9.561692,9.561692,48,48,48.0,0.0,0.0,0,0,0,0,0,0,0,0,1,72.0,48.0,48.0,0,0,0,0,0,0,1,48,1,48,-1,-1,0,32,0.0,0.0,0,0,0.0,0.0,0,0,Benign
17,62309,2,2,68,218,34,34,34.0,0.0,109,109,109.0,0.0,4590.02712288754,64.1961835368887,20769.666,35970.652,62305,0,0,0.0,0.0,0,0,4,4.0,0.0,4,4,0,0,0,0,64,80,32.09809,32.09809,34,109,64.0,41.079193,1687.5,0,0,0,0,0,0,0,0,1,80.0,34.0,109.0,0,0,0,0,0,0,2,68,2,218,-1,-1,1,32,0.0,0.0,0,0,0.0,0.0,0,0,Benign
17,142,2,2,98,130,49,49,49.0,0.0,65,65,65.0,0.0,1605633.8028169,28169.014084507,47.333332,75.92321,135,3,3,3.0,0.0,3,3,4,4.0,0.0,4,4,0,0,0,0,40,40,14084.507,14084.507,49,65,55.4,8.763561,76.8,0,0,0,0,0,0,0,0,1,69.25,49.0,65.0,0,0,0,0,0,0,2,98,2,130,-1,-1,1,20,0.0,0.0,0,0,0.0,0.0,0,0,Benign
17,444,1,1,64,130,64,64,64.0,0.0,130,130,130.0,0.0,436936.936936937,4504.50450450451,444.0,0.0,444,444,0,0.0,0.0,0,0,0,0.0,0.0,0,0,0,0,0,0,20,20,2252.2522,2252.2522,64,130,86.0,38.105118,1452.0,0,0,0,0,0,0,0,0,1,129.0,64.0,130.0,0,0,0,0,0,0,1,64,1,130,-1,-1,0,20,0.0,0.0,0,0,0.0,0.0,0,0,Benign
17,31510,2,2,68,772,34,34,34.0,0.0,386,386,386.0,0.0,26658.2037448429,126.943827356395,10503.333,18187.111,31504,3,3,3.0,0.0,3,3,3,3.0,0.0,3,3,0,0,0,0,64,64,63.471912,63.471912,34,386,174.8,192.79834,37171.2,0,0,0,0,0,0,0,0,1,218.5,34.0,386.0,0,0,0,0,0,0,2,68,2,772,-1,-1,1,32,0.0,0.0,0,0,0.0,0.0,0,0,Benign
6,20,1,1,6,6,6,6,6.0,0.0,6,6,6.0,0.0,600000.0,100000.0,20.0,0.0,20,20,0,0.0,0.0,0,0,0,0.0,0.0,0,0,0,0,0,0,20,20,50000.0,50000.0,6,6,6.0,0.0,0.0,0,0,0,0,1,1,0,0,1,9.0,6.0,6.0,0,0,0,0,0,0,1,6,1,6,351,16550,0,20,0.0,0.0,0,0,0.0,0.0,0,0,Benign
6,28245,2,0,12,0,6,6,6.0,0.0,0,0,0.0,0.0,424.853956452469,70.8089927420783,28245.0,0.0,28245,28245,28245,28245.0,0.0,28245,28245,0,0.0,0.0,0,0,0,0,0,0,40,0,70.80899,0.0,6,6,6.0,0.0,0.0,0,0,0,0,1,0,0,0,0,9.0,6.0,0.0,0,0,0,0,0,0,2,12,0,0,256,-1,1,20,0.0,0.0,0,0,0.0,0.0,0,0,Benign
6,118181510,16,19,2070,4553,843,0,129.375,240.48752,1410,0,239.63158,440.80435,56.0409153682332,0.296154618433966,3475926.8,13924328.0,58840184,3,118181510,7878767.5,20490610.0,58840184,36,118121520,6562306.5,18861716.0,58900219,3,0,0,0,0,356,392,0.13538496,0.16076966,0,1410,183.97223,358.78632,128727.625,0,0,0,1,0,0,0,0,1,189.22858,129.375,239.63158,0,0,0,0,0,0,16,2070,19,4553,8192,132,13,20,640019.5,603516.4,1066770,213269,58343690.0,702151.4,58840184,57847192,Benign
6,413,2,1,0,0,0,0,0.0,0.0,0,0,0.0,0.0,0.0,7263.92251815981,206.5,164.75587,323,90,323,323.0,0.0,323,323,0,0.0,0.0,0,0,0,0,0,0,64,32,4842.615,2421.3076,0,0,0.0,0.0,0.0,0,0,0,0,1,1,0,0,0,0.0,0.0,0.0,0,0,0,0,0,0,2,0,1,0,179,32832,0,32,0.0,0.0,0,0,0.0,0.0,0,0,Benign
6,116007,1,1,0,0,0,0,0.0,0.0,0,0,0.0,0.0,0.0,17.2403389450637,116007.0,0.0,116007,116007,0,0.0,0.0,0,0,0,0.0,0.0,0,0,0,0,0,0,32,32,8.62017,8.62017,0,0,0.0,0.0,0.0,0,0,0,0,1,1,0,0,1,0.0,0.0,0.0,0,0,0,0,0,0,1,0,1,0,410,243,0,32,0.0,0.0,0,0,0.0,0.0,0,0,Benign
17,24051,2,2,86,222,43,43,43.0,0.0,111,111,111.0,0.0,12806.1203276371,166.313251008274,8017.0,13879.789,24044,3,3,3.0,0.0,3,3,4,4.0,0.0,4,4,0,0,0,0,64,64,83.156624,83.156624,43,111,70.2,37.245132,1387.2,0,0,0,0,0,0,0,0,1,87.75,43.0,111.0,0,0,0,0,0,0,2,86,2,222,-1,-1,1,32,0.0,0.0,0,0,0.0,0.0,0,0,Benign
6,44,1,1,0,0,0,0,0.0,0.0,0,0,0.0,0.0,0.0,45454.5454545455,44.0,0.0,44,44,0,0.0,0.0,0,0,0,0.0,0.0,0,0,0,0,0,0,32,32,22727.273,22727.273,0,0,0.0,0.0,0.0,0,0,0,0,1,1,0,0,1,0.0,0.0,0.0,0,0,0,0,0,0,1,0,1,0,357,452,0,32,0.0,0.0,0,0,0.0,0.0,0,0,Benign
17,164858,2,2,90,654,45,45,45.0,0.0,327,327,327.0,0.0,4512.97480255735,24.2633053900933,54952.668,95173.88,164850,4,4,4.0,0.0,4,4,4,4.0,0.0,4,4,0,0,0,0,64,64,12.131653,12.131653,45,327,157.8,154.45776,23857.2,0,0,0,0,0,0,0,0,1,197.25,45.0,327.0,0,0,0,0,0,0,2,90,2,654,-1,-1,1,32,0.0,0.0,0,0,0.0,0.0,0,0,Benign
6,5704273,6,4,611,168,517,0,101.833336,204.30508,156,0,42.0,76.05261,136.564291365438,1.75307177619304,633808.1,1773057.6,5359620,3,5704273,1140854.6,2436801.8,5498982,3,243796,81265.336,72761.0,141818,549,0,0,0,0,132,92,1.051843,0.70122874,0,517,70.818184,154.97214,24016.363,0,0,0,1,0,0,0,0,0,77.9,101.833336,42.0,0,0,0,0,0,0,6,611,4,168,8192,116,5,20,344650.0,0.0,344650,344650,5359620.0,0.0,5359620,5359620,Benign
17,225,2,2,64,158,32,32,32.0,0.0,79,79,79.0,0.0,986666.666666667,17777.7777777778,75.0,129.03876,224,0,0,0.0,0.0,0,0,1,1.0,0.0,1,1,0,0,0,0,64,64,8888.889,8888.889,32,79,50.8,25.74296,662.7,0,0,0,0,0,0,0,0,1,63.5,32.0,79.0,0,0,0,0,0,0,2,64,2,158,-1,-1,1,32,0.0,0.0,0,0,0.0,0.0,0,0,Benign
17,31055,4,2,164,310,41,41,41.0,0.0,155,155,155.0,0.0,15263.2426340364,193.205602962486,6211.0,13735.902,30782,1,30786,10262.0,17770.842,30782,1,48,48.0,0.0,48,48,0,0,0,0,128,64,128.80374,64.40187,41,155,73.57143,55.626305,3094.2856,0,0,0,0,0,0,0,0,0,85.833336,41.0,155.0,0,0,0,0,0,0,4,164,2,310,-1,-1,3,32,0.0,0.0,0,0,0.0,0.0,0,0,Benign
6,53032,2,1,0,0,0,0,0.0,0.0,0,0,0.0,0.0,0.0,56.5696183436416,26516.0,37459.688,53004,28,53032,53032.0,0.0,53032,53032,0,0.0,0.0,0,0,0,0,0,0,76,32,37.713078,18.856539,0,0,0.0,0.0,0.0,0,0,0,0,1,0,0,0,0,0.0,0.0,0.0,0,0,0,0,0,0,2,0,1,0,179,32832,0,32,0.0,0.0,0,0,0.0,0.0,0,0,Benign
17,30492,1,1,55,82,55,55,55.0,0.0,82,82,82.0,0.0,4492.98176570904,65.5909746818838,30492.0,0.0,30492,30492,0,0.0,0.0,0,0,0,0.0,0.0,0,0,0,0,0,0,20,20,32.795486,32.795486,55,82,64.0,15.588457,243.0,0,0,0,0,0,0,0,0,1,96.0,55.0,82.0,0,0,0,0,0,0,1,55,1,82,-1,-1,0,20,0.0,0.0,0,0,0.0,0.0,0,0,Benign
6,6304197,10,6,373,4467,180,0,37.3,71.252365,1418,0,744.5,716.325,767.742505508632,2.53799175374754,420279.8,1488958.8,5794932,2,6304197,700466.3,1912949.1,5794932,2,430145,86029.0,154440.22,356566,190,0,0,0,0,328,200,1.5862448,0.9517469,0,1418,284.70587,534.6095,285807.34,0,0,0,1,0,0,0,0,0,302.5,37.3,744.5,0,0,0,0,0,0,10,373,6,4467,29200,349,3,32,509263.0,0.0,509263,509263,5794932.0,0.0,5794932,5794932,Benign
17,30751,1,1,51,67,51,51,51.0,0.0,67,67,67.0,0.0,3837.27358459887,65.0385353321843,30751.0,0.0,30751,30751,0,0.0,0.0,0,0,0,0.0,0.0,0,0,0,0,0,0,20,20,32.519268,32.519268,51,67,56.333332,9.237604,85.333336,0,0,0,0,0,0,0,0,1,84.5,51.0,67.0,0,0,0,0,0,0,1,51,1,67,-1,-1,0,20,0.0,0.0,0,0,0.0,0.0,0,0,Benign
17,31744,2,2,88,200,44,44,44.0,0.0,100,100,100.0,0.0,9072.58064516129,126.008064516129,10581.333,18323.943,31740,1,3,3.0,0.0,3,3,1,1.0,0.0,1,1,0,0,0,0,40,40,63.004032,63.004032,44,100,66.4,30.672462,940.8,0,0,0,0,0,0,0,0,1,83.0,44.0,100.0,0,0,0,0,0,0,2,88,2,200,-1,-1,1,20,0.0,0.0,0,0,0.0,0.0,0,0,Benign
17,797,2,2,494,2820,247,247,247.0,0.0,1410,1410,1410.0,0.0,4158092.84818068,5018.82057716437,265.66666,454.95312,791,2,2,2.0,0.0,2,2,4,4.0,0.0,4,4,0,0,0,0,64,64,2509.4104,2509.4104,247,1410,712.2,637.00134,405770.7,0,0,0,0,0,0,0,0,1,890.25,247.0,1410.0,0,0,0,0,0,0,2,494,2,2820,-1,-1,1,32,0.0,0.0,0,0,0.0,0.0,0,0,Benign
17,35544957,2,2,95,168,48,47,47.5,0.70710677,105,63,84.0,29.698484,7.39908055030141,0.112533544491276,11848319.0,20470218.0,35485282,12876,35532081,35532080.0,0.0,35532081,35532081,35498158,35498160.0,0.0,35498158,35498158,0,0,0,0,40,40,0.056266773,0.056266773,47,105,62.2,24.833445,616.7,0,0,0,0,0,0,0,0,1,77.75,47.5,84.0,0,0,0,0,0,0,2,95,2,168,-1,-1,1,20,46799.0,0.0,46799,46799,35485280.0,0.0,35485282,35485282,Benign
17,137124,2,2,76,284,38,38,38.0,0.0,142,142,142.0,0.0,2625.36098713573,29.1706776348415,45708.0,79163.38,137118,3,3,3.0,0.0,3,3,3,3.0,0.0,3,3,0,0,0,0,40,40,14.585339,14.585339,38,142,79.6,56.963146,3244.8,0,0,0,0,0,0,0,0,1,99.5,38.0,142.0,0,0,0,0,0,0,2,76,2,284,-1,-1,1,20,0.0,0.0,0,0,0.0,0.0,0,0,Benign
17,163,2,2,66,98,33,33,33.0,0.0,49,49,49.0,0.0,1006134.96932515,24539.8773006135,54.333332,89.7905,158,1,4,4.0,0.0,4,4,1,1.0,0.0,1,1,0,0,0,0,40,40,12269.938,12269.938,33,49,39.4,8.763561,76.8,0,0,0,0,0,0,0,0,1,49.25,33.0,49.0,0,0,0,0,0,0,2,66,2,98,-1,-1,1,20,0.0,0.0,0,0,0.0,0.0,0,0,Benign
6,52948,2,1,0,0,0,0,0.0,0.0,0,0,0.0,0.0,0.0,56.6593639042079,26474.0,37438.477,52947,1,1,1.0,0.0,1,1,0,0.0,0.0,0,0,0,0,0,0,64,44,37.77291,18.886456,0,0,0.0,0.0,0.0,0,0,0,0,1,1,0,0,0,0.0,0.0,0.0,0,0,0,0,0,0,2,0,1,0,32832,357,0,32,0.0,0.0,0,0,0.0,0.0,0,0,Benign
6,2630963,9,11,756,6132,397,0,84.0,137.55453,1460,0,557.4545,627.27527,2618.05278143402,7.60177927245651,138471.73,420518.97,1864619,41,764785,95598.125,82862.51,215708,2712,2529646,252964.6,612429.25,1978336,49,0,0,0,0,192,232,3.4208007,4.180979,0,1460,328.0,515.2021,265433.2,0,0,0,1,0,0,0,0,1,344.4,84.0,557.4545,0,0,0,0,0,0,9,756,11,6132,8192,245,8,20,0.0,0.0,0,0,0.0,0.0,0,0,Benign
6,46299727,9,9,1244,1502,1202,0,138.22223,398.9216,1460,0,166.88889,484.92072,59.3092049981202,0.388771190810693,2723513.2,4437648.5,10225024,1,40998441,5124805.0,5399170.5,10240014,1,46284386,5785548.0,4994692.0,10240238,3,0,0,0,0,200,192,0.19438559,0.19438559,0,1460,144.52632,420.3199,176668.81,0,0,0,1,0,0,0,0,1,152.55556,138.22223,166.88889,0,0,0,0,0,0,9,1244,9,1502,29200,31,8,20,86552.25,143067.17,301153,14987,10163058.0,108463.266,10225024,10001246,Benign
6,3065622,2,4,52,147,46,6,26.0,28.284271,64,6,36.75,24.540783,64.9134172445266,1.95718845963397,613124.4,1253451.0,2850812,0,214806,214806.0,0.0,214806,214806,3041781,1013927.0,1756169.6,3041777,0,1,0,0,0,40,80,0.65239614,1.3047923,6,64,35.0,21.992422,483.66666,0,1,0,0,1,0,0,0,2,40.833332,26.0,36.75,0,0,0,0,0,0,2,52,4,147,16402,292,1,20,0.0,0.0,0,0,0.0,0.0,0,0,Benign
6,96392,2,1,6,6,6,0,3.0,4.2426405,6,6,6.0,0.0,124.491659058843,31.1229147647108,48196.0,68037.81,96306,86,96392,96392.0,0.0,96392,96392,0,0.0,0.0,0,0,0,0,0,0,52,20,20.74861,10.374305,0,6,4.5,3.0,9.0,0,0,0,0,1,1,0,0,0,6.0,3.0,6.0,0,0,0,0,0,0,2,6,1,6,10231,32850,0,20,0.0,0.0,0,0,0.0,0.0,0,0,Benign
6,3057865,12,11,999,3950,267,0,83.25,95.785866,1448,0,359.0909,569.91833,1618.44947373412,7.52158777447664,138993.86,244110.14,997703,3,2294988,208635.27,287145.66,997703,184,1965170,196517.0,256698.02,683856,3,0,0,0,0,400,360,3.9243066,3.5972812,0,1448,206.20833,408.0731,166523.66,0,0,0,1,0,0,0,0,0,215.17392,83.25,359.0909,0,0,0,0,0,0,12,999,11,3950,29200,254,6,32,0.0,0.0,0,0,0.0,0.0,0,0,Benign
6,115868949,24,20,744,6619,397,0,31.0,90.28506,1448,0,330.95,559.7403,63.5459289442593,0.379739355364309,2694626.8,4474034.5,10217037,1,115868949,5037780.5,5108391.5,10240010,3,112496126,5920848.5,5168509.0,10241199,194,0,0,0,0,776,648,0.20713055,0.1726088,0,1448,163.62222,403.09113,162482.47,0,0,0,1,0,0,0,0,0,167.34091,31.0,330.95,0,0,0,0,0,0,24,744,20,6619,29200,972,4,32,39343.91,53570.594,200862,22955,10187583.0,69137.01,10217037,10003300,Benign
17,91463,4,2,200,434,50,50,50.0,0.0,217,217,217.0,0.0,6931.76475733357,65.6002973880148,18292.6,27271.158,61005,3,30455,10151.667,17566.748,30436,9,3,3.0,0.0,3,3,0,0,0,0,128,64,43.733532,21.866766,50,217,97.71429,81.487656,6640.2383,0,0,0,0,0,0,0,0,0,114.0,50.0,217.0,0,0,0,0,0,0,4,200,2,434,-1,-1,3,32,0.0,0.0,0,0,0.0,0.0,0,0,Benign
17,60754,1,1,55,110,55,55,55.0,0.0,110,110,110.0,0.0,2715.87055996313,32.9196431510682,60754.0,0.0,60754,60754,0,0.0,0.0,0,0,0,0.0,0.0,0,0,0,0,0,0,20,32,16.459822,16.459822,55,110,73.333336,31.754265,1008.3333,0,0,0,0,0,0,0,0,1,110.0,55.0,110.0,0,0,0,0,0,0,1,55,1,110,-1,-1,0,20,0.0,0.0,0,0,0.0,0.0,0,0,Benign
6,60874990,15,12,1657,420,1379,0,110.46667,355.84183,244,0,35.0,77.94054,34.1191021140209,0.44353190037485,2341345.8,4291298.5,10029389,2,60874990,4348213.5,5138891.5,10080012,1207,60730695,5520972.5,5231719.5,10080121,2,0,0,0,0,488,392,0.24640661,0.19712529,0,1379,74.17857,264.10043,69749.04,0,0,0,1,0,0,0,0,0,76.92593,110.46667,35.0,0,0,0,0,0,0,15,1657,12,420,29200,120,3,32,77892.164,66696.11,214035,50617,10023809.0,13549.341,10029389,9996152,Benign
6,22,2,1,37,6,37,0,18.5,26.16295,6,6,6.0,0.0,1954545.45454545,136363.636363636,11.0,11.313708,19,3,3,3.0,0.0,3,3,0,0.0,0.0,0,0,1,0,0,0,64,20,90909.09,45454.547,0,37,20.0,19.782146,391.33334,0,1,0,0,1,0,0,0,0,26.666666,18.5,6.0,0,0,0,0,0,0,2,37,1,6,972,0,0,32,0.0,0.0,0,0,0.0,0.0,0,0,Benign
17,1048,2,2,66,98,33,33,33.0,0.0,49,49,49.0,0.0,156488.549618321,3816.79389312977,349.33334,562.19244,998,3,3,3.0,0.0,3,3,47,47.0,0.0,47,47,0,0,0,0,40,40,1908.397,1908.397,33,49,39.4,8.763561,76.8,0,0,0,0,0,0,0,0,1,49.25,33.0,49.0,0,0,0,0,0,0,2,66,2,98,-1,-1,1,20,0.0,0.0,0,0,0.0,0.0,0,0,Benign
17,77864,2,2,86,214,43,43,43.0,0.0,107,107,107.0,0.0,3852.87167368745,51.3716223158327,25954.666,44947.875,77856,4,4,4.0,0.0,4,4,4,4.0,0.0,4,4,0,0,0,0,64,64,25.685812,25.685812,43,107,68.6,35.054245,1228.8,0,0,0,0,0,0,0,0,1,85.75,43.0,107.0,0,0,0,0,0,0,2,86,2,214,-1,-1,1,32,0.0,0.0,0,0,0.0,0.0,0,0,Benign
17,30754,2,2,68,198,34,34,34.0,0.0,99,99,99.0,0.0,8649.28139429017,130.064381869025,10251.333,17749.768,30747,3,3,3.0,0.0,3,3,4,4.0,0.0,4,4,0,0,0,0,64,40,65.03219,65.03219,34,99,60.0,35.601967,1267.5,0,0,0,0,0,0,0,0,1,75.0,34.0,99.0,0,0,0,0,0,0,2,68,2,198,-1,-1,1,32,0.0,0.0,0,0,0.0,0.0,0,0,Benign
17,37617,1,1,48,48,48,48,48.0,0.0,48,48,48.0,0.0,2552.03764255523,53.1674508865673,37617.0,0.0,37617,37617,0,0.0,0.0,0,0,0,0.0,0.0,0,0,0,0,0,0,32,32,26.583725,26.583725,48,48,48.0,0.0,0.0,0,0,0,0,0,0,0,0,1,72.0,48.0,48.0,0,0,0,0,0,0,1,48,1,48,-1,-1,0,32,0.0,0.0,0,0,0.0,0.0,0,0,Benign
6,129756,6,6,356,3782,212,0,59.333332,89.22481,1460,0,630.3333,677.21716,31890.6254816733,92.4812725423102,11796.0,18264.309,40528,49,129756,25951.2,22514.889,46035,102,89536,17907.2,21907.95,43370,49,0,0,0,0,132,132,46.240635,46.240635,0,1460,318.30768,533.9169,285067.22,0,0,0,1,0,0,0,0,1,344.83334,59.333332,630.3333,0,0,0,0,0,0,6,356,6,3782,8192,60,5,20,0.0,0.0,0,0,0.0,0.0,0,0,Benign
17,181,2,2,84,116,42,42,42.0,0.0,58,58,58.0,0.0,1104972.37569061,22099.4475138122,60.333332,62.772076,128,4,49,49.0,0.0,49,49,4,4.0,0.0,4,4,0,0,0,0,40,40,11049.724,11049.724,42,58,48.4,8.763561,76.8,0,0,0,0,0,0,0,0,1,60.5,42.0,58.0,0,0,0,0,0,0,2,84,2,116,-1,-1,1,20,0.0,0.0,0,0,0.0,0.0,0,0,Benign
17,48604,2,2,60,228,30,30,30.0,0.0,114,114,114.0,0.0,5925.43823553617,82.2977532713357,16201.333,28056.336,48598,3,3,3.0,0.0,3,3,3,3.0,0.0,3,3,0,0,0,0,64,64,41.148876,41.148876,30,114,63.6,46.008694,2116.8,0,0,0,0,0,0,0,0,1,79.5,30.0,114.0,0,0,0,0,0,0,2,60,2,228,-1,-1,1,32,0.0,0.0,0,0,0.0,0.0,0,0,Benign
6,79130317,31,37,2551,3574,617,0,82.29032,137.64597,975,0,96.5946,195.80197,77.4039613666656,0.859341938438083,1181049.5,5389263.5,29969522,2,79054095,2635136.5,7908490.5,30045373,3,79093979,2197055.0,7255349.5,30006214,2,1,0,0,0,992,1184,0.39175883,0.46758312,0,975,89.434784,169.51231,28734.426,0,1,0,0,1,0,0,0,1,90.75,82.29032,96.5946,0,0,0,0,0,0,31,2551,37,3574,553,503,16,32,1332456.0,1628880.8,3189278,144408,25001102.0,8129887.5,29969522,15618982,Benign
17,56353720,4,4,156,454,46,32,39.0,8.082904,133,94,113.5,22.51666,10.8244850561773,0.141960459753145,8050531.5,21284948.0,56320250,1,56352345,18784116.0,32535000.0,56352297,1,56321629,18773876.0,32517302.0,56321623,3,0,0,0,0,144,144,0.07098023,0.07098023,32,133,72.888885,41.27785,1703.8611,0,0,0,0,0,0,0,0,1,82.0,39.0,113.5,0,0,0,0,0,0,4,156,4,454,-1,-1,3,32,32094.0,0.0,32094,32094,56320250.0,0.0,56320250,56320250,Benign
17,191,2,2,88,120,44,44,44.0,0.0,60,60,60.0,0.0,1089005.23560209,20942.4083769633,63.666668,26.274195,94,48,49,49.0,0.0,49,49,48,48.0,0.0,48,48,0,0,0,0,40,40,10471.204,10471.204,44,60,50.4,8.763561,76.8,0,0,0,0,0,0,0,0,1,63.0,44.0,60.0,0,0,0,0,0,0,2,88,2,120,-1,-1,1,20,0.0,0.0,0,0,0.0,0.0,0,0,Benign
17,91146,2,2,60,214,30,30,30.0,0.0,107,107,107.0,0.0,3006.1659315823,43.8856340376978,30382.0,52617.105,91139,3,4,4.0,0.0,4,4,3,3.0,0.0,3,3,0,0,0,0,64,64,21.942818,21.942818,30,107,60.8,42.174637,1778.7,0,0,0,0,0,0,0,0,1,76.0,30.0,107.0,0,0,0,0,0,0,2,60,2,214,-1,-1,1,32,0.0,0.0,0,0,0.0,0.0,0,0,Benign
6,47252,3,4,438,858,438,0,146.0,252.87943,858,0,214.5,429.0,27427.4104799797,148.141877592483,7875.3335,11845.931,23168,4,23305,11652.5,16324.975,23196,109,24092,8030.6665,13240.502,23313,4,0,0,0,0,104,136,63.489376,84.652504,0,858,162.0,320.28024,102579.43,0,0,0,1,0,0,0,0,1,185.14285,146.0,214.5,0,0,0,0,0,0,3,438,4,858,29200,31,1,32,0.0,0.0,0,0,0.0,0.0,0,0,Benign
17,31793,1,1,55,111,55,55,55.0,0.0,111,111,111.0,0.0,5221.27512345485,62.9069291982512,31793.0,0.0,31793,31793,0,0.0,0.0,0,0,0,0.0,0.0,0,0,0,0,0,0,32,40,31.453465,31.453465,55,111,73.666664,32.331615,1045.3334,0,0,0,0,0,0,0,0,1,110.5,55.0,111.0,0,0,0,0,0,0,1,55,1,111,-1,-1,0,32,0.0,0.0,0,0,0.0,0.0,0,0,Benign
17,71353,1,1,64,117,64,64,64.0,0.0,117,117,117.0,0.0,2536.68381147254,28.0296553753872,71353.0,0.0,71353,71353,0,0.0,0.0,0,0,0,0.0,0.0,0,0,0,0,0,0,20,20,14.014828,14.014828,64,117,81.666664,30.599564,936.3333,0,0,0,0,0,0,0,0,1,122.5,64.0,117.0,0,0,0,0,0,0,1,64,1,117,-1,-1,0,20,0.0,0.0,0,0,0.0,0.0,0,0,Benign
6,75077655,12,13,8320,3898,2671,0,693.3333,1026.3988,1330,0,299.84616,536.83777,162.738167567967,0.332988556981435,3128235.5,10568040.0,44976809,3,75077655,6825241.5,15137383.0,44976809,42,75006647,6250554.0,14602754.0,45047249,3,0,0,0,0,252,284,0.1598345,0.17315406,0,2671,469.92307,806.04193,649703.6,0,0,0,1,0,0,0,0,1,488.72,693.3333,299.84616,0,0,0,0,0,0,12,8320,13,3898,8192,136,11,20,1056647.0,29759.297,1077690,1035604,36445332.0,12065330.0,44976809,27913856,Benign
17,24138,2,2,74,160,37,37,37.0,0.0,80,80,80.0,0.0,9694.25801640567,165.713812246251,8046.0,13930.019,24131,3,4,4.0,0.0,4,4,3,3.0,0.0,3,3,0,0,0,0,64,64,82.8569,82.8569,37,80,54.2,23.55207,554.7,0,0,0,0,0,0,0,0,1,67.75,37.0,80.0,0,0,0,0,0,0,2,74,2,160,-1,-1,1,32,0.0,0.0,0,0,0.0,0.0,0,0,Benign
17,47276,1,1,51,112,51,51,51.0,0.0,112,112,112.0,0.0,3447.83822658431,42.3047635163719,47276.0,0.0,47276,47276,0,0.0,0.0,0,0,0,0.0,0.0,0,0,0,0,0,0,20,20,21.152382,21.152382,51,112,71.333336,35.218365,1240.3334,0,0,0,0,0,0,0,0,1,107.0,51.0,112.0,0,0,0,0,0,0,1,51,1,112,-1,-1,0,20,0.0,0.0,0,0,0.0,0.0,0,0,Benign
17,31187,2,2,86,194,43,43,43.0,0.0,97,97,97.0,0.0,8978.09984929618,128.25856927566,10395.667,18000.627,31181,3,3,3.0,0.0,3,3,3,3.0,0.0,3,3,0,0,0,0,40,40,64.12929,64.12929,43,97,64.6,29.577019,874.8,0,0,0,0,0,0,0,0,1,80.75,43.0,97.0,0,0,0,0,0,0,2,86,2,194,-1,-1,1,20,0.0,0.0,0,0,0.0,0.0,0,0,Benign
6,79953,21,19,1234,20369,901,0,58.761906,195.65938,1460,0,1072.0526,595.9235,270196.240291171,500.293922679574,2050.077,4575.2886,15146,0,79953,3997.65,6836.6865,21879,3,58661,3258.9443,5992.8945,16621,2,0,0,0,0,444,392,262.6543,237.63962,0,1460,526.90247,664.9131,442109.44,0,0,0,1,0,0,0,0,0,540.075,58.761906,1072.0526,0,0,0,0,0,0,21,1234,19,20369,65535,32,20,20,0.0,0.0,0,0,0.0,0.0,0,0,Benign
17,47779,2,2,68,422,34,34,34.0,0.0,211,211,211.0,0.0,10255.5516021683,83.7187885891291,15926.333,27580.021,47773,3,3,3.0,0.0,3,3,3,3.0,0.0,3,3,0,0,0,0,64,40,41.859394,41.859394,34,211,104.8,96.94689,9398.7,0,0,0,0,0,0,0,0,1,131.0,34.0,211.0,0,0,0,0,0,0,2,68,2,422,-1,-1,1,32,0.0,0.0,0,0,0.0,0.0,0,0,Benign
6,128153,6,6,1549,3643,1203,0,258.16666,470.42978,1590,0,607.1667,724.62634,40514.0730220908,93.6380732405796,11650.272,15428.926,33116,120,97290,19458.0,16873.305,33451,162,97668,19533.6,17398.65,33398,206,0,0,0,0,132,132,46.81904,46.81904,0,1590,399.3846,596.5275,355845.1,0,0,0,1,0,0,0,0,1,432.66666,258.16666,607.1667,0,0,0,0,0,0,6,1549,6,3643,8192,142,5,20,0.0,0.0,0,0,0.0,0.0,0,0,Benign
17,60323,1,1,53,114,53,53,53.0,0.0,114,114,114.0,0.0,2768.42995209124,33.1548497256436,60323.0,0.0,60323,60323,0,0.0,0.0,0,0,0,0.0,0.0,0,0,0,0,0,0,32,20,16.577425,16.577425,53,114,73.333336,35.218365,1240.3334,0,0,0,0,0,0,0,0,1,110.0,53.0,114.0,0,0,0,0,0,0,1,53,1,114,-1,-1,0,32,0.0,0.0,0,0,0.0,0.0,0,0,Benign
17,23833,1,1,95,207,95,95,95.0,0.0,207,207,207.0,0.0,12671.5058951873,83.9172575840222,23833.0,0.0,23833,23833,0,0.0,0.0,0,0,0,0.0,0.0,0,0,0,0,0,0,20,32,41.95863,41.95863,95,207,132.33333,64.66323,4181.3335,0,0,0,0,0,0,0,0,1,198.5,95.0,207.0,0,0,0,0,0,0,1,95,1,207,-1,-1,0,20,0.0,0.0,0,0,0.0,0.0,0,0,Benign
6,60671732,16,16,1222,7184,463,0,76.375,144.86769,1765,0,449.0,648.2199,138.548871490928,0.527428490091564,1957152.6,3989815.2,10004429,27,60671732,4044782.2,5042734.5,10055113,975,60620634,4041375.5,5080902.0,10055313,49,0,0,0,0,332,404,0.26371425,0.26371425,0,1765,254.72728,493.56308,243604.52,0,0,0,1,0,0,0,0,1,262.6875,76.375,449.0,0,0,0,0,0,0,16,1222,16,7184,8192,118,15,20,129370.664,192494.81,522299,50648,9968231.0,84624.57,10004429,9795515,Benign
6,997,3,0,0,0,0,0,0.0,0.0,0,0,0.0,0.0,0.0,3009.02708124373,498.5,700.7428,994,3,997,498.5,700.7428,994,3,0,0.0,0.0,0,0,0,0,0,0,96,0,3009.027,0.0,0,0,0.0,0.0,0.0,0,0,0,0,1,0,0,0,0,0.0,0.0,0.0,0,0,0,0,0,0,3,0,0,0,33300,-1,0,32,0.0,0.0,0,0,0.0,0.0,0,0,Benign
6,66,1,1,0,0,0,0,0.0,0.0,0,0,0.0,0.0,0.0,30303.0303030303,66.0,0.0,66,66,0,0.0,0.0,0,0,0,0.0,0.0,0,0,0,0,0,0,32,32,15151.516,15151.516,0,0,0.0,0.0,0.0,0,0,0,0,1,1,0,0,1,0.0,0.0,0.0,0,0,0,0,0,0,1,0,1,0,939,243,0,32,0.0,0.0,0,0,0.0,0.0,0,0,Benign
6,59679,2,3,0,18,0,0,0.0,0.0,6,6,6.0,0.0,301.613632936209,83.7815647045024,14919.75,29625.873,59358,1,59679,59679.0,0.0,59679,59679,4,2.0,1.4142135,3,1,0,0,0,0,64,60,33.512627,50.26894,0,6,3.0,3.2863352,10.8,0,0,0,0,1,0,0,0,1,3.6,0.0,6.0,0,0,0,0,0,0,2,0,3,18,118,0,0,32,0.0,0.0,0,0,0.0,0.0,0,0,Benign
17,240,2,2,96,180,48,48,48.0,0.0,90,90,90.0,0.0,1150000.0,16666.6666666667,80.0,133.3679,234,3,3,3.0,0.0,3,3,3,3.0,0.0,3,3,0,0,0,0,64,64,8333.333,8333.333,48,90,64.8,23.004347,529.2,0,0,0,0,0,0,0,0,1,81.0,48.0,90.0,0,0,0,0,0,0,2,96,2,180,-1,-1,1,32,0.0,0.0,0,0,0.0,0.0,0,0,Benign
6,60370238,13,14,776,5517,403,0,59.692307,118.861534,1460,0,394.07144,605.74347,104.240105861435,0.447240244439653,2321932.2,4259544.5,10005202,36,60370238,5030853.0,5179417.0,10055494,453,60319798,4639984.5,5186592.5,10055278,48,0,0,0,0,272,352,0.2153379,0.23190235,0,1460,224.75,461.30353,212800.94,0,0,0,1,0,0,0,0,1,233.07408,59.692307,394.07144,0,0,0,0,0,0,13,776,14,5517,8192,114,12,20,114585.0,157764.33,436620,50055,9947076.0,88721.44,10005202,9796436,Benign
17,31045,2,2,60,450,30,30,30.0,0.0,225,225,225.0,0.0,16427.7661459172,128.845224673861,10348.333,17918.643,31039,3,3,3.0,0.0,3,3,3,3.0,0.0,3,3,0,0,0,0,40,40,64.422615,64.422615,30,225,108.0,106.8059,11407.5,0,0,0,0,0,0,0,0,1,135.0,30.0,225.0,0,0,0,0,0,0,2,60,2,450,-1,-1,1,20,0.0,0.0,0,0,0.0,0.0,0,0,Benign
17,206,2,2,70,456,35,35,35.0,0.0,228,228,228.0,0.0,2553398.05825243,19417.4757281553,68.666664,112.873085,199,3,3,3.0,0.0,3,3,4,4.0,0.0,4,4,0,0,0,0,40,40,9708.738,9708.738,35,228,112.2,105.71046,11174.7,0,0,0,0,0,0,0,0,1,140.25,35.0,228.0,0,0,0,0,0,0,2,70,2,456,-1,-1,1,20,0.0,0.0,0,0,0.0,0.0,0,0,Benign
6,6954188,9,9,693,6594,413,0,77.0,146.7353,2074,0,732.6667,850.17426,1047.85778008878,2.58836833286647,409069.88,1645466.4,6793961,3,6954188,869273.5,2394272.2,6794462,405,6902760,862845.0,2396648.0,6793964,196,0,0,0,0,296,296,1.2941842,1.2941842,0,2074,383.5263,668.5153,446912.72,0,0,0,1,0,0,0,0,1,404.83334,77.0,732.6667,0,0,0,0,0,0,9,693,9,6594,29200,114,3,32,159726.0,0.0,159726,159726,6793961.0,0.0,6793961,6793961,Benign
17,33020,2,2,62,130,31,31,31.0,0.0,65,65,65.0,0.0,5814.65778316172,121.138703815869,11006.667,19060.643,33016,1,1,1.0,0.0,1,1,3,3.0,0.0,3,3,0,0,0,0,40,40,60.56935,60.56935,31,65,44.6,18.622566,346.8,0,0,0,0,0,0,0,0,1,55.75,31.0,65.0,0,0,0,0,0,0,2,62,2,130,-1,-1,1,20,0.0,0.0,0,0,0.0,0.0,0,0,Benign
17,60751,1,1,53,166,53,53,53.0,0.0,166,166,166.0,0.0,3604.87893203404,32.921268785699,60751.0,0.0,60751,60751,0,0.0,0.0,0,0,0,0.0,0.0,0,0,0,0,0,0,20,20,16.460634,16.460634,53,166,90.666664,65.24058,4256.3335,0,0,0,0,0,0,0,0,1,136.0,53.0,166.0,0,0,0,0,0,0,1,53,1,166,-1,-1,0,20,0.0,0.0,0,0,0.0,0.0,0,0,Benign
17,42023,4,4,180,436,45,45,45.0,0.0,109,109,109.0,0.0,14658.6393165647,190.371939176165,6003.2856,11970.731,31794,3,41863,13954.333,24164.418,41857,3,10226,3408.6667,5897.922,10219,3,0,0,0,0,128,128,95.18597,95.18597,45,109,73.44444,33.73096,1137.7778,0,0,0,0,0,0,0,0,1,82.625,45.0,109.0,0,0,0,0,0,0,4,180,4,436,-1,-1,3,32,0.0,0.0,0,0,0.0,0.0,0,0,Benign
6,116450051,16,14,534,985,444,6,33.375,109.5,979,0,70.35714,261.5303,13.044219276469,0.257621183867064,4015519.0,4810522.0,10073527,11801,116450051,7763336.5,3931108.5,10095505,261964,112384956,8644997.0,3620410.0,11032419,11801,0,0,0,0,320,424,0.13739796,0.12022322,0,979,49.19355,189.83931,36038.96,0,0,0,0,1,0,0,0,0,50.833332,33.375,70.35714,0,0,0,0,0,0,16,534,14,985,256,127,15,20,229832.73,465253.8,1300042,21978,9986673.0,72686.3,10073527,9778497,Benign
17,24220,1,1,49,112,49,49,49.0,0.0,112,112,112.0,0.0,6647.39884393064,82.5763831544179,24220.0,0.0,24220,24220,0,0.0,0.0,0,0,0,0.0,0.0,0,0,0,0,0,0,20,44,41.288193,41.288193,49,112,70.0,36.373066,1323.0,0,0,0,0,0,0,0,0,1,105.0,49.0,112.0,0,0,0,0,0,0,1,49,1,112,-1,-1,0,20,0.0,0.0,0,0,0.0,0.0,0,0,Benign
17,69688,2,2,88,296,44,44,44.0,0.0,148,148,148.0,0.0,5510.27436574446,57.3986913098381,23229.334,40220.53,69672,3,3,3.0,0.0,3,3,13,13.0,0.0,13,13,0,0,0,0,40,40,28.699347,28.699347,44,148,85.6,56.963146,3244.8,0,0,0,0,0,0,0,0,1,107.0,44.0,148.0,0,0,0,0,0,0,2,88,2,296,-1,-1,1,20,0.0,0.0,0,0,0.0,0.0,0,0,Benign
17,69531,2,2,76,202,38,38,38.0,0.0,101,101,101.0,0.0,3998.21662280134,57.5282967309545,23177.0,40138.547,69525,3,3,3.0,0.0,3,3,3,3.0,0.0,3,3,0,0,0,0,64,64,28.764149,28.764149,38,101,63.2,34.50652,1190.7,0,0,0,0,0,0,0,0,1,79.0,38.0,101.0,0,0,0,0,0,0,2,76,2,202,-1,-1,1,32,0.0,0.0,0,0,0.0,0.0,0,0,Benign
6,115484041,16,14,437,746,437,0,27.3125,109.25,746,0,53.285713,199.37689,10.2438396661232,0.259776153832372,3982208.2,4877565.5,10023637,60,115484041,7698936.0,4179325.2,10060009,22433,110607258,8508251.0,3758494.0,10059834,17417,0,0,0,0,520,456,0.13854729,0.121228874,0,746,38.16129,153.00764,23411.34,0,0,0,1,0,0,0,0,0,39.433334,27.3125,53.285713,0,0,0,0,0,0,16,437,14,746,29200,340,1,32,43520.184,24036.393,115992,36159,10011695.0,5430.503,10023637,9999359,Benign
17,61967,2,2,76,262,38,38,38.0,0.0,131,131,131.0,0.0,5454.51611341521,64.5504865492924,20655.666,35771.47,61961,3,3,3.0,0.0,3,3,3,3.0,0.0,3,3,0,0,0,0,88,80,32.27524,32.27524,38,131,75.2,50.938198,2594.7,0,0,0,0,0,0,0,0,1,94.0,38.0,131.0,0,0,0,0,0,0,2,76,2,262,-1,-1,1,44,0.0,0.0,0,0,0.0,0.0,0,0,Benign
6,274,3,0,43,0,31,6,14.333333,14.433757,0,0,0.0,0.0,156934.306569343,10948.9051094891,137.0,192.33304,273,1,274,137.0,192.33304,273,1,0,0.0,0.0,0,0,0,0,0,0,60,0,10948.905,0.0,6,31,12.25,12.5,156.25,0,0,0,0,1,0,0,0,0,16.333334,14.333333,0.0,0,0,0,0,0,0,3,43,0,0,66,-1,2,20,0.0,0.0,0,0,0.0,0.0,0,0,Benign
6,733952,33,36,939,70003,517,0,28.454546,109.08887,4344,0,1944.5278,1097.1261,96657.547087548,94.0115974886641,10793.412,34740.523,145802,2,733930,22935.312,48287.863,146511,189,588150,16804.285,44252.605,147070,4,0,0,0,0,1064,1160,44.962067,49.04953,0,4344,1013.45715,1243.8989,1547284.5,0,0,0,1,0,0,0,0,1,1028.1449,28.454546,1944.5278,0,0,0,0,0,0,33,939,36,70003,29200,243,3,32,0.0,0.0,0,0,0.0,0.0,0,0,Benign
6,99609,11,14,355,23056,355,0,32.272728,107.03653,4344,0,1646.8572,1117.4338,235028.963246293,250.981337027779,4150.375,8977.654,24038,14,99609,9960.9,16450.92,47787,195,50003,3846.3845,8935.049,24442,48,0,0,0,0,364,456,110.431786,140.54955,0,4344,900.4231,1153.234,1329948.6,0,0,0,1,0,0,0,0,1,936.44,32.272728,1646.8572,0,0,0,0,0,0,11,355,14,23056,65535,939,1,32,0.0,0.0,0,0,0.0,0.0,0,0,Benign
6,116839165,135,216,5553,216042,719,6,41.133335,76.56046,3568,6,1000.19446,778.55164,1896.58151014688,3.00412965121755,333826.2,4247982.5,58844632,1,116839165,871934.06,6856534.0,58921593,23,116751251,543029.06,5417984.5,58881338,1,1,0,0,0,2700,4320,1.1554345,1.8486952,6,3568,630.0057,769.31006,591837.94,0,1,0,0,1,0,0,0,1,631.8006,41.133335,1000.19446,0,0,0,0,0,0,135,5553,216,216042,285,474,134,20,2157247.0,2887199.0,4198805,115689,56218908.0,3713333.0,58844632,53593186,Benign
17,69043175,2,2,96,96,48,48,48.0,0.0,48,48,48.0,0.0,2.78086863763145,0.057934763283989,23014392.0,39787436.0,68956964,43035,69000140,69000140.0,0.0,69000140,69000140,68999999,69000000.0,0.0,68999999,68999999,0,0,0,0,40,40,0.028967382,0.028967382,48,48,48.0,0.0,0.0,0,0,0,0,0,0,0,0,1,60.0,48.0,48.0,0,0,0,0,0,0,2,96,2,96,-1,-1,1,20,43176.0,0.0,43176,43176,68956960.0,0.0,68956964,68956964,Benign
17,191,2,2,92,284,46,46,46.0,0.0,142,142,142.0,0.0,1968586.38743456,20942.4083769633,63.666668,105.07775,185,3,3,3.0,0.0,3,3,3,3.0,0.0,3,3,0,0,0,0,80,80,10471.204,10471.204,46,142,84.4,52.581364,2764.8,0,0,0,0,0,0,0,0,1,105.5,46.0,142.0,0,0,0,0,0,0,2,92,2,284,-1,-1,1,40,0.0,0.0,0,0,0.0,0.0,0,0,Benign
6,68587,3,4,430,2266,430,0,143.33333,248.26062,2266,0,566.5,1133.0,39307.7405339204,102.060157172642,11431.167,14156.784,29240,4,38767,19383.5,14024.049,29300,9467,39347,13115.667,22008.035,38524,4,0,0,0,0,104,136,43.740067,58.32009,0,2266,337.0,793.82477,630157.7,0,0,0,1,0,0,0,0,1,385.14285,143.33333,566.5,0,0,0,0,0,0,3,430,4,2266,29200,237,1,32,0.0,0.0,0,0,0.0,0.0,0,0,Benign
17,30656,2,2,66,122,33,33,33.0,0.0,61,61,61.0,0.0,6132.56784968685,130.480167014614,10218.667,17654.23,30604,4,48,48.0,0.0,48,48,4,4.0,0.0,4,4,0,0,0,0,40,40,65.24008,65.24008,33,61,44.2,15.336231,235.2,0,0,0,0,0,0,0,0,1,55.25,33.0,61.0,0,0,0,0,0,0,2,66,2,122,-1,-1,1,20,0.0,0.0,0,0,0.0,0.0,0,0,Benign
17,60745,1,1,58,186,58,58,58.0,0.0,186,186,186.0,0.0,4016.7915054737,32.9245205366697,60745.0,0.0,60745,60745,0,0.0,0.0,0,0,0,0.0,0.0,0,0,0,0,0,0,20,20,16.462261,16.462261,58,186,100.666664,73.90083,5461.3335,0,0,0,0,0,0,0,0,1,151.0,58.0,186.0,0,0,0,0,0,0,1,58,1,186,-1,-1,0,20,0.0,0.0,0,0,0.0,0.0,0,0,Benign
17,91757,2,2,64,330,32,32,32.0,0.0,165,165,165.0,0.0,4293.95032531578,43.5934043179267,30585.666,52972.465,91753,1,1,1.0,0.0,1,1,3,3.0,0.0,3,3,0,0,0,0,64,64,21.796701,21.796701,32,165,85.2,72.8471,5306.7,0,0,0,0,0,0,0,0,1,106.5,32.0,165.0,0,0,0,0,0,0,2,64,2,330,-1,-1,1,32,0.0,0.0,0,0,0.0,0.0,0,0,Benign
6,144240,10,5,929,943,677,0,92.9,210.96996,805,0,188.6,349.72104,12978.3693843594,103.993344425957,10302.857,16269.467,36888,4,144240,16026.667,24535.59,66225,4,104839,26209.75,17652.697,37325,203,0,0,0,0,332,168,69.328896,34.664448,0,805,117.0,249.6563,62328.266,0,0,0,1,0,0,0,0,0,124.8,92.9,188.6,0,0,0,0,0,0,10,929,5,943,65535,351,5,32,0.0,0.0,0,0,0.0,0.0,0,0,Benign
17,151,2,2,64,96,32,32,32.0,0.0,48,48,48.0,0.0,1059602.64900662,26490.0662251656,50.333332,81.119255,144,3,4,4.0,0.0,4,4,3,3.0,0.0,3,3,0,0,0,0,40,40,13245.033,13245.033,32,48,38.4,8.763561,76.8,0,0,0,0,0,0,0,0,1,48.0,32.0,48.0,0,0,0,0,0,0,2,64,2,96,-1,-1,1,20,0.0,0.0,0,0,0.0,0.0,0,0,Benign
17,241,2,2,68,280,34,34,34.0,0.0,140,140,140.0,0.0,1443983.40248963,16597.510373444,80.333336,137.40936,239,1,1,1.0,0.0,1,1,1,1.0,0.0,1,1,0,0,0,0,64,64,8298.755,8298.755,34,140,76.4,58.05859,3370.8,0,0,0,0,0,0,0,0,1,95.5,34.0,140.0,0,0,0,0,0,0,2,68,2,280,-1,-1,1,32,0.0,0.0,0,0,0.0,0.0,0,0,Benign
6,8160,1,1,0,0,0,0,0.0,0.0,0,0,0.0,0.0,0.0,245.098039215686,8160.0,0.0,8160,8160,0,0.0,0.0,0,0,0,0.0,0.0,0,0,0,0,0,0,32,32,122.54902,122.54902,0,0,0.0,0.0,0.0,0,0,0,0,1,1,0,0,1,0.0,0.0,0.0,0,0,0,0,0,0,1,0,1,0,65535,269,0,32,0.0,0.0,0,0,0.0,0.0,0,0,Benign
17,334685,2,2,76,230,38,38,38.0,0.0,115,115,115.0,0.0,914.292543735154,11.9515365194138,111561.664,193224.4,334678,3,3,3.0,0.0,3,3,4,4.0,0.0,4,4,0,0,0,0,40,40,5.975768,5.975768,38,115,68.8,42.174637,1778.7,0,0,0,0,0,0,0,0,1,86.0,38.0,115.0,0,0,0,0,0,0,2,76,2,230,-1,-1,1,20,0.0,0.0,0,0,0.0,0.0,0,0,Benign
17,305,2,2,78,110,39,39,39.0,0.0,55,55,55.0,0.0,616393.442622951,13114.7540983607,101.666664,170.0304,298,3,4,4.0,0.0,4,4,3,3.0,0.0,3,3,0,0,0,0,64,80,6557.377,6557.377,39,55,45.4,8.763561,76.8,0,0,0,0,0,0,0,0,1,56.75,39.0,55.0,0,0,0,0,0,0,2,78,2,110,-1,-1,1,32,0.0,0.0,0,0,0.0,0.0,0,0,Benign
6,446725,13,8,811,5983,453,0,62.384617,126.91174,1839,0,747.875,803.38525,15208.4615815099,47.0087861659858,22336.25,38928.652,107065,14,446725,37227.082,45359.19,107147,43,351354,50193.43,64702.504,152806,50,0,0,0,0,428,264,29.100677,17.90811,0,1839,308.81818,583.0255,339918.72,0,0,0,1,0,0,0,0,0,323.5238,62.384617,747.875,0,0,0,0,0,0,13,811,8,5983,65535,114,6,32,0.0,0.0,0,0,0.0,0.0,0,0,Benign
17,188,2,2,84,204,42,42,42.0,0.0,102,102,102.0,0.0,1531914.89361702,21276.5957446809,62.666668,70.15934,139,1,1,1.0,0.0,1,1,48,48.0,0.0,48,48,0,0,0,0,88,88,10638.298,10638.298,42,102,66.0,32.863354,1080.0,0,0,0,0,0,0,0,0,1,82.5,42.0,102.0,0,0,0,0,0,0,2,84,2,204,-1,-1,1,44,0.0,0.0,0,0,0.0,0.0,0,0,Benign
6,336520,15,11,942,7387,469,0,62.8,133.20403,1581,0,671.5455,745.93207,24750.386306906,77.2613811957685,13460.8,24823.506,93056,1,336520,24037.143,35275.098,118791,1,273167,27316.7,39701.73,95275,1,0,0,0,0,492,360,44.573875,32.687508,0,1581,308.48148,563.7469,317810.56,0,0,0,1,0,0,0,0,0,320.34616,62.8,671.5455,0,0,0,0,0,0,15,942,11,7387,65535,349,6,32,0.0,0.0,0,0,0.0,0.0,0,0,Benign
17,23547,1,1,50,178,50,50,50.0,0.0,178,178,178.0,0.0,9682.76213530386,84.9365099588058,23547.0,0.0,23547,23547,0,0.0,0.0,0,0,0,0.0,0.0,0,0,0,0,0,0,20,20,42.468254,42.468254,50,178,92.666664,73.90083,5461.3335,0,0,0,0,0,0,0,0,1,139.0,50.0,178.0,0,0,0,0,0,0,1,50,1,178,-1,-1,0,20,0.0,0.0,0,0,0.0,0.0,0,0,Benign
17,1218730,2,2,86,236,43,43,43.0,0.0,118,118,118.0,0.0,264.209463950178,3.28210514223823,406243.34,703627.2,1218722,4,4,4.0,0.0,4,4,4,4.0,0.0,4,4,0,0,0,0,64,64,1.6410526,1.6410526,43,118,73.0,41.079193,1687.5,0,0,0,0,0,0,0,0,1,91.25,43.0,118.0,0,0,0,0,0,0,2,86,2,236,-1,-1,1,32,0.0,0.0,0,0,0.0,0.0,0,0,Benign
17,177,2,2,94,226,47,47,47.0,0.0,113,113,113.0,0.0,1807909.60451977,22598.8700564972,59.0,63.592453,127,1,49,49.0,0.0,49,49,1,1.0,0.0,1,1,0,0,0,0,64,64,11299.435,11299.435,47,113,73.4,36.14969,1306.8,0,0,0,0,0,0,0,0,1,91.75,47.0,113.0,0,0,0,0,0,0,2,94,2,226,-1,-1,1,32,0.0,0.0,0,0,0.0,0.0,0,0,Benign
6,61794456,21,17,1913,6034,418,0,91.09524,161.30869,1448,0,354.94116,538.36993,128.60376989159,0.61494189705303,1670120.4,3725040.2,10029522,1,61794456,3089722.8,4684153.0,10080014,74,61742815,3858926.0,4964712.5,10080102,154,0,0,0,0,680,564,0.3398363,0.2751056,0,1448,203.76923,392.5125,154066.08,0,0,0,1,0,0,0,0,0,209.13158,91.09524,354.94116,0,0,0,0,0,0,21,1913,17,6034,29200,130,6,32,279752.34,561372.94,1425650,50492,10019308.0,13119.2295,10029522,10000496,Benign
17,314,2,2,58,506,29,29,29.0,0.0,253,253,253.0,0.0,1796178.34394904,12738.8535031847,104.666664,175.22652,307,3,4,4.0,0.0,4,4,3,3.0,0.0,3,3,0,0,0,0,64,80,6369.427,6369.427,29,253,118.6,122.68985,15052.8,0,0,0,0,0,0,0,0,1,148.25,29.0,253.0,0,0,0,0,0,0,2,58,2,506,-1,-1,1,32,0.0,0.0,0,0,0.0,0.0,0,0,Benign
6,61782719,12,11,1272,1304,670,0,106.0,247.9868,684,0,118.545456,264.13495,41.6945068409825,0.372272382508772,2808305.5,4525599.0,10029538,44,61586460,5598769.0,5136468.5,10079914,653,61731795,6173179.5,5041013.0,10080089,3612,0,0,0,0,392,360,0.19422907,0.17804332,0,684,107.333336,245.57558,60307.363,0,0,0,1,0,0,0,0,0,112.0,106.0,118.545456,0,0,0,0,0,0,12,1272,11,1304,29200,115,2,32,243973.67,474007.3,1211537,50369,10020436.0,14028.922,10029538,10001311,Benign
17,253,2,2,66,178,33,33,33.0,0.0,89,89,89.0,0.0,964426.877470356,15810.2766798419,84.333336,95.55278,190,4,190,190.0,0.0,190,190,4,4.0,0.0,4,4,0,0,0,0,40,40,7905.138,7905.138,33,89,55.4,30.672462,940.8,0,0,0,0,0,0,0,0,1,69.25,33.0,89.0,0,0,0,0,0,0,2,66,2,178,-1,-1,1,20,0.0,0.0,0,0,0.0,0.0,0,0,Benign
17,534,1,1,52,113,52,52,52.0,0.0,113,113,113.0,0.0,308988.764044944,3745.31835205993,534.0,0.0,534,534,0,0.0,0.0,0,0,0,0.0,0.0,0,0,0,0,0,0,32,32,1872.6592,1872.6592,52,113,72.333336,35.218365,1240.3334,0,0,0,0,0,0,0,0,1,108.5,52.0,113.0,0,0,0,0,0,0,1,52,1,113,-1,-1,0,32,0.0,0.0,0,0,0.0,0.0,0,0,Benign
6,115535308,16,14,502,1773,418,0,31.375,103.11086,1767,0,126.64286,472.12997,19.690950233153,0.259660882195424,3983976.2,4874147.0,10008477,2,115535308,7702354.0,4172745.2,10047220,340,110487114,8499009.0,3762985.2,10047357,1301,0,0,0,0,332,424,0.1384858,0.12117508,0,1767,73.3871,323.03754,104353.24,0,0,0,1,0,0,0,0,0,75.833336,31.375,126.64286,0,0,0,0,0,0,16,502,14,1773,8192,946,15,20,42566.09,12243.967,79482,38743,10001738.0,3273.882,10008477,9999742,Benign
17,18180,1,1,48,48,48,48,48.0,0.0,48,48,48.0,0.0,5280.52805280528,110.01100110011,18180.0,0.0,18180,18180,0,0.0,0.0,0,0,0,0.0,0.0,0,0,0,0,0,0,20,32,55.0055,55.0055,48,48,48.0,0.0,0.0,0,0,0,0,0,0,0,0,1,72.0,48.0,48.0,0,0,0,0,0,0,1,48,1,48,-1,-1,0,20,0.0,0.0,0,0,0.0,0.0,0,0,Benign
6,71754,3,4,437,859,437,0,145.66667,252.30206,859,0,214.75,429.5,18061.7108453884,97.5555369735485,11959.0,12875.253,24450,4,47665,23832.5,873.27686,24450,23215,48594,16198.0,27550.645,48009,4,0,0,0,0,104,136,41.809517,55.74602,0,859,162.0,320.46796,102699.71,0,0,0,1,0,0,0,0,1,185.14285,145.66667,214.75,0,0,0,0,0,0,3,437,4,859,29200,31,1,32,0.0,0.0,0,0,0.0,0.0,0,0,Benign
17,320,2,2,54,182,27,27,27.0,0.0,91,91,91.0,0.0,737500.0,12500.0,106.666664,142.37392,269,3,3,3.0,0.0,3,3,48,48.0,0.0,48,48,0,0,0,0,64,72,6250.0,6250.0,27,91,52.6,35.054245,1228.8,0,0,0,0,0,0,0,0,1,65.75,27.0,91.0,0,0,0,0,0,0,2,54,2,182,-1,-1,1,32,0.0,0.0,0,0,0.0,0.0,0,0,Benign
6,130080,13,10,876,7405,237,0,67.38461,84.809135,2566,0,740.5,926.0731,63660.8241082411,176.814268142681,5912.727,10812.754,31128,2,130080,10840.0,13788.447,35401,4,85133,9459.223,17438.742,47220,2,0,0,0,0,272,212,99.9385,76.87577,0,2566,345.04166,675.34064,456085.0,0,0,0,1,0,0,0,0,0,360.0435,67.38461,740.5,0,0,0,0,0,0,13,876,10,7405,8192,127,12,20,0.0,0.0,0,0,0.0,0.0,0,0,Benign
6,25335756,31,42,12649,54890,2147,0,408.03226,800.0067,2920,0,1306.9048,1009.9667,2665.75822722638,2.88130340377449,351885.5,1672466.9,9987607,3,15325040,510834.66,1856429.9,9953232,47,25312501,617378.06,2201881.8,10033564,3,0,0,0,0,632,864,1.2235672,1.6577362,0,2920,912.6892,1022.19714,1044886.94,0,0,0,1,0,0,0,0,1,925.1918,408.03226,1306.9048,0,0,0,0,0,0,31,12649,42,54890,8192,2008,30,20,5371808.0,0.0,5371808,5371808,9953232.0,0.0,9953232,9953232,Benign
17,30550,1,1,51,111,51,51,51.0,0.0,111,111,111.0,0.0,5302.78232405892,65.4664484451719,30550.0,0.0,30550,30550,0,0.0,0.0,0,0,0,0.0,0.0,0,0,0,0,0,0,32,32,32.733223,32.733223,51,111,71.0,34.641018,1200.0,0,0,0,0,0,0,0,0,1,106.5,51.0,111.0,0,0,0,0,0,0,1,51,1,111,-1,-1,0,32,0.0,0.0,0,0,0.0,0.0,0,0,Benign
17,23246,1,1,35,51,35,35,35.0,0.0,51,51,51.0,0.0,3699.56121483266,86.0363073216898,23246.0,0.0,23246,23246,0,0.0,0.0,0,0,0,0.0,0.0,0,0,0,0,0,0,20,20,43.018154,43.018154,35,51,40.333332,9.237604,85.333336,0,0,0,0,0,0,0,0,1,60.5,35.0,51.0,0,0,0,0,0,0,1,35,1,51,-1,-1,0,20,0.0,0.0,0,0,0.0,0.0,0,0,Benign
17,30697,1,1,63,143,63,63,63.0,0.0,143,143,143.0,0.0,6710.75349382676,65.1529465420074,30697.0,0.0,30697,30697,0,0.0,0.0,0,0,0,0.0,0.0,0,0,0,0,0,0,20,20,32.576473,32.576473,63,143,89.666664,46.188023,2133.3333,0,0,0,0,0,0,0,0,1,134.5,63.0,143.0,0,0,0,0,0,0,1,63,1,143,-1,-1,0,20,0.0,0.0,0,0,0.0,0.0,0,0,Benign
17,198520,2,2,64,280,32,32,32.0,0.0,140,140,140.0,0.0,1732.82288938142,20.1491033649003,66173.336,114612.11,198516,1,1,1.0,0.0,1,1,3,3.0,0.0,3,3,0,0,0,0,64,64,10.074552,10.074552,32,140,75.2,59.154037,3499.2,0,0,0,0,0,0,0,0,1,94.0,32.0,140.0,0,0,0,0,0,0,2,64,2,280,-1,-1,1,32,0.0,0.0,0,0,0.0,0.0,0,0,Benign
6,116271826,21,21,1116,7548,461,0,53.142857,122.443985,1460,2,359.42856,628.8979,74.5150420188636,0.361222502861527,2835898.2,4486850.0,10076877,2,116271826,5813591.5,4942180.5,10100602,4,111516271,5575813.5,5110383.0,10100612,2,0,0,0,0,432,424,0.18061125,0.18061125,0,1460,201.48837,468.95734,219920.97,0,0,0,1,0,0,0,0,1,206.28572,53.142857,359.42856,0,0,0,0,0,0,21,1116,21,7548,8192,40958,20,20,81728.0,191985.89,660587,23680,10056126.0,34541.48,10076877,9999292,Benign
17,177,2,2,64,120,32,32,32.0,0.0,60,60,60.0,0.0,1039548.02259887,22598.8700564972,59.0,90.26627,163,1,1,1.0,0.0,1,1,13,13.0,0.0,13,13,0,0,0,0,64,64,11299.435,11299.435,32,60,43.2,15.336231,235.2,0,0,0,0,0,0,0,0,1,54.0,32.0,60.0,0,0,0,0,0,0,2,64,2,120,-1,-1,1,32,0.0,0.0,0,0,0.0,0.0,0,0,Benign
17,49871,1,1,51,67,51,51,51.0,0.0,67,67,67.0,0.0,2366.10454973832,40.1034669447174,49871.0,0.0,49871,49871,0,0.0,0.0,0,0,0,0.0,0.0,0,0,0,0,0,0,20,32,20.051733,20.051733,51,67,56.333332,9.237604,85.333336,0,0,0,0,0,0,0,0,1,84.5,51.0,67.0,0,0,0,0,0,0,1,51,1,67,-1,-1,0,20,0.0,0.0,0,0,0.0,0.0,0,0,Benign
6,270438,15,10,1908,4756,1368,0,127.2,350.6531,1418,0,475.6,593.3118,24641.5074804576,92.4426301037576,11268.25,19611.879,59577,1,270438,19317.0,29392.906,96873,1,226501,25166.777,33297.996,90623,3,0,0,0,0,492,328,55.465576,36.97705,0,1418,256.30768,476.91483,227447.73,0,0,0,1,0,0,0,0,0,266.56,127.2,475.6,0,0,0,0,0,0,15,1908,10,4756,65535,362,7,32,0.0,0.0,0,0,0.0,0.0,0,0,Benign
6,263015,6,6,352,3782,208,0,58.666668,87.8605,1460,0,630.3333,677.21716,15717.7347299584,45.6247742524191,23910.455,39604.91,85877,48,263015,52603.0,46804.547,88664,85,177387,35477.4,47146.18,88570,48,0,0,0,0,132,132,22.812387,22.812387,0,1460,318.0,533.9844,285139.34,0,0,0,1,0,0,0,0,1,344.5,58.666668,630.3333,0,0,0,0,0,0,6,352,6,3782,8192,60,5,20,0.0,0.0,0,0,0.0,0.0,0,0,Benign
17,70504,2,2,88,214,44,44,44.0,0.0,107,107,107.0,0.0,4283.44491092704,56.7343696811528,23501.334,40660.477,70452,4,48,48.0,0.0,48,48,4,4.0,0.0,4,4,0,0,0,0,40,40,28.367186,28.367186,44,107,69.2,34.50652,1190.7,0,0,0,0,0,0,0,0,1,86.5,44.0,107.0,0,0,0,0,0,0,2,88,2,214,-1,-1,1,20,0.0,0.0,0,0,0.0,0.0,0,0,Benign
17,218,2,2,78,110,39,39,39.0,0.0,55,55,55.0,0.0,862385.321100917,18348.623853211,72.666664,120.66621,212,3,3,3.0,0.0,3,3,3,3.0,0.0,3,3,0,0,0,0,64,64,9174.312,9174.312,39,55,45.4,8.763561,76.8,0,0,0,0,0,0,0,0,1,56.75,39.0,55.0,0,0,0,0,0,0,2,78,2,110,-1,-1,1,32,0.0,0.0,0,0,0.0,0.0,0,0,Benign
6,63680462,18,14,3927,10806,730,0,218.16667,313.72736,1557,0,771.8571,773.834,231.358246113227,0.502508917099251,2054208.5,8463821.0,44995985,48,63680462,3745909.5,11300827.0,44995985,228,62106938,4777457.0,12860622.0,45037889,172,0,0,0,0,372,304,0.28266126,0.21984765,0,1557,446.45456,614.3514,377427.62,0,0,0,1,0,0,0,0,0,460.40625,218.16667,771.8571,0,0,0,0,0,0,18,3927,14,10806,8192,137,17,20,633285.0,836440.9,1224738,41832,30441620.0,20582982.0,44995985,15887253,Benign
6,117235709,14,12,2431,4413,1939,0,173.64285,511.77783,1398,0,367.75,528.66284,58.3781175409619,0.221775431920662,4689428.5,16197217.0,58928876,1,117235709,9018131.0,21963834.0,58928876,190,117200937,10654631.0,23685172.0,59000237,1,0,0,0,0,456,392,0.11941754,0.102357894,0,1939,253.48148,511.0104,261131.64,0,0,0,1,0,0,0,0,0,263.23077,173.64285,367.75,0,0,0,0,0,0,14,2431,12,4413,29200,140,6,32,94949.5,33470.9,118617,71282,58505550.0,598669.8,58928876,58082229,Benign
17,60639,2,2,64,210,32,32,32.0,0.0,105,105,105.0,0.0,4518.54417124293,65.9641484852982,20213.0,35007.344,60636,0,0,0.0,0.0,0,0,3,3.0,0.0,3,3,0,0,0,0,80,40,32.982075,32.982075,32,105,61.2,39.983746,1598.7,0,0,0,0,0,0,0,0,1,76.5,32.0,105.0,0,0,0,0,0,0,2,64,2,210,-1,-1,1,40,0.0,0.0,0,0,0.0,0.0,0,0,Benign
17,70921,4,2,208,220,52,52,52.0,0.0,110,110,110.0,0.0,6034.883884886,84.6011759563458,14184.2,26845.139,61670,1,61675,20558.334,35603.746,61670,1,4,4.0,0.0,4,4,0,0,0,0,80,40,56.400784,28.200392,52,110,68.57143,28.301102,800.9524,0,0,0,0,0,0,0,0,0,80.0,52.0,110.0,0,0,0,0,0,0,4,208,2,220,-1,-1,3,20,0.0,0.0,0,0,0.0,0.0,0,0,Benign
17,95606,1,1,49,130,49,49,49.0,0.0,130,130,130.0,0.0,1872.26743091438,20.9191891722277,95606.0,0.0,95606,95606,0,0.0,0.0,0,0,0,0.0,0.0,0,0,0,0,0,0,32,20,10.459595,10.459595,49,130,76.0,46.765373,2187.0,0,0,0,0,0,0,0,0,1,114.0,49.0,130.0,0,0,0,0,0,0,1,49,1,130,-1,-1,0,32,0.0,0.0,0,0,0.0,0.0,0,0,Benign
6,14621560,7,6,362,3938,212,0,51.714287,83.90811,1460,0,656.3333,682.65063,294.086267128815,0.889098016901069,1218463.4,4154225.8,14409636,1,14621560,2436926.8,5865506.5,14409636,110,129242,25848.4,33504.234,63632,49,0,0,0,0,152,132,0.47874507,0.41035295,0,1460,307.14285,530.2358,281149.97,0,0,0,1,0,0,0,0,0,330.76923,51.714287,656.3333,0,0,0,0,0,0,7,362,6,3938,8192,946,6,20,0.0,0.0,0,0,0.0,0.0,0,0,Benign
17,160,2,2,62,158,31,31,31.0,0.0,79,79,79.0,0.0,1375000.0,25000.0,53.333332,84.58329,151,4,5,5.0,0.0,5,5,4,4.0,0.0,4,4,0,0,0,0,40,40,12500.0,12500.0,31,79,50.2,26.290682,691.2,0,0,0,0,0,0,0,0,1,62.75,31.0,79.0,0,0,0,0,0,0,2,62,2,158,-1,-1,1,20,0.0,0.0,0,0,0.0,0.0,0,0,Benign
6,10680268,12,8,689,3466,373,0,57.416668,117.37466,1448,0,433.25,617.7285,389.035181514172,1.87261218538711,562119.4,2285927.5,9997980,36,10680268,970933.44,2995409.8,9997980,222,10629078,1518439.8,3762800.5,10048858,217,0,0,0,0,392,264,1.1235673,0.7490449,0,1448,197.85715,420.819,177088.62,0,0,0,1,0,0,0,0,0,207.75,57.416668,433.25,0,0,0,0,0,0,12,689,8,3466,29200,114,3,32,349103.0,0.0,349103,349103,9997980.0,0.0,9997980,9997980,Benign
17,444,1,1,60,280,60,60,60.0,0.0,280,280,280.0,0.0,765765.765765766,4504.50450450451,444.0,0.0,444,444,0,0.0,0.0,0,0,0,0.0,0.0,0,0,0,0,0,0,20,20,2252.2522,2252.2522,60,280,133.33333,127.01706,16133.333,0,0,0,0,0,0,0,0,1,200.0,60.0,280.0,0,0,0,0,0,0,1,60,1,280,-1,-1,0,20,0.0,0.0,0,0,0.0,0.0,0,0,Benign
17,20822,1,1,64,117,64,64,64.0,0.0,117,117,117.0,0.0,8692.7288444914,96.0522524253194,20822.0,0.0,20822,20822,0,0.0,0.0,0,0,0,0.0,0.0,0,0,0,0,0,0,20,32,48.026127,48.026127,64,117,81.666664,30.599564,936.3333,0,0,0,0,0,0,0,0,1,122.5,64.0,117.0,0,0,0,0,0,0,1,64,1,117,-1,-1,0,20,0.0,0.0,0,0,0.0,0.0,0,0,Benign
17,39793,4,4,168,380,42,42,42.0,0.0,95,95,95.0,0.0,13771.2663031186,201.040383987133,5684.7144,11580.648,30892,3,39650,13216.667,22886.742,39644,3,8898,2966.0,5132.0664,8892,3,0,0,0,0,80,80,100.520195,100.520195,42,95,65.55556,27.933453,780.2778,0,0,0,0,0,0,0,0,1,73.75,42.0,95.0,0,0,0,0,0,0,4,168,4,380,-1,-1,3,20,0.0,0.0,0,0,0.0,0.0,0,0,Benign
17,175,2,2,100,156,50,50,50.0,0.0,78,78,78.0,0.0,1462857.14285714,22857.1428571429,58.333332,61.158264,124,3,3,3.0,0.0,3,3,48,48.0,0.0,48,48,0,0,0,0,40,64,11428.571,11428.571,50,78,61.2,15.336231,235.2,0,0,0,0,0,0,0,0,1,76.5,50.0,78.0,0,0,0,0,0,0,2,100,2,156,-1,-1,1,20,0.0,0.0,0,0,0.0,0.0,0,0,Benign
17,115,2,2,86,118,43,43,43.0,0.0,59,59,59.0,0.0,1773913.04347826,34782.6086956522,38.333332,63.814835,112,0,3,3.0,0.0,3,3,0,0.0,0.0,0,0,0,0,0,0,64,64,17391.305,17391.305,43,59,49.4,8.763561,76.8,0,0,0,0,0,0,0,0,1,61.75,43.0,59.0,0,0,0,0,0,0,2,86,2,118,-1,-1,1,32,0.0,0.0,0,0,0.0,0.0,0,0,Benign
6,28,1,1,6,6,6,6,6.0,0.0,6,6,6.0,0.0,428571.428571429,71428.5714285714,28.0,0.0,28,28,0,0.0,0.0,0,0,0,0.0,0.0,0,0,0,0,0,0,20,20,35714.285,35714.285,6,6,6.0,0.0,0.0,0,0,0,0,1,1,0,0,1,9.0,6.0,6.0,0,0,0,0,0,0,1,6,1,6,33,255,0,20,0.0,0.0,0,0,0.0,0.0,0,0,Benign
6,117895012,90,115,4308,190975,517,0,47.866665,133.39383,4344,0,1660.6522,1003.32477,1656.41443761845,1.73883522739707,577916.75,2291588.5,10025222,1,117895012,1324663.0,3341975.5,10047914,3,112530478,987109.44,2974403.5,10048558,1,0,0,0,0,2900,3688,0.7633911,0.97544414,0,4344,947.9757,1101.1494,1212530.1,0,0,0,1,0,0,0,0,1,952.6,47.866665,1660.6522,0,0,0,0,0,0,90,4308,115,190975,29200,331,12,32,192054.5,585544.9,2051409,22687,9632530.0,1351311.9,10025222,5341599,Benign
17,221684,1,1,48,64,48,48,48.0,0.0,64,64,64.0,0.0,505.22365168438,9.02185092293535,221684.0,0.0,221684,221684,0,0.0,0.0,0,0,0,0.0,0.0,0,0,0,0,0,0,32,32,4.5109253,4.5109253,48,64,53.333332,9.237604,85.333336,0,0,0,0,0,0,0,0,1,80.0,48.0,64.0,0,0,0,0,0,0,1,48,1,64,-1,-1,0,32,0.0,0.0,0,0,0.0,0.0,0,0,Benign
17,220,2,2,92,248,46,46,46.0,0.0,124,124,124.0,0.0,1545454.54545455,18181.8181818182,73.333336,125.28501,218,1,1,1.0,0.0,1,1,1,1.0,0.0,1,1,0,0,0,0,64,64,9090.909,9090.909,46,124,77.2,42.72236,1825.2,0,0,0,0,0,0,0,0,1,96.5,46.0,124.0,0,0,0,0,0,0,2,92,2,248,-1,-1,1,32,0.0,0.0,0,0,0.0,0.0,0,0,Benign
6,8945620,9,11,803,8651,452,0,89.22222,152.78235,1460,0,786.4545,643.2184,1056.83004643613,2.23573100578831,470822.1,2030101.1,8854018,3,8945620,1118202.5,3125758.0,8854018,130,71778,7177.8,10334.629,24624,3,0,0,0,0,192,232,1.006079,1.229652,0,1460,450.1905,589.2029,347160.06,0,0,0,1,0,0,0,0,1,472.7,89.22222,786.4545,0,0,0,0,0,0,9,803,11,8651,8192,31,8,20,0.0,0.0,0,0,0.0,0.0,0,0,Benign
17,31304,1,1,42,123,42,42,42.0,0.0,123,123,123.0,0.0,5270.89189879888,63.8895987733197,31304.0,0.0,31304,31304,0,0.0,0.0,0,0,0,0.0,0.0,0,0,0,0,0,0,32,32,31.9448,31.9448,42,123,69.0,46.765373,2187.0,0,0,0,0,0,0,0,0,1,103.5,42.0,123.0,0,0,0,0,0,0,1,42,1,123,-1,-1,0,32,0.0,0.0,0,0,0.0,0.0,0,0,Benign
6,232110,2,3,37,18,37,0,18.5,26.16295,6,6,6.0,0.0,236.956615397872,21.5415104907156,58027.5,116002.336,232031,1,232110,232110.0,0.0,232110,232110,4,2.0,1.4142135,3,1,0,0,0,0,64,60,8.616604,12.924907,0,37,9.166667,13.948715,194.56667,0,0,0,0,1,0,0,0,1,11.0,18.5,6.0,0,0,0,0,0,0,2,37,3,18,65,0,1,32,0.0,0.0,0,0,0.0,0.0,0,0,Benign
17,151,2,2,88,120,44,44,44.0,0.0,60,60,60.0,0.0,1377483.44370861,26490.0662251656,50.333332,47.014183,98,4,4,4.0,0.0,4,4,49,49.0,0.0,49,49,0,0,0,0,64,64,13245.033,13245.033,44,60,50.4,8.763561,76.8,0,0,0,0,0,0,0,0,1,63.0,44.0,60.0,0,0,0,0,0,0,2,88,2,120,-1,-1,1,32,0.0,0.0,0,0,0.0,0.0,0,0,Benign
17,166,2,2,86,204,43,43,43.0,0.0,102,102,102.0,0.0,1746987.95180723,24096.3855421687,55.333332,54.7753,113,4,4,4.0,0.0,4,4,49,49.0,0.0,49,49,0,0,0,0,64,64,12048.192,12048.192,43,102,66.6,32.31563,1044.3,0,0,0,0,0,0,0,0,1,83.25,43.0,102.0,0,0,0,0,0,0,2,86,2,204,-1,-1,1,32,0.0,0.0,0,0,0.0,0.0,0,0,Benign
17,120780,4,2,180,384,45,45,45.0,0.0,192,192,192.0,0.0,4669.64729259811,49.6770988574267,24156.0,39320.242,90462,3,30314,10104.667,17495.734,30307,3,4,4.0,0.0,4,4,0,0,0,0,80,40,33.118065,16.559032,45,192,87.0,71.72865,5145.0,0,0,0,0,0,0,0,0,0,101.5,45.0,192.0,0,0,0,0,0,0,4,180,2,384,-1,-1,3,20,0.0,0.0,0,0,0.0,0.0,0,0,Benign
17,30449,1,1,51,67,51,51,51.0,0.0,67,67,67.0,0.0,3875.33252323557,65.6836020887385,30449.0,0.0,30449,30449,0,0.0,0.0,0,0,0,0.0,0.0,0,0,0,0,0,0,32,32,32.8418,32.8418,51,67,56.333332,9.237604,85.333336,0,0,0,0,0,0,0,0,1,84.5,51.0,67.0,0,0,0,0,0,0,1,51,1,67,-1,-1,0,32,0.0,0.0,0,0,0.0,0.0,0,0,Benign
17,30794,2,2,84,190,42,42,42.0,0.0,95,95,95.0,0.0,8897.83724102098,129.895434175489,10264.667,17772.861,30787,3,3,3.0,0.0,3,3,4,4.0,0.0,4,4,0,0,0,0,40,40,64.947716,64.947716,42,95,63.2,29.029295,842.7,0,0,0,0,0,0,0,0,1,79.0,42.0,95.0,0,0,0,0,0,0,2,84,2,190,-1,-1,1,20,0.0,0.0,0,0,0.0,0.0,0,0,Benign
6,86910,4,1,24,0,6,6,6.0,0.0,0,0,0.0,0.0,276.147739040387,57.5307789667472,21727.5,43381.695,86800,0,86910,28970.0,50176.645,86909,0,0,0.0,0.0,0,0,0,0,0,0,80,44,46.024624,11.506156,0,6,5.0,2.4494898,6.0,1,0,0,0,0,0,0,0,0,6.0,6.0,0.0,0,0,0,0,0,0,4,24,1,0,0,117,3,20,0.0,0.0,0,0,0.0,0.0,0,0,Benign
6,131106,13,8,948,4369,469,0,72.92308,141.35915,1448,0,546.125,663.16113,40554.9707869968,160.175735664272,6555.3,10515.012,24805,1,131106,10925.5,12027.147,25176,1,99594,14227.714,19043.506,48172,48,0,0,0,0,428,264,99.15641,61.01933,0,1448,241.68182,462.31287,213733.17,0,0,0,1,0,0,0,0,0,253.19048,72.92308,546.125,0,0,0,0,0,0,13,948,8,4369,65535,972,6,32,0.0,0.0,0,0,0.0,0.0,0,0,Benign
6,67625,3,3,86,7,86,0,28.666666,49.652122,7,0,2.3333333,4.041452,1375.23105360444,88.724584103512,13525.0,17064.037,32164,3,35458,17729.0,20490.541,32218,3240,35464,17732.0,25072.592,35461,3,0,0,0,0,108,104,44.362293,44.362293,0,86,13.285714,32.169937,1034.9048,0,0,0,1,0,0,0,0,1,15.5,28.666666,2.3333333,0,0,0,0,0,0,3,86,3,7,65535,57,1,32,0.0,0.0,0,0,0.0,0.0,0,0,Benign
17,61256,4,2,116,330,29,29,29.0,0.0,165,165,165.0,0.0,7280.91942013844,97.9495886117278,12251.2,18322.998,41103,3,41155,13718.333,23715.828,41103,3,3,3.0,0.0,3,3,0,0,0,0,80,40,65.29973,32.649864,29,165,67.85714,66.361206,4403.8096,0,0,0,0,0,0,0,0,0,79.166664,29.0,165.0,0,0,0,0,0,0,4,116,2,330,-1,-1,3,20,0.0,0.0,0,0,0.0,0.0,0,0,Benign
6,5,3,0,67,0,38,6,22.333334,16.010414,0,0,0.0,0.0,13400000.0,600000.0,2.5,2.1213202,4,1,5,2.5,2.1213202,4,1,0,0.0,0.0,0,0,1,0,0,0,60,0,600000.0,0.0,6,38,26.25,15.239751,232.25,0,1,0,0,1,0,0,0,0,35.0,22.333334,0.0,0,0,0,0,0,0,3,67,0,0,119,-1,2,20,0.0,0.0,0,0,0.0,0.0,0,0,Benign
17,210,2,2,76,154,38,38,38.0,0.0,77,77,77.0,0.0,1095238.0952381,19047.619047619,70.0,115.182465,203,3,3,3.0,0.0,3,3,4,4.0,0.0,4,4,0,0,0,0,64,64,9523.81,9523.81,38,77,53.6,21.36118,456.3,0,0,0,0,0,0,0,0,1,67.0,38.0,77.0,0,0,0,0,0,0,2,76,2,154,-1,-1,1,32,0.0,0.0,0,0,0.0,0.0,0,0,Benign
6,52870,2,1,0,0,0,0,0.0,0.0,0,0,0.0,0.0,0.0,56.7429544164933,26435.0,37322.51,52826,44,52870,52870.0,0.0,52870,52870,0,0.0,0.0,0,0,0,0,0,0,76,32,37.828636,18.914318,0,0,0.0,0.0,0.0,0,0,0,0,1,0,0,0,0,0.0,0.0,0.0,0,0,0,0,0,0,2,0,1,0,357,32832,0,32,0.0,0.0,0,0,0.0,0.0,0,0,Benign
6,98835658,28,17,7150,17189,623,0,255.35715,295.90378,1460,0,1011.1177,486.47607,246.257276903038,0.455301263841437,2246265.0,5827076.5,25833860,10,98835658,3660580.0,7126060.0,25833860,43,98764992,6172812.0,8511329.0,25906964,48,0,0,0,0,572,352,0.28329855,0.1720027,0,1460,529.1087,526.59424,277301.47,0,0,0,1,0,0,0,0,0,540.86664,255.35715,1011.1177,0,0,0,0,0,0,28,7150,17,17189,8192,162,27,20,604912.7,1042131.44,2710091,71740,15855697.0,5857835.5,25833860,10396964,Benign
6,192,2,0,0,0,0,0,0.0,0.0,0,0,0.0,0.0,0.0,10416.6666666667,192.0,0.0,192,192,192,192.0,0.0,192,192,0,0.0,0.0,0,0,0,0,0,0,64,0,10416.667,0.0,0,0,0.0,0.0,0.0,0,0,0,0,1,0,0,0,0,0.0,0.0,0.0,0,0,0,0,0,0,2,0,0,0,384,-1,0,32,0.0,0.0,0,0,0.0,0.0,0,0,Benign
17,187,2,2,62,94,31,31,31.0,0.0,47,47,47.0,0.0,834224.598930481,21390.3743315508,62.333332,98.46996,176,3,8,8.0,0.0,8,8,3,3.0,0.0,3,3,0,0,0,0,80,80,10695.1875,10695.1875,31,47,37.4,8.763561,76.8,0,0,0,0,0,0,0,0,1,46.75,31.0,47.0,0,0,0,0,0,0,2,62,2,94,-1,-1,1,40,0.0,0.0,0,0,0.0,0.0,0,0,Benign
17,60327,1,1,50,66,50,50,50.0,0.0,66,66,66.0,0.0,1922.85378023107,33.1526513832944,60327.0,0.0,60327,60327,0,0.0,0.0,0,0,0,0.0,0.0,0,0,0,0,0,0,32,20,16.576326,16.576326,50,66,55.333332,9.237604,85.333336,0,0,0,0,0,0,0,0,1,83.0,50.0,66.0,0,0,0,0,0,0,1,50,1,66,-1,-1,0,32,0.0,0.0,0,0,0.0,0.0,0,0,Benign
6,119160152,84,163,59945,64308,4910,6,713.631,1589.5725,2860,6,394.52762,669.0398,1042.73952252092,2.0728405918784,484390.88,3359285.8,42150634,0,119082806,1434732.6,5704458.5,42227298,237,119122318,735322.94,4128110.8,42187568,0,1,0,0,0,1680,3260,0.70493364,1.3679069,6,4910,520.6089,1114.4373,1241970.5,0,1,0,0,1,0,0,0,1,522.7166,713.631,394.52762,0,0,0,0,0,0,84,59945,163,64308,258,1622,83,20,991169.3,1584181.0,4156759,133960,17732216.0,13591507.0,42150634,5131017,Benign
6,241268,12,10,879,4330,405,0,73.25,130.5451,1448,0,433.0,626.2875,21590.0989770711,91.1849064111279,11488.952,24467.383,110567,1,241268,21933.455,31202.947,110567,1,204546,22727.334,43863.96,133843,1,0,0,0,0,396,328,49.73722,41.447685,0,1448,226.47826,451.11667,203506.27,0,0,0,1,0,0,0,0,0,236.77272,73.25,433.0,0,0,0,0,0,0,12,879,10,4330,65535,5222,6,32,0.0,0.0,0,0,0.0,0.0,0,0,Benign
17,93592,2,2,68,226,34,34,34.0,0.0,113,113,113.0,0.0,3141.29412770322,42.7386956150098,31197.334,54031.902,93588,1,1,1.0,0.0,1,1,3,3.0,0.0,3,3,0,0,0,0,64,40,21.369349,21.369349,34,113,65.6,43.27008,1872.3,0,0,0,0,0,0,0,0,1,82.0,34.0,113.0,0,0,0,0,0,0,2,68,2,226,-1,-1,1,32,0.0,0.0,0,0,0.0,0.0,0,0,Benign
17,686,1,1,79,161,79,79,79.0,0.0,161,161,161.0,0.0,349854.227405248,2915.45189504373,686.0,0.0,686,686,0,0.0,0.0,0,0,0,0.0,0.0,0,0,0,0,0,0,20,20,1457.726,1457.726,79,161,106.333336,47.342724,2241.3333,0,0,0,0,0,0,0,0,1,159.5,79.0,161.0,0,0,0,0,0,0,1,79,1,161,-1,-1,0,20,0.0,0.0,0,0,0.0,0.0,0,0,Benign
17,60902,1,1,41,183,41,41,41.0,0.0,183,183,183.0,0.0,3678.04013004499,32.8396440182588,60902.0,0.0,60902,60902,0,0.0,0.0,0,0,0,0.0,0.0,0,0,0,0,0,0,40,32,16.419823,16.419823,41,183,88.333336,81.98374,6721.3335,0,0,0,0,0,0,0,0,1,132.5,41.0,183.0,0,0,0,0,0,0,1,41,1,183,-1,-1,0,40,0.0,0.0,0,0,0.0,0.0,0,0,Benign
6,32,1,1,6,6,6,6,6.0,0.0,6,6,6.0,0.0,375000.0,62500.0,32.0,0.0,32,32,0,0.0,0.0,0,0,0,0.0,0.0,0,0,0,0,0,0,20,20,31250.0,31250.0,6,6,6.0,0.0,0.0,0,0,0,0,1,1,0,0,1,9.0,6.0,6.0,0,0,0,0,0,0,1,6,1,6,45,256,0,20,0.0,0.0,0,0,0.0,0.0,0,0,Benign
17,61739,2,2,60,264,30,30,30.0,0.0,132,132,132.0,0.0,5247.89841105298,64.788869272259,20579.666,35639.832,61733,3,3,3.0,0.0,3,3,3,3.0,0.0,3,3,0,0,0,0,64,64,32.394436,32.394436,30,132,70.8,55.867702,3121.2,0,0,0,0,0,0,0,0,1,88.5,30.0,132.0,0,0,0,0,0,0,2,60,2,264,-1,-1,1,32,0.0,0.0,0,0,0.0,0.0,0,0,Benign
6,201,3,1,18,0,6,6,6.0,0.0,0,0,0.0,0.0,89552.2388059701,19900.4975124378,67.0,83.16249,161,3,201,100.5,137.88582,198,3,0,0.0,0.0,0,0,0,0,0,0,60,32,14925.373,4975.1245,0,6,4.8,2.6832817,7.2,1,0,0,0,0,0,0,0,0,6.0,6.0,0.0,0,0,0,0,0,0,3,18,1,0,0,972,2,20,0.0,0.0,0,0,0.0,0.0,0,0,Benign
6,30267388,6,6,576,508,552,0,96.0,223.40636,496,0,84.666664,201.53279,35.8141244298979,0.396466322102191,2751580.8,4557417.5,10007977,34,20394950,4078990.0,5361337.0,10124260,31803,30151330,6030266.0,5438251.5,10124053,2759,0,0,0,0,132,152,0.19823316,0.19823316,0,552,83.38461,195.9054,38378.92,0,0,0,1,0,0,0,0,1,90.333336,96.0,84.666664,0,0,0,0,0,0,6,576,6,508,8192,29808,5,20,306522.0,269038.56,496761,116283,9890953.0,165496.92,10007977,9773929,Benign
6,149383,12,8,1180,3259,901,0,98.333336,256.16165,1397,0,407.375,619.9327,29715.5633505821,133.884043030331,7862.263,12251.47,36911,1,149383,13580.272,18588.818,55169,1,109735,15676.429,20438.809,51994,1,0,0,0,0,264,172,80.33043,53.553616,0,1397,211.38095,442.57037,195868.55,0,0,0,1,0,0,0,0,0,221.95,98.333336,407.375,0,0,0,0,0,0,12,1180,8,3259,65535,32,11,20,0.0,0.0,0,0,0.0,0.0,0,0,Benign
6,118441304,44,53,3128,78946,1073,0,71.09091,200.57068,4673,0,1489.5471,1174.7839,692.950830733846,0.818971057596596,1233763.6,3273170.8,10248092,2,118441304,2754449.0,4479339.0,10248092,14,115251090,2216367.0,4210079.5,10271844,2,0,0,0,0,1416,1704,0.37149203,0.44747904,0,4673,837.4898,1124.1306,1263669.6,0,0,0,1,0,0,0,0,1,846.1237,71.09091,1489.5471,0,0,0,0,0,0,44,3128,53,78946,29200,1140,8,32,258286.36,777558.0,2602712,23658,10219067.0,9627.061,10248092,10216031,Benign
17,160,2,2,76,140,38,38,38.0,0.0,70,70,70.0,0.0,1350000.0,25000.0,53.333332,86.315315,153,3,4,4.0,0.0,4,4,3,3.0,0.0,3,3,0,0,0,0,40,40,12500.0,12500.0,38,70,50.8,17.527122,307.2,0,0,0,0,0,0,0,0,1,63.5,38.0,70.0,0,0,0,0,0,0,2,76,2,140,-1,-1,1,20,0.0,0.0,0,0,0.0,0.0,0,0,Benign
17,167,2,2,68,158,34,34,34.0,0.0,79,79,79.0,0.0,1353293.41317365,23952.0958083832,55.666668,90.3567,160,3,3,3.0,0.0,3,3,4,4.0,0.0,4,4,0,0,0,0,64,64,11976.048,11976.048,34,79,52.0,24.647514,607.5,0,0,0,0,0,0,0,0,1,65.0,34.0,79.0,0,0,0,0,0,0,2,68,2,158,-1,-1,1,32,0.0,0.0,0,0,0.0,0.0,0,0,Benign
17,50902,2,2,90,164,45,45,45.0,0.0,82,82,82.0,0.0,4989.98074731838,78.5823739735177,16967.334,29344.99,50852,3,3,3.0,0.0,3,3,47,47.0,0.0,47,47,0,0,0,0,80,64,39.291187,39.291187,45,82,59.8,20.265734,410.7,0,0,0,0,0,0,0,0,1,74.75,45.0,82.0,0,0,0,0,0,0,2,90,2,164,-1,-1,1,40,0.0,0.0,0,0,0.0,0.0,0,0,Benign
17,46376,1,1,50,246,50,50,50.0,0.0,246,246,246.0,0.0,6382.61169570468,43.1257547007073,46376.0,0.0,46376,46376,0,0.0,0.0,0,0,0,0.0,0.0,0,0,0,0,0,0,20,32,21.562878,21.562878,50,246,115.333336,113.16065,12805.333,0,0,0,0,0,0,0,0,1,173.0,50.0,246.0,0,0,0,0,0,0,1,50,1,246,-1,-1,0,20,0.0,0.0,0,0,0.0,0.0,0,0,Benign
17,49002,2,2,72,268,36,36,36.0,0.0,134,134,134.0,0.0,6938.49230643647,81.6293212521938,16334.0,28285.256,48995,3,3,3.0,0.0,3,3,4,4.0,0.0,4,4,0,0,0,0,64,40,40.81466,40.81466,36,134,75.2,53.67681,2881.2,0,0,0,0,0,0,0,0,1,94.0,36.0,134.0,0,0,0,0,0,0,2,72,2,268,-1,-1,1,32,0.0,0.0,0,0,0.0,0.0,0,0,Benign
6,2002030,2,0,74,0,37,37,37.0,0.0,0,0,0.0,0.0,36.9624830796741,0.998986029180382,2002030.0,0.0,2002030,2002030,2002030,2002030.0,0.0,2002030,2002030,0,0.0,0.0,0,0,1,0,0,0,64,0,0.998986,0.0,37,37,37.0,0.0,0.0,0,1,0,0,1,1,0,0,0,55.5,37.0,0.0,0,0,0,0,0,0,2,74,0,0,33304,-1,1,32,0.0,0.0,0,0,0.0,0.0,0,0,Benign
6,63216812,7,2,169,92,46,0,24.142857,23.197906,46,46,46.0,0.0,4.128648562664,0.142367191816,7902101.5,20685572.0,58969275,19,63216812,10536135.0,23785436.0,58969275,19,59005601,59005600.0,0.0,59005601,59005601,1,0,0,0,224,64,0.11073004,0.031637155,0,46,30.7,21.684864,470.23334,0,1,0,0,1,0,0,0,0,34.11111,24.142857,46.0,0,0,0,0,0,0,7,169,2,92,336,357,3,32,36343.0,0.0,36343,36343,58969276.0,0.0,58969275,58969275,Benign
6,67,1,1,0,0,0,0,0.0,0.0,0,0,0.0,0.0,0.0,29850.7462686567,67.0,0.0,67,67,0,0.0,0.0,0,0,0,0.0,0.0,0,0,0,0,0,0,32,32,14925.373,14925.373,0,0,0.0,0.0,0.0,0,0,0,0,1,1,0,0,1,0.0,0.0,0.0,0,0,0,0,0,0,1,0,1,0,349,317,0,32,0.0,0.0,0,0,0.0,0.0,0,0,Benign
17,163777,4,2,236,280,59,59,59.0,0.0,140,140,140.0,0.0,3150.62554571155,36.6351807640878,32755.4,46863.17,101111,3,101117,33705.668,58374.73,101111,3,4,4.0,0.0,4,4,0,0,0,0,80,40,24.423454,12.211727,59,140,82.14286,39.523952,1562.1428,0,0,0,0,0,0,0,0,0,95.833336,59.0,140.0,0,0,0,0,0,0,4,236,2,280,-1,-1,3,20,0.0,0.0,0,0,0.0,0.0,0,0,Benign
17,1285,1,1,48,122,48,48,48.0,0.0,122,122,122.0,0.0,132295.719844358,1556.42023346304,1285.0,0.0,1285,1285,0,0.0,0.0,0,0,0,0.0,0.0,0,0,0,0,0,0,20,20,778.21014,778.21014,48,122,72.666664,42.72392,1825.3334,0,0,0,0,0,0,0,0,1,109.0,48.0,122.0,0,0,0,0,0,0,1,48,1,122,-1,-1,0,20,0.0,0.0,0,0,0.0,0.0,0,0,Benign
17,293,2,2,78,110,39,39,39.0,0.0,55,55,55.0,0.0,641638.225255973,13651.8771331058,97.666664,127.77063,243,3,3,3.0,0.0,3,3,47,47.0,0.0,47,47,0,0,0,0,64,80,6825.9385,6825.9385,39,55,45.4,8.763561,76.8,0,0,0,0,0,0,0,0,1,56.75,39.0,55.0,0,0,0,0,0,0,2,78,2,110,-1,-1,1,32,0.0,0.0,0,0,0.0,0.0,0,0,Benign
6,366,3,1,31,6,31,0,10.333333,17.897858,6,6,6.0,0.0,101092.896174863,10928.9617486339,122.0,139.07193,281,23,366,183.0,138.59293,281,85,0,0.0,0.0,0,0,0,0,0,0,96,20,8196.722,2732.2405,0,31,7.4,13.446189,180.8,0,0,0,0,1,0,0,0,0,9.25,10.333333,6.0,0,0,0,0,0,0,3,31,1,6,59,0,1,32,0.0,0.0,0,0,0.0,0.0,0,0,Benign
17,103423,1,1,52,150,52,52,52.0,0.0,150,150,150.0,0.0,1953.14388482253,19.3380582655696,103423.0,0.0,103423,103423,0,0.0,0.0,0,0,0,0.0,0.0,0,0,0,0,0,0,32,32,9.669029,9.669029,52,150,84.666664,56.580326,3201.3333,0,0,0,0,0,0,0,0,1,127.0,52.0,150.0,0,0,0,0,0,0,1,52,1,150,-1,-1,0,32,0.0,0.0,0,0,0.0,0.0,0,0,Benign
6,119222851,22,17,1854,3922,438,0,84.27273,170.67741,979,0,230.70589,427.85596,48.4470883857659,0.327118498449597,3137443.5,4515968.5,10008667,108,119222851,5677278.5,4785396.5,10038349,14695,114441081,7152567.5,4455702.0,10038199,2683,0,0,0,0,452,484,0.18452838,0.14259012,0,979,144.4,310.81915,96608.555,0,0,0,1,0,0,0,0,0,148.10257,84.27273,230.70589,0,0,0,0,0,0,22,1854,17,3922,8192,131,21,20,415719.1,1280587.0,4276834,29409,9988026.0,43999.496,10008667,9855586,Benign
6,193,3,1,18,0,6,6,6.0,0.0,0,0,0.0,0.0,93264.2487046632,20725.3886010363,64.333336,80.88469,156,3,193,96.5,132.22897,190,3,0,0.0,0.0,0,0,0,0,0,0,60,32,15544.041,5181.347,0,6,4.8,2.6832817,7.2,1,0,0,0,0,0,0,0,0,6.0,6.0,0.0,0,0,0,0,0,0,3,18,1,0,0,972,2,20,0.0,0.0,0,0,0.0,0.0,0,0,Benign
6,225,2,0,43,0,37,6,21.5,21.920311,0,0,0.0,0.0,191111.111111111,8888.88888888889,225.0,0.0,225,225,225,225.0,0.0,225,225,0,0.0,0.0,0,0,0,0,0,0,40,0,8888.889,0.0,6,37,16.333334,17.897858,320.33334,0,0,0,0,1,0,0,0,0,24.5,21.5,0.0,0,0,0,0,0,0,2,43,0,0,40958,-1,1,20,0.0,0.0,0,0,0.0,0.0,0,0,Benign
17,173,2,2,64,96,32,32,32.0,0.0,48,48,48.0,0.0,924855.49132948,23121.387283237,57.666668,60.08605,122,3,3,3.0,0.0,3,3,48,48.0,0.0,48,48,0,0,0,0,40,40,11560.693,11560.693,32,48,38.4,8.763561,76.8,0,0,0,0,0,0,0,0,1,48.0,32.0,48.0,0,0,0,0,0,0,2,64,2,96,-1,-1,1,20,0.0,0.0,0,0,0.0,0.0,0,0,Benign
17,35415,2,2,76,122,38,38,38.0,0.0,61,61,61.0,0.0,5590.85133418043,112.946491599605,11805.0,20445.127,35413,1,1,1.0,0.0,1,1,1,1.0,0.0,1,1,0,0,0,0,80,64,56.473248,56.473248,38,61,47.2,12.597619,158.7,0,0,0,0,0,0,0,0,1,59.0,38.0,61.0,0,0,0,0,0,0,2,76,2,122,-1,-1,1,40,0.0,0.0,0,0,0.0,0.0,0,0,Benign
6,77121804,11,11,484,1975,430,0,44.0,128.03436,1963,0,179.54546,591.5098,31.8846275950703,0.285263036637473,3672466.8,4815676.0,10018471,55,70334367,7033436.5,4823236.5,10037476,188,77098556,7709855.5,4161485.8,10041686,23652,0,0,0,0,232,316,0.14263152,0.14263152,0,1963,106.91304,414.27734,171625.72,0,0,0,1,0,0,0,0,1,111.77273,44.0,179.54546,0,0,0,0,0,0,11,484,11,1975,8192,946,10,20,38684.0,41168.406,132045,23005,10009083.0,5332.5967,10018471,10004551,Benign
6,142666,12,10,847,4330,341,0,70.583336,117.72422,1448,0,433.0,626.2875,36287.5527455736,154.206328066954,6793.619,10055.058,25213,2,142666,12969.637,11769.398,26595,2,113211,12579.0,18607.895,48248,48,0,0,0,0,396,328,84.11254,70.09379,0,1448,225.08696,449.84705,202362.36,0,0,0,1,0,0,0,0,0,235.31818,70.583336,433.0,0,0,0,0,0,0,12,847,10,4330,65535,5190,6,32,0.0,0.0,0,0,0.0,0.0,0,0,Benign
6,13840210,2,4,12,49,6,6,6.0,0.0,31,6,12.25,12.5,4.40744757485616,0.433519433592409,2768042.0,4419043.0,10189158,3,10240001,10240001.0,0.0,10240001,10240001,13789367,4596455.5,5199686.0,10240007,3,0,0,0,0,40,80,0.14450648,0.28901297,6,31,9.571428,9.449112,89.28571,0,0,0,0,1,0,0,0,2,11.166667,6.0,12.25,0,0,0,0,0,0,2,12,4,49,664,671,1,20,50843.0,0.0,50843,50843,10189158.0,0.0,10189158,10189158,Benign
6,5404844,9,5,590,2673,342,0,65.55556,122.024704,1400,0,534.6,702.1117,603.717702120542,2.59026902534097,415757.22,1462474.5,5282934,7,5404844,675605.5,1861790.1,5282934,48,56158,14039.5,16115.45,29498,66,0,0,0,0,296,168,1.6651729,0.9250961,0,1400,217.53334,451.09515,203486.84,0,0,0,1,0,0,0,0,0,233.07143,65.55556,534.6,0,0,0,0,0,0,9,590,5,2673,29200,11256,3,32,121862.0,0.0,121862,121862,5282934.0,0.0,5282934,5282934,Benign
6,141891,3,0,12,0,6,0,4.0,3.4641016,0,0,0.0,0.0,84.5719601666068,21.1429900416517,70945.5,100330.67,141890,1,141891,70945.5,100330.67,141890,1,0,0.0,0.0,0,0,0,0,0,0,72,0,21.14299,0.0,0,6,3.0,3.4641016,12.0,0,0,0,0,1,0,0,0,0,4.0,4.0,0.0,0,0,0,0,0,0,3,12,0,0,64,-1,2,20,0.0,0.0,0,0,0.0,0.0,0,0,Benign
17,278349,2,2,68,188,34,34,34.0,0.0,94,94,94.0,0.0,919.708711006686,14.3704486094795,92783.0,160698.81,278342,3,4,4.0,0.0,4,4,3,3.0,0.0,3,3,0,0,0,0,40,64,7.1852245,7.1852245,34,94,58.0,32.863354,1080.0,0,0,0,0,0,0,0,0,1,72.5,34.0,94.0,0,0,0,0,0,0,2,68,2,188,-1,-1,1,20,0.0,0.0,0,0,0.0,0.0,0,0,Benign
6,44860962,1,2,6,6,6,6,6.0,0.0,6,0,3.0,4.2426405,0.267493149166083,0.066873287291521,22430480.0,31688978.0,44837972,22990,0,0.0,0.0,0,0,44837972,44837972.0,0.0,44837972,44837972,0,0,0,0,20,52,0.022291096,0.04458219,0,6,4.5,3.0,9.0,0,0,0,0,1,0,0,0,2,6.0,6.0,3.0,0,0,0,0,0,0,1,6,2,6,251,293,0,20,0.0,0.0,0,0,0.0,0.0,0,0,Benign
6,32,1,1,6,6,6,6,6.0,0.0,6,6,6.0,0.0,375000.0,62500.0,32.0,0.0,32,32,0,0.0,0.0,0,0,0,0.0,0.0,0,0,0,0,0,0,20,20,31250.0,31250.0,6,6,6.0,0.0,0.0,0,0,0,0,1,1,0,0,1,9.0,6.0,6.0,0,0,0,0,0,0,1,6,1,6,31,256,0,20,0.0,0.0,0,0,0.0,0.0,0,0,Benign
6,5612945,9,6,384,5267,197,0,42.666668,70.21574,2920,0,877.8333,1142.7563,1006.77986333378,2.67239390373503,400924.66,1271245.4,4803251,4,5612945,701618.1,1662475.2,4803251,4,511263,102252.6,138920.36,259248,230,0,0,0,0,192,132,1.6034364,1.0689576,0,2920,353.1875,783.70795,614198.2,0,0,0,1,0,0,0,0,0,376.73334,42.666668,877.8333,0,0,0,0,0,0,9,384,6,5267,8192,110,8,20,0.0,0.0,0,0,0.0,0.0,0,0,Benign
6,10251677,6,8,1459,3212,879,0,243.16667,370.89697,1560,2,401.5,686.2461,455.63277110662,1.36563022810805,788590.56,2767412.0,9998226,3,253448,50689.6,70452.31,171851,72,10218970,1459852.9,3765434.5,9998327,3,0,0,0,0,132,164,0.5852701,0.7803601,0,1560,311.4,546.03815,298157.7,0,0,0,1,0,0,0,0,1,333.64285,243.16667,401.5,0,0,0,0,0,0,6,1459,8,3212,8192,31644,5,20,253448.0,0.0,253448,253448,9998226.0,0.0,9998226,9998226,Benign
17,168,2,2,76,204,38,38,38.0,0.0,102,102,102.0,0.0,1666666.66666667,23809.5238095238,56.0,90.934044,161,3,4,4.0,0.0,4,4,3,3.0,0.0,3,3,0,0,0,0,40,40,11904.762,11904.762,38,102,63.6,35.054245,1228.8,0,0,0,0,0,0,0,0,1,79.5,38.0,102.0,0,0,0,0,0,0,2,76,2,204,-1,-1,1,20,0.0,0.0,0,0,0.0,0.0,0,0,Benign
17,173,2,2,86,204,43,43,43.0,0.0,102,102,102.0,0.0,1676300.57803468,23121.387283237,57.666668,94.68545,167,3,3,3.0,0.0,3,3,3,3.0,0.0,3,3,0,0,0,0,64,64,11560.693,11560.693,43,102,66.6,32.31563,1044.3,0,0,0,0,0,0,0,0,1,83.25,43.0,102.0,0,0,0,0,0,0,2,86,2,204,-1,-1,1,32,0.0,0.0,0,0,0.0,0.0,0,0,Benign
17,320,2,2,46,46,23,23,23.0,0.0,23,23,23.0,0.0,287500.0,12500.0,106.666664,142.37392,269,3,48,48.0,0.0,48,48,3,3.0,0.0,3,3,0,0,0,0,64,64,6250.0,6250.0,23,23,23.0,0.0,0.0,0,0,0,0,0,0,0,0,1,28.75,23.0,23.0,0,0,0,0,0,0,2,46,2,46,-1,-1,1,32,0.0,0.0,0,0,0.0,0.0,0,0,Benign
6,14199700,35,41,4921,40278,581,0,140.6,208.57587,2896,0,982.39026,670.1648,3183.09541750882,5.35222575124827,189329.33,1169792.8,9998640,1,14199492,417632.12,1723777.1,9998690,1,14167267,354181.7,1594598.8,9998755,48,0,0,0,0,1132,1320,2.464841,2.887385,0,2896,587.0,660.6691,436483.7,0,0,0,1,0,0,0,0,1,594.7237,140.6,982.39026,0,0,0,0,0,0,35,4921,41,40278,65535,82,14,32,4200802.0,0.0,4200802,4200802,9998640.0,0.0,9998640,9998640,Benign
6,207,2,1,37,6,37,0,18.5,26.16295,6,6,6.0,0.0,207729.468599034,14492.7536231884,103.5,9.192389,110,97,207,207.0,0.0,207,207,0,0.0,0.0,0,0,1,0,0,0,64,20,9661.836,4830.918,0,37,20.0,19.782146,391.33334,0,1,0,0,1,0,0,0,0,26.666666,18.5,6.0,0,0,0,0,0,0,2,37,1,6,984,0,0,32,0.0,0.0,0,0,0.0,0.0,0,0,Benign
6,29978,2,1,143,6,137,6,71.5,92.63099,6,6,6.0,0.0,4970.311561812,100.073387150577,14989.0,21090.166,29902,76,29978,29978.0,0.0,29978,29978,0,0.0,0.0,0,0,1,0,0,0,40,20,66.71559,33.357796,6,137,71.5,75.63289,5720.3335,0,1,0,0,1,0,0,0,0,95.333336,71.5,6.0,0,0,0,0,0,0,2,143,1,6,11,0,1,20,0.0,0.0,0,0,0.0,0.0,0,0,Benign
6,118674001,72,95,5084,150919,462,0,70.611115,148.16754,4344,0,1588.6211,1032.0776,1314.55077511038,1.40721639611696,714903.6,2497496.8,10013666,1,118674001,1671464.8,3695281.5,10208011,1,115254518,1226111.9,3287737.5,10208213,47,0,0,0,0,2312,3048,0.60670406,0.8005123,0,4344,928.5893,1085.9346,1179253.9,0,0,0,1,0,0,0,0,1,934.1497,70.611115,1588.6211,0,0,0,0,0,0,72,5084,95,150919,29200,1374,15,32,465912.28,900468.5,3180927,194322,10011765.0,4141.5864,10013666,10001573,Benign
17,151038,1,1,55,353,55,55,55.0,0.0,353,353,353.0,0.0,2701.30695586541,13.2417007640461,151038.0,0.0,151038,151038,0,0.0,0.0,0,0,0,0.0,0.0,0,0,0,0,0,0,20,20,6.6208506,6.6208506,55,353,154.33333,172.05038,29601.334,0,0,0,0,0,0,0,0,1,231.5,55.0,353.0,0,0,0,0,0,0,1,55,1,353,-1,-1,0,20,0.0,0.0,0,0,0.0,0.0,0,0,Benign
17,152861,4,2,152,204,38,38,38.0,0.0,102,102,102.0,0.0,2328.91319564833,39.251345994073,30572.2,52845.754,122045,3,30813,10271.0,17783.832,30806,3,3,3.0,0.0,3,3,0,0,0,0,80,40,26.167564,13.083782,38,102,56.285713,31.228802,975.2381,0,0,0,0,0,0,0,0,0,65.666664,38.0,102.0,0,0,0,0,0,0,4,152,2,204,-1,-1,3,20,0.0,0.0,0,0,0.0,0.0,0,0,Benign
6,439945,31,33,800,57506,446,0,25.806452,89.69928,4344,0,1742.6061,912.6561,132530.202638966,145.472729545739,6983.254,28401.586,215763,1,439640,14654.667,40170.742,215763,2,416160,13005.0,44979.207,243579,1,0,0,0,0,1000,1064,70.463356,75.00938,0,4344,897.0154,1081.2686,1169141.6,0,0,0,1,0,0,0,0,1,911.03125,25.806452,1742.6061,0,0,0,0,0,0,31,800,33,57506,29200,63,3,32,0.0,0.0,0,0,0.0,0.0,0,0,Benign
6,176346,14,12,992,5021,421,0,70.85714,119.836334,1418,0,418.41666,535.69385,34097.7396708743,147.437424154787,7053.84,14922.12,49910,1,176346,13565.077,19065.549,50757,3,124234,11294.0,20566.4,52534,1,0,0,0,0,456,392,79.38938,68.04804,0,1418,222.7037,400.7387,160591.53,0,0,0,1,0,0,0,0,0,231.26923,70.85714,418.41666,0,0,0,0,0,0,14,992,12,5021,29200,179,7,32,0.0,0.0,0,0,0.0,0.0,0,0,Benign
6,2,1,2,0,12,0,0,0.0,0.0,6,6,6.0,0.0,6000000.0,1500000.0,1.0,1.4142135,2,0,0,0.0,0.0,0,0,0,0.0,0.0,0,0,0,0,0,0,32,40,500000.0,1000000.0,0,6,3.0,3.4641016,12.0,0,0,0,0,1,0,0,0,2,4.0,0.0,6.0,0,0,0,0,0,0,1,0,2,12,1120,0,0,32,0.0,0.0,0,0,0.0,0.0,0,0,Benign
6,102096,2,3,0,18,0,0,0.0,0.0,6,6,6.0,0.0,176.304654442877,48.9735151230215,25524.0,51012.004,102042,1,102096,102096.0,0.0,102096,102096,4,2.0,1.4142135,3,1,0,0,0,0,64,60,19.589407,29.38411,0,6,3.0,3.2863352,10.8,0,0,0,0,1,0,0,0,1,3.6,0.0,6.0,0,0,0,0,0,0,2,0,3,18,115,0,0,32,0.0,0.0,0,0,0.0,0.0,0,0,Benign
6,6636571,2,0,12,0,6,6,6.0,0.0,0,0,0.0,0.0,1.80816267919081,0.301360446531801,6636571.0,0.0,6636571,6636571,6636571,6636571.0,0.0,6636571,6636571,0,0.0,0.0,0,0,0,0,0,0,40,0,0.30136046,0.0,6,6,6.0,0.0,0.0,0,0,0,0,1,0,0,0,0,9.0,6.0,0.0,0,0,0,0,0,0,2,12,0,0,256,-1,1,20,0.0,0.0,0,0,0.0,0.0,0,0,Benign
17,62396,1,1,50,87,50,50,50.0,0.0,87,87,87.0,0.0,2195.65356753638,32.0533367523559,62396.0,0.0,62396,62396,0,0.0,0.0,0,0,0,0.0,0.0,0,0,0,0,0,0,20,20,16.026669,16.026669,50,87,62.333332,21.36196,456.33334,0,0,0,0,0,0,0,0,1,93.5,50.0,87.0,0,0,0,0,0,0,1,50,1,87,-1,-1,0,20,0.0,0.0,0,0,0.0,0.0,0,0,Benign
17,91721,1,1,54,181,54,54,54.0,0.0,181,181,181.0,0.0,2562.11772658388,21.8052572475224,91721.0,0.0,91721,91721,0,0.0,0.0,0,0,0,0.0,0.0,0,0,0,0,0,0,32,20,10.902629,10.902629,54,181,96.333336,73.32349,5376.3335,0,0,0,0,0,0,0,0,1,144.5,54.0,181.0,0,0,0,0,0,0,1,54,1,181,-1,-1,0,32,0.0,0.0,0,0,0.0,0.0,0,0,Benign
6,4,5,0,442,0,306,0,88.4,123.39692,0,0,0.0,0.0,110500000.0,1250000.0,1.0,0.8164966,2,0,4,1.0,0.8164966,2,0,0,0.0,0.0,0,0,1,0,0,0,160,0,1250000.0,0.0,0,306,124.666664,141.67944,20073.066,0,1,0,0,1,0,0,0,0,149.6,88.4,0.0,0,0,0,0,0,0,5,442,0,0,340,-1,3,32,0.0,0.0,0,0,0.0,0.0,0,0,Benign
17,189,2,2,66,130,33,33,33.0,0.0,65,65,65.0,0.0,1037037.03703704,21164.0211640212,63.0,103.92305,183,3,3,3.0,0.0,3,3,3,3.0,0.0,3,3,0,0,0,0,64,64,10582.011,10582.011,33,65,45.8,17.527122,307.2,0,0,0,0,0,0,0,0,1,57.25,33.0,65.0,0,0,0,0,0,0,2,66,2,130,-1,-1,1,32,0.0,0.0,0,0,0.0,0.0,0,0,Benign
17,50116,1,1,43,59,43,43,43.0,0.0,59,59,59.0,0.0,2035.27815468114,39.9074147976694,50116.0,0.0,50116,50116,0,0.0,0.0,0,0,0,0.0,0.0,0,0,0,0,0,0,44,32,19.953707,19.953707,43,59,48.333332,9.237604,85.333336,0,0,0,0,0,0,0,0,1,72.5,43.0,59.0,0,0,0,0,0,0,1,43,1,59,-1,-1,0,44,0.0,0.0,0,0,0.0,0.0,0,0,Benign
17,23541,2,2,60,264,30,30,30.0,0.0,132,132,132.0,0.0,13763.2216133554,169.916316214264,7847.0,13586.206,23535,3,3,3.0,0.0,3,3,3,3.0,0.0,3,3,0,0,0,0,40,40,84.95816,84.95816,30,132,70.8,55.867702,3121.2,0,0,0,0,0,0,0,0,1,88.5,30.0,132.0,0,0,0,0,0,0,2,60,2,264,-1,-1,1,20,0.0,0.0,0,0,0.0,0.0,0,0,Benign
6,9752910,6,4,1131,2072,583,0,188.5,285.5533,1033,0,518.0,594.67584,328.414801325963,1.02533500257872,1083656.6,2066241.5,4939189,41,4813721,962744.2,1981657.9,4505524,361,9719977,3239992.2,2780195.0,4998948,34780,0,0,0,0,132,88,0.615201,0.410134,0,1033,291.18182,426.90228,182245.56,0,0,0,1,0,0,0,0,0,320.3,188.5,518.0,0,0,0,0,0,0,6,1131,4,2072,8192,11,5,20,0.0,0.0,0,0,0.0,0.0,0,0,Benign
6,120,1,1,6,6,6,6,6.0,0.0,6,6,6.0,0.0,100000.0,16666.6666666667,120.0,0.0,120,120,0,0.0,0.0,0,0,0,0.0,0.0,0,0,0,0,0,0,20,20,8333.333,8333.333,6,6,6.0,0.0,0.0,0,0,0,0,1,1,0,0,1,9.0,6.0,6.0,0,0,0,0,0,0,1,6,1,6,115,256,0,20,0.0,0.0,0,0,0.0,0.0,0,0,Benign
17,121473,2,2,88,662,44,44,44.0,0.0,331,331,331.0,0.0,6174.21155318466,32.9291282836515,40491.0,70126.41,121466,3,3,3.0,0.0,3,3,4,4.0,0.0,4,4,0,0,0,0,64,64,16.464563,16.464563,44,331,158.8,157.19638,24710.7,0,0,0,0,0,0,0,0,1,198.5,44.0,331.0,0,0,0,0,0,0,2,88,2,662,-1,-1,1,32,0.0,0.0,0,0,0.0,0.0,0,0,Benign
17,622,1,1,80,158,80,80,80.0,0.0,158,158,158.0,0.0,382636.655948553,3215.43408360129,622.0,0.0,622,622,0,0.0,0.0,0,0,0,0.0,0.0,0,0,0,0,0,0,32,32,1607.717,1607.717,80,158,106.0,45.03332,2028.0,0,0,0,0,0,0,0,0,1,159.0,80.0,158.0,0,0,0,0,0,0,1,80,1,158,-1,-1,0,32,0.0,0.0,0,0,0.0,0.0,0,0,Benign
6,313,2,0,0,0,0,0,0.0,0.0,0,0,0.0,0.0,0.0,6389.77635782748,313.0,0.0,313,313,313,313.0,0.0,313,313,0,0.0,0.0,0,0,0,0,0,0,64,0,6389.7764,0.0,0,0,0.0,0.0,0.0,0,0,0,0,1,0,0,0,0,0.0,0.0,0.0,0,0,0,0,0,0,2,0,0,0,235,-1,0,32,0.0,0.0,0,0,0.0,0.0,0,0,Benign
6,267278,6,6,356,3782,212,0,59.333332,89.22481,1460,0,630.3333,677.21716,15482.0074978113,44.897073459095,24298.0,39729.43,86563,39,267278,53455.6,46095.316,88610,39,181330,36266.0,48549.395,92637,53,0,0,0,0,132,132,22.448536,22.448536,0,1460,318.30768,533.9169,285067.22,0,0,0,1,0,0,0,0,1,344.83334,59.333332,630.3333,0,0,0,0,0,0,6,356,6,3782,8192,60,5,20,0.0,0.0,0,0,0.0,0.0,0,0,Benign
17,197779,1,1,42,58,42,42,42.0,0.0,58,58,58.0,0.0,505.61485294192,10.1122970588384,197779.0,0.0,197779,197779,0,0.0,0.0,0,0,0,0.0,0.0,0,0,0,0,0,0,32,32,5.0561485,5.0561485,42,58,47.333332,9.237604,85.333336,0,0,0,0,0,0,0,0,1,71.0,42.0,58.0,0,0,0,0,0,0,1,42,1,58,-1,-1,0,32,0.0,0.0,0,0,0.0,0.0,0,0,Benign
6,18,1,1,6,6,6,6,6.0,0.0,6,6,6.0,0.0,666666.666666667,111111.111111111,18.0,0.0,18,18,0,0.0,0.0,0,0,0,0.0,0.0,0,0,0,0,0,0,20,20,55555.555,55555.555,6,6,6.0,0.0,0.0,0,0,0,0,1,1,0,0,1,9.0,6.0,6.0,0,0,0,0,0,0,1,6,1,6,343,255,0,20,0.0,0.0,0,0,0.0,0.0,0,0,Benign
17,34749,2,2,84,244,42,42,42.0,0.0,122,122,122.0,0.0,9439.12055023166,115.111226222337,11583.0,20058.88,34745,1,3,3.0,0.0,3,3,1,1.0,0.0,1,1,0,0,0,0,40,40,57.555614,57.555614,42,122,74.0,43.817806,1920.0,0,0,0,0,0,0,0,0,1,92.5,42.0,122.0,0,0,0,0,0,0,2,84,2,244,-1,-1,1,20,0.0,0.0,0,0,0.0,0.0,0,0,Benign
17,30899,2,2,60,116,30,30,30.0,0.0,58,58,58.0,0.0,5695.97721609114,129.454027638435,10299.667,17832.617,30891,4,4,4.0,0.0,4,4,4,4.0,0.0,4,4,0,0,0,0,64,64,64.72701,64.72701,30,58,41.2,15.336231,235.2,0,0,0,0,0,0,0,0,1,51.5,30.0,58.0,0,0,0,0,0,0,2,60,2,116,-1,-1,1,32,0.0,0.0,0,0,0.0,0.0,0,0,Benign
17,60534,1,1,42,101,42,42,42.0,0.0,101,101,101.0,0.0,2362.30878514554,33.0392837083292,60534.0,0.0,60534,60534,0,0.0,0.0,0,0,0,0.0,0.0,0,0,0,0,0,0,32,20,16.519642,16.519642,42,101,61.666668,34.063667,1160.3334,0,0,0,0,0,0,0,0,1,92.5,42.0,101.0,0,0,0,0,0,0,1,42,1,101,-1,-1,0,32,0.0,0.0,0,0,0.0,0.0,0,0,Benign
6,118365062,27,20,3166,5578,436,0,117.25926,192.16512,796,0,278.9,389.30734,73.8731501699378,0.397076630602365,2573153.5,4286227.0,10007624,148,118365062,4552502.5,4888568.5,10031339,444,112832996,5938578.5,4929680.0,10031342,719,0,0,0,0,552,544,0.22810785,0.16896878,0,796,182.16667,298.0018,88805.08,0,0,0,1,0,0,0,0,0,186.04256,117.25926,278.9,0,0,0,0,0,0,27,3166,20,5578,8192,300,26,20,260962.73,787028.2,2633942,23498,9996577.0,15722.261,10007624,9949654,Benign
6,66510,3,3,86,7,86,0,28.666666,49.652122,7,0,2.3333333,4.041452,1398.28597203428,90.21199819576,13302.0,17306.146,32262,48,34240,17120.0,21518.674,32336,1904,34248,17124.0,24149.111,34200,48,0,0,0,0,108,104,45.106,45.106,0,86,13.285714,32.169937,1034.9048,0,0,0,1,0,0,0,0,1,15.5,28.666666,2.3333333,0,0,0,0,0,0,3,86,3,7,65535,57,1,32,0.0,0.0,0,0,0.0,0.0,0,0,Benign
6,76,2,0,0,0,0,0,0.0,0.0,0,0,0.0,0.0,0.0,26315.7894736842,76.0,0.0,76,76,76,76.0,0.0,76,76,0,0.0,0.0,0,0,0,0,0,0,64,0,26315.79,0.0,0,0,0.0,0.0,0.0,0,0,0,0,1,0,0,0,0,0.0,0.0,0.0,0,0,0,0,0,0,2,0,0,0,1444,-1,0,32,0.0,0.0,0,0,0.0,0.0,0,0,Benign
17,68166591,2,2,93,238,49,44,46.5,3.535534,142,96,119.0,32.526913,4.85575111127385,0.058679771737448,22722196.0,38580356.0,67269091,95988,68070603,68070600.0,0.0,68070603,68070603,67365079,67365080.0,0.0,67365079,67365079,0,0,0,0,64,52,0.029339885,0.029339885,44,142,75.0,43.382023,1882.0,0,0,0,0,0,0,0,0,1,93.75,46.5,119.0,0,0,0,0,0,0,2,93,2,238,-1,-1,1,32,801512.0,0.0,801512,801512,67269090.0,0.0,67269091,67269091,Benign
6,84,3,0,49,0,37,6,16.333334,17.897858,0,0,0.0,0.0,583333.333333333,35714.2857142857,42.0,8.485281,48,36,84,42.0,8.485281,48,36,0,0.0,0.0,0,0,0,0,0,0,60,0,35714.285,0.0,6,37,13.75,15.5,240.25,0,0,0,0,1,0,0,0,0,18.333334,16.333334,0.0,0,0,0,0,0,0,3,49,0,0,257,-1,2,20,0.0,0.0,0,0,0.0,0.0,0,0,Benign
17,53639,2,2,72,154,36,36,36.0,0.0,77,77,77.0,0.0,4213.35222506013,74.5726057532765,17879.666,30962.43,53632,3,4,4.0,0.0,4,4,3,3.0,0.0,3,3,0,0,0,0,40,64,37.286304,37.286304,36,77,52.4,22.456625,504.3,0,0,0,0,0,0,0,0,1,65.5,36.0,77.0,0,0,0,0,0,0,2,72,2,154,-1,-1,1,20,0.0,0.0,0,0,0.0,0.0,0,0,Benign
6,66349981,13,12,2498,7691,730,0,192.15384,296.2535,1555,0,640.9167,760.67523,153.564475022231,0.376789859216388,2764582.5,9553710.0,45000694,41,61367787,5113982.0,13300585.0,45000694,41,66307636,6027967.0,13737172.0,45043041,164,0,0,0,0,272,264,0.19593072,0.18085913,0,1555,391.8846,594.4566,353378.66,0,0,0,1,0,0,0,0,0,407.56,192.15384,640.9167,0,0,0,0,0,0,13,2498,12,7691,8192,126,12,20,554637.5,724662.1,1067051,42224,30119238.0,21045556.0,45000694,15237783,Benign
6,26576,2,0,12,0,6,6,6.0,0.0,0,0,0.0,0.0,451.53521974714,75.2558699578567,26576.0,0.0,26576,26576,26576,26576.0,0.0,26576,26576,0,0.0,0.0,0,0,0,0,0,0,40,0,75.25587,0.0,6,6,6.0,0.0,0.0,0,0,0,0,1,0,0,0,0,9.0,6.0,0.0,0,0,0,0,0,0,2,12,0,0,63572,-1,1,20,0.0,0.0,0,0,0.0,0.0,0,0,Benign
6,265987,6,6,352,3782,208,0,58.666668,87.8605,1460,0,630.3333,677.21716,15542.1129604078,45.1149868226643,24180.637,39731.66,86436,47,265987,53197.4,47696.188,90503,144,179051,35810.2,47006.82,88345,47,0,0,0,0,132,132,22.557493,22.557493,0,1460,318.0,533.9844,285139.34,0,0,0,1,0,0,0,0,1,344.5,58.666668,630.3333,0,0,0,0,0,0,6,352,6,3782,8192,60,5,20,0.0,0.0,0,0,0.0,0.0,0,0,Benign
6,117379335,16,15,1090,5120,416,0,68.125,110.1701,1430,0,341.33334,502.54034,52.9053942927859,0.264101002105694,3912644.5,14794868.0,58849848,0,117379335,7825289.0,20518686.0,58898271,143,117130154,8366439.5,21233438.0,58898577,0,0,0,0,0,332,312,0.13631019,0.12779081,0,1430,194.0625,373.92737,139821.67,0,0,0,1,0,0,0,0,0,200.32259,68.125,341.33334,0,0,0,0,0,0,16,1090,15,5120,8192,180,15,20,228048.5,24748.03,245548,210549,58336950.0,725343.75,58849848,57824057,Benign
17,163,2,2,76,180,38,38,38.0,0.0,90,90,90.0,0.0,1570552.14723926,24539.8773006135,54.333332,88.04733,156,3,4,4.0,0.0,4,4,3,3.0,0.0,3,3,0,0,0,0,80,80,12269.938,12269.938,38,90,58.8,28.481573,811.2,0,0,0,0,0,0,0,0,1,73.5,38.0,90.0,0,0,0,0,0,0,2,76,2,180,-1,-1,1,40,0.0,0.0,0,0,0.0,0.0,0,0,Benign
6,61416515,20,15,2481,6631,758,0,124.05,261.33353,1627,0,442.06668,647.8588,148.364002744213,0.569879290611003,1806368.1,3857060.8,10026370,3,61416515,3232448.2,4784121.5,10111914,44,61330656,4380761.0,5145999.0,10112038,210,0,0,0,0,648,488,0.3256453,0.24423398,0,1627,253.11111,481.26227,231613.36,0,0,0,1,0,0,0,0,0,260.34286,124.05,442.06668,0,0,0,0,0,0,20,2481,15,6631,29200,127,5,32,177443.17,224957.64,636636,85510,10014567.0,26821.467,10026370,9959910,Benign
6,850,9,4,644,2942,307,0,71.55556,133.50853,1471,0,735.5,849.2822,4218823.52941176,15294.1176470588,70.833336,193.80911,682,1,850,106.25,260.19266,748,1,738,246.0,420.8931,732,1,0,0,0,0,204,104,10588.235,4705.8823,0,1471,256.14285,526.0763,276756.28,0,0,0,1,0,0,0,0,0,275.84616,71.55556,735.5,0,0,0,0,0,0,9,644,4,2942,8192,2053,7,20,0.0,0.0,0,0,0.0,0.0,0,0,Benign
17,31149,1,1,47,92,47,47,47.0,0.0,92,92,92.0,0.0,4462.42254968057,64.2075187004398,31149.0,0.0,31149,31149,0,0.0,0.0,0,0,0,0.0,0.0,0,0,0,0,0,0,32,32,32.10376,32.10376,47,92,62.0,25.980762,675.0,0,0,0,0,0,0,0,0,1,93.0,47.0,92.0,0,0,0,0,0,0,1,47,1,92,-1,-1,0,32,0.0,0.0,0,0,0.0,0.0,0,0,Benign
6,88,1,1,6,6,6,6,6.0,0.0,6,6,6.0,0.0,136363.636363636,22727.2727272727,88.0,0.0,88,88,0,0.0,0.0,0,0,0,0.0,0.0,0,0,0,0,0,0,20,20,11363.637,11363.637,6,6,6.0,0.0,0.0,0,0,0,0,1,1,0,0,1,9.0,6.0,6.0,0,0,0,0,0,0,1,6,1,6,29200,64240,0,20,0.0,0.0,0,0,0.0,0.0,0,0,Benign
6,455991,5,2,316,489,316,0,63.2,141.3195,489,0,244.5,345.7752,1765.3857203322,15.3511801768017,75998.5,117336.23,228236,81,455991,113997.75,131135.36,228326,345,227154,227154.0,0.0,227154,227154,0,0,0,0,172,72,10.965129,4.3860517,0,489,100.625,191.97243,36853.41,0,0,0,1,0,0,0,0,0,115.0,63.2,244.5,0,0,0,0,0,0,5,316,2,489,65535,514,1,32,0.0,0.0,0,0,0.0,0.0,0,0,Benign
17,30541,1,1,48,160,48,48,48.0,0.0,160,160,160.0,0.0,6810.51700992109,65.4857404800105,30541.0,0.0,30541,30541,0,0.0,0.0,0,0,0,0.0,0.0,0,0,0,0,0,0,20,20,32.74287,32.74287,48,160,85.333336,64.66323,4181.3335,0,0,0,0,0,0,0,0,1,128.0,48.0,160.0,0,0,0,0,0,0,1,48,1,160,-1,-1,0,20,0.0,0.0,0,0,0.0,0.0,0,0,Benign
17,101020,1,1,39,129,39,39,39.0,0.0,129,129,129.0,0.0,1663.03702237181,19.7980597901406,101020.0,0.0,101020,101020,0,0.0,0.0,0,0,0,0.0,0.0,0,0,0,0,0,0,20,20,9.89903,9.89903,39,129,69.0,51.961525,2700.0,0,0,0,0,0,0,0,0,1,103.5,39.0,129.0,0,0,0,0,0,0,1,39,1,129,-1,-1,0,20,0.0,0.0,0,0,0.0,0.0,0,0,Benign
6,639325,17,19,1963,22466,325,0,115.47059,153.58513,3015,0,1182.421,719.804,38210.6127556407,56.309388808509,18266.428,52816.47,299631,3,339694,21230.875,25393.994,98213,3,613644,34091.332,84169.33,349767,50,0,0,0,0,352,392,26.590546,29.718843,0,3015,660.2432,752.13385,565705.4,0,0,0,1,0,0,0,0,1,678.5833,115.47059,1182.421,0,0,0,0,0,0,17,1963,19,22466,8192,1114,16,20,0.0,0.0,0,0,0.0,0.0,0,0,Benign
17,173,2,2,64,96,32,32,32.0,0.0,48,48,48.0,0.0,924855.49132948,23121.387283237,57.666668,93.82075,166,3,3,3.0,0.0,3,3,4,4.0,0.0,4,4,0,0,0,0,64,64,11560.693,11560.693,32,48,38.4,8.763561,76.8,0,0,0,0,0,0,0,0,1,48.0,32.0,48.0,0,0,0,0,0,0,2,64,2,96,-1,-1,1,32,0.0,0.0,0,0,0.0,0.0,0,0,Benign
17,33428,1,1,44,108,44,44,44.0,0.0,108,108,108.0,0.0,4547.08627497906,59.8300825655139,33428.0,0.0,33428,33428,0,0.0,0.0,0,0,0,0.0,0.0,0,0,0,0,0,0,20,20,29.915041,29.915041,44,108,65.333336,36.950417,1365.3334,0,0,0,0,0,0,0,0,1,98.0,44.0,108.0,0,0,0,0,0,0,1,44,1,108,-1,-1,0,20,0.0,0.0,0,0,0.0,0.0,0,0,Benign
6,5053859,10,7,382,5721,189,0,38.2,73.28301,1448,0,817.2857,702.5204,1207.59205984971,3.36376618342538,315866.2,1233157.9,4939989,3,5053859,561539.9,1642044.6,4939989,3,52894,8815.667,12342.713,26775,48,0,0,0,0,328,232,1.978686,1.3850802,0,1448,339.05554,575.50854,331210.06,0,0,0,1,0,0,0,0,0,359.0,38.2,817.2857,0,0,0,0,0,0,10,382,7,5721,29200,122,3,32,0.0,0.0,0,0,0.0,0.0,0,0,Benign
17,116726307,2,2,92,173,49,43,46.0,4.2426405,114,59,86.5,38.890873,2.27026800393848,0.034268196285864,38908770.0,67337624.0,116663557,30793,116694350,116694350.0,0.0,116694350,116694350,116695514,116695510.0,0.0,116695514,116695514,0,0,0,0,52,64,0.017134098,0.017134098,43,114,62.8,29.192465,852.2,0,0,0,0,0,0,0,0,1,78.5,46.0,86.5,0,0,0,0,0,0,2,92,2,173,-1,-1,1,20,30793.0,0.0,30793,30793,116663560.0,0.0,116663557,116663557,Benign
6,61843904,7,3,1359,1583,645,0,194.14285,309.0229,757,69,527.6667,397.21698,47.5713822982456,0.161697424535165,6871545.0,19928374.0,59999912,55,61843904,10307317.0,24350138.0,59999967,68,60385119,30192560.0,42154050.0,59999972,385147,1,0,0,0,224,96,0.1131882,0.04850923,0,757,273.72726,341.79498,116823.82,0,1,0,0,1,0,0,0,0,301.1,194.14285,527.6667,0,0,0,0,0,0,7,1359,3,1583,134,144,2,32,1458228.0,0.0,1458228,1458228,59999910.0,0.0,59999912,59999912,Benign
6,245167,2,3,37,18,37,0,18.5,26.16295,6,6,6.0,0.0,224.336880575281,20.3942618704801,61291.75,122542.17,245105,1,245167,245167.0,0.0,245167,245167,2,1.0,0.0,1,1,0,0,0,0,64,60,8.157704,12.236557,0,37,9.166667,13.948715,194.56667,0,0,0,0,1,0,0,0,1,11.0,18.5,6.0,0,0,0,0,0,0,2,37,3,18,65,0,1,32,0.0,0.0,0,0,0.0,0.0,0,0,Benign
6,291876,10,5,720,1295,469,0,72.0,147.70842,1157,0,259.0,505.5413,6903.61660431142,51.3916868807302,20848.285,36342.74,87803,47,291876,32430.666,44308.918,97016,47,187619,46904.75,48107.49,88488,251,0,0,0,0,332,168,34.261124,17.130562,0,1157,125.9375,300.23645,90141.93,0,0,0,1,0,0,0,0,0,134.33333,72.0,259.0,0,0,0,0,0,0,10,720,5,1295,65535,114,5,32,0.0,0.0,0,0,0.0,0.0,0,0,Benign
6,4541275,5,1,135,46,46,6,27.0,20.12461,46,46,46.0,0.0,39.8566481880089,1.32121485706107,908255.0,1981870.1,4453339,3,4541275,1135318.8,2212285.0,4453339,3,0,0.0,0.0,0,0,1,0,0,0,100,20,1.1010123,0.22020248,6,46,32.42857,18.866701,355.9524,0,1,0,0,1,0,0,0,0,37.833332,27.0,46.0,0,0,0,0,0,0,5,135,1,46,250,1013,4,20,0.0,0.0,0,0,0.0,0.0,0,0,Benign
17,31204,4,4,148,552,37,37,37.0,0.0,138,138,138.0,0.0,22433.0214075119,256.377387514421,4457.7144,11690.892,30970,1,30977,10325.667,17878.518,30970,3,162,54.0,56.240555,113,1,0,0,0,0,80,80,128.18869,128.18869,37,138,81.888885,53.231674,2833.611,0,0,0,0,0,0,0,0,1,92.125,37.0,138.0,0,0,0,0,0,0,4,148,4,552,-1,-1,3,20,0.0,0.0,0,0,0.0,0.0,0,0,Benign
17,303,2,2,76,376,38,38,38.0,0.0,188,188,188.0,0.0,1491749.17491749,13201.3201320132,101.0,168.00893,295,4,4,4.0,0.0,4,4,4,4.0,0.0,4,4,0,0,0,0,40,40,6600.66,6600.66,38,188,98.0,82.15839,6750.0,0,0,0,0,0,0,0,0,1,122.5,38.0,188.0,0,0,0,0,0,0,2,76,2,376,-1,-1,1,20,0.0,0.0,0,0,0.0,0.0,0,0,Benign
6,55,1,1,0,0,0,0,0.0,0.0,0,0,0.0,0.0,0.0,36363.6363636364,55.0,0.0,55,55,0,0.0,0.0,0,0,0,0.0,0.0,0,0,0,0,0,0,32,32,18181.818,18181.818,0,0,0.0,0.0,0.0,0,0,0,0,1,0,0,0,1,0.0,0.0,0.0,0,0,0,0,0,0,1,0,1,0,357,429,0,32,0.0,0.0,0,0,0.0,0.0,0,0,Benign
6,59,1,1,6,6,6,6,6.0,0.0,6,6,6.0,0.0,203389.830508475,33898.3050847458,59.0,0.0,59,59,0,0.0,0.0,0,0,0,0.0,0.0,0,0,0,0,0,0,20,20,16949.152,16949.152,6,6,6.0,0.0,0.0,0,0,0,0,1,1,0,0,1,9.0,6.0,6.0,0,0,0,0,0,0,1,6,1,6,229,229,0,20,0.0,0.0,0,0,0.0,0.0,0,0,Benign
17,208,2,2,76,268,38,38,38.0,0.0,134,134,134.0,0.0,1653846.15384615,19230.7692307692,69.333336,36.087856,111,48,49,49.0,0.0,49,49,48,48.0,0.0,48,48,0,0,0,0,40,40,9615.385,9615.385,38,134,76.4,52.581364,2764.8,0,0,0,0,0,0,0,0,1,95.5,38.0,134.0,0,0,0,0,0,0,2,76,2,268,-1,-1,1,20,0.0,0.0,0,0,0.0,0.0,0,0,Benign
6,86,2,1,0,0,0,0,0.0,0.0,0,0,0.0,0.0,0.0,34883.7209302326,43.0,56.568542,83,3,3,3.0,0.0,3,3,0,0.0,0.0,0,0,0,0,0,0,64,32,23255.814,11627.907,0,0,0.0,0.0,0.0,0,0,0,0,1,1,0,0,0,0.0,0.0,0.0,0,0,0,0,0,0,2,0,1,0,383,32832,0,32,0.0,0.0,0,0,0.0,0.0,0,0,Benign
6,115516283,23,20,2828,5494,1279,0,122.95652,330.24338,1418,0,274.7,519.59796,72.0417917186619,0.372241894244468,2750387.8,4431545.5,10027050,4,115516283,5250740.0,4995679.0,10063953,4,110885953,5836103.0,5074675.5,10063919,47,0,0,0,0,744,648,0.19910613,0.17313576,0,1418,189.13637,426.2307,181672.62,0,0,0,1,0,0,0,0,0,193.53488,122.95652,274.7,0,0,0,0,0,0,23,2828,20,5494,29200,383,5,32,72686.09,118799.484,430880,36831,10007849.0,16617.658,10027050,9959882,Benign
17,197,2,2,92,124,46,46,46.0,0.0,62,62,62.0,0.0,1096446.70050761,20304.5685279188,65.666664,72.81712,146,4,47,47.0,0.0,47,47,4,4.0,0.0,4,4,0,0,0,0,40,40,10152.284,10152.284,46,62,52.4,8.763561,76.8,0,0,0,0,0,0,0,0,1,65.5,46.0,62.0,0,0,0,0,0,0,2,92,2,124,-1,-1,1,20,0.0,0.0,0,0,0.0,0.0,0,0,Benign
17,23368,1,1,42,58,42,42,42.0,0.0,58,58,58.0,0.0,4279.35638479973,85.5871276959945,23368.0,0.0,23368,23368,0,0.0,0.0,0,0,0,0.0,0.0,0,0,0,0,0,0,44,32,42.793564,42.793564,42,58,47.333332,9.237604,85.333336,0,0,0,0,0,0,0,0,1,71.0,42.0,58.0,0,0,0,0,0,0,1,42,1,58,-1,-1,0,44,0.0,0.0,0,0,0.0,0.0,0,0,Benign
17,48943,2,2,88,166,44,44,44.0,0.0,83,83,83.0,0.0,5189.71047953742,81.7277240872035,16314.333,28252.059,48937,3,3,3.0,0.0,3,3,3,3.0,0.0,3,3,0,0,0,0,40,64,40.86386,40.86386,44,83,59.6,21.36118,456.3,0,0,0,0,0,0,0,0,1,74.5,44.0,83.0,0,0,0,0,0,0,2,88,2,166,-1,-1,1,20,0.0,0.0,0,0,0.0,0.0,0,0,Benign
6,60328950,17,14,764,5493,449,0,44.941177,116.95698,1448,0,392.35715,607.1926,103.714717395214,0.513849486854984,2010965.0,4042378.8,10029270,9,60328950,3770559.5,4985171.0,10079915,51,60278107,4636777.5,5170434.5,10080063,48,0,0,0,0,552,456,0.28178844,0.23206106,0,1448,195.53125,439.1287,192834.0,0,0,0,1,0,0,0,0,0,201.83871,44.941177,392.35715,0,0,0,0,0,0,17,764,14,5493,29200,114,3,32,96027.336,111054.82,322717,50645,9958779.0,149445.83,10029270,9654863,Benign
17,30804,2,2,58,122,29,29,29.0,0.0,61,61,61.0,0.0,5843.39696143358,129.853265809635,10268.0,17779.502,30798,3,3,3.0,0.0,3,3,3,3.0,0.0,3,3,0,0,0,0,64,40,64.926636,64.926636,29,61,41.8,17.527122,307.2,0,0,0,0,0,0,0,0,1,52.25,29.0,61.0,0,0,0,0,0,0,2,58,2,122,-1,-1,1,32,0.0,0.0,0,0,0.0,0.0,0,0,Benign
17,84128,4,4,144,208,36,36,36.0,0.0,52,52,52.0,0.0,4184.10041841004,95.093191327501,12018.286,31635.65,83761,0,83931,27977.0,48416.023,83883,0,83960,27986.666,48472.598,83958,0,0,0,0,0,104,104,47.546597,47.546597,36,52,43.11111,8.43274,71.111115,0,0,0,0,0,0,0,0,1,48.5,36.0,52.0,0,0,0,0,0,0,4,144,4,208,-1,-1,3,20,0.0,0.0,0,0,0.0,0.0,0,0,Benign
17,312,2,2,100,214,50,50,50.0,0.0,107,107,107.0,0.0,1006410.25641026,12820.5128205128,104.0,178.40123,310,1,1,1.0,0.0,1,1,1,1.0,0.0,1,1,0,0,0,0,64,64,6410.2563,6410.2563,50,107,72.8,31.220186,974.7,0,0,0,0,0,0,0,0,1,91.0,50.0,107.0,0,0,0,0,0,0,2,100,2,214,-1,-1,1,32,0.0,0.0,0,0,0.0,0.0,0,0,Benign
6,68233788,22,24,3671,19317,869,0,166.86363,277.6168,2621,2,804.875,821.0573,336.900539656394,0.674152811214292,1516306.4,3430856.0,10000618,3,63774242,3036868.8,4580254.0,10108563,338,68125645,2961984.5,4437579.5,10108565,3,0,0,0,0,452,484,0.3224209,0.3517319,0,2621,489.10638,692.198,479138.06,0,0,0,1,0,0,0,0,1,499.73914,166.86363,804.875,0,0,0,0,0,0,22,3671,24,19317,8192,22594,21,20,629081.3,1276263.4,3234243,107945,9999959.0,619.1811,10000618,9999204,Benign
6,5183082,8,5,620,2725,342,0,77.5,126.64236,1400,0,545.0,712.05194,645.368913708099,2.50816020275195,431923.5,1443418.9,5015067,3,5183082,740440.3,1885127.5,5015067,3,90701,22675.25,26018.52,46452,4,0,0,0,0,172,108,1.5434833,0.964677,0,1400,238.92857,470.21262,221099.92,0,0,0,1,0,0,0,0,0,257.30768,77.5,545.0,0,0,0,0,0,0,8,620,5,2725,8192,11256,7,20,168012.0,0.0,168012,168012,5015067.0,0.0,5015067,5015067,Benign
6,61943180,18,15,4290,3822,1984,0,238.33333,637.2899,1618,0,254.8,532.61365,130.958727014015,0.532746300722695,1935724.4,3975004.8,10188842,10,61943180,3643716.5,4932060.0,10240037,100,61891761,4420840.0,5131271.0,10240143,232,0,0,0,0,584,488,0.2905889,0.24215741,0,1984,238.58824,575.68677,331415.28,0,0,0,1,0,0,0,0,0,245.81818,238.33333,254.8,0,0,0,0,0,0,18,4290,15,3822,29200,150,4,32,251370.33,490212.78,1252013,51122,10072472.0,201844.62,10188842,9695885,Benign
17,158,2,2,94,196,47,47,47.0,0.0,98,98,98.0,0.0,1835443.03797468,25316.4556962025,52.666668,84.29314,150,4,4,4.0,0.0,4,4,4,4.0,0.0,4,4,0,0,0,0,40,40,12658.228,12658.228,47,98,67.4,27.933851,780.3,0,0,0,0,0,0,0,0,1,84.25,47.0,98.0,0,0,0,0,0,0,2,94,2,196,-1,-1,1,20,0.0,0.0,0,0,0.0,0.0,0,0,Benign
17,180,2,2,92,188,46,46,46.0,0.0,94,94,94.0,0.0,1555555.55555556,22222.2222222222,60.0,62.864933,128,4,48,48.0,0.0,48,48,4,4.0,0.0,4,4,0,0,0,0,64,64,11111.111,11111.111,46,94,65.2,26.290682,691.2,0,0,0,0,0,0,0,0,1,81.5,46.0,94.0,0,0,0,0,0,0,2,92,2,188,-1,-1,1,32,0.0,0.0,0,0,0.0,0.0,0,0,Benign
6,362003,14,10,871,6078,517,0,62.214287,138.89574,1448,0,607.8,665.9988,19195.9735140317,66.2977931122118,15739.261,26255.717,90337,1,362003,27846.385,40052.04,136459,1,309560,34395.555,42972.676,101653,48,0,0,0,0,460,328,38.673714,27.62408,0,1448,277.96,502.47882,252484.95,0,0,0,1,0,0,0,0,0,289.54166,62.214287,607.8,0,0,0,0,0,0,14,871,10,6078,65535,114,6,32,0.0,0.0,0,0,0.0,0.0,0,0,Benign
6,9248474,3,0,0,0,0,0,0.0,0.0,0,0,0.0,0.0,0.0,0.324377837900609,4624237.0,2081865.2,6096338,3152136,9248474,4624237.0,2081865.2,6096338,3152136,0,0.0,0.0,0,0,0,0,0,0,92,0,0.32437783,0.0,0,0,0.0,0.0,0.0,0,0,0,1,0,0,0,0,0,0.0,0.0,0.0,0,0,0,0,0,0,3,0,0,0,8192,-1,0,28,3152136.0,0.0,3152136,3152136,6096338.0,0.0,6096338,6096338,Benign
17,73172,1,1,57,89,57,57,57.0,0.0,89,89,89.0,0.0,1995.29874815503,27.3328595637676,73172.0,0.0,73172,73172,0,0.0,0.0,0,0,0,0.0,0.0,0,0,0,0,0,0,32,32,13.6664295,13.6664295,57,89,67.666664,18.475208,341.33334,0,0,0,0,0,0,0,0,1,101.5,57.0,89.0,0,0,0,0,0,0,1,57,1,89,-1,-1,0,32,0.0,0.0,0,0,0.0,0.0,0,0,Benign
6,9003666,3,0,0,0,0,0,0.0,0.0,0,0,0.0,0.0,0.0,0.333197610839851,4501833.0,2120818.2,6001478,3002188,9003666,4501833.0,2120818.2,6001478,3002188,0,0.0,0.0,0,0,0,0,0,0,92,0,0.33319762,0.0,0,0,0.0,0.0,0.0,0,0,0,1,0,0,0,0,0,0.0,0.0,0.0,0,0,0,0,0,0,3,0,0,0,8192,-1,0,28,3002188.0,0.0,3002188,3002188,6001478.0,0.0,6001478,6001478,Benign
17,24163,2,2,56,88,28,28,28.0,0.0,44,44,44.0,0.0,5959.52489343211,165.542358150892,8054.3335,13944.452,24156,3,3,3.0,0.0,3,3,4,4.0,0.0,4,4,0,0,0,0,64,64,82.77118,82.77118,28,44,34.4,8.763561,76.8,0,0,0,0,0,0,0,0,1,43.0,28.0,44.0,0,0,0,0,0,0,2,56,2,88,-1,-1,1,32,0.0,0.0,0,0,0.0,0.0,0,0,Benign
17,208,2,2,134,390,67,67,67.0,0.0,195,195,195.0,0.0,2519230.76923077,19230.7692307692,69.333336,113.16065,200,4,4,4.0,0.0,4,4,4,4.0,0.0,4,4,0,0,0,0,64,64,9615.385,9615.385,67,195,118.2,70.10849,4915.2,0,0,0,0,0,0,0,0,1,147.75,67.0,195.0,0,0,0,0,0,0,2,134,2,390,-1,-1,1,32,0.0,0.0,0,0,0.0,0.0,0,0,Benign
6,5589418,3,1,0,0,0,0,0.0,0.0,0,0,0.0,0.0,0.0,0.715638014548205,1863139.4,3127050.0,5473325,73,5589418,2794709.0,3788135.0,5473325,116093,0,0.0,0.0,0,0,0,0,0,0,104,40,0.5367285,0.17890951,0,0,0.0,0.0,0.0,0,0,0,1,0,0,0,0,0,0.0,0.0,0.0,0,0,0,0,0,0,3,0,1,0,29200,28960,0,32,0.0,0.0,0,0,0.0,0.0,0,0,Benign
17,74954461,2,2,98,162,52,46,49.0,4.2426405,94,68,81.0,18.384777,3.46877285929653,0.05336573629687,24984820.0,43169290.0,74832419,51365,74883784,74883784.0,0.0,74883784,74883784,74903096,74903096.0,0.0,74903096,74903096,0,0,0,0,52,52,0.026682869,0.026682869,46,94,62.4,19.462786,378.8,0,0,0,0,0,0,0,0,1,78.0,49.0,81.0,0,0,0,0,0,0,2,98,2,162,-1,-1,1,20,51365.0,0.0,51365,51365,74832420.0,0.0,74832419,74832419,Benign
17,61008,2,2,60,264,30,30,30.0,0.0,132,132,132.0,0.0,5310.77891424076,65.5651717807501,20336.0,35219.52,61004,1,3,3.0,0.0,3,3,1,1.0,0.0,1,1,0,0,0,0,64,80,32.782585,32.782585,30,132,70.8,55.867702,3121.2,0,0,0,0,0,0,0,0,1,88.5,30.0,132.0,0,0,0,0,0,0,2,60,2,264,-1,-1,1,32,0.0,0.0,0,0,0.0,0.0,0,0,Benign
17,187,2,2,76,204,38,38,38.0,0.0,102,102,102.0,0.0,1497326.20320856,21390.3743315508,62.333332,67.00249,135,3,3,3.0,0.0,3,3,49,49.0,0.0,49,49,0,0,0,0,64,64,10695.1875,10695.1875,38,102,63.6,35.054245,1228.8,0,0,0,0,0,0,0,0,1,79.5,38.0,102.0,0,0,0,0,0,0,2,76,2,204,-1,-1,1,32,0.0,0.0,0,0,0.0,0.0,0,0,Benign
17,59466,2,2,78,134,39,39,39.0,0.0,67,67,67.0,0.0,3565.0623885918,67.2653280866378,19822.0,34327.516,59460,3,3,3.0,0.0,3,3,3,3.0,0.0,3,3,0,0,0,0,40,40,33.632664,33.632664,39,67,50.2,15.336231,235.2,0,0,0,0,0,0,0,0,1,62.75,39.0,67.0,0,0,0,0,0,0,2,78,2,134,-1,-1,1,20,0.0,0.0,0,0,0.0,0.0,0,0,Benign
6,19929,3,1,12,6,6,0,4.0,3.4641016,6,6,6.0,0.0,903.206382658438,200.712529479653,6643.0,10635.083,18910,14,19929,9964.5,12670.646,18924,1005,0,0.0,0.0,0,0,0,0,0,0,72,20,150.5344,50.17813,0,6,4.8,2.6832817,7.2,0,0,0,0,1,1,0,0,0,6.0,4.0,6.0,0,0,0,0,0,0,3,12,1,6,31,16269,1,20,0.0,0.0,0,0,0.0,0.0,0,0,Benign
6,230988,14,9,1605,5142,725,0,114.64286,213.70274,1958,0,571.3333,801.974,29209.3095745233,99.572272152666,10499.454,19773.01,50915,0,230988,17768.309,23981.025,52359,0,175249,21906.125,29776.592,68845,50,0,0,0,0,460,296,60.60921,38.963062,0,1958,281.125,550.2585,302784.38,0,0,0,1,0,0,0,0,0,293.34784,114.64286,571.3333,0,0,0,0,0,0,14,1605,9,5142,65535,119,7,32,0.0,0.0,0,0,0.0,0.0,0,0,Benign
17,219,2,2,74,138,37,37,37.0,0.0,69,69,69.0,0.0,968036.529680365,18264.8401826484,73.0,120.37857,212,3,3,3.0,0.0,3,3,4,4.0,0.0,4,4,0,0,0,0,40,40,9132.42,9132.42,37,69,49.8,17.527122,307.2,0,0,0,0,0,0,0,0,1,62.25,37.0,69.0,0,0,0,0,0,0,2,74,2,138,-1,-1,1,20,0.0,0.0,0,0,0.0,0.0,0,0,Benign
6,30888096,28,21,8677,5886,966,0,309.89285,333.66464,1448,0,280.2857,397.70392,471.476131128316,1.58637165592855,643502.0,2313692.5,9878982,3,21789619,807022.94,2565491.5,9878982,228,30771644,1538582.2,3475763.2,9995271,3,0,0,0,0,904,680,0.9064981,0.6798736,0,1448,291.26,357.61163,127886.07,0,0,0,1,0,0,0,0,0,297.20407,309.89285,280.2857,0,0,0,0,0,0,28,8677,21,5886,29200,400,15,32,794025.7,1173927.1,2149560,116226,9502005.0,390931.0,9878982,9098474,Benign
6,5709836,7,3,599,160,517,0,85.57143,191.30853,160,0,53.333332,92.376045,132.928511431852,1.75136378698092,634426.25,1859302.2,5592182,3,5709836,951639.3,2307767.2,5662292,3,94413,47206.5,32980.168,70527,23886,0,0,0,0,232,104,1.2259547,0.52540916,0,517,69.0,156.2306,24408.0,0,0,0,1,0,0,0,0,0,75.9,85.57143,53.333332,0,0,0,0,0,0,7,599,3,160,29200,59,3,32,117651.0,0.0,117651,117651,5592182.0,0.0,5592182,5592182,Benign
6,123513,10,5,1619,1519,1365,0,161.9,425.60895,1381,0,303.8,605.13074,25406.2325423235,121.444706225256,8822.357,14862.635,36638,48,123513,13723.667,17782.777,37356,48,77165,19291.25,20393.709,36951,642,0,0,0,0,332,168,80.963135,40.481567,0,1381,196.125,462.10876,213544.52,0,0,0,1,0,0,0,0,0,209.2,161.9,303.8,0,0,0,0,0,0,10,1619,5,1519,65535,362,5,32,0.0,0.0,0,0,0.0,0.0,0,0,Benign
6,299854,10,4,736,959,485,0,73.6,152.49568,821,0,239.75,392.9227,5652.75100548934,46.6893888359001,23065.691,26674.807,91514,3,299854,33317.11,28062.625,91514,3,229837,76612.336,39039.83,117198,39328,0,0,0,0,332,136,33.349564,13.339826,0,821,113.0,233.76025,54643.855,0,0,0,1,0,0,0,0,0,121.07143,73.6,239.75,0,0,0,0,0,0,10,736,4,959,65535,61,5,32,0.0,0.0,0,0,0.0,0.0,0,0,Benign
17,48854,4,2,208,476,52,52,52.0,0.0,238,238,238.0,0.0,14000.9006427314,122.814917918697,9770.8,14883.683,33657,3,33663,11221.0,19430.146,33657,3,4,4.0,0.0,4,4,0,0,0,0,80,40,81.87661,40.938305,52,238,105.14286,90.758705,8237.143,0,0,0,0,0,0,0,0,0,122.666664,52.0,238.0,0,0,0,0,0,0,4,208,2,476,-1,-1,3,20,0.0,0.0,0,0,0.0,0.0,0,0,Benign
17,193524,2,2,56,194,28,28,28.0,0.0,97,97,97.0,0.0,1291.82943717575,20.669270994812,64508.0,111726.805,193519,1,1,1.0,0.0,1,1,4,4.0,0.0,4,4,0,0,0,0,64,64,10.334636,10.334636,28,97,55.6,37.79286,1428.3,0,0,0,0,0,0,0,0,1,69.5,28.0,97.0,0,0,0,0,0,0,2,56,2,194,-1,-1,1,32,0.0,0.0,0,0,0.0,0.0,0,0,Benign
6,22184,1,1,0,0,0,0,0.0,0.0,0,0,0.0,0.0,0.0,90.1550667147494,22184.0,0.0,22184,22184,0,0.0,0.0,0,0,0,0.0,0.0,0,0,0,0,0,0,32,32,45.077534,45.077534,0,0,0.0,0.0,0.0,0,0,0,0,1,1,0,0,1,0.0,0.0,0.0,0,0,0,0,0,0,1,0,1,0,552,131,0,32,0.0,0.0,0,0,0.0,0.0,0,0,Benign
6,90114892,3,3,18,0,6,6,6.0,0.0,0,0,0.0,0.0,0.199745009959064,0.066581669986355,18022978.0,24631810.0,45009138,34350,90080461,45040230.0,4909.4424,45043702,45036759,90080542,45040270.0,4664.076,45043569,45036973,0,0,0,0,60,96,0.033290833,0.033290833,0,6,3.4285715,3.207135,10.285714,0,0,0,0,1,0,0,0,1,4.0,6.0,0.0,0,0,0,0,0,0,3,18,3,0,256,29200,2,20,34457.0,151.32085,34564,34350,45005772.0,4758.1216,45009138,45002409,Benign
6,17600,3,0,18,0,6,6,6.0,0.0,0,0,0.0,0.0,1022.72727272727,170.454545454545,8800.0,12440.837,17597,3,17600,8800.0,12440.837,17597,3,0,0.0,0.0,0,0,0,0,0,0,60,0,170.45454,0.0,6,6,6.0,0.0,0.0,0,0,0,0,1,0,0,0,0,8.0,6.0,0.0,0,0,0,0,0,0,3,18,0,0,540,-1,2,20,0.0,0.0,0,0,0.0,0.0,0,0,Benign
17,105799701,2,2,96,280,49,47,48.0,1.4142135,177,103,140.0,52.3259,3.55388527988373,0.037807290211529,35266570.0,61030260.0,105738242,30292,105768534,105768536.0,0.0,105768534,105768534,105769409,105769410.0,0.0,105769409,105769409,0,0,0,0,64,76,0.018903645,0.018903645,47,177,85.0,56.62155,3206.0,0,0,0,0,0,0,0,0,1,106.25,48.0,140.0,0,0,0,0,0,0,2,96,2,280,-1,-1,1,32,30292.0,0.0,30292,30292,105738240.0,0.0,105738242,105738242,Benign
6,178444,13,8,914,4396,437,0,70.30769,133.9175,1448,0,549.5,641.2434,29757.2347627267,117.68397928762,8922.2,13967.086,35211,1,178444,14870.333,16292.628,35211,1,136126,19446.572,25696.01,66354,47,0,0,0,0,428,264,72.85199,44.831993,0,1448,241.36363,452.07358,204370.53,0,0,0,1,0,0,0,0,0,252.85715,70.30769,549.5,0,0,0,0,0,0,13,914,8,4396,65535,122,6,32,0.0,0.0,0,0,0.0,0.0,0,0,Benign
6,60155715,11,6,901,964,645,0,81.90909,192.8831,757,0,160.66667,297.31174,31.0028731268509,0.28259991590159,3759732.2,14997372.0,59999827,27,60155715,6015571.5,18968190.0,59999942,27,60104586,12020917.0,26821084.0,59999910,503,0,0,0,0,364,200,0.18285877,0.099741146,0,757,103.611115,223.53554,49968.133,0,0,0,1,0,0,0,0,0,109.70588,81.90909,160.66667,0,0,0,0,0,0,11,901,6,964,65535,115,5,32,155262.0,0.0,155262,155262,59999828.0,0.0,59999827,59999827,Benign
17,59115,1,1,40,56,40,40,40.0,0.0,56,56,56.0,0.0,1623.9533113423,33.8323606529646,59115.0,0.0,59115,59115,0,0.0,0.0,0,0,0,0.0,0.0,0,0,0,0,0,0,32,20,16.91618,16.91618,40,56,45.333332,9.237604,85.333336,0,0,0,0,0,0,0,0,1,68.0,40.0,56.0,0,0,0,0,0,0,1,40,1,56,-1,-1,0,32,0.0,0.0,0,0,0.0,0.0,0,0,Benign
6,115828801,16,14,515,1968,431,0,32.1875,106.36053,1962,0,140.57143,524.24567,21.4368100037572,0.25900294003734,3994096.5,4873941.5,10005836,63,115828801,7721920.0,4153945.0,10041668,228,110554213,8504170.0,3750332.8,10044857,40739,0,0,0,0,332,424,0.1381349,0.12086804,0,1962,80.09677,357.6248,127895.49,0,0,0,1,0,0,0,0,0,82.76667,32.1875,140.57143,0,0,0,0,0,0,16,515,14,1968,8192,946,15,20,48864.363,32675.082,147381,38721,10001587.0,1552.3107,10005836,9999786,Benign
6,10708393,27,22,8066,3528,3072,0,298.74075,679.2412,420,0,160.36363,126.34893,1082.70213840676,4.5758499898164,223091.52,1545152.8,10705200,1,10708393,411861.28,2099437.5,10705200,1,10708249,509916.62,2336071.8,10705370,1,0,0,0,0,564,464,2.5213866,2.0544631,0,3072,231.88,507.45096,257506.47,0,0,0,1,0,0,0,0,0,236.61224,298.74075,160.36363,0,0,0,0,0,0,27,8066,22,3528,8192,2050,25,20,2852.0,0.0,2852,2852,10705200.0,0.0,10705200,10705200,Benign
6,8479,1,1,0,0,0,0,0.0,0.0,0,0,0.0,0.0,0.0,235.876872272674,8479.0,0.0,8479,8479,0,0.0,0.0,0,0,0,0.0,0.0,0,0,0,0,0,0,32,32,117.93844,117.93844,0,0,0.0,0.0,0.0,0,0,0,0,1,1,0,0,1,0.0,0.0,0.0,0,0,0,0,0,0,1,0,1,0,65535,269,0,32,0.0,0.0,0,0,0.0,0.0,0,0,Benign
17,101752,4,2,160,294,40,40,40.0,0.0,147,147,147.0,0.0,4461.82876012265,58.9668999135152,20350.4,34472.332,79579,1,79584,26528.0,45943.516,79579,1,4,4.0,0.0,4,4,0,0,0,0,104,64,39.311268,19.655634,40,147,70.57143,52.210655,2725.9524,0,0,0,0,0,0,0,0,0,82.333336,40.0,147.0,0,0,0,0,0,0,4,160,2,294,-1,-1,3,20,0.0,0.0,0,0,0.0,0.0,0,0,Benign
17,149,2,2,76,172,38,38,38.0,0.0,86,86,86.0,0.0,1664429.53020134,26845.6375838926,49.666668,80.82904,143,3,3,3.0,0.0,3,3,3,3.0,0.0,3,3,0,0,0,0,40,40,13422.818,13422.818,38,86,57.2,26.290682,691.2,0,0,0,0,0,0,0,0,1,71.5,38.0,86.0,0,0,0,0,0,0,2,76,2,172,-1,-1,1,20,0.0,0.0,0,0,0.0,0.0,0,0,Benign
17,80289666,2,2,89,379,46,43,44.5,2.1213202,313,66,189.5,174.65538,5.82889459273626,0.049819611903729,26763222.0,46107504.0,80003563,104920,80184746,80184744.0,0.0,80184746,80184746,80108483,80108480.0,0.0,80108483,80108483,0,0,0,0,72,64,0.024909806,0.024909806,43,313,102.2,118.23155,13978.7,0,0,0,0,0,0,0,0,1,127.75,44.5,189.5,0,0,0,0,0,0,2,89,2,379,-1,-1,1,32,181183.0,0.0,181183,181183,80003560.0,0.0,80003563,80003563,Benign
6,54,1,1,0,0,0,0,0.0,0.0,0,0,0.0,0.0,0.0,37037.037037037,54.0,0.0,54,54,0,0.0,0.0,0,0,0,0.0,0.0,0,0,0,0,0,0,32,32,18518.518,18518.518,0,0,0.0,0.0,0.0,0,0,0,0,1,1,0,0,1,0.0,0.0,0.0,0,0,0,0,0,0,1,0,1,0,33,33304,0,32,0.0,0.0,0,0,0.0,0.0,0,0,Benign
17,898,1,1,51,67,51,51,51.0,0.0,67,67,67.0,0.0,131403.118040089,2227.1714922049,898.0,0.0,898,898,0,0.0,0.0,0,0,0,0.0,0.0,0,0,0,0,0,0,32,32,1113.5857,1113.5857,51,67,56.333332,9.237604,85.333336,0,0,0,0,0,0,0,0,1,84.5,51.0,67.0,0,0,0,0,0,0,1,51,1,67,-1,-1,0,32,0.0,0.0,0,0,0.0,0.0,0,0,Benign
17,85874655,3,3,135,604,49,42,45.0,3.6055512,385,72,201.33333,163.42073,8.60556586806666,0.069869276330717,17174932.0,23592546.0,46852363,31094,85754427,42877212.0,5665684.0,46883457,38870970,85843561,42921780.0,5645907.5,46914040,38929521,0,0,0,0,84,84,0.03493464,0.03493464,42,385,111.85714,126.14202,15911.81,0,0,0,0,0,0,0,0,1,130.5,45.0,201.33333,0,0,0,0,0,0,3,135,3,604,-1,-1,2,20,46385.5,21625.447,61677,31094,42830828.0,5687309.5,46852363,38809293,Benign
17,30879,4,2,164,254,41,41,41.0,0.0,127,127,127.0,0.0,13536.7077949415,194.306810453706,6175.8,13420.405,30177,3,30183,10061.0,17420.967,30177,3,3,3.0,0.0,3,3,0,0,0,0,104,40,129.53787,64.768936,41,127,65.57143,41.963703,1760.9524,0,0,0,0,0,0,0,0,0,76.5,41.0,127.0,0,0,0,0,0,0,4,164,2,254,-1,-1,3,20,0.0,0.0,0,0,0.0,0.0,0,0,Benign
17,191031,1,1,56,203,56,56,56.0,0.0,203,203,203.0,0.0,1355.80089095487,10.4695049494585,191031.0,0.0,191031,191031,0,0.0,0.0,0,0,0,0.0,0.0,0,0,0,0,0,0,32,20,5.2347527,5.2347527,56,203,105.0,84.87049,7203.0,0,0,0,0,0,0,0,0,1,157.5,56.0,203.0,0,0,0,0,0,0,1,56,1,203,-1,-1,0,32,0.0,0.0,0,0,0.0,0.0,0,0,Benign
17,465837,4,2,136,358,34,34,34.0,0.0,179,179,179.0,0.0,1060.45676921327,12.8800417313352,93167.4,167495.12,386409,3,79425,26475.0,45850.848,79419,3,3,3.0,0.0,3,3,0,0,0,0,104,40,8.586695,4.2933474,34,179,75.42857,70.752754,5005.952,0,0,0,0,0,0,0,0,0,88.0,34.0,179.0,0,0,0,0,0,0,4,136,2,358,-1,-1,3,20,0.0,0.0,0,0,0.0,0.0,0,0,Benign
17,130080,2,2,66,408,33,33,33.0,0.0,204,204,204.0,0.0,3643.91143911439,30.750307503075,43360.0,75096.52,130074,2,2,2.0,0.0,2,2,4,4.0,0.0,4,4,0,0,0,0,64,64,15.375154,15.375154,33,204,101.4,93.66056,8772.3,0,0,0,0,0,0,0,0,1,126.75,33.0,204.0,0,0,0,0,0,0,2,66,2,408,-1,-1,1,32,0.0,0.0,0,0,0.0,0.0,0,0,Benign
6,8260622,10,11,928,3403,516,0,92.8,169.55156,2519,0,309.36365,744.4246,524.294659651537,2.54218144832193,413031.1,1385409.9,5986459,3,6253073,694785.9,1992063.4,6006468,220,8209999,820999.9,1927095.5,6003493,3,0,0,0,0,212,232,1.2105626,1.3316189,0,2519,196.86363,538.3695,289841.75,0,0,0,1,0,0,0,0,1,206.2381,92.8,309.36365,0,0,0,0,0,0,10,928,11,3403,8192,66,9,20,246605.0,0.0,246605,246605,5986459.0,0.0,5986459,5986459,Benign
6,118057017,22,19,3584,14688,512,0,162.90909,244.08643,2404,0,773.0526,834.5224,154.772672258863,0.347289818444252,2951425.5,4213462.5,10238121,48,118016042,5619811.5,4366778.5,10238121,45068,118016299,6556461.0,4039766.2,10279227,48,0,0,0,0,704,608,0.18635063,0.16093919,0,2404,435.0476,658.45557,433563.72,0,0,0,0,1,0,0,0,0,445.65854,162.90909,773.0526,0,0,0,0,0,0,22,3584,19,14688,1324,422,7,32,45000.855,5072.4814,57360,40718,8384716.5,2085400.2,10238121,5626419,Benign
17,59,2,2,74,106,37,37,37.0,0.0,53,53,53.0,0.0,3050847.45762712,67796.6101694915,19.666666,29.737743,54,2,2,2.0,0.0,2,2,3,3.0,0.0,3,3,0,0,0,0,64,64,33898.305,33898.305,37,53,43.4,8.763561,76.8,0,0,0,0,0,0,0,0,1,54.25,37.0,53.0,0,0,0,0,0,0,2,74,2,106,-1,-1,1,32,0.0,0.0,0,0,0.0,0.0,0,0,Benign
6,150402,20,25,176,438,43,0,8.8,12.680694,51,0,17.52,15.98468,4082.39252137605,299.198148960785,3418.2273,15322.385,93430,1,150351,7913.2104,31049.342,135736,1,150301,6262.5415,20514.416,93430,1,0,0,0,0,656,816,132.97696,166.22119,0,51,13.347826,15.066102,226.98744,0,0,0,1,0,0,0,0,1,13.644444,8.8,17.52,0,0,0,0,0,0,20,176,25,438,29200,227,12,32,0.0,0.0,0,0,0.0,0.0,0,0,Benign
6,30645706,12,13,1079,6425,719,0,89.916664,206.85983,1460,0,494.23077,639.5053,244.86301604538,0.815774973498734,1276904.4,3334042.8,10015825,2,30645551,2785959.2,4626332.5,10132005,224,30529554,2544129.5,4497335.0,10131931,48,0,0,0,0,260,268,0.391572,0.42420298,0,1460,288.6154,509.3128,259399.53,0,0,0,1,0,0,0,0,1,300.16,89.916664,494.23077,0,0,0,0,0,0,12,1079,13,6425,29200,31636,11,20,304696.0,326583.38,681802,116106,9910467.0,137008.39,10015825,9755582,Benign
6,50,1,1,6,6,6,6,6.0,0.0,6,6,6.0,0.0,240000.0,40000.0,50.0,0.0,50,50,0,0.0,0.0,0,0,0,0.0,0.0,0,0,0,0,0,0,20,20,20000.0,20000.0,6,6,6.0,0.0,0.0,0,0,0,0,1,1,0,0,1,9.0,6.0,6.0,0,0,0,0,0,0,1,6,1,6,119,255,0,20,0.0,0.0,0,0,0.0,0.0,0,0,Benign
17,528,1,1,58,124,58,58,58.0,0.0,124,124,124.0,0.0,344696.96969697,3787.87878787879,528.0,0.0,528,528,0,0.0,0.0,0,0,0,0.0,0.0,0,0,0,0,0,0,20,20,1893.9395,1893.9395,58,124,80.0,38.105118,1452.0,0,0,0,0,0,0,0,0,1,120.0,58.0,124.0,0,0,0,0,0,0,1,58,1,124,-1,-1,0,20,0.0,0.0,0,0,0.0,0.0,0,0,Benign
6,110488570,18,15,1491,744,520,0,82.833336,191.07999,248,0,49.6,102.681755,20.2283367410765,0.298673428391733,3452767.8,4791411.5,10201713,48,110450188,6497070.0,4890259.0,10240021,2665,110450132,7889295.0,4214424.0,10240549,3116,0,0,0,0,584,488,0.16291279,0.13576065,0,520,65.73529,153.91798,23690.746,0,0,0,1,0,0,0,0,0,67.72727,82.833336,49.6,0,0,0,0,0,0,18,1491,15,744,29200,1006,3,32,106831.27,226633.69,790157,38293,9934095.0,850413.0,10201713,7372034,Benign
6,116699304,16,15,1117,5117,443,0,69.8125,115.91101,1430,0,341.13333,502.5185,53.4193417297502,0.265639973311238,3889976.8,14754638.0,58337862,1,116699304,7779953.5,20467896.0,58387213,34,116621368,8330097.5,21139238.0,58387462,1,0,0,0,0,332,312,0.1371045,0.12853546,0,1430,194.8125,374.42328,140192.8,0,0,0,1,0,0,0,0,0,201.09677,69.8125,341.13333,0,0,0,0,0,0,16,1117,15,5117,8192,360,15,20,142124.5,106807.77,217649,66600,58168572.0,239412.92,58337862,57999281,Benign
17,791754,1,1,50,66,50,50,50.0,0.0,66,66,66.0,0.0,146.510153406235,2.5260371276937,791754.0,0.0,791754,791754,0,0.0,0.0,0,0,0,0.0,0.0,0,0,0,0,0,0,20,20,1.2630186,1.2630186,50,66,55.333332,9.237604,85.333336,0,0,0,0,0,0,0,0,1,83.0,50.0,66.0,0,0,0,0,0,0,1,50,1,66,-1,-1,0,20,0.0,0.0,0,0,0.0,0.0,0,0,Benign
17,163,2,2,90,122,45,45,45.0,0.0,61,61,61.0,0.0,1300613.49693252,24539.8773006135,54.333332,88.91194,157,3,3,3.0,0.0,3,3,3,3.0,0.0,3,3,0,0,0,0,64,64,12269.938,12269.938,45,61,51.4,8.763561,76.8,0,0,0,0,0,0,0,0,1,64.25,45.0,61.0,0,0,0,0,0,0,2,90,2,122,-1,-1,1,32,0.0,0.0,0,0,0.0,0.0,0,0,Benign
6,443472,10,5,766,607,517,0,76.6,162.01385,469,0,121.4,203.29486,3096.0241007324,33.8240069271566,31676.572,88093.055,334755,3,443472,49274.668,108573.4,334755,3,79867,19966.75,13542.083,29141,441,0,0,0,0,332,168,22.549337,11.274669,0,517,85.8125,166.55258,27739.762,0,0,0,1,0,0,0,0,0,91.53333,76.6,121.4,0,0,0,0,0,0,10,766,5,607,65535,972,5,32,0.0,0.0,0,0,0.0,0.0,0,0,Benign
6,7265381,2,0,12,0,6,6,6.0,0.0,0,0,0.0,0.0,1.65166837086727,0.275278061811211,7265381.0,0.0,7265381,7265381,7265381,7265381.0,0.0,7265381,7265381,0,0.0,0.0,0,0,0,0,0,0,40,0,0.27527806,0.0,6,6,6.0,0.0,0.0,0,0,0,0,1,0,0,0,0,9.0,6.0,0.0,0,0,0,0,0,0,2,12,0,0,256,-1,1,20,0.0,0.0,0,0,0.0,0.0,0,0,Benign
17,47128,1,1,47,111,47,47,47.0,0.0,111,111,111.0,0.0,3352.57171957223,42.4376167034459,47128.0,0.0,47128,47128,0,0.0,0.0,0,0,0,0.0,0.0,0,0,0,0,0,0,32,20,21.21881,21.21881,47,111,68.333336,36.950417,1365.3334,0,0,0,0,0,0,0,0,1,102.5,47.0,111.0,0,0,0,0,0,0,1,47,1,111,-1,-1,0,32,0.0,0.0,0,0,0.0,0.0,0,0,Benign
6,18738,1,1,6,6,6,6,6.0,0.0,6,6,6.0,0.0,640.40986231188,106.73497705198,18738.0,0.0,18738,18738,0,0.0,0.0,0,0,0,0.0,0.0,0,0,0,0,0,0,20,20,53.36749,53.36749,6,6,6.0,0.0,0.0,1,0,0,0,1,0,0,0,1,9.0,6.0,6.0,0,0,0,0,0,0,1,6,1,6,0,294,0,20,0.0,0.0,0,0,0.0,0.0,0,0,Benign
17,184,2,2,56,248,28,28,28.0,0.0,124,124,124.0,0.0,1652173.91304348,21739.1304347826,61.333332,65.37839,132,3,3,3.0,0.0,3,3,49,49.0,0.0,49,49,0,0,0,0,40,40,10869.565,10869.565,28,124,66.4,52.581364,2764.8,0,0,0,0,0,0,0,0,1,83.0,28.0,124.0,0,0,0,0,0,0,2,56,2,248,-1,-1,1,20,0.0,0.0,0,0,0.0,0.0,0,0,Benign
6,79806,23,22,1246,23408,901,0,54.173912,187.17218,1460,0,1064.0,606.3451,308924.141042027,563.867378392602,1813.7727,4426.637,16053,2,79806,3627.5454,6395.5493,19496,3,62769,2989.0,6409.0,22452,2,0,0,0,0,484,452,288.19888,275.6685,0,1460,535.95654,670.84717,450035.97,0,0,0,1,0,0,0,0,0,547.86664,54.173912,1064.0,0,0,0,0,0,0,23,1246,22,23408,65535,32,22,20,0.0,0.0,0,0,0.0,0.0,0,0,Benign
17,208,2,2,82,114,41,41,41.0,0.0,57,57,57.0,0.0,942307.692307692,19230.7692307692,69.333336,80.15818,158,2,2,2.0,0.0,2,2,48,48.0,0.0,48,48,0,0,0,0,64,64,9615.385,9615.385,41,57,47.4,8.763561,76.8,0,0,0,0,0,0,0,0,1,59.25,41.0,57.0,0,0,0,0,0,0,2,82,2,114,-1,-1,1,32,0.0,0.0,0,0,0.0,0.0,0,0,Benign
17,220,2,2,80,452,40,40,40.0,0.0,226,226,226.0,0.0,2418181.81818182,18181.8181818182,73.333336,120.95592,213,3,3,3.0,0.0,3,3,4,4.0,0.0,4,4,0,0,0,0,40,40,9090.909,9090.909,40,226,114.4,101.876396,10378.8,0,0,0,0,0,0,0,0,1,143.0,40.0,226.0,0,0,0,0,0,0,2,80,2,452,-1,-1,1,20,0.0,0.0,0,0,0.0,0.0,0,0,Benign
6,53215,2,1,0,0,0,0,0.0,0.0,0,0,0.0,0.0,0.0,56.3750822136616,26607.5,37625.86,53213,2,2,2.0,0.0,2,2,0,0.0,0.0,0,0,0,0,0,0,64,44,37.58339,18.791695,0,0,0.0,0.0,0.0,0,0,0,0,1,1,0,0,0,0.0,0.0,0.0,0,0,0,0,0,0,2,0,1,0,32832,357,0,32,0.0,0.0,0,0,0.0,0.0,0,0,Benign
17,311,2,2,76,652,38,38,38.0,0.0,326,326,326.0,0.0,2340836.01286174,12861.7363344051,103.666664,90.52256,193,12,193,193.0,0.0,193,193,12,12.0,0.0,12,12,0,0,0,0,40,40,6430.868,6430.868,38,326,153.2,157.7441,24883.2,0,0,0,0,0,0,0,0,1,191.5,38.0,326.0,0,0,0,0,0,0,2,76,2,652,-1,-1,1,20,0.0,0.0,0,0,0.0,0.0,0,0,Benign
17,121511,2,2,84,318,42,42,42.0,0.0,159,159,159.0,0.0,3308.34245459259,32.9188303939561,40503.668,70150.08,121506,1,1,1.0,0.0,1,1,4,4.0,0.0,4,4,0,0,0,0,40,64,16.459415,16.459415,42,159,88.8,64.08354,4106.7,0,0,0,0,0,0,0,0,1,111.0,42.0,159.0,0,0,0,0,0,0,2,84,2,318,-1,-1,1,20,0.0,0.0,0,0,0.0,0.0,0,0,Benign
17,43058,1,1,48,48,48,48,48.0,0.0,48,48,48.0,0.0,2229.55083840401,46.4489758000836,43058.0,0.0,43058,43058,0,0.0,0.0,0,0,0,0.0,0.0,0,0,0,0,0,0,20,20,23.224487,23.224487,48,48,48.0,0.0,0.0,0,0,0,0,0,0,0,0,1,72.0,48.0,48.0,0,0,0,0,0,0,1,48,1,48,-1,-1,0,20,0.0,0.0,0,0,0.0,0.0,0,0,Benign
6,76,1,1,0,0,0,0,0.0,0.0,0,0,0.0,0.0,0.0,26315.7894736842,76.0,0.0,76,76,0,0.0,0.0,0,0,0,0.0,0.0,0,0,0,0,0,0,32,32,13157.895,13157.895,0,0,0.0,0.0,0.0,0,0,0,0,1,1,0,0,1,0.0,0.0,0.0,0,0,0,0,0,0,1,0,1,0,332,229,0,32,0.0,0.0,0,0,0.0,0.0,0,0,Benign
6,116685819,33,35,1167,36323,333,0,35.363636,95.591194,3048,0,1037.8,1012.2676,321.290113239896,0.582761475068363,1741579.4,3736927.5,10025321,8,116685819,3646431.8,4811177.0,10112019,48,112158767,3298787.2,4781373.0,10112154,48,0,0,0,0,692,712,0.28281072,0.29995075,0,3048,543.3333,878.664,772050.44,0,0,0,1,0,0,0,0,1,551.32355,35.363636,1037.8,0,0,0,0,0,0,33,1167,35,36323,29200,65535,31,20,175558.0,294327.9,1062990,86686,10020706.0,9986.34,10025321,9999822,Benign
17,31351,4,2,144,328,36,36,36.0,0.0,164,164,164.0,0.0,15055.3411374438,191.381455136997,6270.2,11447.664,26386,3,26392,8797.333,15232.232,26386,3,4,4.0,0.0,4,4,0,0,0,0,128,64,127.58764,63.79382,36,164,72.57143,62.457603,3900.9524,0,0,0,0,0,0,0,0,0,84.666664,36.0,164.0,0,0,0,0,0,0,4,144,2,328,-1,-1,3,32,0.0,0.0,0,0,0.0,0.0,0,0,Benign
6,84280,10,5,713,479,469,0,71.3,147.28735,341,0,95.8,149.52992,14143.3317513052,177.978168011391,6020.0,9647.35,23755,3,84280,9364.444,11491.193,25278,3,52350,13087.5,13762.629,25916,317,0,0,0,0,332,168,118.652115,59.326057,0,469,74.5,139.66628,19506.666,0,0,0,1,0,0,0,0,0,79.46667,71.3,95.8,0,0,0,0,0,0,10,713,5,479,65535,972,5,32,0.0,0.0,0,0,0.0,0.0,0,0,Benign
17,30535,1,1,52,110,52,52,52.0,0.0,110,110,110.0,0.0,5305.38726052071,65.4986081545767,30535.0,0.0,30535,30535,0,0.0,0.0,0,0,0,0.0,0.0,0,0,0,0,0,0,20,20,32.749306,32.749306,52,110,71.333336,33.486317,1121.3334,0,0,0,0,0,0,0,0,1,107.0,52.0,110.0,0,0,0,0,0,0,1,52,1,110,-1,-1,0,20,0.0,0.0,0,0,0.0,0.0,0,0,Benign
17,30856,1,1,46,78,46,46,46.0,0.0,78,78,78.0,0.0,4018.6673580503,64.8172154524242,30856.0,0.0,30856,30856,0,0.0,0.0,0,0,0,0.0,0.0,0,0,0,0,0,0,20,20,32.408607,32.408607,46,78,56.666668,18.475208,341.33334,0,0,0,0,0,0,0,0,1,85.0,46.0,78.0,0,0,0,0,0,0,1,46,1,78,-1,-1,0,20,0.0,0.0,0,0,0.0,0.0,0,0,Benign
17,150,2,2,100,132,50,50,50.0,0.0,66,66,66.0,0.0,1546666.66666667,26666.6666666667,50.0,80.541916,143,3,3,3.0,0.0,3,3,4,4.0,0.0,4,4,0,0,0,0,40,40,13333.333,13333.333,50,66,56.4,8.763561,76.8,0,0,0,0,0,0,0,0,1,70.5,50.0,66.0,0,0,0,0,0,0,2,100,2,132,-1,-1,1,20,0.0,0.0,0,0,0.0,0.0,0,0,Benign
17,193,2,2,76,332,38,38,38.0,0.0,166,166,166.0,0.0,2113989.6373057,20725.3886010363,64.333336,70.26616,141,3,3,3.0,0.0,3,3,49,49.0,0.0,49,49,0,0,0,0,40,40,10362.694,10362.694,38,166,89.2,70.10849,4915.2,0,0,0,0,0,0,0,0,1,111.5,38.0,166.0,0,0,0,0,0,0,2,76,2,332,-1,-1,1,20,0.0,0.0,0,0,0.0,0.0,0,0,Benign
17,165,2,2,54,86,27,27,27.0,0.0,43,43,43.0,0.0,848484.848484848,24242.4242424242,55.0,55.8301,114,3,3,3.0,0.0,3,3,48,48.0,0.0,48,48,0,0,0,0,40,40,12121.212,12121.212,27,43,33.4,8.763561,76.8,0,0,0,0,0,0,0,0,1,41.75,27.0,43.0,0,0,0,0,0,0,2,54,2,86,-1,-1,1,20,0.0,0.0,0,0,0.0,0.0,0,0,Benign
17,168,2,2,94,126,47,47,47.0,0.0,63,63,63.0,0.0,1309523.80952381,23809.5238095238,56.0,92.66607,163,2,2,2.0,0.0,2,2,3,3.0,0.0,3,3,0,0,0,0,64,64,11904.762,11904.762,47,63,53.4,8.763561,76.8,0,0,0,0,0,0,0,0,1,66.75,47.0,63.0,0,0,0,0,0,0,2,94,2,126,-1,-1,1,32,0.0,0.0,0,0,0.0,0.0,0,0,Benign
17,3324331,2,2,124,508,80,44,62.0,25.455845,304,204,254.0,70.71068,190.113439365695,1.20324961623858,1108110.4,1866566.8,3263436,30216,3294115,3294115.0,0.0,3294115,3294115,3293652,3293652.0,0.0,3293652,3293652,0,0,0,0,52,52,0.6016248,0.6016248,44,304,142.4,108.83382,11844.8,0,0,0,0,0,0,0,0,1,178.0,62.0,254.0,0,0,0,0,0,0,2,124,2,508,-1,-1,1,20,0.0,0.0,0,0,0.0,0.0,0,0,Benign
6,116667280,21,17,2053,2501,1418,0,97.7619,322.94254,1448,0,147.11765,399.47464,39.0340805065482,0.325712573396757,3153169.8,4593344.0,10024351,1,116667280,5833364.0,4877137.0,10047996,3,112014080,7000880.0,4670985.0,10049916,1,0,0,0,0,680,552,0.17999905,0.14571352,0,1448,116.76923,350.78848,123052.55,0,0,0,1,0,0,0,0,0,119.8421,97.7619,147.11765,0,0,0,0,0,0,21,2053,17,2501,29200,1028,4,32,163381.19,461696.47,1555447,23634,10019796.0,8937.739,10024351,9999656,Benign
17,247,2,2,74,178,37,37,37.0,0.0,89,89,89.0,0.0,1020242.91497976,16194.3319838057,82.333336,140.00833,244,1,1,1.0,0.0,1,1,2,2.0,0.0,2,2,0,0,0,0,64,64,8097.166,8097.166,37,89,57.8,28.481573,811.2,0,0,0,0,0,0,0,0,1,72.25,37.0,89.0,0,0,0,0,0,0,2,74,2,178,-1,-1,1,32,0.0,0.0,0,0,0.0,0.0,0,0,Benign
17,47428,2,2,76,206,38,38,38.0,0.0,103,103,103.0,0.0,5945.85476933457,84.3383655224762,15809.333,27337.545,47376,3,3,3.0,0.0,3,3,49,49.0,0.0,49,49,0,0,0,0,64,64,42.16918,42.16918,38,103,64.0,35.601967,1267.5,0,0,0,0,0,0,0,0,1,80.0,38.0,103.0,0,0,0,0,0,0,2,76,2,206,-1,-1,1,32,0.0,0.0,0,0,0.0,0.0,0,0,Benign
17,216,2,2,104,352,52,52,52.0,0.0,176,176,176.0,0.0,2111111.11111111,18518.5185185185,72.0,122.1106,213,1,1,1.0,0.0,1,1,2,2.0,0.0,2,2,0,0,0,0,80,80,9259.259,9259.259,52,176,101.6,67.917595,4612.8,0,0,0,0,0,0,0,0,1,127.0,52.0,176.0,0,0,0,0,0,0,2,104,2,352,-1,-1,1,40,0.0,0.0,0,0,0.0,0.0,0,0,Benign
6,232,2,0,0,0,0,0,0.0,0.0,0,0,0.0,0.0,0.0,8620.68965517241,232.0,0.0,232,232,232,232.0,0.0,232,232,0,0.0,0.0,0,0,0,0,0,0,64,0,8620.689,0.0,0,0,0.0,0.0,0.0,0,0,0,0,1,0,0,0,0,0.0,0.0,0.0,0,0,0,0,0,0,2,0,0,0,905,-1,0,32,0.0,0.0,0,0,0.0,0.0,0,0,Benign
6,85,2,1,31,6,31,0,15.5,21.920311,6,6,6.0,0.0,435294.117647059,35294.1176470588,42.5,58.68986,84,1,1,1.0,0.0,1,1,0,0.0,0.0,0,0,1,0,0,0,64,20,23529.412,11764.706,0,31,17.0,16.35033,267.33334,0,1,0,0,1,0,0,0,0,22.666666,15.5,6.0,0,0,0,0,0,0,2,31,1,6,1934,0,0,32,0.0,0.0,0,0,0.0,0.0,0,0,Benign
6,2218689,64,81,4116,150282,3023,0,64.3125,381.20273,4380,0,1855.3334,1069.345,69589.7442138128,65.3539094483274,15407.5625,170913.52,2051180,1,2218689,35217.285,258199.61,2051180,1,100831,1260.3875,4472.9907,23477,1,0,0,0,0,1292,1632,28.845863,36.508045,0,4380,1057.5205,1221.767,1492714.6,0,0,0,1,0,0,0,0,1,1064.8138,64.3125,1855.3334,0,0,0,0,0,0,64,4116,81,150282,8192,300,63,20,0.0,0.0,0,0,0.0,0.0,0,0,Benign
6,12576584,5,0,1002,0,965,0,200.4,427.72455,0,0,0.0,0.0,79.671872743823,0.397564235248618,3144146.0,6281384.0,12566219,68,12576584,3144146.0,6281384.0,12566219,68,0,0.0,0.0,0,0,0,0,0,0,160,0,0.39756423,0.0,0,965,167.0,391.2186,153052.0,0,0,0,0,1,0,0,0,0,200.4,200.4,0.0,0,0,0,0,0,0,5,1002,0,0,33285,-1,2,32,68.0,0.0,68,68,12566219.0,0.0,12566219,12566219,Benign
17,61208,1,1,47,178,47,47,47.0,0.0,178,178,178.0,0.0,3675.99006665795,32.6754672591818,61208.0,0.0,61208,61208,0,0.0,0.0,0,0,0,0.0,0.0,0,0,0,0,0,0,32,32,16.337734,16.337734,47,178,90.666664,75.63289,5720.3335,0,0,0,0,0,0,0,0,1,136.0,47.0,178.0,0,0,0,0,0,0,1,47,1,178,-1,-1,0,32,0.0,0.0,0,0,0.0,0.0,0,0,Benign
17,23959,2,2,70,484,35,35,35.0,0.0,242,242,242.0,0.0,23122.8348428565,166.951876121708,7986.3335,13826.673,23952,3,3,3.0,0.0,3,3,4,4.0,0.0,4,4,0,0,0,0,40,40,83.47594,83.47594,35,242,117.8,113.37857,12854.7,0,0,0,0,0,0,0,0,1,147.25,35.0,242.0,0,0,0,0,0,0,2,70,2,484,-1,-1,1,20,0.0,0.0,0,0,0.0,0.0,0,0,Benign
6,262464,6,6,352,3782,208,0,58.666668,87.8605,1460,0,630.3333,677.21716,15750.7315288954,45.7205559619605,23860.363,39686.836,85928,48,262464,52492.8,47004.62,88457,119,176587,35317.4,47052.105,87915,48,0,0,0,0,132,132,22.860277,22.860277,0,1460,318.0,533.9844,285139.34,0,0,0,1,0,0,0,0,1,344.5,58.666668,630.3333,0,0,0,0,0,0,6,352,6,3782,8192,60,5,20,0.0,0.0,0,0,0.0,0.0,0,0,Benign
6,109186685,10,5,1022,591,773,0,102.2,240.53265,453,0,118.2,196.4668,14.772863559325,0.137379388338422,7799049.0,29145026.0,109060402,46,109186685,12131854.0,36348212.0,109060402,46,89837,22459.25,17871.297,37118,329,0,0,0,0,332,168,0.09158626,0.04579313,0,773,100.8125,213.97733,45786.297,0,0,0,1,0,0,0,0,0,107.53333,102.2,118.2,0,0,0,0,0,0,10,1022,5,591,65535,352,5,32,126237.0,0.0,126237,126237,109060400.0,0.0,109060402,109060402,Benign
6,117917181,17,12,838,4337,228,0,49.294117,77.16765,1448,0,361.41666,557.78546,43.8867343682512,0.245935323029814,4211328.0,15410289.0,58970910,8,117917181,7369824.0,20065632.0,58970910,215,117884617,10716783.0,23775574.0,59003441,48,0,0,0,0,552,392,0.14416899,0.10176634,0,1448,172.5,382.08743,145990.81,0,0,0,1,0,0,0,0,0,178.44827,49.294117,361.41666,0,0,0,0,0,0,17,838,12,4337,29200,16384,7,32,169984.5,194356.08,307415,32554,58772344.0,280816.84,58970910,58573775,Benign
17,60301,1,1,53,150,53,53,53.0,0.0,150,150,150.0,0.0,3366.44500091209,33.166945821794,60301.0,0.0,60301,60301,0,0.0,0.0,0,0,0,0.0,0.0,0,0,0,0,0,0,20,20,16.583473,16.583473,53,150,85.333336,56.002975,3136.3333,0,0,0,0,0,0,0,0,1,128.0,53.0,150.0,0,0,0,0,0,0,1,53,1,150,-1,-1,0,20,0.0,0.0,0,0,0.0,0.0,0,0,Benign
6,2766,2,0,12,0,6,6,6.0,0.0,0,0,0.0,0.0,4338.39479392625,723.065798987708,2766.0,0.0,2766,2766,2766,2766.0,0.0,2766,2766,0,0.0,0.0,0,0,0,0,0,0,40,0,723.0658,0.0,6,6,6.0,0.0,0.0,0,0,0,0,1,0,0,0,0,9.0,6.0,0.0,0,0,0,0,0,0,2,12,0,0,46720,-1,1,20,0.0,0.0,0,0,0.0,0.0,0,0,Benign
6,218,2,0,12,0,6,6,6.0,0.0,0,0,0.0,0.0,55045.871559633,9174.3119266055,218.0,0.0,218,218,218,218.0,0.0,218,218,0,0.0,0.0,0,0,0,0,0,0,40,0,9174.312,0.0,6,6,6.0,0.0,0.0,0,0,0,0,1,0,0,0,0,9.0,6.0,0.0,0,0,0,0,0,0,2,12,0,0,5114,-1,1,20,0.0,0.0,0,0,0.0,0.0,0,0,Benign
17,239569,2,2,64,108,32,32,32.0,0.0,54,54,54.0,0.0,717.955995976107,16.6966510692118,79856.336,138311.77,239565,1,1,1.0,0.0,1,1,3,3.0,0.0,3,3,0,0,0,0,64,64,8.348326,8.348326,32,54,40.8,12.049896,145.2,0,0,0,0,0,0,0,0,1,51.0,32.0,54.0,0,0,0,0,0,0,2,64,2,108,-1,-1,1,32,0.0,0.0,0,0,0.0,0.0,0,0,Benign
6,5571271,7,4,617,164,517,0,88.14286,189.98897,152,0,41.0,74.05403,140.183451855061,1.97441481486002,557127.1,1726322.1,5470024,3,5571271,928545.2,2254559.8,5530603,3,81705,27235.0,30824.918,61110,835,0,0,0,0,160,92,1.2564458,0.717969,0,517,65.083336,148.72333,22118.629,0,0,0,1,0,0,0,0,0,71.0,88.14286,41.0,0,0,0,0,0,0,7,617,4,164,29200,30,6,20,101244.0,0.0,101244,101244,5470024.0,0.0,5470024,5470024,Benign
17,36750,1,1,48,48,48,48,48.0,0.0,48,48,48.0,0.0,2612.24489795918,54.421768707483,36750.0,0.0,36750,36750,0,0.0,0.0,0,0,0,0.0,0.0,0,0,0,0,0,0,32,32,27.210884,27.210884,48,48,48.0,0.0,0.0,0,0,0,0,0,0,0,0,1,72.0,48.0,48.0,0,0,0,0,0,0,1,48,1,48,-1,-1,0,32,0.0,0.0,0,0,0.0,0.0,0,0,Benign
6,7208402,14,9,5989,1952,1133,0,427.7857,548.80444,359,0,216.88889,173.97374,1101.63112434628,3.19072105024109,327654.62,870239.3,3800509,119,7208402,554492.44,1090773.9,3800509,119,6852758,856594.75,1375347.0,3870813,313,0,0,0,0,292,192,1.942178,1.248543,0,1133,330.875,443.08478,196324.11,0,0,0,1,0,0,0,0,0,345.26086,427.7857,216.88889,0,0,0,0,0,0,14,5989,9,1952,8192,154,13,20,0.0,0.0,0,0,0.0,0.0,0,0,Benign
17,155,2,2,86,228,43,43,43.0,0.0,114,114,114.0,0.0,2025806.4516129,25806.4516129032,51.666668,87.75724,153,1,1,1.0,0.0,1,1,1,1.0,0.0,1,1,0,0,0,0,80,80,12903.226,12903.226,43,114,71.4,38.8883,1512.3,0,0,0,0,0,0,0,0,1,89.25,43.0,114.0,0,0,0,0,0,0,2,86,2,228,-1,-1,1,40,0.0,0.0,0,0,0.0,0.0,0,0,Benign
17,48467,2,2,86,194,43,43,43.0,0.0,97,97,97.0,0.0,5777.12670476819,82.5303814966885,16155.667,27976.373,48460,3,4,4.0,0.0,4,4,3,3.0,0.0,3,3,0,0,0,0,40,40,41.26519,41.26519,43,97,64.6,29.577019,874.8,0,0,0,0,0,0,0,0,1,80.75,43.0,97.0,0,0,0,0,0,0,2,86,2,194,-1,-1,1,20,0.0,0.0,0,0,0.0,0.0,0,0,Benign
6,20638,2,0,12,0,6,6,6.0,0.0,0,0,0.0,0.0,581.451691055335,96.9086151758891,20638.0,0.0,20638,20638,20638,20638.0,0.0,20638,20638,0,0.0,0.0,0,0,0,0,0,0,40,0,96.908615,0.0,6,6,6.0,0.0,0.0,0,0,0,0,1,0,0,0,0,9.0,6.0,0.0,0,0,0,0,0,0,2,12,0,0,16155,-1,1,20,0.0,0.0,0,0,0.0,0.0,0,0,Benign
6,64064654,2,0,74,0,37,37,37.0,0.0,0,0,0.0,0.0,1.15508311338105,0.031218462523812,64064656.0,0.0,64064654,64064654,64064654,64064656.0,0.0,64064654,64064654,0,0.0,0.0,0,0,1,0,0,0,64,0,0.031218462,0.0,37,37,37.0,0.0,0.0,0,1,0,0,1,1,0,0,0,55.5,37.0,0.0,0,0,0,0,0,0,2,74,0,0,33304,-1,1,32,0.0,0.0,0,0,0.0,0.0,0,0,Benign
6,5682206,3,1,12,0,6,0,4.0,3.4641016,0,0,0.0,0.0,2.11185585316689,0.703951951055629,1894068.6,3255811.2,5653520,154,5682206,2841103.0,3977358.2,5653520,28686,0,0.0,0.0,0,0,0,0,0,0,72,32,0.52796394,0.17598799,0,6,2.4,3.2863352,10.8,0,0,0,1,0,0,0,0,0,3.0,4.0,0.0,0,0,0,0,0,0,3,12,1,0,8192,29200,2,20,0.0,0.0,0,0,0.0,0.0,0,0,Benign
17,119965,1,1,48,48,48,48,48.0,0.0,48,48,48.0,0.0,800.233401408744,16.6715291960155,119965.0,0.0,119965,119965,0,0.0,0.0,0,0,0,0.0,0.0,0,0,0,0,0,0,32,32,8.335765,8.335765,48,48,48.0,0.0,0.0,0,0,0,0,0,0,0,0,1,72.0,48.0,48.0,0,0,0,0,0,0,1,48,1,48,-1,-1,0,32,0.0,0.0,0,0,0.0,0.0,0,0,Benign
6,40487908,7,6,0,31,0,0,0.0,0.0,31,0,5.1666665,12.655697,0.76566070047383,0.321083519553542,3373992.2,4915405.0,10029497,38,40487908,6747984.5,5162205.5,10080005,196,40436980,8087396.0,4455694.0,10080239,116808,0,0,0,0,224,192,0.17289113,0.14819239,0,31,2.2142856,8.285098,68.64286,0,0,0,0,1,0,0,0,0,2.3846154,0.0,5.1666665,0,0,0,0,0,0,7,0,6,31,270,127,0,32,50633.25,109.94961,50742,50492,10029365.0,104.82485,10029497,10029257,Benign
6,94228,6,0,29,0,29,0,4.8333335,11.8392,0,0,0.0,0.0,307.764146538184,63.6753406630726,18845.6,42046.188,94060,0,94228,18845.6,42046.188,94060,0,0,0.0,0.0,0,0,0,0,0,0,192,0,63.675343,0.0,0,29,4.142857,10.96097,120.14286,0,0,0,0,1,0,0,0,0,4.8333335,4.8333335,0.0,0,0,0,0,0,0,6,29,0,0,65535,-1,1,32,0.0,0.0,0,0,0.0,0.0,0,0,Benign
17,23824,1,1,48,48,48,48,48.0,0.0,48,48,48.0,0.0,4029.55003357958,83.948959032908,23824.0,0.0,23824,23824,0,0.0,0.0,0,0,0,0.0,0.0,0,0,0,0,0,0,32,32,41.97448,41.97448,48,48,48.0,0.0,0.0,0,0,0,0,0,0,0,0,1,72.0,48.0,48.0,0,0,0,0,0,0,1,48,1,48,-1,-1,0,32,0.0,0.0,0,0,0.0,0.0,0,0,Benign
17,86247,4,4,132,416,33,33,33.0,0.0,104,104,104.0,0.0,6353.84419168203,92.7568495136063,12321.0,22078.2,55233,1,85933,28644.334,49570.145,85883,1,55595,18531.666,32056.227,55547,1,0,0,0,0,104,80,46.378426,46.378426,33,104,64.55556,37.420284,1400.2778,0,0,0,0,0,0,0,0,1,72.625,33.0,104.0,0,0,0,0,0,0,4,132,4,416,-1,-1,3,20,0.0,0.0,0,0,0.0,0.0,0,0,Benign
17,153916,1,1,38,94,38,38,38.0,0.0,94,94,94.0,0.0,857.610644767276,12.9941006782921,153916.0,0.0,153916,153916,0,0.0,0.0,0,0,0,0.0,0.0,0,0,0,0,0,0,40,32,6.4970503,6.4970503,38,94,56.666668,32.331615,1045.3334,0,0,0,0,0,0,0,0,1,85.0,38.0,94.0,0,0,0,0,0,0,1,38,1,94,-1,-1,0,40,0.0,0.0,0,0,0.0,0.0,0,0,Benign
17,31024,2,2,92,284,46,46,46.0,0.0,142,142,142.0,0.0,12119.6493037648,128.932439401753,10341.333,17907.385,31019,1,4,4.0,0.0,4,4,1,1.0,0.0,1,1,0,0,0,0,64,80,64.46622,64.46622,46,142,84.4,52.581364,2764.8,0,0,0,0,0,0,0,0,1,105.5,46.0,142.0,0,0,0,0,0,0,2,92,2,284,-1,-1,1,32,0.0,0.0,0,0,0.0,0.0,0,0,Benign
17,23862,2,2,68,132,34,34,34.0,0.0,66,66,66.0,0.0,8381.52711424021,167.630542284804,7954.0,13770.67,23855,3,4,4.0,0.0,4,4,3,3.0,0.0,3,3,0,0,0,0,40,40,83.81527,83.81527,34,66,46.8,17.527122,307.2,0,0,0,0,0,0,0,0,1,58.5,34.0,66.0,0,0,0,0,0,0,2,68,2,132,-1,-1,1,20,0.0,0.0,0,0,0.0,0.0,0,0,Benign
17,76504,1,1,56,164,56,56,56.0,0.0,164,164,164.0,0.0,2875.6666318101,26.1424239255464,76504.0,0.0,76504,76504,0,0.0,0.0,0,0,0,0.0,0.0,0,0,0,0,0,0,20,20,13.071212,13.071212,56,164,92.0,62.35383,3888.0,0,0,0,0,0,0,0,0,1,138.0,56.0,164.0,0,0,0,0,0,0,1,56,1,164,-1,-1,0,20,0.0,0.0,0,0,0.0,0.0,0,0,Benign
17,31505,2,2,70,284,35,35,35.0,0.0,142,142,142.0,0.0,11236.3116965561,126.963973972385,10501.667,18144.402,31453,3,49,49.0,0.0,49,49,3,3.0,0.0,3,3,0,0,0,0,64,64,63.481987,63.481987,35,142,77.8,58.60631,3434.7,0,0,0,0,0,0,0,0,1,97.25,35.0,142.0,0,0,0,0,0,0,2,70,2,284,-1,-1,1,32,0.0,0.0,0,0,0.0,0.0,0,0,Benign
6,113993390,25,26,3081,10709,613,0,123.24,227.971,1693,0,411.8846,612.2692,120.971926530126,0.447394362076608,2279867.8,4147377.0,10171035,9,113964949,4748539.5,4964033.0,10199564,217,113964965,4558598.5,4963560.5,10199482,93,0,0,0,0,512,532,0.21931097,0.2280834,0,1693,265.19232,480.0472,230445.33,0,0,0,1,0,0,0,0,1,270.39215,123.24,411.8846,0,0,0,0,0,0,25,3081,26,10709,8192,5120,24,20,393466.38,1170355.6,3920492,28447,9966984.0,289614.16,10171035,9116510,Benign
17,23785,2,2,68,158,34,34,34.0,0.0,79,79,79.0,0.0,9501.78684044566,168.173218414967,7928.3335,13726.214,23778,3,3,3.0,0.0,3,3,4,4.0,0.0,4,4,0,0,0,0,64,88,84.08661,84.08661,34,79,52.0,24.647514,607.5,0,0,0,0,0,0,0,0,1,65.0,34.0,79.0,0,0,0,0,0,0,2,68,2,158,-1,-1,1,32,0.0,0.0,0,0,0.0,0.0,0,0,Benign
6,22044,2,0,12,0,6,6,6.0,0.0,0,0,0.0,0.0,544.365813826892,90.7276356378153,22044.0,0.0,22044,22044,22044,22044.0,0.0,22044,22044,0,0.0,0.0,0,0,0,0,0,0,40,0,90.72764,0.0,6,6,6.0,0.0,0.0,0,0,0,0,1,0,0,0,0,9.0,6.0,0.0,0,0,0,0,0,0,2,12,0,0,256,-1,1,20,0.0,0.0,0,0,0.0,0.0,0,0,Benign
17,31129,2,2,66,170,33,33,33.0,0.0,85,85,85.0,0.0,7581.3550065855,128.4975424845,10376.333,17967.14,31123,3,3,3.0,0.0,3,3,3,3.0,0.0,3,3,0,0,0,0,40,40,64.24877,64.24877,33,85,53.8,28.481573,811.2,0,0,0,0,0,0,0,0,1,67.25,33.0,85.0,0,0,0,0,0,0,2,66,2,170,-1,-1,1,20,0.0,0.0,0,0,0.0,0.0,0,0,Benign
17,53868,2,2,68,458,34,34,34.0,0.0,229,229,229.0,0.0,9764.60978688646,74.2555877329769,17956.0,31097.24,53864,1,3,3.0,0.0,3,3,1,1.0,0.0,1,1,0,0,0,0,64,64,37.127792,37.127792,34,229,112.0,106.8059,11407.5,0,0,0,0,0,0,0,0,1,140.0,34.0,229.0,0,0,0,0,0,0,2,68,2,458,-1,-1,1,32,0.0,0.0,0,0,0.0,0.0,0,0,Benign
6,722626,14,11,829,10477,357,0,59.214287,112.91398,1448,0,952.4545,639.80457,15645.7143806063,34.5960427662442,30109.416,64416.44,241295,1,722626,55586.617,80174.96,241295,1,642884,64288.4,105464.3,265754,3,0,0,0,0,460,360,19.373783,15.222259,0,1448,434.84616,612.23615,374833.1,0,0,0,1,0,0,0,0,0,452.24,59.214287,952.4545,0,0,0,0,0,0,14,829,11,10477,65535,61,6,32,0.0,0.0,0,0,0.0,0.0,0,0,Benign
17,215117,1,1,40,162,40,40,40.0,0.0,162,162,162.0,0.0,939.023880028078,9.29726613889186,215117.0,0.0,215117,215117,0,0.0,0.0,0,0,0,0.0,0.0,0,0,0,0,0,0,32,32,4.648633,4.648633,40,162,80.666664,70.43673,4961.3335,0,0,0,0,0,0,0,0,1,121.0,40.0,162.0,0,0,0,0,0,0,1,40,1,162,-1,-1,0,32,0.0,0.0,0,0,0.0,0.0,0,0,Benign
17,145,2,2,64,96,32,32,32.0,0.0,48,48,48.0,0.0,1103448.27586207,27586.2068965517,48.333332,77.65522,138,3,4,4.0,0.0,4,4,3,3.0,0.0,3,3,0,0,0,0,40,40,13793.104,13793.104,32,48,38.4,8.763561,76.8,0,0,0,0,0,0,0,0,1,48.0,32.0,48.0,0,0,0,0,0,0,2,64,2,96,-1,-1,1,20,0.0,0.0,0,0,0.0,0.0,0,0,Benign
6,5715247,3,1,12,0,6,0,4.0,3.4641016,0,0,0.0,0.0,2.09964678691927,0.699882262306424,1905082.4,3279163.0,5691509,25,5715247,2857623.5,4007719.2,5691509,23738,0,0.0,0.0,0,0,0,0,0,0,72,28,0.5249117,0.17497057,0,6,2.4,3.2863352,10.8,0,0,0,1,0,0,0,0,0,3.0,4.0,0.0,0,0,0,0,0,0,3,12,1,0,8192,4380,2,20,0.0,0.0,0,0,0.0,0.0,0,0,Benign
6,5966384,8,6,614,2800,342,0,76.75,127.14306,1400,0,466.66666,665.1549,572.205878803644,2.34647987792941,458952.62,1581456.4,5720857,3,5966384,852340.56,2147683.2,5720857,3,210747,42149.4,55304.883,135280,4,0,0,0,0,184,128,1.3408457,1.0056342,0,1400,227.6,455.2925,207291.25,0,0,0,1,0,0,0,0,0,243.85715,76.75,466.66666,0,0,0,0,0,0,8,614,6,2800,8192,11256,6,20,245524.0,0.0,245524,245524,5720857.0,0.0,5720857,5720857,Benign
17,843,2,2,76,136,38,38,38.0,0.0,68,68,68.0,0.0,251482.799525504,4744.95848161329,281.0,481.51013,837,3,3,3.0,0.0,3,3,3,3.0,0.0,3,3,0,0,0,0,40,40,2372.4792,2372.4792,38,68,50.0,16.431677,270.0,0,0,0,0,0,0,0,0,1,62.5,38.0,68.0,0,0,0,0,0,0,2,76,2,136,-1,-1,1,20,0.0,0.0,0,0,0.0,0.0,0,0,Benign
6,44,1,1,6,6,6,6,6.0,0.0,6,6,6.0,0.0,272727.272727273,45454.5454545455,44.0,0.0,44,44,0,0.0,0.0,0,0,0,0.0,0.0,0,0,0,0,0,0,20,20,22727.273,22727.273,6,6,6.0,0.0,0.0,0,0,0,0,1,1,0,0,1,9.0,6.0,6.0,0,0,0,0,0,0,1,6,1,6,946,1024,0,20,0.0,0.0,0,0,0.0,0.0,0,0,Benign
17,48246,1,1,86,118,86,86,86.0,0.0,118,118,118.0,0.0,4228.32980972516,41.4542138208349,48246.0,0.0,48246,48246,0,0.0,0.0,0,0,0,0.0,0.0,0,0,0,0,0,0,32,20,20.727106,20.727106,86,118,96.666664,18.475208,341.33334,0,0,0,0,0,0,0,0,1,145.0,86.0,118.0,0,0,0,0,0,0,1,86,1,118,-1,-1,0,32,0.0,0.0,0,0,0.0,0.0,0,0,Benign
17,37292,1,1,56,56,56,56,56.0,0.0,56,56,56.0,0.0,3003.32510994315,53.6308055346991,37292.0,0.0,37292,37292,0,0.0,0.0,0,0,0,0.0,0.0,0,0,0,0,0,0,32,20,26.815403,26.815403,56,56,56.0,0.0,0.0,0,0,0,0,0,0,0,0,1,84.0,56.0,56.0,0,0,0,0,0,0,1,56,1,56,-1,-1,0,32,0.0,0.0,0,0,0.0,0.0,0,0,Benign
6,177,3,1,18,0,6,6,6.0,0.0,0,0,0.0,0.0,101694.915254237,22598.8700564972,59.0,101.3262,176,0,177,88.5,123.74369,176,1,0,0.0,0.0,0,0,0,0,0,0,60,32,16949.152,5649.7173,0,6,4.8,2.6832817,7.2,1,0,0,0,0,0,0,0,0,6.0,6.0,0.0,0,0,0,0,0,0,3,18,1,0,0,1210,2,20,0.0,0.0,0,0,0.0,0.0,0,0,Benign
17,29020,1,1,48,48,48,48,48.0,0.0,48,48,48.0,0.0,3308.06340454859,68.9179875947622,29020.0,0.0,29020,29020,0,0.0,0.0,0,0,0,0.0,0.0,0,0,0,0,0,0,32,20,34.458992,34.458992,48,48,48.0,0.0,0.0,0,0,0,0,0,0,0,0,1,72.0,48.0,48.0,0,0,0,0,0,0,1,48,1,48,-1,-1,0,32,0.0,0.0,0,0,0.0,0.0,0,0,Benign
17,3544558,2,2,98,183,57,41,49.0,11.313708,114,69,91.5,31.819805,79.2764570363921,1.12849049162124,1181519.4,1860514.2,3328318,37730,3506828,3506828.0,0.0,3506828,3506828,3366048,3366048.0,0.0,3366048,3366048,0,0,0,0,40,40,0.5642452,0.5642452,41,114,67.6,27.781288,771.8,0,0,0,0,0,0,0,0,1,84.5,49.0,91.5,0,0,0,0,0,0,2,98,2,183,-1,-1,1,20,0.0,0.0,0,0,0.0,0.0,0,0,Benign
6,103697,2,3,0,18,0,0,0.0,0.0,6,6,6.0,0.0,173.582649449839,48.2174026249554,25924.25,51778.52,103592,1,103697,103697.0,0.0,103697,103697,5,2.5,2.1213202,4,1,0,0,0,0,64,60,19.28696,28.93044,0,6,3.0,3.2863352,10.8,0,0,0,0,1,0,0,0,1,3.6,0.0,6.0,0,0,0,0,0,0,2,0,3,18,114,0,0,32,0.0,0.0,0,0,0.0,0.0,0,0,Benign
6,5288348,3,1,12,0,6,0,4.0,3.4641016,0,0,0.0,0.0,2.26913962545581,0.756379875151938,1762782.6,3040130.2,5273212,59,5288348,2644174.0,3718021.2,5273212,15136,0,0.0,0.0,0,0,0,0,0,0,80,32,0.5672849,0.18909498,0,6,2.4,3.2863352,10.8,0,0,0,1,0,0,0,0,0,3.0,4.0,0.0,0,0,0,0,0,0,3,12,1,0,29200,29200,2,20,0.0,0.0,0,0,0.0,0.0,0,0,Benign
17,340,2,2,88,188,44,44,44.0,0.0,94,94,94.0,0.0,811764.705882353,11764.7058823529,113.333336,67.60424,183,48,48,48.0,0.0,48,48,183,183.0,0.0,183,183,0,0,0,0,40,40,5882.353,5882.353,44,94,64.0,27.386127,750.0,0,0,0,0,0,0,0,0,1,80.0,44.0,94.0,0,0,0,0,0,0,2,88,2,188,-1,-1,1,20,0.0,0.0,0,0,0.0,0.0,0,0,Benign
6,84215,2,1,12,0,6,6,6.0,0.0,0,0,0.0,0.0,142.492430089652,35.6231075224129,42107.5,59544.754,84212,3,3,3.0,0.0,3,3,0,0.0,0.0,0,0,0,0,0,0,40,32,23.74874,11.87437,0,6,4.5,3.0,9.0,1,0,0,0,0,0,0,0,0,6.0,6.0,0.0,0,0,0,0,0,0,2,12,1,0,0,349,1,20,0.0,0.0,0,0,0.0,0.0,0,0,Benign
6,61374429,17,17,1354,9775,333,0,79.64706,126.74775,1713,2,575.0,711.1793,181.329589233327,0.553976640662514,1859831.1,3902199.5,10024575,25,61374429,3835901.8,4996900.5,10109483,215,61289062,3830566.5,5012189.5,10109265,88,0,0,0,0,352,344,0.27698833,0.27698833,0,1713,317.97144,556.7558,309977.03,0,0,0,1,0,0,0,0,1,327.32352,79.64706,575.0,0,0,0,0,0,0,17,1354,17,9775,8192,33232,16,20,153036.17,167196.72,494325,84682,10010315.0,7730.1523,10024575,10000845,Benign
6,24,1,1,6,6,6,6,6.0,0.0,6,6,6.0,0.0,500000.0,83333.3333333333,24.0,0.0,24,24,0,0.0,0.0,0,0,0,0.0,0.0,0,0,0,0,0,0,20,20,41666.668,41666.668,6,6,6.0,0.0,0.0,0,0,0,0,1,1,0,0,1,9.0,6.0,6.0,0,0,0,0,0,0,1,6,1,6,288,16226,0,20,0.0,0.0,0,0,0.0,0.0,0,0,Benign
17,206,2,2,88,164,44,44,44.0,0.0,82,82,82.0,0.0,1223300.97087379,19417.4757281553,68.666664,81.40229,159,1,1,1.0,0.0,1,1,46,46.0,0.0,46,46,0,0,0,0,40,40,9708.738,9708.738,44,82,59.2,20.813457,433.2,0,0,0,0,0,0,0,0,1,74.0,44.0,82.0,0,0,0,0,0,0,2,88,2,164,-1,-1,1,20,0.0,0.0,0,0,0.0,0.0,0,0,Benign
17,177493,1,1,48,48,48,48,48.0,0.0,48,48,48.0,0.0,540.866400365085,11.2680500076059,177493.0,0.0,177493,177493,0,0.0,0.0,0,0,0,0.0,0.0,0,0,0,0,0,0,20,20,5.634025,5.634025,48,48,48.0,0.0,0.0,0,0,0,0,0,0,0,0,1,72.0,48.0,48.0,0,0,0,0,0,0,1,48,1,48,-1,-1,0,20,0.0,0.0,0,0,0.0,0.0,0,0,Benign
6,52684161,9,9,432,1781,432,0,48.0,144.0,1781,0,197.88889,593.6667,42.0050344922452,0.341658662837964,3099068.2,4639912.5,10024471,3,50235899,6279487.5,5186227.5,10048049,78,52660765,6582595.5,4831971.5,10048290,922,0,0,0,0,296,296,0.17082933,0.17082933,0,1781,116.47369,415.05212,172268.27,0,0,0,1,0,0,0,0,1,122.94444,48.0,197.88889,0,0,0,0,0,0,9,432,9,1781,29200,939,1,32,28723.8,11722.505,49685,22941,10018456.0,11440.255,10024471,9998150,Benign
6,282029,14,9,844,5242,373,0,60.285713,116.161316,1448,0,582.44446,629.9365,21579.3411315858,81.551897145329,12819.5,20734.719,53209,1,282029,21694.54,24125.723,53678,1,218273,27284.125,38073.938,91289,2,0,0,0,0,460,296,49.640285,31.911612,0,1448,253.58333,462.07104,213509.64,0,0,0,1,0,0,0,0,0,264.6087,60.285713,582.44446,0,0,0,0,0,0,14,844,9,5242,65535,114,6,32,0.0,0.0,0,0,0.0,0.0,0,0,Benign
17,41380,4,2,168,284,42,42,42.0,0.0,142,142,142.0,0.0,10923.151280812,144.99758337361,8276.0,13222.794,30356,3,30407,10135.667,17511.336,30356,3,3,3.0,0.0,3,3,0,0,0,0,128,40,96.665054,48.332527,42,142,70.57143,48.795002,2380.9524,0,0,0,0,0,0,0,0,0,82.333336,42.0,142.0,0,0,0,0,0,0,4,168,2,284,-1,-1,3,32,0.0,0.0,0,0,0.0,0.0,0,0,Benign
6,10184416,8,10,1737,5860,1422,0,217.125,492.3029,1713,0,586.0,721.6329,745.943606388427,1.76740620178909,599083.3,2422100.5,9997896,3,186517,26645.285,25863.463,72633,204,10151942,1127993.5,3326428.5,9997977,3,0,0,0,0,264,328,0.7855139,0.98189235,0,1713,399.8421,630.55646,397601.47,0,0,0,1,0,0,0,0,1,422.05554,217.125,586.0,0,0,0,0,0,0,8,1737,10,5860,29200,65,3,32,186517.0,0.0,186517,186517,9997896.0,0.0,9997896,9997896,Benign
6,90,2,1,0,0,0,0,0.0,0.0,0,0,0.0,0.0,0.0,33333.3333333333,45.0,59.39697,87,3,3,3.0,0.0,3,3,0,0.0,0.0,0,0,0,0,0,0,64,32,22222.223,11111.111,0,0,0.0,0.0,0.0,0,0,0,0,1,1,0,0,0,0.0,0.0,0.0,0,0,0,0,0,0,2,0,1,0,8192,33304,0,32,0.0,0.0,0,0,0.0,0.0,0,0,Benign
17,61741,2,2,56,158,28,28,28.0,0.0,79,79,79.0,0.0,3466.09222396787,64.7867705414554,20580.334,35640.12,61734,3,3,3.0,0.0,3,3,4,4.0,0.0,4,4,0,0,0,0,64,64,32.393387,32.393387,28,79,48.4,27.933851,780.3,0,0,0,0,0,0,0,0,1,60.5,28.0,79.0,0,0,0,0,0,0,2,56,2,158,-1,-1,1,32,0.0,0.0,0,0,0.0,0.0,0,0,Benign
17,144,2,2,76,140,38,38,38.0,0.0,70,70,70.0,0.0,1500000.0,27777.7777777778,48.0,45.0,93,3,3,3.0,0.0,3,3,48,48.0,0.0,48,48,0,0,0,0,64,64,13888.889,13888.889,38,70,50.8,17.527122,307.2,0,0,0,0,0,0,0,0,1,63.5,38.0,70.0,0,0,0,0,0,0,2,76,2,140,-1,-1,1,32,0.0,0.0,0,0,0.0,0.0,0,0,Benign
6,826230,5,6,960,2047,517,0,192.0,242.17865,1867,0,341.16666,749.2827,3639.42243685172,13.3134841387991,82623.0,132093.06,274104,5,551458,137864.5,159040.12,277037,91,552137,110427.4,150646.2,276558,5,0,0,0,0,112,132,6.051584,7.2619004,0,1867,250.58333,536.90265,288264.44,0,0,0,1,0,0,0,0,1,273.36365,192.0,341.16666,0,0,0,0,0,0,5,960,6,2047,8192,245,4,20,0.0,0.0,0,0,0.0,0.0,0,0,Benign
17,192,2,2,72,414,36,36,36.0,0.0,207,207,207.0,0.0,2531250.0,20833.3333333333,64.0,104.79027,185,3,4,4.0,0.0,4,4,3,3.0,0.0,3,3,0,0,0,0,40,40,10416.667,10416.667,36,207,104.4,93.66056,8772.3,0,0,0,0,0,0,0,0,1,130.5,36.0,207.0,0,0,0,0,0,0,2,72,2,414,-1,-1,1,20,0.0,0.0,0,0,0.0,0.0,0,0,Benign
17,62246,1,1,49,189,49,49,49.0,0.0,189,189,189.0,0.0,3823.5388619349,32.1305786717219,62246.0,0.0,62246,62246,0,0.0,0.0,0,0,0,0.0,0.0,0,0,0,0,0,0,32,20,16.065289,16.065289,49,189,95.666664,80.82904,6533.3335,0,0,0,0,0,0,0,0,1,143.5,49.0,189.0,0,0,0,0,0,0,1,49,1,189,-1,-1,0,32,0.0,0.0,0,0,0.0,0.0,0,0,Benign
17,34479,2,2,66,148,33,33,33.0,0.0,74,74,74.0,0.0,6206.67652774152,116.012645378346,11493.0,19905.594,34478,0,1,1.0,0.0,1,1,0,0.0,0.0,0,0,0,0,0,0,64,40,58.00632,58.00632,33,74,49.4,22.456625,504.3,0,0,0,0,0,0,0,0,1,61.75,33.0,74.0,0,0,0,0,0,0,2,66,2,148,-1,-1,1,32,0.0,0.0,0,0,0.0,0.0,0,0,Benign
17,85343,1,1,51,298,51,51,51.0,0.0,298,298,298.0,0.0,4089.38049986525,23.4348452714341,85343.0,0.0,85343,85343,0,0.0,0.0,0,0,0,0.0,0.0,0,0,0,0,0,0,40,32,11.7174225,11.7174225,51,298,133.33333,142.60551,20336.334,0,0,0,0,0,0,0,0,1,200.0,51.0,298.0,0,0,0,0,0,0,1,51,1,298,-1,-1,0,40,0.0,0.0,0,0,0.0,0.0,0,0,Benign
6,65155355,916,1340,17092,2012283,227,0,18.65939,35.841206,4732,0,1501.7037,1115.2869,31146.7108114137,34.6249360470832,28893.727,1229451.8,58250339,-1,65155355,71208.04,1929945.4,58250339,1,65082465,48605.277,1597989.5,58342112,0,0,0,0,0,18332,26812,14.058706,20.566229,0,4732,899.1471,1126.7571,1269581.4,0,0,0,1,0,0,0,0,1,899.54565,18.65939,1501.7037,0,0,0,0,0,0,916,17092,1340,2012283,8192,304,915,20,6832154.0,0.0,6832154,6832154,58250340.0,0.0,58250339,58250339,Benign
6,30346942,9,8,1550,636,952,0,172.22223,337.16272,456,0,79.5,159.09386,72.0336170939398,0.560188239065406,1896683.9,3951335.5,9996124,4,30346942,3793367.8,5087992.5,10110606,104,30232145,4318878.0,5315289.0,10110544,4,0,0,0,0,192,196,0.29657024,0.263618,0,952,121.44444,258.80203,66978.5,0,0,0,1,0,0,0,0,0,128.58824,172.22223,79.5,0,0,0,0,0,0,9,1550,8,636,8192,252,8,20,256186.67,245493.38,539658,114420,9859404.0,118787.914,9996124,9781492,Benign
6,76,1,1,0,0,0,0,0.0,0.0,0,0,0.0,0.0,0.0,26315.7894736842,76.0,0.0,76,76,0,0.0,0.0,0,0,0,0.0,0.0,0,0,0,0,0,0,32,32,13157.895,13157.895,0,0,0.0,0.0,0.0,0,0,0,0,1,1,0,0,1,0.0,0.0,0.0,0,0,0,0,0,0,1,0,1,0,408,33304,0,32,0.0,0.0,0,0,0.0,0.0,0,0,Benign
17,61276,2,2,82,832,41,41,41.0,0.0,416,416,416.0,0.0,14916.1172400287,65.2784124290097,20425.334,35370.785,61268,4,4,4.0,0.0,4,4,4,4.0,0.0,4,4,0,0,0,0,64,40,32.639206,32.639206,41,416,191.0,205.39597,42187.5,0,0,0,0,0,0,0,0,1,238.75,41.0,416.0,0,0,0,0,0,0,2,82,2,832,-1,-1,1,32,0.0,0.0,0,0,0.0,0.0,0,0,Benign
17,59756,2,2,64,96,32,32,32.0,0.0,48,48,48.0,0.0,2677.55539192717,66.9388847981793,19918.666,34493.215,59748,4,4,4.0,0.0,4,4,4,4.0,0.0,4,4,0,0,0,0,64,40,33.469444,33.469444,32,48,38.4,8.763561,76.8,0,0,0,0,0,0,0,0,1,48.0,32.0,48.0,0,0,0,0,0,0,2,64,2,96,-1,-1,1,32,0.0,0.0,0,0,0.0,0.0,0,0,Benign
6,1307,3,1,18,0,6,6,6.0,0.0,0,0,0.0,0.0,13771.9969395562,3060.44376434583,435.66666,420.94458,845,4,1307,653.5,918.53174,1303,4,0,0.0,0.0,0,0,0,0,0,0,60,32,2295.3328,765.11096,0,6,4.8,2.6832817,7.2,1,0,0,0,0,0,0,0,0,6.0,6.0,0.0,0,0,0,0,0,0,3,18,1,0,0,1153,2,20,0.0,0.0,0,0,0.0,0.0,0,0,Benign
6,233,2,1,37,6,37,0,18.5,26.16295,6,6,6.0,0.0,184549.356223176,12875.5364806867,116.5,54.447224,155,78,233,233.0,0.0,233,233,0,0.0,0.0,0,0,1,0,0,0,64,20,8583.691,4291.8457,0,37,20.0,19.782146,391.33334,0,1,0,0,1,0,0,0,0,26.666666,18.5,6.0,0,0,0,0,0,0,2,37,1,6,972,0,0,32,0.0,0.0,0,0,0.0,0.0,0,0,Benign
6,213,2,1,37,6,37,0,18.5,26.16295,6,6,6.0,0.0,201877.9342723,14084.5070422535,106.5,55.861435,146,67,213,213.0,0.0,213,213,0,0.0,0.0,0,0,1,0,0,0,64,20,9389.671,4694.8354,0,37,20.0,19.782146,391.33334,0,1,0,0,1,0,0,0,0,26.666666,18.5,6.0,0,0,0,0,0,0,2,37,1,6,1006,0,0,32,0.0,0.0,0,0,0.0,0.0,0,0,Benign
17,145,2,2,74,106,37,37,37.0,0.0,53,53,53.0,0.0,1241379.31034483,27586.2068965517,48.333332,78.51964,139,3,3,3.0,0.0,3,3,3,3.0,0.0,3,3,0,0,0,0,64,64,13793.104,13793.104,37,53,43.4,8.763561,76.8,0,0,0,0,0,0,0,0,1,54.25,37.0,53.0,0,0,0,0,0,0,2,74,2,106,-1,-1,1,32,0.0,0.0,0,0,0.0,0.0,0,0,Benign
6,124,1,1,0,0,0,0,0.0,0.0,0,0,0.0,0.0,0.0,16129.0322580645,124.0,0.0,124,124,0,0.0,0.0,0,0,0,0.0,0.0,0,0,0,0,0,0,32,32,8064.516,8064.516,0,0,0.0,0.0,0.0,0,0,0,0,1,1,0,0,1,0.0,0.0,0.0,0,0,0,0,0,0,1,0,1,0,362,32832,0,32,0.0,0.0,0,0,0.0,0.0,0,0,Benign
17,30423,2,2,72,104,36,36,36.0,0.0,52,52,52.0,0.0,5785.09680176183,131.479472767314,10141.0,17558.666,30416,3,4,4.0,0.0,4,4,3,3.0,0.0,3,3,0,0,0,0,64,40,65.73974,65.73974,36,52,42.4,8.763561,76.8,0,0,0,0,0,0,0,0,1,53.0,36.0,52.0,0,0,0,0,0,0,2,72,2,104,-1,-1,1,32,0.0,0.0,0,0,0.0,0.0,0,0,Benign
6,137561,12,7,689,3753,453,0,57.416668,131.23987,1413,0,536.1429,661.1302,32291.1290263956,138.120542886429,7642.278,12473.61,36473,1,137561,12505.546,16516.209,38295,1,89191,14865.167,18362.521,38753,48,0,0,0,0,396,232,87.234024,50.886517,0,1413,222.1,451.73105,204060.94,0,0,0,1,0,0,0,0,0,233.78947,57.416668,536.1429,0,0,0,0,0,0,12,689,7,3753,65535,349,5,32,0.0,0.0,0,0,0.0,0.0,0,0,Benign
6,50656,1,1,0,0,0,0,0.0,0.0,0,0,0.0,0.0,0.0,39.4819962097284,50656.0,0.0,50656,50656,0,0.0,0.0,0,0,0,0.0,0.0,0,0,0,0,0,0,32,32,19.740997,19.740997,0,0,0.0,0.0,0.0,0,0,0,0,1,1,0,0,1,0.0,0.0,0.0,0,0,0,0,0,0,1,0,1,0,239,136,0,32,0.0,0.0,0,0,0.0,0.0,0,0,Benign
6,347,2,1,0,0,0,0,0.0,0.0,0,0,0.0,0.0,0.0,8645.53314121038,173.5,239.7092,343,4,4,4.0,0.0,4,4,0,0.0,0.0,0,0,0,0,0,0,64,32,5763.689,2881.8445,0,0,0.0,0.0,0.0,0,0,0,0,1,1,0,0,0,0.0,0.0,0.0,0,0,0,0,0,0,2,0,1,0,349,32832,0,32,0.0,0.0,0,0,0.0,0.0,0,0,Benign
6,43,1,1,0,0,0,0,0.0,0.0,0,0,0.0,0.0,0.0,46511.6279069767,43.0,0.0,43,43,0,0.0,0.0,0,0,0,0.0,0.0,0,0,0,0,0,0,32,32,23255.814,23255.814,0,0,0.0,0.0,0.0,0,0,0,0,1,1,0,0,1,0.0,0.0,0.0,0,0,0,0,0,0,1,0,1,0,360,65535,0,32,0.0,0.0,0,0,0.0,0.0,0,0,Benign
17,61609,2,2,116,310,58,58,58.0,0.0,155,155,155.0,0.0,6914.57416935837,64.9255790550082,20536.334,35564.777,61603,3,3,3.0,0.0,3,3,3,3.0,0.0,3,3,0,0,0,0,64,40,32.462788,32.462788,58,155,96.8,53.12909,2822.7,0,0,0,0,0,0,0,0,1,121.0,58.0,155.0,0,0,0,0,0,0,2,116,2,310,-1,-1,1,32,0.0,0.0,0,0,0.0,0.0,0,0,Benign
6,117154201,29,22,3353,9622,658,0,115.62069,228.14804,1418,0,437.36365,575.57513,110.751470192691,0.435323697867224,2343084.0,4170524.0,10015636,7,117154201,4184078.5,4884625.0,10052015,48,112317465,5348450.5,5055515.5,10051839,50,0,0,0,0,936,712,0.247537,0.1877867,0,1418,249.51923,437.7514,191626.3,0,0,0,1,0,0,0,0,0,254.41176,115.62069,437.36365,0,0,0,0,0,0,29,3353,22,9622,29200,400,8,32,199293.55,540710.8,1829598,36191,10011394.0,2764.542,10015636,10003833,Benign
17,190,2,2,166,422,83,83,83.0,0.0,211,211,211.0,0.0,3094736.84210526,21052.6315789474,63.333332,96.095436,174,1,15,15.0,0.0,15,15,1,1.0,0.0,1,1,0,0,0,0,64,64,10526.315,10526.315,83,211,134.2,70.10849,4915.2,0,0,0,0,0,0,0,0,1,167.75,83.0,211.0,0,0,0,0,0,0,2,166,2,422,-1,-1,1,32,0.0,0.0,0,0,0.0,0.0,0,0,Benign
6,119459313,26,20,3153,5578,435,0,121.26923,194.20207,796,0,278.9,389.30734,73.087646167863,0.385068345403928,2654651.5,4311764.0,10007744,60,119459313,4778372.5,4870331.5,10031230,139,114566260,6029803.0,4873353.0,10031475,588,0,0,0,0,532,544,0.21764733,0.16742101,0,796,185.76596,299.95102,89970.62,0,0,0,1,0,0,0,0,0,189.80435,121.26923,278.9,0,0,0,0,0,0,26,3153,20,5578,8192,300,25,20,417755.72,1307287.2,4359375,23486,9997364.0,16618.799,10007744,9949082,Benign
6,43,1,1,6,6,6,6,6.0,0.0,6,6,6.0,0.0,279069.76744186,46511.6279069767,43.0,0.0,43,43,0,0.0,0.0,0,0,0,0.0,0.0,0,0,0,0,0,0,20,20,23255.814,23255.814,6,6,6.0,0.0,0.0,0,0,0,0,1,1,0,0,1,9.0,6.0,6.0,0,0,0,0,0,0,1,6,1,6,8192,252,0,20,0.0,0.0,0,0,0.0,0.0,0,0,Benign
6,49,1,1,6,6,6,6,6.0,0.0,6,6,6.0,0.0,244897.959183673,40816.3265306122,49.0,0.0,49,49,0,0.0,0.0,0,0,0,0.0,0.0,0,0,0,0,0,0,20,20,20408.164,20408.164,6,6,6.0,0.0,0.0,0,0,0,0,1,1,0,0,1,9.0,6.0,6.0,0,0,0,0,0,0,1,6,1,6,60,253,0,20,0.0,0.0,0,0,0.0,0.0,0,0,Benign
17,31254,1,1,57,121,57,57,57.0,0.0,121,121,121.0,0.0,5695.27100531132,63.9918090484418,31254.0,0.0,31254,31254,0,0.0,0.0,0,0,0,0.0,0.0,0,0,0,0,0,0,20,20,31.995905,31.995905,57,121,78.333336,36.950417,1365.3334,0,0,0,0,0,0,0,0,1,117.5,57.0,121.0,0,0,0,0,0,0,1,57,1,121,-1,-1,0,20,0.0,0.0,0,0,0.0,0.0,0,0,Benign
6,4352,3,0,31,0,31,0,10.333333,17.897858,0,0,0.0,0.0,7123.16176470588,689.338235294118,2176.0,3047.6301,4331,21,4352,2176.0,3047.6301,4331,21,0,0.0,0.0,0,0,0,0,0,0,96,0,689.33826,0.0,0,31,7.75,15.5,240.25,0,0,0,0,1,0,0,0,0,10.333333,10.333333,0.0,0,0,0,0,0,0,3,31,0,0,30316,-1,1,32,0.0,0.0,0,0,0.0,0.0,0,0,Benign
6,90128992,21,26,941,30778,281,0,44.809525,79.56294,2920,2,1183.7693,958.0252,351.928933145064,0.521474821331631,1959325.9,9277868.0,45000810,1,90112649,4505632.5,13851810.0,45016939,1,90112585,3604503.5,12463700.0,45017153,50,0,0,0,0,432,524,0.23299938,0.28847542,0,2920,660.8125,906.1001,821017.4,0,0,0,1,0,0,0,0,1,674.8723,44.809525,1183.7693,0,0,0,0,0,0,21,941,26,30778,8192,32160,20,20,55557.5,55760.32,94986,16129,45000770.0,60.811184,45000810,45000724,Benign
17,241,2,2,66,170,33,33,33.0,0.0,85,85,85.0,0.0,979253.112033195,16597.510373444,80.333336,97.602936,190,3,3,3.0,0.0,3,3,48,48.0,0.0,48,48,0,0,0,0,64,64,8298.755,8298.755,33,85,53.8,28.481573,811.2,0,0,0,0,0,0,0,0,1,67.25,33.0,85.0,0,0,0,0,0,0,2,66,2,170,-1,-1,1,32,0.0,0.0,0,0,0.0,0.0,0,0,Benign
6,188052,13,8,980,4369,469,0,75.38461,142.44621,1448,0,546.125,663.16113,28444.2600982707,111.671239869823,9402.6,15654.406,38393,1,188052,15671.0,17945.41,38497,1,142901,20414.428,26658.465,64332,3,0,0,0,0,428,264,69.129814,42.541424,0,1448,243.13637,461.9488,213396.69,0,0,0,1,0,0,0,0,0,254.71428,75.38461,546.125,0,0,0,0,0,0,13,980,8,4369,65535,1006,6,32,0.0,0.0,0,0,0.0,0.0,0,0,Benign
17,46850,1,1,52,177,52,52,52.0,0.0,177,177,177.0,0.0,4887.94023479189,42.6894343649947,46850.0,0.0,46850,46850,0,0.0,0.0,0,0,0,0.0,0.0,0,0,0,0,0,0,40,20,21.344717,21.344717,52,177,93.666664,72.168785,5208.3335,0,0,0,0,0,0,0,0,1,140.5,52.0,177.0,0,0,0,0,0,0,1,52,1,177,-1,-1,0,40,0.0,0.0,0,0,0.0,0.0,0,0,Benign
17,30768,2,2,58,202,29,29,29.0,0.0,101,101,101.0,0.0,8450.33801352054,130.005200208008,10256.0,17719.76,30717,3,48,48.0,0.0,48,48,3,3.0,0.0,3,3,0,0,0,0,64,64,65.0026,65.0026,29,101,57.8,39.436024,1555.2,0,0,0,0,0,0,0,0,1,72.25,29.0,101.0,0,0,0,0,0,0,2,58,2,202,-1,-1,1,32,0.0,0.0,0,0,0.0,0.0,0,0,Benign
6,5302390,4,4,960,479,948,0,240.0,472.00848,467,0,119.75,231.51727,271.387053762549,1.50875359979179,757484.3,1871341.1,4999152,14,303238,101079.336,132629.1,251325,263,5250754,1750251.4,2813869.0,4999201,92554,0,0,0,0,100,88,0.7543768,0.7543768,0,948,159.88889,332.95212,110857.11,0,0,0,1,0,0,0,0,1,179.875,240.0,119.75,0,0,0,0,0,0,4,960,4,479,29200,16116,3,20,0.0,0.0,0,0,0.0,0.0,0,0,Benign
17,48442,1,1,55,112,55,55,55.0,0.0,112,112,112.0,0.0,3447.42165889104,41.2864869328269,48442.0,0.0,48442,48442,0,0.0,0.0,0,0,0,0.0,0.0,0,0,0,0,0,0,32,20,20.643244,20.643244,55,112,74.0,32.908966,1083.0,0,0,0,0,0,0,0,0,1,111.0,55.0,112.0,0,0,0,0,0,0,1,55,1,112,-1,-1,0,32,0.0,0.0,0,0,0.0,0.0,0,0,Benign
17,182,2,2,66,240,33,33,33.0,0.0,120,120,120.0,0.0,1681318.68131868,21978.021978022,60.666668,99.8816,176,3,3,3.0,0.0,3,3,3,3.0,0.0,3,3,0,0,0,0,64,64,10989.011,10989.011,33,120,67.8,47.651863,2270.7,0,0,0,0,0,0,0,0,1,84.75,33.0,120.0,0,0,0,0,0,0,2,66,2,240,-1,-1,1,32,0.0,0.0,0,0,0.0,0.0,0,0,Benign
6,1139093,10,11,2434,8851,1382,0,243.4,460.03387,2442,0,804.63635,960.1519,9907.00495920878,18.4357203494359,56954.65,212776.6,959404,3,179686,19965.111,21678.928,64978,215,1115181,111518.1,312538.72,999850,3,0,0,0,0,328,360,8.778914,9.656806,0,2442,512.9545,788.28253,621389.4,0,0,0,1,0,0,0,0,1,537.381,243.4,804.63635,0,0,0,0,0,0,10,2434,11,8851,29200,39,4,32,0.0,0.0,0,0,0.0,0.0,0,0,Benign
17,31353,4,2,120,450,30,30,30.0,0.0,225,225,225.0,0.0,18180.0784613913,191.369246962013,6270.6,13148.808,29760,3,29766,9922.0,17180.213,29760,3,3,3.0,0.0,3,3,0,0,0,0,80,40,127.5795,63.78975,30,225,85.71429,95.15026,9053.571,0,0,0,0,0,0,0,0,0,100.0,30.0,225.0,0,0,0,0,0,0,4,120,2,450,-1,-1,3,20,0.0,0.0,0,0,0.0,0.0,0,0,Benign
17,335337,1,1,42,248,42,42,42.0,0.0,248,248,248.0,0.0,864.801677118839,5.9641494973713,335337.0,0.0,335337,335337,0,0.0,0.0,0,0,0,0.0,0.0,0,0,0,0,0,0,20,20,2.9820747,2.9820747,42,248,110.666664,118.93416,14145.333,0,0,0,0,0,0,0,0,1,166.0,42.0,248.0,0,0,0,0,0,0,1,42,1,248,-1,-1,0,20,0.0,0.0,0,0,0.0,0.0,0,0,Benign
17,48437,2,2,88,198,44,44,44.0,0.0,99,99,99.0,0.0,5904.57707950534,82.5814976154593,16145.667,27920.09,48385,4,4,4.0,0.0,4,4,48,48.0,0.0,48,48,0,0,0,0,40,40,41.29075,41.29075,44,99,66.0,30.12474,907.5,0,0,0,0,0,0,0,0,1,82.5,44.0,99.0,0,0,0,0,0,0,2,88,2,198,-1,-1,1,20,0.0,0.0,0,0,0.0,0.0,0,0,Benign
6,5255521,3,1,12,2,6,0,4.0,3.4641016,2,2,2.0,0.0,2.66386529518196,0.761104370051989,1751840.4,3020267.0,5239332,127,5255521,2627760.5,3693319.8,5239332,16189,0,0.0,0.0,0,0,0,0,0,0,72,24,0.57082826,0.19027609,0,6,2.8,3.0331502,9.2,0,0,0,1,0,0,0,0,0,3.5,4.0,2.0,0,0,0,0,0,0,3,12,1,2,8192,17520,2,20,0.0,0.0,0,0,0.0,0.0,0,0,Benign
6,377209,10,5,1204,479,965,0,120.4,300.1715,341,0,95.8,149.52992,4461.71750939135,39.7657532031314,26943.5,54891.496,210634,4,377209,41912.11,66124.76,210634,4,129676,32419.0,22282.295,51549,224,0,0,0,0,332,168,26.510502,13.255251,0,965,105.1875,246.87141,60945.496,0,0,0,1,0,0,0,0,0,112.2,120.4,95.8,0,0,0,0,0,0,10,1204,5,479,65535,362,5,32,0.0,0.0,0,0,0.0,0.0,0,0,Benign
6,235,2,0,12,0,6,6,6.0,0.0,0,0,0.0,0.0,51063.829787234,8510.63829787234,235.0,0.0,235,235,235,235.0,0.0,235,235,0,0.0,0.0,0,0,0,0,0,0,40,0,8510.639,0.0,6,6,6.0,0.0,0.0,0,0,0,0,1,0,0,0,0,9.0,6.0,0.0,0,0,0,0,0,0,2,12,0,0,131,-1,1,20,0.0,0.0,0,0,0.0,0.0,0,0,Benign
17,71352,2,2,86,222,43,43,43.0,0.0,111,111,111.0,0.0,4316.62742459917,56.0600964233659,23784.0,41189.9,71346,3,3,3.0,0.0,3,3,3,3.0,0.0,3,3,0,0,0,0,40,40,28.030048,28.030048,43,111,70.2,37.245132,1387.2,0,0,0,0,0,0,0,0,1,87.75,43.0,111.0,0,0,0,0,0,0,2,86,2,222,-1,-1,1,20,0.0,0.0,0,0,0.0,0.0,0,0,Benign
17,30850,1,1,43,277,43,43,43.0,0.0,277,277,277.0,0.0,10372.7714748784,64.8298217179903,30850.0,0.0,30850,30850,0,0.0,0.0,0,0,0,0.0,0.0,0,0,0,0,0,0,20,20,32.41491,32.41491,43,277,121.0,135.09996,18252.0,0,0,0,0,0,0,0,0,1,181.5,43.0,277.0,0,0,0,0,0,0,1,43,1,277,-1,-1,0,20,0.0,0.0,0,0,0.0,0.0,0,0,Benign
6,30298187,19,25,978,32000,517,0,51.473682,133.85081,2920,0,1280.0,963.4898,1088.44796554989,1.45223210880572,704609.0,2539748.2,9994069,6,20585904,1143661.4,3237886.0,10090621,68,30200964,1258373.5,3351094.0,10097965,48,0,0,0,0,392,536,0.6271002,0.8251319,0,2920,732.8444,946.8199,896467.94,0,0,0,1,0,0,0,0,1,749.5,51.473682,1280.0,0,0,0,0,0,0,19,978,25,32000,8192,245,18,20,299390.0,285422.25,501214,97566,9993562.0,717.0063,9994069,9993055,Benign
6,400445,16,16,851,22294,373,0,53.1875,110.33115,4344,0,1393.375,1137.7212,57798.1995030529,79.911098902471,12917.581,44992.082,250386,1,400445,26696.334,62880.293,250386,1,370081,24672.066,70289.8,274509,49,0,0,0,0,524,520,39.95555,39.95555,0,4344,701.36365,1037.9493,1077338.8,0,0,0,1,0,0,0,0,1,723.28125,53.1875,1393.375,0,0,0,0,0,0,16,851,16,22294,65535,61,6,32,0.0,0.0,0,0,0.0,0.0,0,0,Benign
6,262682,6,7,482,644,322,0,80.333336,133.20311,485,0,92.0,179.68398,4286.55180027562,49.489496806024,21890.166,30139.37,88709,3,208146,41629.2,33726.527,88933,6549,212058,35343.0,40106.05,95349,3,0,0,0,0,204,232,22.841307,26.648191,0,485,80.42857,149.31624,22295.34,0,0,0,1,0,0,0,0,1,86.61539,80.333336,92.0,0,0,0,0,0,0,6,482,7,644,65535,114,3,32,0.0,0.0,0,0,0.0,0.0,0,0,Benign
6,15386393,7,9,1780,1088,1194,0,254.28572,455.15665,853,0,120.888885,278.011,186.39846258964,1.03987984708307,1025759.56,2791375.2,10006743,3,10394162,1732360.4,4053899.2,10006743,22767,15363665,1920458.1,3699786.5,10029244,3,0,0,0,0,152,204,0.45494744,0.5849324,0,1194,168.70589,350.1458,122602.09,0,0,0,1,0,0,0,0,1,179.25,254.28572,120.888885,0,0,0,0,0,0,7,1780,9,1088,8192,12,6,20,387419.0,0.0,387419,387419,10006743.0,0.0,10006743,10006743,Benign
6,20,1,1,0,0,0,0,0.0,0.0,0,0,0.0,0.0,0.0,100000.0,20.0,0.0,20,20,0,0.0,0.0,0,0,0,0.0,0.0,0,0,0,0,0,0,32,32,50000.0,50000.0,0,0,0.0,0.0,0.0,0,0,0,0,1,1,0,0,1,0.0,0.0,0.0,0,0,0,0,0,0,1,0,1,0,358,631,0,32,0.0,0.0,0,0,0.0,0.0,0,0,Benign
6,5422952,5,1,135,46,46,6,27.0,20.12461,46,46,46.0,0.0,33.3766553714656,1.10640846535245,1084590.4,2381433.2,5344435,3,5422952,1355738.0,2659381.5,5344435,3,0,0.0,0.0,0,0,1,0,0,0,100,20,0.9220071,0.18440141,6,46,32.42857,18.866701,355.9524,0,1,0,0,1,0,0,0,0,37.833332,27.0,46.0,0,0,0,0,0,0,5,135,1,46,254,119,4,20,77757.0,0.0,77757,77757,5344435.0,0.0,5344435,5344435,Benign
17,161,2,2,46,46,23,23,23.0,0.0,23,23,23.0,0.0,571428.571428571,24844.7204968944,53.666668,92.08872,160,0,1,1.0,0.0,1,1,0,0.0,0.0,0,0,0,0,0,0,64,64,12422.36,12422.36,23,23,23.0,0.0,0.0,0,0,0,0,0,0,0,0,1,28.75,23.0,23.0,0,0,0,0,0,0,2,46,2,46,-1,-1,1,32,0.0,0.0,0,0,0.0,0.0,0,0,Benign
17,65716,4,4,136,396,34,34,34.0,0.0,99,99,99.0,0.0,8095.44098849595,121.735954714225,9388.0,24663.877,65320,1,65561,21853.666,37849.93,65559,1,65477,21825.666,37801.43,65475,1,0,0,0,0,104,104,60.867977,60.867977,34,99,62.88889,34.258007,1173.6111,0,0,0,0,0,0,0,0,1,70.75,34.0,99.0,0,0,0,0,0,0,4,136,4,396,-1,-1,3,20,0.0,0.0,0,0,0.0,0.0,0,0,Benign
6,21776,2,1,0,0,0,0,0.0,0.0,0,0,0.0,0.0,0.0,137.766348273328,10888.0,15337.146,21733,43,21776,21776.0,0.0,21776,21776,0,0.0,0.0,0,0,0,0,0,0,76,32,91.84423,45.922115,0,0,0.0,0.0,0.0,0,0,0,0,1,0,0,0,0,0.0,0.0,0.0,0,0,0,0,0,0,2,0,1,0,128,33304,0,32,0.0,0.0,0,0,0.0,0.0,0,0,Benign
6,374,3,1,43,6,31,6,14.333333,14.433757,6,6,6.0,0.0,131016.042780749,10695.1871657754,124.666664,138.29799,274,1,275,137.5,193.04015,274,1,0,0.0,0.0,0,0,0,0,0,0,60,20,8021.39,2673.7969,6,31,11.0,11.18034,125.0,0,0,0,0,1,0,0,0,0,13.75,14.333333,6.0,0,0,0,0,0,0,3,43,1,6,980,0,2,20,0.0,0.0,0,0,0.0,0.0,0,0,Benign
6,49,2,0,12,0,6,6,6.0,0.0,0,0,0.0,0.0,244897.959183673,40816.3265306122,49.0,0.0,49,49,49,49.0,0.0,49,49,0,0.0,0.0,0,0,0,0,0,0,40,0,40816.33,0.0,6,6,6.0,0.0,0.0,0,0,0,0,1,0,0,0,0,9.0,6.0,0.0,0,0,0,0,0,0,2,12,0,0,16279,-1,1,20,0.0,0.0,0,0,0.0,0.0,0,0,Benign
17,227,2,2,66,578,33,33,33.0,0.0,289,289,289.0,0.0,2837004.40528634,17621.1453744493,75.666664,125.86236,221,3,3,3.0,0.0,3,3,3,3.0,0.0,3,3,0,0,0,0,64,64,8810.572,8810.572,33,289,135.4,140.21698,19660.8,0,0,0,0,0,0,0,0,1,169.25,33.0,289.0,0,0,0,0,0,0,2,66,2,578,-1,-1,1,32,0.0,0.0,0,0,0.0,0.0,0,0,Benign
6,2001881,2,0,74,0,37,37,37.0,0.0,0,0,0.0,0.0,36.9652341972375,0.999060383709121,2001881.0,0.0,2001881,2001881,2001881,2001881.0,0.0,2001881,2001881,0,0.0,0.0,0,0,1,0,0,0,64,0,0.9990604,0.0,37,37,37.0,0.0,0.0,0,1,0,0,1,1,0,0,0,55.5,37.0,0.0,0,0,0,0,0,0,2,74,0,0,33304,-1,1,32,0.0,0.0,0,0,0.0,0.0,0,0,Benign
6,269,2,0,37,0,31,6,18.5,17.67767,0,0,0.0,0.0,137546.468401487,7434.94423791822,269.0,0.0,269,269,269,269.0,0.0,269,269,0,0.0,0.0,0,0,1,0,0,0,40,0,7434.9443,0.0,6,31,22.666666,14.433757,208.33333,0,1,0,0,1,0,0,0,0,34.0,18.5,0.0,0,0,0,0,0,0,2,37,0,0,51100,-1,1,20,0.0,0.0,0,0,0.0,0.0,0,0,Benign
17,205,2,2,84,264,42,42,42.0,0.0,132,132,132.0,0.0,1697560.97560976,19512.1951219512,68.333336,77.52634,154,3,3,3.0,0.0,3,3,48,48.0,0.0,48,48,0,0,0,0,40,40,9756.098,9756.098,42,132,78.0,49.29503,2430.0,0,0,0,0,0,0,0,0,1,97.5,42.0,132.0,0,0,0,0,0,0,2,84,2,264,-1,-1,1,20,0.0,0.0,0,0,0.0,0.0,0,0,Benign
6,60502989,18,13,4085,3219,1448,0,226.94444,488.5634,1533,0,247.61539,553.5956,120.721308496015,0.512371380527994,2016766.2,4040033.8,10212030,8,60502989,3558999.2,4926893.5,10296039,48,60415602,5034633.5,5219803.0,10296094,203,0,0,0,0,584,424,0.29750597,0.21486542,0,1533,228.25,501.36658,251368.45,0,0,0,1,0,0,0,0,0,235.6129,226.94444,247.61539,0,0,0,0,0,0,18,4085,13,3219,29200,153,5,32,131302.67,115638.77,367349,83843,9951978.0,456962.6,10212030,9030410,Benign
17,108624399,2,2,102,405,55,47,51.0,5.656854,342,63,202.5,197.28279,4.66745965609439,0.036824139298575,36208132.0,62609064.0,108502845,30732,108533577,108533576.0,0.0,108533577,108533577,108593667,108593660.0,0.0,108593667,108593667,0,0,0,0,64,64,0.01841207,0.01841207,47,342,110.8,129.41484,16748.2,0,0,0,0,0,0,0,0,1,138.5,51.0,202.5,0,0,0,0,0,0,2,102,2,405,-1,-1,1,32,30732.0,0.0,30732,30732,108502850.0,0.0,108502845,108502845,Benign
6,65044415,10,10,463,723,463,0,46.3,146.41345,723,0,72.3,228.63268,18.2336946223592,0.307482202737929,3423390.2,4727309.5,10026123,43,60272858,6696984.0,5011558.0,10048006,178,65022269,7224696.5,4441344.5,10048116,347,0,0,0,0,328,328,0.1537411,0.1537411,0,723,56.47619,183.04607,33505.863,0,0,0,1,0,0,0,0,1,59.3,46.3,72.3,0,0,0,0,0,0,10,463,10,723,29200,31,1,32,25802.0,9322.412,44830,21883,10019674.0,10800.861,10026123,10000011,Benign
17,128,2,2,412,326,206,206,206.0,0.0,163,163,163.0,0.0,5765625.0,31250.0,42.666668,67.8405,121,3,3,3.0,0.0,3,3,4,4.0,0.0,4,4,0,0,0,0,40,40,15625.0,15625.0,163,206,188.8,23.55207,554.7,0,0,0,0,0,0,0,0,1,236.0,206.0,163.0,0,0,0,0,0,0,2,412,2,326,-1,-1,1,20,0.0,0.0,0,0,0.0,0.0,0,0,Benign
17,90687,1,1,41,143,41,41,41.0,0.0,143,143,143.0,0.0,2028.95674131904,22.0538776230331,90687.0,0.0,90687,90687,0,0.0,0.0,0,0,0,0.0,0.0,0,0,0,0,0,0,20,32,11.026938,11.026938,41,143,75.0,58.88973,3468.0,0,0,0,0,0,0,0,0,1,112.5,41.0,143.0,0,0,0,0,0,0,1,41,1,143,-1,-1,0,20,0.0,0.0,0,0,0.0,0.0,0,0,Benign
17,31377,2,2,66,122,33,33,33.0,0.0,61,61,61.0,0.0,5991.64993466552,127.481913503522,10459.0,18111.19,31372,1,1,1.0,0.0,1,1,4,4.0,0.0,4,4,0,0,0,0,64,64,63.740955,63.740955,33,61,44.2,15.336231,235.2,0,0,0,0,0,0,0,0,1,55.25,33.0,61.0,0,0,0,0,0,0,2,66,2,122,-1,-1,1,32,0.0,0.0,0,0,0.0,0.0,0,0,Benign
17,30386,2,2,68,158,34,34,34.0,0.0,79,79,79.0,0.0,7437.63575330744,131.639570854999,10128.667,17538.17,30380,3,3,3.0,0.0,3,3,3,3.0,0.0,3,3,0,0,0,0,64,80,65.819786,65.819786,34,79,52.0,24.647514,607.5,0,0,0,0,0,0,0,0,1,65.0,34.0,79.0,0,0,0,0,0,0,2,68,2,158,-1,-1,1,32,0.0,0.0,0,0,0.0,0.0,0,0,Benign
17,61183,2,2,72,286,36,36,36.0,0.0,143,143,143.0,0.0,5851.29856332642,65.3776375790661,20394.334,35317.96,61176,3,3,3.0,0.0,3,3,4,4.0,0.0,4,4,0,0,0,0,40,40,32.68882,32.68882,36,143,78.8,58.60631,3434.7,0,0,0,0,0,0,0,0,1,98.5,36.0,143.0,0,0,0,0,0,0,2,72,2,286,-1,-1,1,20,0.0,0.0,0,0,0.0,0.0,0,0,Benign
6,50483,1,1,0,0,0,0,0.0,0.0,0,0,0.0,0.0,0.0,39.6172969118317,50483.0,0.0,50483,50483,0,0.0,0.0,0,0,0,0.0,0.0,0,0,0,0,0,0,32,32,19.80865,19.80865,0,0,0.0,0.0,0.0,0,0,0,0,1,1,0,0,1,0.0,0.0,0.0,0,0,0,0,0,0,1,0,1,0,237,110,0,32,0.0,0.0,0,0,0.0,0.0,0,0,Benign
17,31337,2,2,88,218,44,44,44.0,0.0,109,109,109.0,0.0,9764.81475572008,127.644637329674,10445.667,18048.271,31286,3,3,3.0,0.0,3,3,48,48.0,0.0,48,48,0,0,0,0,40,40,63.82232,63.82232,44,109,70.0,35.601967,1267.5,0,0,0,0,0,0,0,0,1,87.5,44.0,109.0,0,0,0,0,0,0,2,88,2,218,-1,-1,1,20,0.0,0.0,0,0,0.0,0.0,0,0,Benign
17,184,2,2,102,224,51,51,51.0,0.0,112,112,112.0,0.0,1771739.13043478,21739.1304347826,61.333332,101.0363,178,3,3,3.0,0.0,3,3,3,3.0,0.0,3,3,0,0,0,0,40,40,10869.565,10869.565,51,112,75.4,33.411076,1116.3,0,0,0,0,0,0,0,0,1,94.25,51.0,112.0,0,0,0,0,0,0,2,102,2,224,-1,-1,1,20,0.0,0.0,0,0,0.0,0.0,0,0,Benign
6,48,2,0,37,0,37,0,18.5,26.16295,0,0,0.0,0.0,770833.333333333,41666.6666666667,48.0,0.0,48,48,48,48.0,0.0,48,48,0,0.0,0.0,0,0,1,0,0,0,64,0,41666.668,0.0,0,37,24.666666,21.36196,456.33334,0,1,0,0,1,0,0,0,0,37.0,18.5,0.0,0,0,0,0,0,0,2,37,0,0,115,-1,0,32,0.0,0.0,0,0,0.0,0.0,0,0,Benign
6,212,2,0,43,0,37,6,21.5,21.920311,0,0,0.0,0.0,202830.188679245,9433.96226415094,212.0,0.0,212,212,212,212.0,0.0,212,212,0,0.0,0.0,0,0,1,0,0,0,40,0,9433.962,0.0,6,37,26.666666,17.897858,320.33334,0,1,0,0,1,0,0,0,0,40.0,21.5,0.0,0,0,0,0,0,0,2,43,0,0,292,-1,1,20,0.0,0.0,0,0,0.0,0.0,0,0,Benign
6,9,1,1,0,0,0,0,0.0,0.0,0,0,0.0,0.0,0.0,222222.222222222,9.0,0.0,9,9,0,0.0,0.0,0,0,0,0.0,0.0,0,0,0,0,0,0,32,32,111111.11,111111.11,0,0,0.0,0.0,0.0,0,0,0,0,1,0,0,0,1,0.0,0.0,0.0,0,0,0,0,0,0,1,0,1,0,4969,37648,0,32,0.0,0.0,0,0,0.0,0.0,0,0,Benign
17,192,2,2,46,172,23,23,23.0,0.0,86,86,86.0,0.0,1135416.66666667,20833.3333333333,64.0,27.712812,96,48,48,48.0,0.0,48,48,48,48.0,0.0,48,48,0,0,0,0,64,64,10416.667,10416.667,23,86,48.2,34.50652,1190.7,0,0,0,0,0,0,0,0,1,60.25,23.0,86.0,0,0,0,0,0,0,2,46,2,172,-1,-1,1,32,0.0,0.0,0,0,0.0,0.0,0,0,Benign
6,2359,2,0,0,0,0,0,0.0,0.0,0,0,0.0,0.0,0.0,847.816871555744,2359.0,0.0,2359,2359,2359,2359.0,0.0,2359,2359,0,0.0,0.0,0,0,0,0,0,0,64,0,847.8169,0.0,0,0,0.0,0.0,0.0,0,0,0,0,1,0,0,0,0,0.0,0.0,0.0,0,0,0,0,0,0,2,0,0,0,249,-1,0,32,0.0,0.0,0,0,0.0,0.0,0,0,Benign
6,267066,6,4,356,3782,212,0,59.333332,89.22481,3502,0,945.5,1709.1162,15494.2972898085,37.4439277182419,29674.0,41854.695,85735,62,267066,53413.2,45523.33,88427,62,181537,60512.332,49935.36,93079,3021,0,0,0,0,132,92,22.466356,14.9775715,0,3502,376.18182,1041.3167,1084340.4,0,0,0,1,0,0,0,0,0,413.8,59.333332,945.5,0,0,0,0,0,0,6,356,4,3782,8192,60,5,20,0.0,0.0,0,0,0.0,0.0,0,0,Benign
6,90089758,3,3,18,0,6,6,6.0,0.0,0,0,0.0,0.0,0.199800736505475,0.066600245501825,18017952.0,24625852.0,44995987,33735,90055999,45028000.0,2559.0195,45029809,45026190,90056023,45028012.0,2452.9534,45029746,45026277,0,0,0,0,60,96,0.033300124,0.033300124,0,6,3.4285715,3.207135,10.285714,0,0,0,0,1,0,0,0,1,4.0,6.0,0.0,0,0,0,0,0,0,3,18,3,0,256,62,2,20,33778.5,61.51829,33822,33735,44994220.0,2497.5012,44995987,44992455,Benign
17,54321,4,2,180,216,45,45,45.0,0.0,108,108,108.0,0.0,7289.99834318219,110.454520351245,10864.2,15468.246,33173,3,33180,11060.0,19150.42,33173,3,4,4.0,0.0,4,4,0,0,0,0,80,40,73.636345,36.818172,45,108,63.0,30.740852,945.0,0,0,0,0,0,0,0,0,0,73.5,45.0,108.0,0,0,0,0,0,0,4,180,2,216,-1,-1,3,20,0.0,0.0,0,0,0.0,0.0,0,0,Benign
6,15589,16,6,19897,0,2896,0,1243.5625,1093.8555,0,0,0.0,0.0,1276348.7074219,1411.25152351017,742.3333,2876.3015,13182,0,15589,1039.2667,3389.6284,13182,1,13544,2708.8,6055.384,13541,0,0,0,0,0,528,208,1026.3647,384.88678,0,2896,865.087,1076.1532,1158105.8,0,0,0,1,0,0,0,0,0,904.4091,1243.5625,0.0,0,0,0,0,0,0,16,19897,6,0,29200,362,11,32,0.0,0.0,0,0,0.0,0.0,0,0,Benign
17,30968,2,2,90,212,45,45,45.0,0.0,106,106,106.0,0.0,9752.00206664945,129.165590286748,10322.667,17874.188,30962,3,3,3.0,0.0,3,3,3,3.0,0.0,3,3,0,0,0,0,40,40,64.582794,64.582794,45,106,69.4,33.411076,1116.3,0,0,0,0,0,0,0,0,1,86.75,45.0,106.0,0,0,0,0,0,0,2,90,2,212,-1,-1,1,20,0.0,0.0,0,0,0.0,0.0,0,0,Benign
17,30140316,2,2,117,149,63,54,58.5,6.363961,79,70,74.5,6.363961,8.82538855929712,0.132712609914242,10046772.0,17318662.0,30044640,47530,30092786,30092786.0,0.0,30092786,30092786,30092170,30092170.0,0.0,30092170,30092170,0,0,0,0,52,64,0.0663563,0.0663563,54,79,65.8,9.311283,86.7,0,0,0,0,0,0,0,0,1,82.25,58.5,74.5,0,0,0,0,0,0,2,117,2,149,-1,-1,1,20,48146.0,0.0,48146,48146,30044640.0,0.0,30044640,30044640,Benign
6,162,3,0,65,0,53,6,21.666666,27.135462,0,0,0.0,0.0,401234.567901235,18518.5185185185,81.0,46.66905,114,48,162,81.0,46.66905,114,48,0,0.0,0.0,0,0,0,0,0,0,60,0,18518.518,0.0,6,53,17.75,23.5,552.25,0,0,0,0,1,0,0,0,0,23.666666,21.666666,0.0,0,0,0,0,0,0,3,65,0,0,63286,-1,2,20,0.0,0.0,0,0,0.0,0.0,0,0,Benign
6,12642730,5,5,340,596,322,0,68.0,142.01408,584,0,119.2,259.84842,74.0346428342613,0.790968406348945,1404747.8,3238788.8,9800600,32,10188812,2547203.0,4837129.0,9800600,109,12547086,3136771.5,4761421.5,10089613,3409,0,0,0,0,112,124,0.3954842,0.3954842,0,584,85.09091,191.12166,36527.492,0,0,0,1,0,0,0,0,1,93.6,68.0,119.2,0,0,0,0,0,0,5,340,5,596,8192,31,4,20,388212.0,0.0,388212,388212,9800600.0,0.0,9800600,9800600,Benign
6,115403492,16,14,432,1388,432,0,27.0,108.0,1388,0,99.14286,370.95862,15.770753280152,0.259957471650858,3979430.8,4869543.5,10011272,3,115403492,7693566.0,4171023.0,10048055,37611,110716093,8516623.0,3733685.8,10053272,1010,0,0,0,0,520,456,0.13864398,0.12131349,0,1388,58.70968,258.6063,66877.21,0,0,0,1,0,0,0,0,0,60.666668,27.0,99.14286,0,0,0,0,0,0,16,432,14,1388,29200,939,1,32,58275.727,62492.07,246432,36642,10006902.0,4271.5796,10011272,9999399,Benign
17,50643,1,1,44,204,44,44,44.0,0.0,204,204,204.0,0.0,4897.02426791462,39.4921311928598,50643.0,0.0,50643,50643,0,0.0,0.0,0,0,0,0.0,0.0,0,0,0,0,0,0,20,20,19.746065,19.746065,44,204,97.333336,92.376045,8533.333,0,0,0,0,0,0,0,0,1,146.0,44.0,204.0,0,0,0,0,0,0,1,44,1,204,-1,-1,0,20,0.0,0.0,0,0,0.0,0.0,0,0,Benign
6,5635706,3,1,12,0,6,0,4.0,3.4641016,0,0,0.0,0.0,2.12928069704133,0.70976023234711,1878568.6,3027175.2,5370704,87,5635706,2817853.0,3610276.5,5370704,265002,0,0.0,0.0,0,0,0,0,0,0,72,32,0.5323202,0.17744006,0,6,2.4,3.2863352,10.8,0,0,0,1,0,0,0,0,0,3.0,4.0,0.0,0,0,0,0,0,0,3,12,1,0,8192,29200,2,20,0.0,0.0,0,0,0.0,0.0,0,0,Benign
6,11964,4,0,0,0,0,0,0.0,0.0,0,0,0.0,0.0,0.0,334.336342360415,3988.0,6903.9546,11960,1,11964,3988.0,6903.9546,11960,1,0,0.0,0.0,0,0,0,0,0,0,128,0,334.33633,0.0,0,0,0.0,0.0,0.0,0,0,0,0,1,0,0,0,0,0.0,0.0,0.0,0,0,0,0,0,0,4,0,0,0,322,-1,0,32,0.0,0.0,0,0,0.0,0.0,0,0,Benign
17,126395,1,1,48,242,48,48,48.0,0.0,242,242,242.0,0.0,2294.39455674671,15.8234107361842,126395.0,0.0,126395,126395,0,0.0,0.0,0,0,0,0.0,0.0,0,0,0,0,0,0,20,20,7.9117055,7.9117055,48,242,112.666664,112.00595,12545.333,0,0,0,0,0,0,0,0,1,169.0,48.0,242.0,0,0,0,0,0,0,1,48,1,242,-1,-1,0,20,0.0,0.0,0,0,0.0,0.0,0,0,Benign
6,10997613,27,20,7894,3368,3072,0,292.37036,681.7872,420,0,168.4,138.09166,1024.04039858467,4.27365465578758,239078.55,1571730.6,10665725,0,10997613,422985.12,2089428.1,10665725,0,10997486,578815.06,2456603.8,10720936,3,0,0,0,0,564,424,2.4550781,1.8185765,0,3072,234.625,519.4267,269804.06,0,0,0,1,0,0,0,0,0,239.61702,292.37036,168.4,0,0,0,0,0,0,27,7894,20,3368,8192,2051,25,20,331607.0,0.0,331607,331607,10665725.0,0.0,10665725,10665725,Benign
6,372,3,0,43,0,31,6,14.333333,14.433757,0,0,0.0,0.0,115591.397849462,8064.51612903226,186.0,257.38687,368,4,372,186.0,257.38687,368,4,0,0.0,0.0,0,0,0,0,0,0,60,0,8064.516,0.0,6,31,12.25,12.5,156.25,0,0,0,0,1,0,0,0,0,16.333334,14.333333,0.0,0,0,0,0,0,0,3,43,0,0,110,-1,2,20,0.0,0.0,0,0,0.0,0.0,0,0,Benign
17,157,2,2,72,190,36,36,36.0,0.0,95,95,95.0,0.0,1668789.8089172,25477.7070063694,52.333332,85.44784,151,3,3,3.0,0.0,3,3,3,3.0,0.0,3,3,0,0,0,0,40,40,12738.854,12738.854,36,95,59.6,32.31563,1044.3,0,0,0,0,0,0,0,0,1,74.5,36.0,95.0,0,0,0,0,0,0,2,72,2,190,-1,-1,1,20,0.0,0.0,0,0,0.0,0.0,0,0,Benign
17,175176,4,2,136,100,34,34,34.0,0.0,50,50,50.0,0.0,1347.21651367767,34.25126729689,35035.2,49495.0,104826,3,70347,23449.0,40609.664,70341,3,3,3.0,0.0,3,3,0,0,0,0,80,40,22.834179,11.417089,34,50,38.57143,7.8072004,60.95238,0,0,0,0,0,0,0,0,0,45.0,34.0,50.0,0,0,0,0,0,0,4,136,2,100,-1,-1,3,20,0.0,0.0,0,0,0.0,0.0,0,0,Benign
6,84,2,1,12,6,6,6,6.0,0.0,6,6,6.0,0.0,214285.714285714,35714.2857142857,42.0,55.154327,81,3,3,3.0,0.0,3,3,0,0.0,0.0,0,0,0,0,0,0,40,20,23809.523,11904.762,6,6,6.0,0.0,0.0,0,0,0,0,1,1,0,0,0,8.0,6.0,6.0,0,0,0,0,0,0,2,12,1,6,254,32850,1,20,0.0,0.0,0,0,0.0,0.0,0,0,Benign
6,5253222,35,47,1318,86079,571,0,37.657143,131.23686,4380,2,1831.4681,1012.0285,16636.8373542942,15.6094678656261,64854.594,439010.62,3898028,3,5253222,154506.53,676373.56,3898028,33,1260499,27402.152,108132.164,718495,48,0,0,0,0,720,944,6.6625776,8.94689,0,4380,1052.976,1175.8365,1382591.5,0,0,0,1,0,0,0,0,1,1065.817,37.657143,1831.4681,0,0,0,0,0,0,35,1318,47,86079,29200,8190,34,20,0.0,0.0,0,0,0.0,0.0,0,0,Benign
17,216105,2,2,90,242,45,45,45.0,0.0,121,121,121.0,0.0,1536.29022928669,18.5095208347794,72035.0,124763.95,216100,1,1,1.0,0.0,1,1,4,4.0,0.0,4,4,0,0,0,0,64,80,9.254761,9.254761,45,121,75.4,41.626915,1732.8,0,0,0,0,0,0,0,0,1,94.25,45.0,121.0,0,0,0,0,0,0,2,90,2,242,-1,-1,1,32,0.0,0.0,0,0,0.0,0.0,0,0,Benign
6,5602896,3,1,12,0,6,0,4.0,3.4641016,0,0,0.0,0.0,2.14174955237434,0.713916517458114,1867632.0,3216077.2,5581217,4,5602896,2801448.0,3931187.0,5581217,21679,0,0.0,0.0,0,0,0,0,0,0,72,32,0.5354374,0.17847914,0,6,2.4,3.2863352,10.8,0,0,0,1,0,0,0,0,0,3.0,4.0,0.0,0,0,0,0,0,0,3,12,1,0,8192,42340,2,20,0.0,0.0,0,0,0.0,0.0,0,0,Benign
17,20377,2,2,66,500,33,33,33.0,0.0,250,250,250.0,0.0,27776.4145850714,196.299749717819,6792.3335,11758.6045,20370,3,3,3.0,0.0,3,3,4,4.0,0.0,4,4,0,0,0,0,40,40,98.14987,98.14987,33,250,119.8,118.8558,14126.7,0,0,0,0,0,0,0,0,1,149.75,33.0,250.0,0,0,0,0,0,0,2,66,2,500,-1,-1,1,20,0.0,0.0,0,0,0.0,0.0,0,0,Benign
6,32033552,2,0,74,0,37,37,37.0,0.0,0,0,0.0,0.0,2.31007788333932,0.062434537387549,32033552.0,0.0,32033552,32033552,32033552,32033552.0,0.0,32033552,32033552,0,0.0,0.0,0,0,1,0,0,0,40,0,0.06243454,0.0,37,37,37.0,0.0,0.0,0,1,0,0,1,1,0,0,0,55.5,37.0,0.0,0,0,0,0,0,0,2,74,0,0,65535,-1,1,20,0.0,0.0,0,0,0.0,0.0,0,0,Benign
17,91379,1,1,43,117,43,43,43.0,0.0,117,117,117.0,0.0,1750.94934284682,21.8868667855853,91379.0,0.0,91379,91379,0,0.0,0.0,0,0,0,0.0,0.0,0,0,0,0,0,0,32,20,10.943434,10.943434,43,117,67.666664,42.72392,1825.3334,0,0,0,0,0,0,0,0,1,101.5,43.0,117.0,0,0,0,0,0,0,1,43,1,117,-1,-1,0,32,0.0,0.0,0,0,0.0,0.0,0,0,Benign
17,237,2,2,72,328,36,36,36.0,0.0,164,164,164.0,0.0,1687763.71308017,16877.6371308017,79.0,131.63586,231,3,3,3.0,0.0,3,3,3,3.0,0.0,3,3,0,0,0,0,40,40,8438.818,8438.818,36,164,87.2,70.10849,4915.2,0,0,0,0,0,0,0,0,1,109.0,36.0,164.0,0,0,0,0,0,0,2,72,2,328,-1,-1,1,20,0.0,0.0,0,0,0.0,0.0,0,0,Benign
17,203,2,2,66,178,33,33,33.0,0.0,89,89,89.0,0.0,1201970.44334975,19704.4334975369,67.666664,77.10599,153,3,3,3.0,0.0,3,3,47,47.0,0.0,47,47,0,0,0,0,40,40,9852.217,9852.217,33,89,55.4,30.672462,940.8,0,0,0,0,0,0,0,0,1,69.25,33.0,89.0,0,0,0,0,0,0,2,66,2,178,-1,-1,1,20,0.0,0.0,0,0,0.0,0.0,0,0,Benign
17,237,2,2,70,264,35,35,35.0,0.0,132,132,132.0,0.0,1409282.70042194,16877.6371308017,79.0,135.09996,235,1,1,1.0,0.0,1,1,1,1.0,0.0,1,1,0,0,0,0,64,64,8438.818,8438.818,35,132,73.8,53.12909,2822.7,0,0,0,0,0,0,0,0,1,92.25,35.0,132.0,0,0,0,0,0,0,2,70,2,264,-1,-1,1,32,0.0,0.0,0,0,0.0,0.0,0,0,Benign
17,57583,4,2,160,162,40,40,40.0,0.0,81,81,81.0,0.0,5591.92817324558,104.197419377247,11516.6,23782.812,53969,3,53975,17991.666,31157.285,53969,3,3,3.0,0.0,3,3,0,0,0,0,104,64,69.46494,34.73247,40,81,51.714287,20.00595,400.2381,0,0,0,0,0,0,0,0,0,60.333332,40.0,81.0,0,0,0,0,0,0,4,160,2,162,-1,-1,3,20,0.0,0.0,0,0,0.0,0.0,0,0,Benign
6,30,1,1,6,6,6,6,6.0,0.0,6,6,6.0,0.0,400000.0,66666.6666666667,30.0,0.0,30,30,0,0.0,0.0,0,0,0,0.0,0.0,0,0,0,0,0,0,20,20,33333.332,33333.332,6,6,6.0,0.0,0.0,0,0,0,0,1,1,0,0,1,9.0,6.0,6.0,0,0,0,0,0,0,1,6,1,6,34884,64181,0,20,0.0,0.0,0,0,0.0,0.0,0,0,Benign
6,91,1,1,0,0,0,0,0.0,0.0,0,0,0.0,0.0,0.0,21978.021978022,91.0,0.0,91,91,0,0.0,0.0,0,0,0,0.0,0.0,0,0,0,0,0,0,32,32,10989.011,10989.011,0,0,0.0,0.0,0.0,0,0,0,0,1,0,0,0,1,0.0,0.0,0.0,0,0,0,0,0,0,1,0,1,0,4732,30016,0,32,0.0,0.0,0,0,0.0,0.0,0,0,Benign
17,157903,1,1,45,136,45,45,45.0,0.0,136,136,136.0,0.0,1146.27334502828,12.6660038124671,157903.0,0.0,157903,157903,0,0.0,0.0,0,0,0,0.0,0.0,0,0,0,0,0,0,20,20,6.333002,6.333002,45,136,75.333336,52.538876,2760.3333,0,0,0,0,0,0,0,0,1,113.0,45.0,136.0,0,0,0,0,0,0,1,45,1,136,-1,-1,0,20,0.0,0.0,0,0,0.0,0.0,0,0,Benign
6,49,2,1,37,6,37,0,18.5,26.16295,6,6,6.0,0.0,877551.020408163,61224.4897959184,24.5,24.748737,42,7,49,49.0,0.0,49,49,0,0.0,0.0,0,0,1,0,0,0,64,20,40816.33,20408.164,0,37,20.0,19.782146,391.33334,0,1,0,0,1,0,0,0,0,26.666666,18.5,6.0,0,0,0,0,0,0,2,37,1,6,1073,0,0,32,0.0,0.0,0,0,0.0,0.0,0,0,Benign
17,24226,2,2,82,832,41,41,41.0,0.0,416,416,416.0,0.0,37728.0607611657,165.111863287377,8075.3335,13980.825,24219,3,4,4.0,0.0,4,4,3,3.0,0.0,3,3,0,0,0,0,64,88,82.55593,82.55593,41,416,191.0,205.39597,42187.5,0,0,0,0,0,0,0,0,1,238.75,41.0,416.0,0,0,0,0,0,0,2,82,2,832,-1,-1,1,32,0.0,0.0,0,0,0.0,0.0,0,0,Benign
6,5283575,7,4,635,153,517,0,90.71429,190.7072,153,0,38.25,76.5,149.141443057021,2.08192369749649,528357.5,1562623.9,4971858,3,5283575,880595.8,2034348.6,5029963,3,294421,98140.336,148255.67,268758,709,0,0,0,0,232,136,1.3248606,0.75706315,0,517,65.666664,149.99475,22498.424,0,0,0,1,0,0,0,0,0,71.63636,90.71429,38.25,0,0,0,0,0,0,7,635,4,153,29200,118,3,32,0.0,0.0,0,0,0.0,0.0,0,0,Benign
17,31037,2,2,90,146,45,45,45.0,0.0,73,73,73.0,0.0,7603.82768953185,128.878435415794,10345.667,17914.023,31031,2,4,4.0,0.0,4,4,2,2.0,0.0,2,2,0,0,0,0,40,40,64.43922,64.43922,45,73,56.2,15.336231,235.2,0,0,0,0,0,0,0,0,1,70.25,45.0,73.0,0,0,0,0,0,0,2,90,2,146,-1,-1,1,20,0.0,0.0,0,0,0.0,0.0,0,0,Benign
17,91167,1,1,40,256,40,40,40.0,0.0,256,256,256.0,0.0,3246.78886000417,21.9377625675957,91167.0,0.0,91167,91167,0,0.0,0.0,0,0,0,0.0,0.0,0,0,0,0,0,0,20,32,10.968882,10.968882,40,256,112.0,124.70766,15552.0,0,0,0,0,0,0,0,0,1,168.0,40.0,256.0,0,0,0,0,0,0,1,40,1,256,-1,-1,0,20,0.0,0.0,0,0,0.0,0.0,0,0,Benign
6,166177,10,5,984,975,741,0,98.4,230.47739,837,0,195.0,363.82962,11788.6350096584,90.2651991551177,11869.786,15967.971,35016,24,166177,18464.111,23102.014,63477,49,128438,32109.5,25801.78,63461,519,0,0,0,0,332,168,60.1768,30.0884,0,837,122.4375,265.16183,70310.8,0,0,0,1,0,0,0,0,0,130.6,98.4,195.0,0,0,0,0,0,0,10,984,5,975,65535,120,5,32,0.0,0.0,0,0,0.0,0.0,0,0,Benign
6,55,1,1,0,0,0,0,0.0,0.0,0,0,0.0,0.0,0.0,36363.6363636364,55.0,0.0,55,55,0,0.0,0.0,0,0,0,0.0,0.0,0,0,0,0,0,0,32,32,18181.818,18181.818,0,0,0.0,0.0,0.0,0,0,0,0,1,1,0,0,1,0.0,0.0,0.0,0,0,0,0,0,0,1,0,1,0,122,408,0,32,0.0,0.0,0,0,0.0,0.0,0,0,Benign
6,49,2,0,0,0,0,0,0.0,0.0,0,0,0.0,0.0,0.0,40816.3265306122,49.0,0.0,49,49,49,49.0,0.0,49,49,0,0.0,0.0,0,0,0,0,0,0,64,0,40816.33,0.0,0,0,0.0,0.0,0.0,0,0,0,0,1,0,0,0,0,0.0,0.0,0.0,0,0,0,0,0,0,2,0,0,0,3221,-1,0,32,0.0,0.0,0,0,0.0,0.0,0,0,Benign
6,115505162,21,19,1009,5088,626,0,48.04762,142.60101,1418,0,267.78946,508.02106,52.7855196636147,0.346304869041264,2961670.8,4540963.5,10030781,3,115505162,5775258.0,4968073.5,10080003,3,110969148,6164952.5,5045752.0,10081058,48,0,0,0,0,680,616,0.18181005,0.16449481,0,1418,148.70732,372.71176,138914.06,0,0,0,1,0,0,0,0,0,152.425,48.04762,267.78946,0,0,0,0,0,0,21,1009,19,5088,29200,179,4,32,63075.363,45361.836,199846,49220,10024936.0,17501.182,10030781,9972290,Benign
6,111567,2,0,12,0,6,6,6.0,0.0,0,0,0.0,0.0,107.558686708435,17.9264477847392,111567.0,0.0,111567,111567,111567,111567.0,0.0,111567,111567,0,0.0,0.0,0,0,0,0,0,0,40,0,17.926447,0.0,6,6,6.0,0.0,0.0,0,0,0,0,1,0,0,0,0,9.0,6.0,0.0,0,0,0,0,0,0,2,12,0,0,256,-1,1,20,0.0,0.0,0,0,0.0,0.0,0,0,Benign
17,147,2,2,90,122,45,45,45.0,0.0,61,61,61.0,0.0,1442176.8707483,27210.8843537415,49.0,78.8099,140,3,3,3.0,0.0,3,3,4,4.0,0.0,4,4,0,0,0,0,40,40,13605.442,13605.442,45,61,51.4,8.763561,76.8,0,0,0,0,0,0,0,0,1,64.25,45.0,61.0,0,0,0,0,0,0,2,90,2,122,-1,-1,1,20,0.0,0.0,0,0,0.0,0.0,0,0,Benign
6,56265138,10,10,432,1811,432,0,43.2,136.6104,1448,0,181.1,459.52884,39.8648271332774,0.355459894188831,2961323.0,4536544.0,10028503,43,50321406,5591267.5,5273822.0,10051925,63,56241881,6249098.0,4846608.0,10051473,171,0,0,0,0,328,328,0.17772995,0.17772995,0,1448,106.809525,329.81232,108776.164,0,0,0,1,0,0,0,0,1,112.15,43.2,181.1,0,0,0,0,0,0,10,432,10,1811,29200,939,1,32,44331.8,47426.38,129170,22945,10019949.0,13162.448,10028503,9996571,Benign
6,51,1,1,0,0,0,0,0.0,0.0,0,0,0.0,0.0,0.0,39215.6862745098,51.0,0.0,51,51,0,0.0,0.0,0,0,0,0.0,0.0,0,0,0,0,0,0,32,32,19607.844,19607.844,0,0,0.0,0.0,0.0,0,0,0,0,1,1,0,0,1,0.0,0.0,0.0,0,0,0,0,0,0,1,0,1,0,2151,395,0,32,0.0,0.0,0,0,0.0,0.0,0,0,Benign
6,28,1,1,6,6,6,6,6.0,0.0,6,6,6.0,0.0,428571.428571429,71428.5714285714,28.0,0.0,28,28,0,0.0,0.0,0,0,0,0.0,0.0,0,0,0,0,0,0,20,20,35714.285,35714.285,6,6,6.0,0.0,0.0,0,0,0,0,1,1,0,0,1,9.0,6.0,6.0,0,0,0,0,0,0,1,6,1,6,343,256,0,20,0.0,0.0,0,0,0.0,0.0,0,0,Benign
6,116986103,22,25,1784,6288,748,0,81.09091,159.68031,1430,0,251.52,417.6401,68.9996486163831,0.401757121527503,2543176.2,11940671.0,58014375,1,116986103,5570767.0,17422666.0,58092410,35,116736840,4864035.0,16390253.0,58107342,1,0,0,0,0,452,512,0.18805653,0.21370059,0,1430,168.16667,329.09918,108306.266,0,0,0,1,0,0,0,0,1,171.74467,81.09091,251.52,0,0,0,0,0,0,22,1784,25,6288,8192,375,21,20,431055.5,260102.86,614976,247135,57937320.0,108973.64,58014375,57860263,Benign
6,116291662,20,15,2565,1362,823,0,128.25,299.43823,432,0,90.8,176.59445,33.7685430964087,0.30096740727637,3420343.0,4671477.5,10027848,57,116291662,6120614.0,4927599.0,10175916,83,112497774,8035555.5,4244821.5,10180183,149764,0,0,0,0,420,312,0.17198138,0.12898603,0,823,109.083336,248.68,61841.734,0,0,0,1,0,0,0,0,0,112.2,128.25,90.8,0,0,0,0,0,0,20,2565,15,1362,29200,512,19,20,207365.36,194702.44,794401,148057,10019308.0,20586.55,10027848,9959906,Benign
17,33296,4,4,152,264,38,38,38.0,0.0,66,66,66.0,0.0,12493.9932724652,240.269101393561,4756.5713,11510.702,30792,0,33117,11039.0,19078.555,33069,0,2456,818.6667,1414.5085,2452,1,0,0,0,0,80,80,120.13455,120.13455,38,66,50.444443,14.757296,217.77777,0,0,0,0,0,0,0,0,1,56.75,38.0,66.0,0,0,0,0,0,0,4,152,4,264,-1,-1,3,20,0.0,0.0,0,0,0.0,0.0,0,0,Benign
6,3831033,5,6,568,183,517,0,113.6,226.58618,152,0,30.5,60.800495,196.030678931766,2.87128824001255,383103.3,1005588.6,3235164,3,344993,86248.25,80735.29,159337,623,3680280,736056.0,1400472.1,3235164,3,0,0,0,0,168,200,1.3051311,1.5661572,0,517,62.583332,149.83473,22450.447,0,0,0,1,0,0,0,0,1,68.27273,113.6,30.5,0,0,0,0,0,0,5,568,6,183,29200,2058,2,32,0.0,0.0,0,0,0.0,0.0,0,0,Benign
6,483452,15,11,1604,7352,1349,0,106.933334,346.1807,1413,0,668.36365,714.86224,18525.1069392618,53.7798995556953,19338.08,44730.44,182293,1,483452,34532.285,74157.516,258862,1,438226,43822.6,72284.5,182293,1,0,0,0,0,492,360,31.026865,22.753035,0,1413,331.7037,585.1577,342409.53,0,0,0,1,0,0,0,0,0,344.46155,106.933334,668.36365,0,0,0,0,0,0,15,1604,11,7352,65535,362,5,32,0.0,0.0,0,0,0.0,0.0,0,0,Benign
6,42,1,1,0,0,0,0,0.0,0.0,0,0,0.0,0.0,0.0,47619.0476190476,42.0,0.0,42,42,0,0.0,0.0,0,0,0,0.0,0.0,0,0,0,0,0,0,32,32,23809.523,23809.523,0,0,0.0,0.0,0.0,0,0,0,0,1,1,0,0,1,0.0,0.0,0.0,0,0,0,0,0,0,1,0,1,0,79,292,0,32,0.0,0.0,0,0,0.0,0.0,0,0,Benign
6,64061987,2,0,74,0,37,37,37.0,0.0,0,0,0.0,0.0,1.15513120128478,0.031219762196886,64061988.0,0.0,64061987,64061987,64061987,64061988.0,0.0,64061987,64061987,0,0.0,0.0,0,0,1,0,0,0,64,0,0.031219762,0.0,37,37,37.0,0.0,0.0,0,1,0,0,1,1,0,0,0,55.5,37.0,0.0,0,0,0,0,0,0,2,74,0,0,33304,-1,1,32,0.0,0.0,0,0,0.0,0.0,0,0,Benign
6,41,1,1,6,6,6,6,6.0,0.0,6,6,6.0,0.0,292682.926829268,48780.4878048781,41.0,0.0,41,41,0,0.0,0.0,0,0,0,0.0,0.0,0,0,0,0,0,0,20,20,24390.244,24390.244,6,6,6.0,0.0,0.0,0,0,0,0,1,1,0,0,1,9.0,6.0,6.0,0,0,0,0,0,0,1,6,1,6,344,255,0,20,0.0,0.0,0,0,0.0,0.0,0,0,Benign
17,99844,1,1,48,108,48,48,48.0,0.0,108,108,108.0,0.0,1562.43740234766,20.0312487480469,99844.0,0.0,99844,99844,0,0.0,0.0,0,0,0,0.0,0.0,0,0,0,0,0,0,32,20,10.015624,10.015624,48,108,68.0,34.641018,1200.0,0,0,0,0,0,0,0,0,1,102.0,48.0,108.0,0,0,0,0,0,0,1,48,1,108,-1,-1,0,32,0.0,0.0,0,0,0.0,0.0,0,0,Benign
17,64861,4,4,188,252,47,47,47.0,0.0,63,63,63.0,0.0,6783.73753102789,123.340682382325,9265.857,24357.316,64503,3,64705,21568.334,37313.29,64654,3,64756,21585.334,37302.89,64659,48,0,0,0,0,80,80,61.67034,61.67034,47,63,54.11111,8.43274,71.111115,0,0,0,0,0,0,0,0,1,60.875,47.0,63.0,0,0,0,0,0,0,4,188,4,252,-1,-1,3,20,0.0,0.0,0,0,0.0,0.0,0,0,Benign
17,143,2,2,98,162,49,49,49.0,0.0,81,81,81.0,0.0,1818181.81818182,27972.027972028,47.666668,77.36494,137,3,3,3.0,0.0,3,3,3,3.0,0.0,3,3,0,0,0,0,40,40,13986.014,13986.014,49,81,61.8,17.527122,307.2,0,0,0,0,0,0,0,0,1,77.25,49.0,81.0,0,0,0,0,0,0,2,98,2,162,-1,-1,1,20,0.0,0.0,0,0,0.0,0.0,0,0,Benign
6,5088178,8,8,698,3724,517,0,87.25,178.6335,1460,0,465.5,640.8849,869.073369681642,3.14454407845009,339211.88,1259382.5,4890900,3,5088178,726882.56,1836579.0,4890900,3,86635,12376.429,19760.818,43848,48,0,0,0,0,172,172,1.5722721,1.5722721,0,1460,260.11765,483.65054,233917.86,0,0,0,1,0,0,0,0,1,276.375,87.25,465.5,0,0,0,0,0,0,8,698,8,3724,8192,12501,7,20,0.0,0.0,0,0,0.0,0.0,0,0,Benign
6,10580,2,0,0,0,0,0,0.0,0.0,0,0,0.0,0.0,0.0,189.035916824197,10580.0,0.0,10580,10580,10580,10580.0,0.0,10580,10580,0,0.0,0.0,0,0,0,0,0,0,64,0,189.03592,0.0,0,0,0.0,0.0,0.0,0,0,0,0,1,0,0,0,0,0.0,0.0,0.0,0,0,0,0,0,0,2,0,0,0,242,-1,0,32,0.0,0.0,0,0,0.0,0.0,0,0,Benign
6,88770977,14,11,914,3542,424,0,65.28571,151.98099,1768,0,322.0,714.92377,50.1965862108288,0.281623576137953,3698790.8,4671674.5,10000610,75,88770977,6828536.5,4653279.0,10266569,86945,81265956,8126595.5,4207738.0,10266351,716,0,0,0,0,292,316,0.1577092,0.123914376,0,1768,171.38461,483.6504,233917.69,0,0,0,1,0,0,0,0,0,178.24,65.28571,322.0,0,0,0,0,0,0,14,914,11,3542,8192,980,13,20,305145.12,118261.445,620504,265103,9558297.0,958265.6,10000610,7238279,Benign
17,46205,1,1,51,99,51,51,51.0,0.0,99,99,99.0,0.0,3246.40190455578,43.2853587274105,46205.0,0.0,46205,46205,0,0.0,0.0,0,0,0,0.0,0.0,0,0,0,0,0,0,32,20,21.64268,21.64268,51,99,67.0,27.712812,768.0,0,0,0,0,0,0,0,0,1,100.5,51.0,99.0,0,0,0,0,0,0,1,51,1,99,-1,-1,0,32,0.0,0.0,0,0,0.0,0.0,0,0,Benign
17,986,2,2,60,616,30,30,30.0,0.0,308,308,308.0,0.0,685598.377281947,4056.79513184584,328.66666,563.2054,979,3,4,4.0,0.0,4,4,3,3.0,0.0,3,3,0,0,0,0,40,40,2028.3976,2028.3976,30,308,141.2,152.26688,23185.2,0,0,0,0,0,0,0,0,1,176.5,30.0,308.0,0,0,0,0,0,0,2,60,2,616,-1,-1,1,20,0.0,0.0,0,0,0.0,0.0,0,0,Benign
6,116196759,14,14,736,596,736,0,52.57143,196.70427,596,0,42.57143,159.2877,11.4633145662867,0.240970576468488,4303583.5,4935051.5,10027336,55,116160006,8935385.0,2931515.8,10064028,90762,116159853,8935373.0,2948224.8,10064137,13898,0,0,0,0,448,448,0.12048529,0.12048529,0,736,45.931034,172.76448,29847.566,0,0,0,0,1,0,0,0,1,47.57143,52.57143,42.57143,0,0,0,0,0,0,14,736,14,596,265,384,1,32,41289.582,15580.025,90762,36686,9638711.0,1293559.5,10027336,5531140,Benign
6,2921405,3,1,31,0,31,0,10.333333,17.897858,0,0,0.0,0.0,10.611332560874,1.36920420140309,973801.7,1666739.9,2898341,3,2921405,1460702.5,2065741.0,2921402,3,0,0.0,0.0,0,0,0,0,0,0,96,32,1.0269032,0.34230104,0,31,6.2,13.863622,192.2,0,0,0,0,1,0,0,0,0,7.75,10.333333,0.0,0,0,0,0,0,0,3,31,1,0,1216,2839,1,32,0.0,0.0,0,0,0.0,0.0,0,0,Benign
6,171716,10,10,529,3898,194,0,52.9,77.61221,1448,0,389.8,588.1796,25780.940622889,116.471382981202,9037.685,14202.638,52130,1,148483,16498.111,16973.846,52148,3,148444,16493.777,26862.963,75872,1,0,0,0,0,328,328,58.23569,58.23569,0,1448,210.80952,434.85522,189099.06,0,0,0,1,0,0,0,0,1,221.35,52.9,389.8,0,0,0,0,0,0,10,529,10,3898,29200,287,4,32,0.0,0.0,0,0,0.0,0.0,0,0,Benign
17,59813,2,2,86,214,43,43,43.0,0.0,107,107,107.0,0.0,5015.63205323258,66.875094043101,19937.666,34526.99,59806,3,4,4.0,0.0,4,4,3,3.0,0.0,3,3,0,0,0,0,64,64,33.437546,33.437546,43,107,68.6,35.054245,1228.8,0,0,0,0,0,0,0,0,1,85.75,43.0,107.0,0,0,0,0,0,0,2,86,2,214,-1,-1,1,32,0.0,0.0,0,0,0.0,0.0,0,0,Benign
6,65563760,17,19,1354,6893,519,0,79.64706,169.92055,1625,0,362.78946,598.1484,125.785952483506,0.54908382313644,1873250.2,3834031.0,10026762,4,60952305,3809519.0,4999893.5,10080013,213,65510319,3639462.2,4798254.5,10080149,4,0,0,0,0,552,616,0.2592896,0.28979424,0,1625,222.89189,461.6515,213122.1,0,0,0,1,0,0,0,0,1,229.08333,79.64706,362.78946,0,0,0,0,0,0,17,1354,19,6893,29200,254,4,32,144483.83,223360.25,600416,53225,10014234.0,26770.088,10026762,9959971,Benign
6,83042,13,10,3874,1032,1536,0,298.0,554.5085,210,0,103.2,89.32189,59078.5385708437,276.968281110763,3774.6365,17305.89,81254,1,83042,6920.1665,23442.127,81355,1,1673,185.88889,233.71535,601,1,0,0,0,0,284,224,156.54729,120.42099,0,1536,204.41667,418.0518,174767.3,0,0,0,1,0,0,0,0,0,213.30435,298.0,103.2,0,0,0,0,0,0,13,3874,10,1032,8192,2051,11,20,0.0,0.0,0,0,0.0,0.0,0,0,Benign
17,67987,1,1,43,102,43,43,43.0,0.0,102,102,102.0,0.0,2132.76067483489,29.4173886184123,67987.0,0.0,67987,67987,0,0.0,0.0,0,0,0,0.0,0.0,0,0,0,0,0,0,32,20,14.708694,14.708694,43,102,62.666668,34.063667,1160.3334,0,0,0,0,0,0,0,0,1,94.0,43.0,102.0,0,0,0,0,0,0,1,43,1,102,-1,-1,0,32,0.0,0.0,0,0,0.0,0.0,0,0,Benign
17,120240,1,1,43,132,43,43,43.0,0.0,132,132,132.0,0.0,1455.42248835662,16.6333998669328,120240.0,0.0,120240,120240,0,0.0,0.0,0,0,0,0.0,0.0,0,0,0,0,0,0,20,32,8.3167,8.3167,43,132,72.666664,51.384174,2640.3333,0,0,0,0,0,0,0,0,1,109.0,43.0,132.0,0,0,0,0,0,0,1,43,1,132,-1,-1,0,20,0.0,0.0,0,0,0.0,0.0,0,0,Benign
17,23618,2,2,70,102,35,35,35.0,0.0,51,51,51.0,0.0,7282.58108222542,169.362350749428,7872.6665,13629.797,23611,3,3,3.0,0.0,3,3,4,4.0,0.0,4,4,0,0,0,0,64,64,84.681175,84.681175,35,51,41.4,8.763561,76.8,0,0,0,0,0,0,0,0,1,51.75,35.0,51.0,0,0,0,0,0,0,2,70,2,102,-1,-1,1,32,0.0,0.0,0,0,0.0,0.0,0,0,Benign
6,6043846,9,6,492,5683,218,0,54.666668,86.67324,2684,2,947.1667,1103.625,1021.70042056002,2.48186336978143,431703.28,1526511.4,5734642,8,6043846,755480.75,2012135.4,5734642,18,263411,52682.2,54612.246,117720,49,0,0,0,0,200,128,1.489118,0.99274534,0,2684,385.9375,782.15594,611767.94,0,0,0,1,0,0,0,0,0,411.66666,54.666668,947.1667,0,0,0,0,0,0,9,492,6,5683,29200,64022,8,20,309186.0,0.0,309186,309186,5734642.0,0.0,5734642,5734642,Benign
6,340832,6,8,474,644,314,0,79.0,130.30887,485,0,80.5,169.50516,3280.20843113323,41.0759553093606,26217.846,30888.885,87105,1,287891,57578.2,17908.191,87182,39648,289848,41406.855,55862.637,126833,1,0,0,0,0,204,264,17.603981,23.471975,0,485,74.53333,144.41649,20856.123,0,0,0,1,0,0,0,0,1,79.85714,79.0,80.5,0,0,0,0,0,0,6,474,8,644,65535,114,3,32,0.0,0.0,0,0,0.0,0.0,0,0,Benign
17,163,2,2,94,220,47,47,47.0,0.0,110,110,110.0,0.0,1926380.36809816,24539.8773006135,54.333332,92.376045,161,1,1,1.0,0.0,1,1,1,1.0,0.0,1,1,0,0,0,0,40,40,12269.938,12269.938,47,110,72.2,34.50652,1190.7,0,0,0,0,0,0,0,0,1,90.25,47.0,110.0,0,0,0,0,0,0,2,94,2,220,-1,-1,1,20,0.0,0.0,0,0,0.0,0.0,0,0,Benign
6,284,3,1,18,0,6,6,6.0,0.0,0,0,0.0,0.0,63380.2816901408,14084.5070422535,94.666664,133.63507,248,3,284,142.0,196.57568,281,3,0,0.0,0.0,0,0,0,0,0,0,60,32,10563.38,3521.1267,0,6,4.8,2.6832817,7.2,1,0,0,0,0,0,0,0,0,6.0,6.0,0.0,0,0,0,0,0,0,3,18,1,0,0,975,2,20,0.0,0.0,0,0,0.0,0.0,0,0,Benign
17,61246,2,2,90,212,45,45,45.0,0.0,106,106,106.0,0.0,4930.93426509486,65.3103876171505,20415.334,35355.2,61240,3,3,3.0,0.0,3,3,3,3.0,0.0,3,3,0,0,0,0,64,64,32.655193,32.655193,45,106,69.4,33.411076,1116.3,0,0,0,0,0,0,0,0,1,86.75,45.0,106.0,0,0,0,0,0,0,2,90,2,212,-1,-1,1,32,0.0,0.0,0,0,0.0,0.0,0,0,Benign
6,116843829,27,23,4988,9754,1988,0,184.74074,533.99945,2896,0,424.08694,793.9253,126.168408945243,0.427921614927563,2384568.0,4271275.5,10239274,4,116843829,4493993.5,5044635.0,10272018,4,113486796,5158490.5,5188101.0,10272240,206,0,0,0,0,872,744,0.23107767,0.19684394,0,2896,289.05884,664.49603,441554.97,0,0,0,1,0,0,0,0,0,294.84,184.74074,424.08694,0,0,0,0,0,0,27,4988,23,9754,29200,1391,6,32,122970.27,298862.3,1024074,32723,10194022.0,54989.195,10239274,10030793,Benign
6,5039949,7,4,617,164,517,0,88.14286,189.98897,152,0,41.0,74.05403,154.961885527016,2.18256176798614,503994.9,1557904.4,4937551,3,5039949,839991.5,2036428.2,4996790,3,82854,27618.0,31721.898,62435,355,0,0,0,0,160,92,1.3889029,0.79365885,0,517,65.083336,148.72333,22118.629,0,0,0,1,0,0,0,0,0,71.0,88.14286,41.0,0,0,0,0,0,0,7,617,4,164,29200,30,6,20,0.0,0.0,0,0,0.0,0.0,0,0,Benign
6,3,1,1,6,6,6,6,6.0,0.0,6,6,6.0,0.0,4000000.0,666666.666666667,3.0,0.0,3,3,0,0.0,0.0,0,0,0,0.0,0.0,0,0,0,0,0,0,20,20,333333.34,333333.34,6,6,6.0,0.0,0.0,0,0,0,0,1,0,0,0,1,9.0,6.0,6.0,0,0,0,0,0,0,1,6,1,6,256,237,0,20,0.0,0.0,0,0,0.0,0.0,0,0,Benign
17,30489,1,1,57,113,57,57,57.0,0.0,113,113,113.0,0.0,5575.78142936797,65.5974285807996,30489.0,0.0,30489,30489,0,0.0,0.0,0,0,0,0.0,0.0,0,0,0,0,0,0,20,32,32.798714,32.798714,57,113,75.666664,32.331615,1045.3334,0,0,0,0,0,0,0,0,1,113.5,57.0,113.0,0,0,0,0,0,0,1,57,1,113,-1,-1,0,20,0.0,0.0,0,0,0.0,0.0,0,0,Benign
17,209,2,2,62,94,31,31,31.0,0.0,47,47,47.0,0.0,746411.483253588,19138.7559808612,69.666664,114.60512,202,3,4,4.0,0.0,4,4,3,3.0,0.0,3,3,0,0,0,0,40,40,9569.378,9569.378,31,47,37.4,8.763561,76.8,0,0,0,0,0,0,0,0,1,46.75,31.0,47.0,0,0,0,0,0,0,2,62,2,94,-1,-1,1,20,0.0,0.0,0,0,0.0,0.0,0,0,Benign
17,277,2,2,66,234,33,33,33.0,0.0,117,117,117.0,0.0,1083032.49097473,14440.4332129964,92.333336,158.19397,275,1,1,1.0,0.0,1,1,1,1.0,0.0,1,1,0,0,0,0,64,64,7220.217,7220.217,33,117,66.6,46.008694,2116.8,0,0,0,0,0,0,0,0,1,83.25,33.0,117.0,0,0,0,0,0,0,2,66,2,234,-1,-1,1,32,0.0,0.0,0,0,0.0,0.0,0,0,Benign
17,69017786,2,2,96,96,48,48,48.0,0.0,48,48,48.0,0.0,2.78189161269242,0.057956075264425,23005928.0,39816090.0,68981587,17724,69000062,69000060.0,0.0,69000062,69000062,68999311,68999310.0,0.0,68999311,68999311,0,0,0,0,40,40,0.028978037,0.028978037,48,48,48.0,0.0,0.0,0,0,0,0,0,0,0,0,1,60.0,48.0,48.0,0,0,0,0,0,0,2,96,2,96,-1,-1,1,20,18475.0,0.0,18475,18475,68981580.0,0.0,68981587,68981587,Benign
6,2323972,11,10,851,3950,267,0,77.36364,98.15831,1448,0,395.0,587.48315,2065.85965751739,9.03625344883673,116198.6,229867.12,999036,3,2199924,219992.4,307813.62,999036,183,1222342,135815.78,153948.25,406314,3,0,0,0,0,368,328,4.7332754,4.302978,0,1448,218.22728,424.31772,180045.52,0,0,0,1,0,0,0,0,0,228.61905,77.36364,395.0,0,0,0,0,0,0,11,851,10,3950,29200,254,5,32,0.0,0.0,0,0,0.0,0.0,0,0,Benign
17,174,2,2,88,120,44,44,44.0,0.0,60,60,60.0,0.0,1195402.29885057,22988.5057471264,58.0,59.016945,121,4,49,49.0,0.0,49,49,4,4.0,0.0,4,4,0,0,0,0,64,64,11494.253,11494.253,44,60,50.4,8.763561,76.8,0,0,0,0,0,0,0,0,1,63.0,44.0,60.0,0,0,0,0,0,0,2,88,2,120,-1,-1,1,32,0.0,0.0,0,0,0.0,0.0,0,0,Benign
17,209,2,2,88,226,44,44,44.0,0.0,113,113,113.0,0.0,1502392.34449761,19138.7559808612,69.666664,31.659649,106,48,55,55.0,0.0,55,55,48,48.0,0.0,48,48,0,0,0,0,40,40,9569.378,9569.378,44,113,71.6,37.79286,1428.3,0,0,0,0,0,0,0,0,1,89.5,44.0,113.0,0,0,0,0,0,0,2,88,2,226,-1,-1,1,20,0.0,0.0,0,0,0.0,0.0,0,0,Benign
17,141,2,2,80,112,40,40,40.0,0.0,56,56,56.0,0.0,1361702.12765957,28368.7943262411,47.0,76.210236,135,3,3,3.0,0.0,3,3,3,3.0,0.0,3,3,0,0,0,0,64,64,14184.397,14184.397,40,56,46.4,8.763561,76.8,0,0,0,0,0,0,0,0,1,58.0,40.0,56.0,0,0,0,0,0,0,2,80,2,112,-1,-1,1,32,0.0,0.0,0,0,0.0,0.0,0,0,Benign
6,4,2,0,115,0,84,31,57.5,37.476658,0,0,0.0,0.0,28750000.0,500000.0,4.0,0.0,4,4,4,4.0,0.0,4,4,0,0.0,0.0,0,0,1,0,0,0,40,0,500000.0,0.0,31,84,66.333336,30.599564,936.3333,0,1,0,0,1,0,0,0,0,99.5,57.5,0.0,0,0,0,0,0,0,2,115,0,0,114,-1,1,20,0.0,0.0,0,0,0.0,0.0,0,0,Benign
17,31287,2,2,92,124,46,46,46.0,0.0,62,62,62.0,0.0,6903.82587016972,127.848627225365,10429.0,18019.404,31236,3,3,3.0,0.0,3,3,48,48.0,0.0,48,48,0,0,0,0,80,64,63.924313,63.924313,46,62,52.4,8.763561,76.8,0,0,0,0,0,0,0,0,1,65.5,46.0,62.0,0,0,0,0,0,0,2,92,2,124,-1,-1,1,40,0.0,0.0,0,0,0.0,0.0,0,0,Benign
6,100147,2,3,0,18,0,0,0.0,0.0,6,6,6.0,0.0,179.735788391065,49.926607886407,25036.75,49278.7,98950,0,100147,100147.0,0.0,100147,100147,4,2.0,2.828427,4,0,0,0,0,0,64,60,19.970644,29.955965,0,6,3.0,3.2863352,10.8,0,0,0,0,1,0,0,0,1,3.6,0.0,6.0,0,0,0,0,0,0,2,0,3,18,114,0,0,32,0.0,0.0,0,0,0.0,0.0,0,0,Benign
17,48485,1,1,58,139,58,58,58.0,0.0,139,139,139.0,0.0,4063.11230277405,41.2498710941528,48485.0,0.0,48485,48485,0,0.0,0.0,0,0,0,0.0,0.0,0,0,0,0,0,0,32,32,20.624935,20.624935,58,139,85.0,46.765373,2187.0,0,0,0,0,0,0,0,0,1,127.5,58.0,139.0,0,0,0,0,0,0,1,58,1,139,-1,-1,0,32,0.0,0.0,0,0,0.0,0.0,0,0,Benign
17,209,2,2,64,96,32,32,32.0,0.0,48,48,48.0,0.0,765550.23923445,19138.7559808612,69.666664,80.43217,159,3,47,47.0,0.0,47,47,3,3.0,0.0,3,3,0,0,0,0,64,64,9569.378,9569.378,32,48,38.4,8.763561,76.8,0,0,0,0,0,0,0,0,1,48.0,32.0,48.0,0,0,0,0,0,0,2,64,2,96,-1,-1,1,32,0.0,0.0,0,0,0.0,0.0,0,0,Benign
6,9649146,7,7,1055,374,517,0,150.71428,240.85107,206,0,53.42857,83.848785,148.096007667414,1.45090560345962,742242.0,2558676.2,9256431,4,392711,65451.832,73138.17,159495,162,9533123,1588853.9,3777883.8,9299543,4,0,0,0,0,232,232,0.7254528,0.7254528,0,517,95.26667,175.88327,30934.924,0,0,0,1,0,0,0,0,1,102.07143,150.71428,53.42857,0,0,0,0,0,0,7,1055,7,374,29200,245,3,32,392711.0,0.0,392711,392711,9256431.0,0.0,9256431,9256431,Benign
17,135,2,2,78,110,39,39,39.0,0.0,55,55,55.0,0.0,1392592.59259259,29629.6296296296,45.0,71.014084,127,4,4,4.0,0.0,4,4,4,4.0,0.0,4,4,0,0,0,0,64,64,14814.814,14814.814,39,55,45.4,8.763561,76.8,0,0,0,0,0,0,0,0,1,56.75,39.0,55.0,0,0,0,0,0,0,2,78,2,110,-1,-1,1,32,0.0,0.0,0,0,0.0,0.0,0,0,Benign
17,88911,2,2,74,170,37,37,37.0,0.0,85,85,85.0,0.0,2744.31735105892,44.9888090337529,29637.0,51329.324,88907,1,1,1.0,0.0,1,1,3,3.0,0.0,3,3,0,0,0,0,40,40,22.494404,22.494404,37,85,56.2,26.290682,691.2,0,0,0,0,0,0,0,0,1,70.25,37.0,85.0,0,0,0,0,0,0,2,74,2,170,-1,-1,1,20,0.0,0.0,0,0,0.0,0.0,0,0,Benign
17,529,1,1,53,118,53,53,53.0,0.0,118,118,118.0,0.0,323251.417769376,3780.71833648393,529.0,0.0,529,529,0,0.0,0.0,0,0,0,0.0,0.0,0,0,0,0,0,0,40,40,1890.3591,1890.3591,53,118,74.666664,37.527767,1408.3334,0,0,0,0,0,0,0,0,1,112.0,53.0,118.0,0,0,0,0,0,0,1,53,1,118,-1,-1,0,40,0.0,0.0,0,0,0.0,0.0,0,0,Benign
17,188,2,2,76,202,38,38,38.0,0.0,101,101,101.0,0.0,1478723.40425532,21276.5957446809,62.666668,103.345695,182,3,3,3.0,0.0,3,3,3,3.0,0.0,3,3,0,0,0,0,40,40,10638.298,10638.298,38,101,63.2,34.50652,1190.7,0,0,0,0,0,0,0,0,1,79.0,38.0,101.0,0,0,0,0,0,0,2,76,2,202,-1,-1,1,20,0.0,0.0,0,0,0.0,0.0,0,0,Benign
17,31150,1,1,56,109,56,56,56.0,0.0,109,109,109.0,0.0,5296.95024077047,64.2054574638844,31150.0,0.0,31150,31150,0,0.0,0.0,0,0,0,0.0,0.0,0,0,0,0,0,0,32,32,32.10273,32.10273,56,109,73.666664,30.599564,936.3333,0,0,0,0,0,0,0,0,1,110.5,56.0,109.0,0,0,0,0,0,0,1,56,1,109,-1,-1,0,32,0.0,0.0,0,0,0.0,0.0,0,0,Benign
6,121569,1,1,0,0,0,0,0.0,0.0,0,0,0.0,0.0,0.0,16.4515624871472,121569.0,0.0,121569,121569,0,0.0,0.0,0,0,0,0.0,0.0,0,0,0,0,0,0,32,32,8.225781,8.225781,0,0,0.0,0.0,0.0,0,0,0,0,1,1,0,0,1,0.0,0.0,0.0,0,0,0,0,0,0,1,0,1,0,1269,235,0,32,0.0,0.0,0,0,0.0,0.0,0,0,Benign
17,48077,1,1,51,111,51,51,51.0,0.0,111,111,111.0,0.0,3369.59460864863,41.5999334401065,48077.0,0.0,48077,48077,0,0.0,0.0,0,0,0,0.0,0.0,0,0,0,0,0,0,32,32,20.799967,20.799967,51,111,71.0,34.641018,1200.0,0,0,0,0,0,0,0,0,1,106.5,51.0,111.0,0,0,0,0,0,0,1,51,1,111,-1,-1,0,32,0.0,0.0,0,0,0.0,0.0,0,0,Benign
6,3,2,0,12,0,6,6,6.0,0.0,0,0,0.0,0.0,4000000.0,666666.666666667,3.0,0.0,3,3,3,3.0,0.0,3,3,0,0.0,0.0,0,0,0,0,0,0,40,0,666666.7,0.0,6,6,6.0,0.0,0.0,0,0,0,0,1,0,0,0,0,9.0,6.0,0.0,0,0,0,0,0,0,2,12,0,0,1071,-1,1,20,0.0,0.0,0,0,0.0,0.0,0,0,Benign
6,174710,3,2,18,0,6,6,6.0,0.0,0,0,0.0,0.0,103.027874763894,28.6188541010818,43677.5,87221.02,174509,3,201,100.5,137.88582,198,3,174545,174545.0,0.0,174545,174545,0,0,0,0,60,64,17.171312,11.447541,0,6,4.0,3.0983868,9.6,1,0,0,0,0,0,0,0,0,4.8,6.0,0.0,0,0,0,0,0,0,3,18,2,0,0,114,2,20,0.0,0.0,0,0,0.0,0.0,0,0,Benign
17,62161,1,1,51,109,51,51,51.0,0.0,109,109,109.0,0.0,2573.96116536092,32.1745145670115,62161.0,0.0,62161,62161,0,0.0,0.0,0,0,0,0.0,0.0,0,0,0,0,0,0,32,20,16.087257,16.087257,51,109,70.333336,33.486317,1121.3334,0,0,0,0,0,0,0,0,1,105.5,51.0,109.0,0,0,0,0,0,0,1,51,1,109,-1,-1,0,32,0.0,0.0,0,0,0.0,0.0,0,0,Benign
6,714744,10,5,810,399,565,0,81.0,176.39287,261,0,79.8,117.606125,1691.51472415298,20.9865350391189,51053.145,108847.1,400441,3,714744,79416.0,129447.9,400441,3,614496,153624.0,199685.7,423814,321,0,0,0,0,332,168,13.991023,6.9955115,0,565,75.5625,150.87521,22763.33,0,0,0,1,0,0,0,0,0,80.6,81.0,79.8,0,0,0,0,0,0,10,810,5,399,65535,974,5,32,0.0,0.0,0,0,0.0,0.0,0,0,Benign
6,19607100,17,19,867,18642,342,0,51.0,118.02648,1509,0,981.1579,678.3946,994.996710375323,1.83606958703735,560202.9,2269814.5,9998953,10,10301488,643843.0,2494860.2,9998953,131,19583927,1087996.0,3118499.0,10022568,49,0,0,0,0,552,604,0.8670329,0.9690367,0,1509,527.27026,678.1363,459868.8,0,0,0,1,0,0,0,0,1,541.9167,51.0,981.1579,0,0,0,0,0,0,17,867,19,18642,29200,5247,3,32,163055.5,197253.8,302535,23576,9640494.0,506936.88,9998953,9282036,Benign
6,53,1,1,0,0,0,0,0.0,0.0,0,0,0.0,0.0,0.0,37735.8490566038,53.0,0.0,53,53,0,0.0,0.0,0,0,0,0.0,0.0,0,0,0,0,0,0,32,32,18867.924,18867.924,0,0,0.0,0.0,0.0,0,0,0,0,1,1,0,0,1,0.0,0.0,0.0,0,0,0,0,0,0,1,0,1,0,126,329,0,32,0.0,0.0,0,0,0.0,0.0,0,0,Benign
17,170,2,2,88,202,44,44,44.0,0.0,101,101,101.0,0.0,1705882.35294118,23529.4117647059,56.666668,92.08872,163,3,3,3.0,0.0,3,3,4,4.0,0.0,4,4,0,0,0,0,64,64,11764.706,11764.706,44,101,66.8,31.220186,974.7,0,0,0,0,0,0,0,0,1,83.5,44.0,101.0,0,0,0,0,0,0,2,88,2,202,-1,-1,1,32,0.0,0.0,0,0,0.0,0.0,0,0,Benign
6,1163210,2,0,12,0,6,6,6.0,0.0,0,0,0.0,0.0,10.3162799494502,1.71937999157504,1163210.0,0.0,1163210,1163210,1163210,1163210.0,0.0,1163210,1163210,0,0.0,0.0,0,0,0,0,0,0,40,0,1.71938,0.0,6,6,6.0,0.0,0.0,0,0,0,0,1,0,0,0,0,9.0,6.0,0.0,0,0,0,0,0,0,2,12,0,0,254,-1,1,20,0.0,0.0,0,0,0.0,0.0,0,0,Benign
6,3,2,0,12,0,6,6,6.0,0.0,0,0,0.0,0.0,4000000.0,666666.666666667,3.0,0.0,3,3,3,3.0,0.0,3,3,0,0.0,0.0,0,0,0,0,0,0,40,0,666666.7,0.0,6,6,6.0,0.0,0.0,0,0,0,0,1,0,0,0,0,9.0,6.0,0.0,0,0,0,0,0,0,2,12,0,0,338,-1,1,20,0.0,0.0,0,0,0.0,0.0,0,0,Benign
6,132,1,1,0,0,0,0,0.0,0.0,0,0,0.0,0.0,0.0,15151.5151515152,132.0,0.0,132,132,0,0.0,0.0,0,0,0,0.0,0.0,0,0,0,0,0,0,32,32,7575.758,7575.758,0,0,0.0,0.0,0.0,0,0,0,0,1,1,0,0,1,0.0,0.0,0.0,0,0,0,0,0,0,1,0,1,0,362,32832,0,32,0.0,0.0,0,0,0.0,0.0,0,0,Benign
6,99576773,4,4,239,313,227,0,59.75,111.535866,301,0,78.25,148.52693,5.54346142548725,0.080340020659236,14225253.0,37615104.0,99528283,3,48490,16163.333,13930.928,24461,80,99552880,33184294.0,57455584.0,99528286,785,0,0,0,0,92,92,0.04017001,0.04017001,0,301,61.333332,116.41413,13552.25,0,0,0,1,0,0,0,0,1,69.0,59.75,78.25,0,0,0,0,0,0,4,239,4,313,65535,946,3,20,0.0,0.0,0,0,0.0,0.0,0,0,Benign
17,388805,4,2,112,230,28,28,28.0,0.0,115,115,115.0,0.0,879.618317665668,15.431900309924,77761.0,157213.77,357979,3,30822,10274.0,17789.027,30815,3,4,4.0,0.0,4,4,0,0,0,0,80,64,10.287933,5.1439667,28,115,52.857143,42.451653,1802.1428,0,0,0,0,0,0,0,0,0,61.666668,28.0,115.0,0,0,0,0,0,0,4,112,2,230,-1,-1,3,20,0.0,0.0,0,0,0.0,0.0,0,0,Benign
17,90970,2,2,62,274,31,31,31.0,0.0,137,137,137.0,0.0,3693.52533802352,43.9705397383753,30323.334,52477.39,90919,3,3,3.0,0.0,3,3,48,48.0,0.0,48,48,0,0,0,0,64,64,21.98527,21.98527,31,137,73.4,58.05859,3370.8,0,0,0,0,0,0,0,0,1,91.75,31.0,137.0,0,0,0,0,0,0,2,62,2,274,-1,-1,1,32,0.0,0.0,0,0,0.0,0.0,0,0,Benign
17,55191,1,1,42,200,42,42,42.0,0.0,200,200,200.0,0.0,4384.77287963617,36.2377923936874,55191.0,0.0,55191,55191,0,0.0,0.0,0,0,0,0.0,0.0,0,0,0,0,0,0,20,20,18.118896,18.118896,42,200,94.666664,91.221344,8321.333,0,0,0,0,0,0,0,0,1,142.0,42.0,200.0,0,0,0,0,0,0,1,42,1,200,-1,-1,0,20,0.0,0.0,0,0,0.0,0.0,0,0,Benign
6,733957,7,4,352,2453,202,0,50.285713,80.75005,2189,0,613.25,1057.3582,3821.74977553181,14.9872540216934,73395.7,128186.664,420679,113,733957,122326.164,155259.6,420679,161,184533,61511.0,47553.348,90545,6632,0,0,0,0,152,92,9.537343,5.4499106,0,2189,233.75,622.2742,387225.12,0,0,0,1,0,0,0,0,0,255.0,50.285713,613.25,0,0,0,0,0,0,7,352,4,2453,8192,237,6,20,0.0,0.0,0,0,0.0,0.0,0,0,Benign
6,77428,10,4,720,975,469,0,72.0,147.70842,837,0,243.75,400.81448,21891.3054708891,180.813142532417,5956.0,9952.108,23478,4,77428,8603.111,12361.537,27922,4,52643,17547.666,10863.082,23952,5005,0,0,0,0,332,136,129.15225,51.660896,0,837,113.0,235.4749,55448.43,0,0,0,1,0,0,0,0,0,121.07143,72.0,243.75,0,0,0,0,0,0,10,720,4,975,65535,61,5,32,0.0,0.0,0,0,0.0,0.0,0,0,Benign
17,119784071,2,2,98,250,49,49,49.0,0.0,145,105,125.0,28.284271,2.90522769091727,0.033393421734681,39928024.0,69050024.0,119660126,61420,119721546,119721544.0,0.0,119721546,119721546,119722651,119722650.0,0.0,119722651,119722651,0,0,0,0,40,52,0.01669671,0.01669671,49,145,79.4,43.963623,1932.8,0,0,0,0,0,0,0,0,1,99.25,49.0,125.0,0,0,0,0,0,0,2,98,2,250,-1,-1,1,20,61420.0,0.0,61420,61420,119660130.0,0.0,119660126,119660126,Benign
6,5391452,5,1,123,46,46,0,24.6,23.276598,46,46,46.0,0.0,31.3459157199211,1.11287274745282,1078290.4,2378327.2,5332681,3,5391452,1347863.0,2656587.8,5332681,3,0,0.0,0.0,0,0,1,0,0,0,160,32,0.927394,0.18547879,0,46,30.714285,21.684975,470.2381,0,1,0,0,1,0,0,0,0,35.833332,24.6,46.0,0,0,0,0,0,0,5,123,1,46,623,454,2,32,36508.0,0.0,36508,36508,5332681.0,0.0,5332681,5332681,Benign
17,194,2,2,46,46,23,23,23.0,0.0,23,23,23.0,0.0,474226.804123711,20618.5567010309,64.666664,29.737743,99,47,48,48.0,0.0,48,48,47,47.0,0.0,47,47,0,0,0,0,64,64,10309.278,10309.278,23,23,23.0,0.0,0.0,0,0,0,0,0,0,0,0,1,28.75,23.0,23.0,0,0,0,0,0,0,2,46,2,46,-1,-1,1,32,0.0,0.0,0,0,0.0,0.0,0,0,Benign
17,188,2,2,66,386,33,33,33.0,0.0,193,193,193.0,0.0,2404255.31914894,21276.5957446809,62.666668,102.480896,181,3,3,3.0,0.0,3,3,4,4.0,0.0,4,4,0,0,0,0,64,64,10638.298,10638.298,33,193,97.0,87.63561,7680.0,0,0,0,0,0,0,0,0,1,121.25,33.0,193.0,0,0,0,0,0,0,2,66,2,386,-1,-1,1,32,0.0,0.0,0,0,0.0,0.0,0,0,Benign
6,62831008,7,2,187,92,46,6,26.714285,20.089087,46,46,46.0,0.0,4.44048263558019,0.143241375341296,7853876.0,20276390.0,57889442,1,62831008,10471835.0,23295760.0,57889442,1,58107421,58107420.0,0.0,58107421,58107421,1,0,0,0,140,40,0.11140996,0.031831417,6,46,32.5,18.863544,355.83334,0,1,0,0,1,0,0,0,0,36.11111,26.714285,46.0,0,0,0,0,0,0,7,187,2,92,16503,360,6,20,218112.0,0.0,218112,218112,57889440.0,0.0,57889442,57889442,Benign
17,31111,2,2,88,344,44,44,44.0,0.0,172,172,172.0,0.0,13885.7638777281,128.571887756742,10370.333,17957.613,31106,1,4,4.0,0.0,4,4,1,1.0,0.0,1,1,0,0,0,0,64,80,64.28594,64.28594,44,172,95.2,70.10849,4915.2,0,0,0,0,0,0,0,0,1,119.0,44.0,172.0,0,0,0,0,0,0,2,88,2,344,-1,-1,1,32,0.0,0.0,0,0,0.0,0.0,0,0,Benign
17,60274,1,1,46,62,46,46,46.0,0.0,62,62,62.0,0.0,1791.81736735574,33.1818030991804,60274.0,0.0,60274,60274,0,0.0,0.0,0,0,0,0.0,0.0,0,0,0,0,0,0,44,20,16.590902,16.590902,46,62,51.333332,9.237604,85.333336,0,0,0,0,0,0,0,0,1,77.0,46.0,62.0,0,0,0,0,0,0,1,46,1,62,-1,-1,0,44,0.0,0.0,0,0,0.0,0.0,0,0,Benign
17,23863,2,2,84,162,42,42,42.0,0.0,81,81,81.0,0.0,10308.8463311403,167.623517579516,7954.3335,13776.443,23862,0,0,0.0,0.0,0,0,1,1.0,0.0,1,1,0,0,0,0,40,40,83.81176,83.81176,42,81,57.6,21.36118,456.3,0,0,0,0,0,0,0,0,1,72.0,42.0,81.0,0,0,0,0,0,0,2,84,2,162,-1,-1,1,20,0.0,0.0,0,0,0.0,0.0,0,0,Benign
17,47132,2,2,60,616,30,30,30.0,0.0,308,308,308.0,0.0,14342.6971060002,84.8680302130188,15710.667,27166.648,47080,4,48,48.0,0.0,48,48,4,4.0,0.0,4,4,0,0,0,0,40,64,42.434013,42.434013,30,308,141.2,152.26688,23185.2,0,0,0,0,0,0,0,0,1,176.5,30.0,308.0,0,0,0,0,0,0,2,60,2,616,-1,-1,1,20,0.0,0.0,0,0,0.0,0.0,0,0,Benign
17,218,2,2,102,224,51,51,51.0,0.0,112,112,112.0,0.0,1495412.8440367,18348.623853211,72.666664,85.00784,167,2,2,2.0,0.0,2,2,49,49.0,0.0,49,49,0,0,0,0,40,40,9174.312,9174.312,51,112,75.4,33.411076,1116.3,0,0,0,0,0,0,0,0,1,94.25,51.0,112.0,0,0,0,0,0,0,2,102,2,224,-1,-1,1,20,0.0,0.0,0,0,0.0,0.0,0,0,Benign
17,241,2,2,104,352,52,52,52.0,0.0,176,176,176.0,0.0,1892116.18257261,16597.510373444,80.333336,137.40936,239,1,1,1.0,0.0,1,1,1,1.0,0.0,1,1,0,0,0,0,80,64,8298.755,8298.755,52,176,101.6,67.917595,4612.8,0,0,0,0,0,0,0,0,1,127.0,52.0,176.0,0,0,0,0,0,0,2,104,2,352,-1,-1,1,40,0.0,0.0,0,0,0.0,0.0,0,0,Benign
17,30547,1,1,49,77,49,49,49.0,0.0,77,77,77.0,0.0,4124.79130520182,65.4728778603463,30547.0,0.0,30547,30547,0,0.0,0.0,0,0,0,0.0,0.0,0,0,0,0,0,0,32,20,32.73644,32.73644,49,77,58.333332,16.165808,261.33334,0,0,0,0,0,0,0,0,1,87.5,49.0,77.0,0,0,0,0,0,0,1,49,1,77,-1,-1,0,32,0.0,0.0,0,0,0.0,0.0,0,0,Benign
6,163300,10,6,929,943,677,0,92.9,210.96996,805,0,157.16667,322.13687,11463.5639926516,97.9791794243723,10886.667,16586.42,40960,31,163300,18144.445,27460.668,78851,31,118147,23629.4,20036.889,40960,480,0,0,0,0,332,200,61.236988,36.74219,0,805,110.117645,243.38855,59237.984,0,0,0,1,0,0,0,0,0,117.0,92.9,157.16667,0,0,0,0,0,0,10,929,6,943,65535,351,5,32,0.0,0.0,0,0,0.0,0.0,0,0,Benign
17,258,2,2,72,328,36,36,36.0,0.0,164,164,164.0,0.0,1550387.59689923,15503.8759689923,86.0,142.89507,251,3,3,3.0,0.0,3,3,4,4.0,0.0,4,4,0,0,0,0,64,64,7751.938,7751.938,36,164,87.2,70.10849,4915.2,0,0,0,0,0,0,0,0,1,109.0,36.0,164.0,0,0,0,0,0,0,2,72,2,328,-1,-1,1,32,0.0,0.0,0,0,0.0,0.0,0,0,Benign
17,159,2,2,68,182,34,34,34.0,0.0,91,91,91.0,0.0,1572327.04402516,25157.2327044025,53.0,86.60254,153,3,3,3.0,0.0,3,3,3,3.0,0.0,3,3,0,0,0,0,40,40,12578.616,12578.616,34,91,56.8,31.220186,974.7,0,0,0,0,0,0,0,0,1,71.0,34.0,91.0,0,0,0,0,0,0,2,68,2,182,-1,-1,1,20,0.0,0.0,0,0,0.0,0.0,0,0,Benign
6,4242730,5,1,129,41,45,6,25.8,18.78031,41,41,41.0,0.0,40.0685407744542,1.41418379203956,848546.0,1888457.9,4226701,48,4242730,1060682.5,2110691.5,4226701,48,0,0.0,0.0,0,0,1,0,0,0,100,20,1.1784865,0.2356973,6,45,30.142857,17.03358,290.14285,0,1,0,0,1,0,0,0,0,35.166668,25.8,41.0,0,0,0,0,0,0,5,129,1,41,1094,41,4,20,0.0,0.0,0,0,0.0,0.0,0,0,Benign
6,6835166,33,42,851,56674,368,0,25.787878,71.56455,2864,0,1349.381,869.9333,8416.03554324796,10.9726669403494,92367.11,703480.7,6047256,0,6835166,213598.94,1067086.8,6047290,1,6784131,165466.61,944775.25,6047443,1,0,0,0,0,680,852,4.8279734,6.1446934,0,2864,756.9079,924.8255,855302.2,0,0,0,1,0,0,0,0,1,767.0,25.787878,1349.381,0,0,0,0,0,0,33,851,42,56674,29200,66,32,20,787635.0,0.0,787635,787635,6047256.0,0.0,6047256,6047256,Benign
6,4003199,2,0,0,0,0,0,0.0,0.0,0,0,0.0,0.0,0.0,0.499600444544476,4003199.0,0.0,4003199,4003199,4003199,4003199.0,0.0,4003199,4003199,0,0.0,0.0,0,0,0,0,0,0,64,0,0.49960044,0.0,0,0,0.0,0.0,0.0,0,0,0,0,1,1,0,0,0,0.0,0.0,0.0,0,0,0,0,0,0,2,0,0,0,33304,-1,0,32,0.0,0.0,0,0,0.0,0.0,0,0,Benign
17,30635,1,1,52,137,52,52,52.0,0.0,137,137,137.0,0.0,6169.41406887547,65.2848049616452,30635.0,0.0,30635,30635,0,0.0,0.0,0,0,0,0.0,0.0,0,0,0,0,0,0,32,32,32.642403,32.642403,52,137,80.333336,49.07477,2408.3333,0,0,0,0,0,0,0,0,1,120.5,52.0,137.0,0,0,0,0,0,0,1,52,1,137,-1,-1,0,32,0.0,0.0,0,0,0.0,0.0,0,0,Benign
6,51128080,2,4,12,29,6,6,6.0,0.0,23,0,7.25,10.874282,0.80190767969382,0.117352343369827,10225616.0,19615774.0,44999311,4,45022752,45022750.0,0.0,45022752,45022752,51104639,17034880.0,24428084.0,45022579,4,0,0,0,0,40,104,0.039117448,0.078234896,0,23,6.714286,7.718253,59.57143,0,0,0,0,1,0,0,0,2,7.8333335,6.0,7.25,0,0,0,0,0,0,2,12,4,29,256,980,1,20,23354.5,122.329475,23441,23268,25540684.0,27518654.0,44999311,6082056,Benign
6,174317,2,3,0,18,0,0,0.0,0.0,6,6,6.0,0.0,103.260152480825,28.6833756891181,43579.25,87101.84,174232,1,174317,174317.0,0.0,174317,174317,4,2.0,1.4142135,3,1,0,0,0,0,64,60,11.473351,17.210026,0,6,3.0,3.2863352,10.8,0,0,0,0,1,0,0,0,1,3.6,0.0,6.0,0,0,0,0,0,0,2,0,3,18,115,0,0,32,0.0,0.0,0,0,0.0,0.0,0,0,Benign
17,157,2,2,64,192,32,32,32.0,0.0,96,96,96.0,0.0,1630573.24840764,25477.7070063694,52.333332,85.44784,151,3,3,3.0,0.0,3,3,3,3.0,0.0,3,3,0,0,0,0,64,64,12738.854,12738.854,32,96,57.6,35.054245,1228.8,0,0,0,0,0,0,0,0,1,72.0,32.0,96.0,0,0,0,0,0,0,2,64,2,192,-1,-1,1,32,0.0,0.0,0,0,0.0,0.0,0,0,Benign
17,297,2,2,86,162,43,43,43.0,0.0,81,81,81.0,0.0,835016.835016835,13468.0134680135,99.0,165.4116,290,3,3,3.0,0.0,3,3,4,4.0,0.0,4,4,0,0,0,0,64,64,6734.007,6734.007,43,81,58.2,20.813457,433.2,0,0,0,0,0,0,0,0,1,72.75,43.0,81.0,0,0,0,0,0,0,2,86,2,162,-1,-1,1,32,0.0,0.0,0,0,0.0,0.0,0,0,Benign
17,182,2,2,96,96,48,48,48.0,0.0,48,48,48.0,0.0,1054945.05494506,21978.021978022,60.666668,98.14954,174,4,4,4.0,0.0,4,4,4,4.0,0.0,4,4,0,0,0,0,64,64,10989.011,10989.011,48,48,48.0,0.0,0.0,0,0,0,0,0,0,0,0,1,60.0,48.0,48.0,0,0,0,0,0,0,2,96,2,96,-1,-1,1,32,0.0,0.0,0,0,0.0,0.0,0,0,Benign
6,115590271,16,14,506,2496,422,0,31.625,104.110756,2490,0,178.28572,665.3591,25.9710438779056,0.259537413836498,3985871.5,4882588.0,10008279,62,115590271,7706018.0,4161623.5,10032472,5036,110328734,8486826.0,3760024.0,10031670,1096,0,0,0,0,332,424,0.13841996,0.12111746,0,2490,96.83871,450.48175,202933.81,0,0,0,1,0,0,0,0,0,100.066666,31.625,178.28572,0,0,0,0,0,0,16,506,14,2496,8192,946,15,20,26277.363,8883.272,52930,23199,10003603.0,4847.482,10008279,9993097,Benign
17,170,2,2,56,88,28,28,28.0,0.0,44,44,44.0,0.0,847058.823529412,23529.4117647059,56.666668,58.483616,119,3,48,48.0,0.0,48,48,3,3.0,0.0,3,3,0,0,0,0,40,40,11764.706,11764.706,28,44,34.4,8.763561,76.8,0,0,0,0,0,0,0,0,1,43.0,28.0,44.0,0,0,0,0,0,0,2,56,2,88,-1,-1,1,20,0.0,0.0,0,0,0.0,0.0,0,0,Benign
6,68961,5,3,436,1178,436,0,87.2,194.98512,1178,0,392.66666,680.1186,23404.5329969113,116.007598497702,9851.571,15255.101,32271,48,68961,17240.25,19281.783,35757,311,36071,18035.5,20643.982,32633,3438,0,0,0,0,172,104,72.504745,43.50285,0,1178,179.33333,401.30038,161042.0,0,0,0,1,0,0,0,0,0,201.75,87.2,392.66666,0,0,0,0,0,0,5,436,3,1178,65535,54,1,32,0.0,0.0,0,0,0.0,0.0,0,0,Benign
6,10405206,6,3,559,293,535,0,93.166664,216.46655,287,0,97.666664,163.99492,81.8820886390909,0.864951640553777,1300650.8,3492746.0,9944021,161,10405206,2081041.2,4396145.0,9944021,161,10212238,5106119.0,7067755.5,10103777,108461,0,0,0,0,132,72,0.5766344,0.2883172,0,535,85.2,181.40918,32909.29,0,0,0,1,0,0,0,0,0,94.666664,93.166664,97.666664,0,0,0,0,0,0,6,559,3,293,8192,1026,5,20,268500.0,0.0,268500,268500,9944021.0,0.0,9944021,9944021,Benign
6,241,1,1,6,6,6,6,6.0,0.0,6,6,6.0,0.0,49792.531120332,8298.75518672199,241.0,0.0,241,241,0,0.0,0.0,0,0,0,0.0,0.0,0,0,0,0,0,0,20,20,4149.3774,4149.3774,6,6,6.0,0.0,0.0,0,0,0,0,1,1,0,0,1,9.0,6.0,6.0,0,0,0,0,0,0,1,6,1,6,32,32850,0,20,0.0,0.0,0,0,0.0,0.0,0,0,Benign
6,5514536,9,6,367,3710,210,0,40.77778,75.805305,1448,0,618.3333,674.5504,739.318774961302,2.72008379308794,393895.44,1429649.0,5360777,3,5514536,689317.0,1887721.2,5360777,3,81294,16258.8,20774.422,45001,49,0,0,0,0,296,200,1.6320503,1.0880336,0,1448,254.8125,489.2971,239411.62,0,0,0,1,0,0,0,0,0,271.8,40.77778,618.3333,0,0,0,0,0,0,9,367,6,3710,29200,118,3,32,153756.0,0.0,153756,153756,5360777.0,0.0,5360777,5360777,Benign
17,31503,2,2,68,250,34,34,34.0,0.0,125,125,125.0,0.0,10094.276735549,126.972034409421,10501.0,18144.111,31452,3,3,3.0,0.0,3,3,48,48.0,0.0,48,48,0,0,0,0,64,64,63.486015,63.486015,34,125,70.4,49.842754,2484.3,0,0,0,0,0,0,0,0,1,88.0,34.0,125.0,0,0,0,0,0,0,2,68,2,250,-1,-1,1,32,0.0,0.0,0,0,0.0,0.0,0,0,Benign
17,138,2,2,78,110,39,39,39.0,0.0,55,55,55.0,0.0,1362318.84057971,28985.5072463768,46.0,73.61386,131,3,3,3.0,0.0,3,3,4,4.0,0.0,4,4,0,0,0,0,40,40,14492.754,14492.754,39,55,45.4,8.763561,76.8,0,0,0,0,0,0,0,0,1,56.75,39.0,55.0,0,0,0,0,0,0,2,78,2,110,-1,-1,1,20,0.0,0.0,0,0,0.0,0.0,0,0,Benign
17,30775,2,2,82,212,41,41,41.0,0.0,106,106,106.0,0.0,9553.208773355,129.975629569456,10258.333,17762.758,30769,3,3,3.0,0.0,3,3,3,3.0,0.0,3,3,0,0,0,0,40,64,64.987816,64.987816,41,106,67.0,35.601967,1267.5,0,0,0,0,0,0,0,0,1,83.75,41.0,106.0,0,0,0,0,0,0,2,82,2,212,-1,-1,1,20,0.0,0.0,0,0,0.0,0.0,0,0,Benign
6,81593,10,5,713,479,469,0,71.3,147.28735,341,0,95.8,149.52992,14609.096368561,183.839299939946,5828.0713,9564.264,23524,3,81593,9065.889,11426.167,24223,3,50195,12548.75,13221.815,24072,354,0,0,0,0,332,168,122.55953,61.279766,0,469,74.5,139.66628,19506.666,0,0,0,1,0,0,0,0,0,79.46667,71.3,95.8,0,0,0,0,0,0,10,713,5,479,65535,972,5,32,0.0,0.0,0,0,0.0,0.0,0,0,Benign
17,69285,1,1,49,120,49,49,49.0,0.0,120,120,120.0,0.0,2439.20040412788,28.8662769719275,69285.0,0.0,69285,69285,0,0.0,0.0,0,0,0,0.0,0.0,0,0,0,0,0,0,32,32,14.433139,14.433139,49,120,72.666664,40.99187,1680.3334,0,0,0,0,0,0,0,0,1,109.0,49.0,120.0,0,0,0,0,0,0,1,49,1,120,-1,-1,0,32,0.0,0.0,0,0,0.0,0.0,0,0,Benign
6,198632,2,0,12,0,6,6,6.0,0.0,0,0,0.0,0.0,60.4132264690483,10.0688710781747,198632.0,0.0,198632,198632,198632,198632.0,0.0,198632,198632,0,0.0,0.0,0,0,0,0,0,0,40,0,10.0688715,0.0,6,6,6.0,0.0,0.0,0,0,0,0,1,0,0,0,0,9.0,6.0,0.0,0,0,0,0,0,0,2,12,0,0,64240,-1,1,20,0.0,0.0,0,0,0.0,0.0,0,0,Benign
17,31158,2,2,70,134,35,35,35.0,0.0,67,67,67.0,0.0,6547.2751781244,128.377944669106,10386.0,17980.42,31148,1,1,1.0,0.0,1,1,9,9.0,0.0,9,9,0,0,0,0,64,64,64.18897,64.18897,35,67,47.8,17.527122,307.2,0,0,0,0,0,0,0,0,1,59.75,35.0,67.0,0,0,0,0,0,0,2,70,2,134,-1,-1,1,32,0.0,0.0,0,0,0.0,0.0,0,0,Benign
17,215,2,2,70,174,35,35,35.0,0.0,87,87,87.0,0.0,1134883.72093023,18604.6511627907,71.666664,81.40229,162,4,49,49.0,0.0,49,49,4,4.0,0.0,4,4,0,0,0,0,64,64,9302.325,9302.325,35,87,55.8,28.481573,811.2,0,0,0,0,0,0,0,0,1,69.75,35.0,87.0,0,0,0,0,0,0,2,70,2,174,-1,-1,1,32,0.0,0.0,0,0,0.0,0.0,0,0,Benign
6,94949302,15,14,920,3936,424,0,61.333332,147.25035,1962,0,281.14285,712.11395,51.1430826526771,0.305426152579826,3391046.5,4702156.0,10073987,44,94477729,6748409.0,4682657.5,10073987,328,94926157,7302012.0,4381248.5,10097583,739,0,0,0,0,312,400,0.15797904,0.14744711,0,1962,161.86667,500.7897,250790.33,0,0,0,1,0,0,0,0,0,167.44827,61.333332,281.14285,0,0,0,0,0,0,15,920,14,3936,8192,980,14,20,488008.34,1391365.9,4198315,23079,10009517.0,24298.398,10073987,9999391,Benign
6,28034,3,1,18,0,6,6,6.0,0.0,0,0,0.0,0.0,642.077477348933,142.683883855319,9344.667,16153.401,27997,4,28034,14017.0,19817.375,28030,4,0,0.0,0.0,0,0,0,0,0,0,60,44,107.01292,35.67097,0,6,4.8,2.6832817,7.2,1,0,0,0,0,0,0,0,0,6.0,6.0,0.0,0,0,0,0,0,0,3,18,1,0,0,65,2,20,0.0,0.0,0,0,0.0,0.0,0,0,Benign
17,62387,2,2,98,222,49,49,49.0,0.0,111,111,111.0,0.0,5129.27372689823,64.1159215862279,20795.666,36015.688,62383,1,1,1.0,0.0,1,1,3,3.0,0.0,3,3,0,0,0,0,80,64,32.05796,32.05796,49,111,73.8,33.958797,1153.2,0,0,0,0,0,0,0,0,1,92.25,49.0,111.0,0,0,0,0,0,0,2,98,2,222,-1,-1,1,40,0.0,0.0,0,0,0.0,0.0,0,0,Benign
17,96491440,2,2,98,142,51,47,49.0,2.828427,75,67,71.0,5.656854,2.48726726432935,0.041454454405489,32163814.0,55655736.0,96429521,30690,96460750,96460750.0,0.0,96460750,96460750,96460211,96460210.0,0.0,96460211,96460211,0,0,0,0,52,52,0.020727227,0.020727227,47,75,57.4,12.837445,164.8,0,0,0,0,0,0,0,0,1,71.75,49.0,71.0,0,0,0,0,0,0,2,98,2,142,-1,-1,1,20,31229.0,0.0,31229,31229,96429520.0,0.0,96429521,96429521,Benign
6,28,1,1,0,0,0,0,0.0,0.0,0,0,0.0,0.0,0.0,71428.5714285714,28.0,0.0,28,28,0,0.0,0.0,0,0,0,0.0,0.0,0,0,0,0,0,0,32,32,35714.285,35714.285,0,0,0.0,0.0,0.0,0,0,0,0,1,1,0,0,1,0.0,0.0,0.0,0,0,0,0,0,0,1,0,1,0,26064,341,0,32,0.0,0.0,0,0,0.0,0.0,0,0,Benign
6,126609,7,10,963,625,682,0,137.57143,254.3435,439,0,62.5,136.9284,12542.5522672164,134.271655253576,7913.0625,16435.908,41271,1,83579,13929.833,21261.348,41456,138,85338,9482.0,18011.98,41344,1,0,0,0,0,232,328,55.28833,78.98333,0,682,88.22222,186.03212,34607.95,0,0,0,1,0,0,0,0,1,93.411766,137.57143,62.5,0,0,0,0,0,0,7,963,10,625,29200,5043,3,32,0.0,0.0,0,0,0.0,0.0,0,0,Benign
17,77292,1,1,56,125,56,56,56.0,0.0,125,125,125.0,0.0,2341.76887646846,25.8758991874968,77292.0,0.0,77292,77292,0,0.0,0.0,0,0,0,0.0,0.0,0,0,0,0,0,0,20,32,12.937949,12.937949,56,125,79.0,39.83717,1587.0,0,0,0,0,0,0,0,0,1,118.5,56.0,125.0,0,0,0,0,0,0,1,56,1,125,-1,-1,0,20,0.0,0.0,0,0,0.0,0.0,0,0,Benign
6,604,1,3,0,18,0,0,0.0,0.0,6,6,6.0,0.0,29801.3245033113,6622.51655629139,201.33333,345.2569,600,1,0,0.0,0.0,0,0,4,2.0,1.4142135,3,1,0,0,0,0,32,60,1655.6292,4966.887,0,6,3.6,3.2863352,10.8,0,0,0,0,1,0,0,0,3,4.5,0.0,6.0,0,0,0,0,0,0,1,0,3,18,972,0,0,32,0.0,0.0,0,0,0.0,0.0,0,0,Benign
6,464956,38,51,1423,67727,1173,0,37.44737,191.05478,2836,0,1327.9803,434.61917,148723.75020432,191.415961940485,5283.591,28602.918,261201,1,464956,12566.378,43515.473,261201,1,424378,8487.56,42331.258,297570,1,0,0,0,0,1228,1640,81.728165,109.6878,0,2836,768.3333,731.77045,535487.94,0,0,0,1,0,0,0,0,1,776.9663,37.44737,1327.9803,0,0,0,0,0,0,38,1423,51,67727,65535,362,5,32,0.0,0.0,0,0,0.0,0.0,0,0,Benign
6,2001633,2,0,74,0,37,37,37.0,0.0,0,0,0.0,0.0,36.9698141467492,0.999184166128356,2001633.0,0.0,2001633,2001633,2001633,2001633.0,0.0,2001633,2001633,0,0.0,0.0,0,0,1,0,0,0,64,0,0.9991842,0.0,37,37,37.0,0.0,0.0,0,1,0,0,1,1,0,0,0,55.5,37.0,0.0,0,0,0,0,0,0,2,74,0,0,33304,-1,1,32,0.0,0.0,0,0,0.0,0.0,0,0,Benign
6,74,1,1,0,0,0,0,0.0,0.0,0,0,0.0,0.0,0.0,27027.027027027,74.0,0.0,74,74,0,0.0,0.0,0,0,0,0.0,0.0,0,0,0,0,0,0,32,32,13513.514,13513.514,0,0,0.0,0.0,0.0,0,0,0,0,1,0,0,0,1,0.0,0.0,0.0,0,0,0,0,0,0,1,0,1,0,357,1324,0,32,0.0,0.0,0,0,0.0,0.0,0,0,Benign
6,328916,3,0,29,0,29,0,9.666667,16.743158,0,0,0.0,0.0,88.168407739362,9.1208697661409,164458.0,232331.25,328741,175,328916,164458.0,232331.25,328741,175,0,0.0,0.0,0,0,0,0,0,0,96,0,9.12087,0.0,0,29,7.25,14.5,210.25,0,0,0,0,1,0,0,0,0,9.666667,9.666667,0.0,0,0,0,0,0,0,3,29,0,0,65535,-1,1,32,0.0,0.0,0,0,0.0,0.0,0,0,Benign
6,22800,2,1,12,6,6,6,6.0,0.0,6,6,6.0,0.0,789.473684210526,131.578947368421,11400.0,16109.307,22791,9,22800,22800.0,0.0,22800,22800,0,0.0,0.0,0,0,0,0,0,0,40,20,87.7193,43.85965,6,6,6.0,0.0,0.0,0,0,0,0,1,1,0,0,0,8.0,6.0,6.0,0,0,0,0,0,0,2,12,1,6,330,253,1,20,0.0,0.0,0,0,0.0,0.0,0,0,Benign
6,91307,5,3,876,373,876,0,175.2,391.75912,373,0,124.333336,215.35165,13679.1264634694,87.6165025682587,13043.857,17085.469,36958,94,91307,22826.75,25446.533,51462,466,53778,26889.0,17591.402,39328,14450,0,0,0,0,172,104,54.760315,32.85619,0,876,138.77777,302.73163,91646.445,0,0,0,1,0,0,0,0,0,156.125,175.2,124.333336,0,0,0,0,0,0,5,876,3,373,65535,353,1,32,0.0,0.0,0,0,0.0,0.0,0,0,Benign
17,41576,2,2,84,228,42,42,42.0,0.0,114,114,114.0,0.0,7504.3294208197,96.2093515489706,13858.667,24000.451,41572,1,1,1.0,0.0,1,1,3,3.0,0.0,3,3,0,0,0,0,40,80,48.104675,48.104675,42,114,70.8,39.436024,1555.2,0,0,0,0,0,0,0,0,1,88.5,42.0,114.0,0,0,0,0,0,0,2,84,2,228,-1,-1,1,20,0.0,0.0,0,0,0.0,0.0,0,0,Benign
17,861,2,2,64,532,32,32,32.0,0.0,266,266,266.0,0.0,692218.350754936,4645.76074332172,287.0,492.7687,856,2,3,3.0,0.0,3,3,2,2.0,0.0,2,2,0,0,0,0,40,40,2322.8804,2322.8804,32,266,125.6,128.16708,16426.8,0,0,0,0,0,0,0,0,1,157.0,32.0,266.0,0,0,0,0,0,0,2,64,2,532,-1,-1,1,20,0.0,0.0,0,0,0.0,0.0,0,0,Benign
6,648,1,1,6,6,6,6,6.0,0.0,6,6,6.0,0.0,18518.5185185185,3086.41975308642,648.0,0.0,648,648,0,0.0,0.0,0,0,0,0.0,0.0,0,0,0,0,0,0,20,20,1543.2098,1543.2098,6,6,6.0,0.0,0.0,0,0,0,0,1,0,0,0,1,9.0,6.0,6.0,0,0,0,0,0,0,1,6,1,6,32,32850,0,20,0.0,0.0,0,0,0.0,0.0,0,0,Benign
17,102921,2,2,109,189,56,53,54.5,2.1213202,117,72,94.5,31.819805,2895.42464608778,38.8647603501715,34307.0,6560.636,41882,30439,72482,72482.0,0.0,72482,72482,72321,72321.0,0.0,72321,72321,0,0,0,0,40,40,19.43238,19.43238,53,117,70.2,27.325811,746.7,0,0,0,0,0,0,0,0,1,87.75,54.5,94.5,0,0,0,0,0,0,2,109,2,189,-1,-1,1,20,0.0,0.0,0,0,0.0,0.0,0,0,Benign
6,127739,6,6,352,3782,208,0,58.666668,87.8605,1460,0,630.3333,677.21716,32362.8649042188,93.9415526972968,11612.637,18559.9,41002,49,127739,25547.8,22457.031,43926,110,86983,17396.6,22127.164,42967,49,0,0,0,0,132,132,46.970776,46.970776,0,1460,318.0,533.9844,285139.34,0,0,0,1,0,0,0,0,1,344.5,58.666668,630.3333,0,0,0,0,0,0,6,352,6,3782,8192,60,5,20,0.0,0.0,0,0,0.0,0.0,0,0,Benign
6,57,1,4,0,24,0,0,0.0,0.0,6,6,6.0,0.0,421052.631578947,87719.298245614,14.25,23.286263,49,1,0,0.0,0.0,0,0,51,17.0,27.712812,49,1,0,0,0,0,32,80,17543.86,70175.44,0,6,4.0,3.0983868,9.6,0,0,0,0,1,1,0,0,4,4.8,0.0,6.0,0,0,0,0,0,0,1,0,4,24,237,0,0,32,0.0,0.0,0,0,0.0,0.0,0,0,Benign
17,32861,4,2,156,198,39,39,39.0,0.0,99,99,99.0,0.0,10772.648428228,182.58726149539,6572.2,11915.978,27478,1,27482,9160.667,15863.276,27478,1,4,4.0,0.0,4,4,0,0,0,0,80,40,121.72484,60.86242,39,99,56.142857,29.277002,857.1429,0,0,0,0,0,0,0,0,0,65.5,39.0,99.0,0,0,0,0,0,0,4,156,2,198,-1,-1,3,20,0.0,0.0,0,0,0.0,0.0,0,0,Benign
6,37496,4,0,49,0,31,6,12.25,12.5,0,0,0.0,0.0,1306.80605931299,106.678045658204,12498.667,21433.047,37247,0,37496,12498.667,21433.047,37247,0,0,0.0,0.0,0,0,0,0,0,0,80,0,106.67805,0.0,6,31,11.0,11.18034,125.0,0,0,0,0,1,0,0,0,0,13.75,12.25,0.0,0,0,0,0,0,0,4,49,0,0,127,-1,3,20,0.0,0.0,0,0,0.0,0.0,0,0,Benign
6,21010,2,1,0,0,0,0,0.0,0.0,0,0,0.0,0.0,0.0,142.78914802475,10505.0,14850.656,21006,4,4,4.0,0.0,4,4,0,0.0,0.0,0,0,0,0,0,0,64,32,95.192764,47.596382,0,0,0.0,0.0,0.0,0,0,0,0,1,0,0,0,0,0.0,0.0,0.0,0,0,0,0,0,0,2,0,1,0,33304,548,0,32,0.0,0.0,0,0,0.0,0.0,0,0,Benign
17,62861,2,2,72,218,36,36,36.0,0.0,109,109,109.0,0.0,4613.35327150379,63.6324589172937,20953.666,36286.754,62854,3,3,3.0,0.0,3,3,4,4.0,0.0,4,4,0,0,0,0,80,64,31.816229,31.816229,36,109,65.2,39.983746,1598.7,0,0,0,0,0,0,0,0,1,81.5,36.0,109.0,0,0,0,0,0,0,2,72,2,218,-1,-1,1,40,0.0,0.0,0,0,0.0,0.0,0,0,Benign
6,111082219,12,12,72,72,6,6,6.0,0.0,6,6,6.0,0.0,1.29633708523594,0.216056180872656,4829661.5,5062103.0,10005935,89449,110992493,10090227.0,4194.674,10095562,10082439,110992757,10090251.0,4143.1426,10095536,10082573,0,0,0,0,240,240,0.10802809,0.10802809,6,6,6.0,0.0,0.0,0,0,0,0,1,0,0,0,1,6.25,6.0,6.0,0,0,0,0,0,0,12,72,12,72,64620,40958,11,20,89587.63,76.1108,89686,89449,10000639.0,4179.4204,10005935,9992887,Benign
17,292,2,2,64,96,32,32,32.0,0.0,48,48,48.0,0.0,547945.205479452,13698.6301369863,97.333336,127.56306,242,1,49,49.0,0.0,49,49,1,1.0,0.0,1,1,0,0,0,0,40,40,6849.315,6849.315,32,48,38.4,8.763561,76.8,0,0,0,0,0,0,0,0,1,48.0,32.0,48.0,0,0,0,0,0,0,2,64,2,96,-1,-1,1,20,0.0,0.0,0,0,0.0,0.0,0,0,Benign
17,30876,2,2,90,210,45,45,45.0,0.0,105,105,105.0,0.0,9716.28449280995,129.550459904133,10292.0,17821.07,30870,3,3,3.0,0.0,3,3,3,3.0,0.0,3,3,0,0,0,0,40,40,64.77523,64.77523,45,105,69.0,32.863354,1080.0,0,0,0,0,0,0,0,0,1,86.25,45.0,105.0,0,0,0,0,0,0,2,90,2,210,-1,-1,1,20,0.0,0.0,0,0,0.0,0.0,0,0,Benign
17,23520,2,2,76,238,38,38,38.0,0.0,119,119,119.0,0.0,13350.3401360544,170.068027210884,7840.0,13533.397,23467,4,49,49.0,0.0,49,49,4,4.0,0.0,4,4,0,0,0,0,64,40,85.03401,85.03401,38,119,70.4,44.36553,1968.3,0,0,0,0,0,0,0,0,1,88.0,38.0,119.0,0,0,0,0,0,0,2,76,2,238,-1,-1,1,32,0.0,0.0,0,0,0.0,0.0,0,0,Benign
6,4247,2,0,12,0,6,6,6.0,0.0,0,0,0.0,0.0,2825.52389922298,470.920649870497,4247.0,0.0,4247,4247,4247,4247.0,0.0,4247,4247,0,0.0,0.0,0,0,0,0,0,0,40,0,470.92065,0.0,6,6,6.0,0.0,0.0,0,0,0,0,1,0,0,0,0,9.0,6.0,0.0,0,0,0,0,0,0,2,12,0,0,30,-1,1,20,0.0,0.0,0,0,0.0,0.0,0,0,Benign
17,25212,2,2,62,228,31,31,31.0,0.0,114,114,114.0,0.0,11502.4591464382,158.654608916389,8404.0,14510.273,25159,4,49,49.0,0.0,49,49,4,4.0,0.0,4,4,0,0,0,0,40,64,79.3273,79.3273,31,114,64.2,45.46097,2066.7,0,0,0,0,0,0,0,0,1,80.25,31.0,114.0,0,0,0,0,0,0,2,62,2,228,-1,-1,1,20,0.0,0.0,0,0,0.0,0.0,0,0,Benign
17,144,2,2,68,100,34,34,34.0,0.0,50,50,50.0,0.0,1166666.66666667,27777.7777777778,48.0,77.07788,137,3,3,3.0,0.0,3,3,4,4.0,0.0,4,4,0,0,0,0,64,64,13888.889,13888.889,34,50,40.4,8.763561,76.8,0,0,0,0,0,0,0,0,1,50.5,34.0,50.0,0,0,0,0,0,0,2,68,2,100,-1,-1,1,32,0.0,0.0,0,0,0.0,0.0,0,0,Benign
6,54,1,1,0,0,0,0,0.0,0.0,0,0,0.0,0.0,0.0,37037.037037037,54.0,0.0,54,54,0,0.0,0.0,0,0,0,0.0,0.0,0,0,0,0,0,0,32,32,18518.518,18518.518,0,0,0.0,0.0,0.0,0,0,0,0,1,1,0,0,1,0.0,0.0,0.0,0,0,0,0,0,0,1,0,1,0,122,1187,0,32,0.0,0.0,0,0,0.0,0.0,0,0,Benign
17,60090,1,1,48,80,48,48,48.0,0.0,80,80,80.0,0.0,2130.13812614412,33.2834082210018,60090.0,0.0,60090,60090,0,0.0,0.0,0,0,0,0.0,0.0,0,0,0,0,0,0,32,32,16.641705,16.641705,48,80,58.666668,18.475208,341.33334,0,0,0,0,0,0,0,0,1,88.0,48.0,80.0,0,0,0,0,0,0,1,48,1,80,-1,-1,0,32,0.0,0.0,0,0,0.0,0.0,0,0,Benign
17,3077743,6,6,300,300,50,50,50.0,0.0,50,50,50.0,0.0,194.948051218052,3.89896102436103,279794.8,622393.44,1546085,3,3077625,615525.0,842834.44,1546308,3,3077520,615504.0,842826.0,1546219,3,0,0,0,0,224,224,1.9494805,1.9494805,50,50,50.0,0.0,0.0,0,0,0,0,0,0,0,0,1,54.166668,50.0,50.0,0,0,0,0,0,0,6,300,6,300,-1,-1,5,32,0.0,0.0,0,0,0.0,0.0,0,0,Benign
6,11383215,6,3,502,581,478,0,83.666664,193.198,575,0,193.66667,330.25797,95.1400812512107,0.790637794331391,1422901.9,3389884.8,9797539,162,11383215,2276643.0,4209885.0,9797539,108507,10684203,5342101.5,6736603.0,10105599,578604,0,0,0,0,132,72,0.52709186,0.26354593,0,575,108.3,221.61029,49111.12,0,0,0,1,0,0,0,0,0,120.333336,83.666664,193.66667,0,0,0,0,0,0,6,502,3,581,8192,1026,5,20,886512.0,0.0,886512,886512,9797539.0,0.0,9797539,9797539,Benign
17,114424,1,1,49,104,49,49,49.0,0.0,104,104,104.0,0.0,1337.13207019506,17.4788505907852,114424.0,0.0,114424,114424,0,0.0,0.0,0,0,0,0.0,0.0,0,0,0,0,0,0,32,32,8.739426,8.739426,49,104,67.333336,31.754265,1008.3333,0,0,0,0,0,0,0,0,1,101.0,49.0,104.0,0,0,0,0,0,0,1,49,1,104,-1,-1,0,32,0.0,0.0,0,0,0.0,0.0,0,0,Benign
6,1000473,2,0,12,0,6,6,6.0,0.0,0,0,0.0,0.0,11.9943266834787,1.99905444724645,1000473.0,0.0,1000473,1000473,1000473,1000473.0,0.0,1000473,1000473,0,0.0,0.0,0,0,0,0,0,0,40,0,1.9990544,0.0,6,6,6.0,0.0,0.0,0,0,0,0,1,0,0,0,0,9.0,6.0,0.0,0,0,0,0,0,0,2,12,0,0,4723,-1,1,20,0.0,0.0,0,0,0.0,0.0,0,0,Benign
17,2047134,2,2,93,345,51,42,46.5,6.363961,234,111,172.5,86.97414,213.957659830768,1.95395123133122,682378.0,1134942.2,1992891,23853,2023281,2023281.0,0.0,2023281,2023281,2016744,2016744.0,0.0,2016744,2016744,0,0,0,0,52,40,0.9769756,0.9769756,42,234,97.8,80.961105,6554.7,0,0,0,0,0,0,0,0,1,122.25,46.5,172.5,0,0,0,0,0,0,2,93,2,345,-1,-1,1,20,0.0,0.0,0,0,0.0,0.0,0,0,Benign
6,146322,11,6,1174,2528,901,0,106.72727,266.9281,1397,0,421.33334,611.22095,25300.3649485382,116.182118888479,9145.125,21562.594,86999,40,146322,14632.2,26878.375,86999,49,44078,8815.6,7863.4883,16467,208,0,0,0,0,244,132,75.17667,41.005455,0,1397,205.66667,420.74948,177030.12,0,0,0,1,0,0,0,0,0,217.76471,106.72727,421.33334,0,0,0,0,0,0,11,1174,6,2528,65535,32,10,20,0.0,0.0,0,0,0.0,0.0,0,0,Benign
6,116203768,19,9,3338,582,403,0,175.6842,199.90778,72,6,64.666664,22.0,33.7338458766673,0.240956041976195,4303843.5,16710072.0,80679013,3,116203768,6455765.0,20306226.0,80679013,3,116203450,14525431.0,29475770.0,80720806,3,1,0,0,0,608,276,0.16350588,0.077450156,0,403,149.06897,175.79024,30902.209,0,1,0,0,1,0,0,0,0,154.39285,175.6842,64.666664,0,0,0,0,0,0,19,3338,9,582,299,0,9,32,78264.0,1831.4066,79559,76969,58023560.0,32039648.0,80679013,35368107,Benign
17,144267,1,1,53,223,53,53,53.0,0.0,223,223,223.0,0.0,1913.11942440059,13.8631842347869,144267.0,0.0,144267,144267,0,0.0,0.0,0,0,0,0.0,0.0,0,0,0,0,0,0,20,32,6.931592,6.931592,53,223,109.666664,98.14954,9633.333,0,0,0,0,0,0,0,0,1,164.5,53.0,223.0,0,0,0,0,0,0,1,53,1,223,-1,-1,0,20,0.0,0.0,0,0,0.0,0.0,0,0,Benign
17,61718,2,2,94,542,47,47,47.0,0.0,271,271,271.0,0.0,10304.9353511131,64.8109141579442,20572.666,35625.977,61710,4,4,4.0,0.0,4,4,4,4.0,0.0,4,4,0,0,0,0,40,40,32.405457,32.405457,47,271,136.6,122.68985,15052.8,0,0,0,0,0,0,0,0,1,170.75,47.0,271.0,0,0,0,0,0,0,2,94,2,542,-1,-1,1,20,0.0,0.0,0,0,0.0,0.0,0,0,Benign
6,60661676,17,13,1565,4980,616,0,92.05882,204.68344,2896,0,383.07693,826.2738,107.893491106312,0.494546177721829,2091781.9,4098484.5,10232247,42,60661676,3791354.8,5004129.5,10316032,151,60577238,5048103.0,5230684.0,10316226,163,0,0,0,0,552,424,0.28024283,0.21430334,0,2896,211.12903,563.7086,317767.38,0,0,0,1,0,0,0,0,0,218.16667,92.05882,383.07693,0,0,0,0,0,0,17,1565,13,4980,29200,128,4,32,140783.17,139200.05,424924,83785,9969428.0,405473.5,10232247,9164299,Benign
6,4,2,0,12,0,6,6,6.0,0.0,0,0,0.0,0.0,3000000.0,500000.0,4.0,0.0,4,4,4,4.0,0.0,4,4,0,0.0,0.0,0,0,0,0,0,0,40,0,500000.0,0.0,6,6,6.0,0.0,0.0,0,0,0,0,1,0,0,0,0,9.0,6.0,0.0,0,0,0,0,0,0,2,12,0,0,5199,-1,1,20,0.0,0.0,0,0,0.0,0.0,0,0,Benign
6,95,1,4,0,12,0,0,0.0,0.0,6,0,3.0,3.4641016,126315.789473684,52631.5789473684,23.75,33.519894,72,1,0,0.0,0.0,0,0,74,24.666666,40.99187,72,1,0,0,0,0,32,104,10526.315,42105.26,0,6,2.0,3.0983868,9.6,0,0,0,0,1,1,0,0,4,2.4,0.0,3.0,0,0,0,0,0,0,1,0,4,12,253,0,0,32,0.0,0.0,0,0,0.0,0.0,0,0,Benign
17,269,2,2,84,162,42,42,42.0,0.0,81,81,81.0,0.0,914498.141263941,14869.8884758364,89.666664,114.1461,219,3,47,47.0,0.0,47,47,3,3.0,0.0,3,3,0,0,0,0,40,40,7434.9443,7434.9443,42,81,57.6,21.36118,456.3,0,0,0,0,0,0,0,0,1,72.0,42.0,81.0,0,0,0,0,0,0,2,84,2,162,-1,-1,1,20,0.0,0.0,0,0,0.0,0.0,0,0,Benign
6,35260942,8,6,471,802,435,0,58.875,151.99196,796,0,133.66667,324.48462,36.1022686234531,0.397039874884795,2712380.2,4371754.0,10002598,123,35260942,5037277.5,4975811.0,10026087,23816,30143031,6028606.0,5471027.5,10026307,1047,0,0,0,0,172,168,0.22687992,0.17015995,0,796,84.86667,225.99901,51075.55,0,0,0,1,0,0,0,0,0,90.92857,58.875,133.66667,0,0,0,0,0,0,8,471,6,802,8192,288,7,20,63889.668,69989.87,144707,23473,9983782.0,29284.426,10002598,9950042,Benign
6,74190867,28,36,1581,22212,517,0,56.464287,115.15641,1418,0,617.0,640.6088,320.699851101619,0.862639871832203,1177632.8,7588964.5,58584717,1,74129118,2745523.0,11541956.0,58661991,1,74154113,2118689.0,10157372.0,58621655,1,0,0,0,0,904,1160,0.37740496,0.48523492,0,1418,366.04614,556.3002,309469.88,0,0,0,1,0,0,0,0,1,371.76562,56.464287,617.0,0,0,0,0,0,0,28,1581,36,22212,29200,365,11,32,136396.0,74536.125,189101,83691,36807332.0,30797874.0,58584717,15029947,Benign
17,30849,2,2,70,102,35,35,35.0,0.0,51,51,51.0,0.0,5575.54539855425,129.663846478006,10283.0,17804.617,30842,3,3,3.0,0.0,3,3,4,4.0,0.0,4,4,0,0,0,0,40,40,64.831924,64.831924,35,51,41.4,8.763561,76.8,0,0,0,0,0,0,0,0,1,51.75,35.0,51.0,0,0,0,0,0,0,2,70,2,102,-1,-1,1,20,0.0,0.0,0,0,0.0,0.0,0,0,Benign
17,30566,1,1,55,125,55,55,55.0,0.0,125,125,125.0,0.0,5888.89615913106,65.4321795459007,30566.0,0.0,30566,30566,0,0.0,0.0,0,0,0,0.0,0.0,0,0,0,0,0,0,32,32,32.71609,32.71609,55,125,78.333336,40.41452,1633.3334,0,0,0,0,0,0,0,0,1,117.5,55.0,125.0,0,0,0,0,0,0,1,55,1,125,-1,-1,0,32,0.0,0.0,0,0,0.0,0.0,0,0,Benign
6,131483,11,7,1030,4511,789,0,93.63636,234.80089,1477,0,644.4286,762.3389,42142.3301871725,136.899827354107,7734.294,13419.83,32438,45,131483,13148.3,21061.514,59773,48,93971,15661.833,17113.78,33126,49,0,0,0,0,364,232,83.661,53.238823,0,1477,291.6316,549.02997,301433.9,0,0,0,1,0,0,0,0,0,307.83334,93.63636,644.4286,0,0,0,0,0,0,11,1030,7,4511,65535,58,5,32,0.0,0.0,0,0,0.0,0.0,0,0,Benign
17,60810,1,1,48,110,48,48,48.0,0.0,110,110,110.0,0.0,2598.2568656471,32.8893274132544,60810.0,0.0,60810,60810,0,0.0,0.0,0,0,0,0.0,0.0,0,0,0,0,0,0,20,20,16.444664,16.444664,48,110,68.666664,35.795715,1281.3334,0,0,0,0,0,0,0,0,1,103.0,48.0,110.0,0,0,0,0,0,0,1,48,1,110,-1,-1,0,20,0.0,0.0,0,0,0.0,0.0,0,0,Benign
6,445,2,0,12,0,6,6,6.0,0.0,0,0,0.0,0.0,26966.2921348315,4494.38202247191,445.0,0.0,445,445,445,445.0,0.0,445,445,0,0.0,0.0,0,0,0,0,0,0,40,0,4494.382,0.0,6,6,6.0,0.0,0.0,0,0,0,0,1,0,0,0,0,9.0,6.0,0.0,0,0,0,0,0,0,2,12,0,0,913,-1,1,20,0.0,0.0,0,0,0.0,0.0,0,0,Benign
6,36005,3,1,43,6,31,6,14.333333,14.433757,6,6,6.0,0.0,1360.92209415359,111.095681155395,12001.667,20599.607,35788,69,36005,18002.5,25152.496,35788,217,0,0.0,0.0,0,0,0,0,0,0,60,20,83.32176,27.77392,6,31,11.0,11.18034,125.0,0,0,0,0,1,0,0,0,0,13.75,14.333333,6.0,0,0,0,0,0,0,3,43,1,6,136,0,2,20,0.0,0.0,0,0,0.0,0.0,0,0,Benign
17,30780,2,2,76,108,38,38,38.0,0.0,54,54,54.0,0.0,5977.9077322937,129.954515919428,10260.0,17763.912,30772,4,4,4.0,0.0,4,4,4,4.0,0.0,4,4,0,0,0,0,40,40,64.97726,64.97726,38,54,44.4,8.763561,76.8,0,0,0,0,0,0,0,0,1,55.5,38.0,54.0,0,0,0,0,0,0,2,76,2,108,-1,-1,1,20,0.0,0.0,0,0,0.0,0.0,0,0,Benign
17,23719,1,1,60,76,60,60,60.0,0.0,76,76,76.0,0.0,5733.79990724735,84.3205868712846,23719.0,0.0,23719,23719,0,0.0,0.0,0,0,0,0.0,0.0,0,0,0,0,0,0,32,32,42.160294,42.160294,60,76,65.333336,9.237604,85.333336,0,0,0,0,0,0,0,0,1,98.0,60.0,76.0,0,0,0,0,0,0,1,60,1,76,-1,-1,0,32,0.0,0.0,0,0,0.0,0.0,0,0,Benign
17,60127,1,1,58,124,58,58,58.0,0.0,124,124,124.0,0.0,3026.92633924859,33.2629268049296,60127.0,0.0,60127,60127,0,0.0,0.0,0,0,0,0.0,0.0,0,0,0,0,0,0,20,32,16.631464,16.631464,58,124,80.0,38.105118,1452.0,0,0,0,0,0,0,0,0,1,120.0,58.0,124.0,0,0,0,0,0,0,1,58,1,124,-1,-1,0,20,0.0,0.0,0,0,0.0,0.0,0,0,Benign
6,88,1,3,0,18,0,0,0.0,0.0,6,6,6.0,0.0,204545.454545455,45454.5454545455,29.333334,47.38495,84,0,0,0.0,0.0,0,0,4,2.0,2.828427,4,0,0,0,0,0,32,60,11363.637,34090.91,0,6,3.6,3.2863352,10.8,0,0,0,0,1,0,0,0,3,4.5,0.0,6.0,0,0,0,0,0,0,1,0,3,18,1120,0,0,32,0.0,0.0,0,0,0.0,0.0,0,0,Benign
6,101755,1,1,6,6,6,6,6.0,0.0,6,6,6.0,0.0,117.930322834259,19.6550538057098,101755.0,0.0,101755,101755,0,0.0,0.0,0,0,0,0.0,0.0,0,0,0,0,0,0,20,20,9.827527,9.827527,6,6,6.0,0.0,0.0,0,0,0,0,1,1,0,0,1,9.0,6.0,6.0,0,0,0,0,0,0,1,6,1,6,256,245,0,20,0.0,0.0,0,0,0.0,0.0,0,0,Benign
6,141692,10,5,1291,687,1045,0,129.1,325.24707,549,0,137.4,237.72421,13959.8565903509,105.863422070406,10120.857,15338.726,36406,3,141692,15743.556,22277.166,58779,3,97744,24436.0,17199.8,36870,352,0,0,0,0,332,168,70.575615,35.287807,0,1045,123.625,282.21194,79643.586,0,0,0,1,0,0,0,0,0,131.86667,129.1,137.4,0,0,0,0,0,0,10,1291,5,687,65535,362,5,32,0.0,0.0,0,0,0.0,0.0,0,0,Benign
6,13523867,46,67,3251,89482,617,0,70.67391,154.48424,4096,0,1335.5522,1010.1312,6856.98846343283,8.35559829152416,120748.81,788341.8,6992086,1,6531781,145150.69,687315.6,4625121,48,13335665,202055.53,1035014.56,6992122,1,0,0,0,0,944,1364,3.401394,4.954204,0,4096,813.4474,998.7703,997542.2,0,0,0,1,0,0,0,0,1,820.646,70.67391,1335.5522,0,0,0,0,0,0,46,3251,67,89482,8192,672,44,20,0.0,0.0,0,0,0.0,0.0,0,0,Benign
17,62830,2,2,78,162,39,39,39.0,0.0,81,81,81.0,0.0,3819.83129078466,63.663854846411,20943.334,36271.453,62826,1,1,1.0,0.0,1,1,3,3.0,0.0,3,3,0,0,0,0,64,64,31.831928,31.831928,39,81,55.8,23.004347,529.2,0,0,0,0,0,0,0,0,1,69.75,39.0,81.0,0,0,0,0,0,0,2,78,2,162,-1,-1,1,32,0.0,0.0,0,0,0.0,0.0,0,0,Benign
6,17924953,73,117,4846,204067,3350,0,66.38356,398.6704,4380,0,1744.1624,926.54706,11654.8701689762,10.599748852898,94841.02,812322.0,9999814,1,12924399,179505.55,1180797.4,9999814,49,17882655,154160.81,1038003.2,10042321,1,0,0,0,0,1472,2364,4.072535,6.5272136,0,4380,1093.7854,1121.0193,1256684.4,0,0,0,1,0,0,0,0,1,1099.5421,66.38356,1744.1624,0,0,0,0,0,0,73,4846,117,204067,8192,50,72,20,2924585.0,0.0,2924585,2924585,9999814.0,0.0,9999814,9999814,Benign
6,1258,1,1,0,0,0,0,0.0,0.0,0,0,0.0,0.0,0.0,1589.82511923688,1258.0,0.0,1258,1258,0,0.0,0.0,0,0,0,0.0,0.0,0,0,0,0,0,0,32,32,794.91254,794.91254,0,0,0.0,0.0,0.0,0,0,0,0,1,1,0,0,1,0.0,0.0,0.0,0,0,0,0,0,0,1,0,1,0,943,33304,0,32,0.0,0.0,0,0,0.0,0.0,0,0,Benign
17,10504008,2,2,110,223,56,54,55.0,1.4142135,113,110,111.5,2.1213202,31.7021845375594,0.380807021472185,3501336.0,6011793.5,10443157,30418,10473590,10473590.0,0.0,10473590,10473590,10473575,10473575.0,0.0,10473575,10473575,0,0,0,0,52,40,0.1904035,0.1904035,54,113,77.4,31.157663,970.8,0,0,0,0,0,0,0,0,1,96.75,55.0,111.5,0,0,0,0,0,0,2,110,2,223,-1,-1,1,20,30433.0,0.0,30433,30433,10443157.0,0.0,10443157,10443157,Benign
17,24186,2,2,72,128,36,36,36.0,0.0,64,64,64.0,0.0,8269.24667162821,165.384933432564,8062.0,13921.378,24137,1,1,1.0,0.0,1,1,48,48.0,0.0,48,48,0,0,0,0,64,64,82.69247,82.69247,36,64,47.2,15.336231,235.2,0,0,0,0,0,0,0,0,1,59.0,36.0,64.0,0,0,0,0,0,0,2,72,2,128,-1,-1,1,32,0.0,0.0,0,0,0.0,0.0,0,0,Benign
17,26,13,0,2613,0,201,201,201.0,0.0,0,0,0.0,0.0,100500000.0,500000.0,2.1666667,1.9462473,8,1,26,2.1666667,1.9462473,8,1,0,0.0,0.0,0,0,0,0,0,0,416,0,500000.0,0.0,201,201,201.0,0.0,0.0,0,0,0,0,0,0,0,0,0,216.46153,201.0,0.0,0,0,0,0,0,0,13,2613,0,0,-1,-1,12,32,0.0,0.0,0,0,0.0,0.0,0,0,Benign
6,226,1,2,0,0,0,0,0.0,0.0,0,0,0.0,0.0,0.0,13274.3362831858,113.0,158.39192,225,1,0,0.0,0.0,0,0,1,1.0,0.0,1,1,0,0,0,0,32,64,4424.779,8849.558,0,0,0.0,0.0,0.0,0,0,0,0,1,1,0,0,2,0.0,0.0,0.0,0,0,0,0,0,0,1,0,2,0,395,229,0,32,0.0,0.0,0,0,0.0,0.0,0,0,Benign
6,115939876,16,14,524,801,440,0,32.75,108.61031,795,0,57.214287,212.35536,11.428337218508,0.25875480494735,3997926.8,4886238.0,10016335,40,115939876,7729325.0,4132426.0,10031371,218,110235273,8479636.0,3758498.2,10031270,6390,0,0,0,0,332,424,0.13800256,0.120752245,0,795,42.741936,160.1595,25651.064,0,0,0,1,0,0,0,0,0,44.166668,32.75,57.214287,0,0,0,0,0,0,16,524,14,801,8192,946,15,20,23005.727,26376.105,102532,14935,9998405.0,18947.906,10016335,9944448,Benign
6,423407,3,4,660,433,654,0,220.0,375.867,421,0,108.25,208.51918,2581.44055247079,16.5325561457416,70567.836,108583.45,210772,3,210961,105480.5,148998.0,210838,123,212635,70878.336,121273.164,210909,3,0,0,0,0,72,88,7.085381,9.447175,0,654,136.625,255.1565,65104.84,0,0,0,1,0,0,0,0,1,156.14285,220.0,108.25,0,0,0,0,0,0,3,660,4,433,8192,5034,2,20,0.0,0.0,0,0,0.0,0.0,0,0,Benign
6,118246338,14,12,1078,4471,581,0,77.0,157.80466,1448,0,372.58334,542.43567,46.9274574913263,0.219879959411513,4729853.5,16305678.0,58916444,4,118246338,9095872.0,22107204.0,58916444,48,118201955,10745632.0,23843858.0,59001016,4,0,0,0,0,456,392,0.1183969,0.10148306,0,1448,205.51852,400.4197,160335.95,0,0,0,1,0,0,0,0,0,213.42308,77.0,372.58334,0,0,0,0,0,0,14,1078,12,4471,29200,127,6,32,193369.5,154009.98,302271,84468,58907820.0,12196.885,58916444,58899195,Benign
6,4855557,5,1,123,46,46,0,24.6,23.276598,46,46,46.0,0.0,34.8054816368132,1.23569757290461,971111.4,2132988.5,4786592,27,4855557,1213889.2,2381858.0,4786592,27,0,0.0,0.0,0,0,1,0,0,0,160,32,1.029748,0.20594959,0,46,30.714285,21.684975,470.2381,0,1,0,0,1,0,0,0,0,35.833332,24.6,46.0,0,0,0,0,0,0,5,123,1,46,584,357,2,32,0.0,0.0,0,0,0.0,0.0,0,0,Benign
17,65093672,2,2,96,96,48,48,48.0,0.0,48,48,48.0,0.0,2.9495954691264,0.0614499056068,21697890.0,37419012.0,64905642,94007,64999649,64999650.0,0.0,64999649,64999649,64999665,64999664.0,0.0,64999665,64999665,0,0,0,0,64,64,0.030724952,0.030724952,48,48,48.0,0.0,0.0,0,0,0,0,0,0,0,0,1,60.0,48.0,48.0,0,0,0,0,0,0,2,96,2,96,-1,-1,1,32,94007.0,0.0,94007,94007,64905640.0,0.0,64905642,64905642,Benign
17,62417,2,2,90,164,45,45,45.0,0.0,82,82,82.0,0.0,4069.40416873608,64.0851050194659,20805.666,36032.14,62412,1,1,1.0,0.0,1,1,4,4.0,0.0,4,4,0,0,0,0,64,80,32.042553,32.042553,45,82,59.8,20.265734,410.7,0,0,0,0,0,0,0,0,1,74.75,45.0,82.0,0,0,0,0,0,0,2,90,2,164,-1,-1,1,32,0.0,0.0,0,0,0.0,0.0,0,0,Benign
17,347,2,2,94,220,47,47,47.0,0.0,110,110,110.0,0.0,904899.135446686,11527.3775216138,115.666664,159.6444,298,1,1,1.0,0.0,1,1,48,48.0,0.0,48,48,0,0,0,0,64,64,5763.689,5763.689,47,110,72.2,34.50652,1190.7,0,0,0,0,0,0,0,0,1,90.25,47.0,110.0,0,0,0,0,0,0,2,94,2,220,-1,-1,1,32,0.0,0.0,0,0,0.0,0.0,0,0,Benign
6,360499,17,19,1532,15085,905,0,90.117645,218.20744,1430,0,793.9474,648.06903,46094.4413160647,99.8615807533447,10299.972,24223.377,123473,1,360499,22531.188,32392.469,123473,187,293531,16307.277,41907.434,160775,1,0,0,0,0,352,392,47.156857,52.704723,0,1430,449.1081,600.3157,360378.94,0,0,0,1,0,0,0,0,1,461.58334,90.117645,793.9474,0,0,0,0,0,0,17,1532,19,15085,8192,373,16,20,0.0,0.0,0,0,0.0,0.0,0,0,Benign
6,61,1,1,6,6,6,6,6.0,0.0,6,6,6.0,0.0,196721.31147541,32786.8852459016,61.0,0.0,61,61,0,0.0,0.0,0,0,0,0.0,0.0,0,0,0,0,0,0,20,20,16393.443,16393.443,6,6,6.0,0.0,0.0,0,0,0,0,1,1,0,0,1,9.0,6.0,6.0,0,0,0,0,0,0,1,6,1,6,119,252,0,20,0.0,0.0,0,0,0.0,0.0,0,0,Benign
6,56065404,41,31,9698,24178,1368,0,236.53659,424.72427,1812,0,779.9355,635.32874,604.222882260868,1.28421441500716,789653.56,5260694.0,43964386,0,56065404,1401635.1,6985214.0,43964386,0,12064583,402152.78,1247792.5,6504995,2,0,0,0,0,1324,1000,0.7312888,0.55292565,0,1812,464.0548,586.37067,343830.53,0,0,0,1,0,0,0,0,0,470.5,236.53659,779.9355,0,0,0,0,0,0,41,9698,31,24178,65535,554,15,32,2824309.0,3919785.8,5596016,52602,25208374.0,26525006.0,43964386,6452362,Benign
17,23722,1,1,76,204,76,76,76.0,0.0,204,204,204.0,0.0,11803.3892589158,84.3099232779698,23722.0,0.0,23722,23722,0,0.0,0.0,0,0,0,0.0,0.0,0,0,0,0,0,0,32,32,42.15496,42.15496,76,204,118.666664,73.90083,5461.3335,0,0,0,0,0,0,0,0,1,178.0,76.0,204.0,0,0,0,0,0,0,1,76,1,204,-1,-1,0,32,0.0,0.0,0,0,0.0,0.0,0,0,Benign
17,219,2,2,112,368,56,56,56.0,0.0,184,184,184.0,0.0,2191780.82191781,18264.8401826484,73.0,122.1106,214,2,2,2.0,0.0,2,2,3,3.0,0.0,3,3,0,0,0,0,40,40,9132.42,9132.42,56,184,107.2,70.10849,4915.2,0,0,0,0,0,0,0,0,1,134.0,56.0,184.0,0,0,0,0,0,0,2,112,2,368,-1,-1,1,20,0.0,0.0,0,0,0.0,0.0,0,0,Benign
17,152,2,2,68,100,34,34,34.0,0.0,50,50,50.0,0.0,1105263.15789474,26315.7894736842,50.666668,81.696594,145,3,3,3.0,0.0,3,3,4,4.0,0.0,4,4,0,0,0,0,64,64,13157.895,13157.895,34,50,40.4,8.763561,76.8,0,0,0,0,0,0,0,0,1,50.5,34.0,50.0,0,0,0,0,0,0,2,68,2,100,-1,-1,1,32,0.0,0.0,0,0,0.0,0.0,0,0,Benign
6,115603041,21,18,1077,4824,645,0,51.285713,148.07773,1448,0,268.0,530.0062,51.0453699916077,0.337361367509355,3042185.2,4569203.0,10021835,3,115603041,5780152.0,4950583.0,10067922,3,110712096,6512476.0,4936189.5,10068058,48,0,0,0,0,680,584,0.18165612,0.15570524,0,1448,147.525,382.0147,145935.23,0,0,0,1,0,0,0,0,0,151.3077,51.285713,268.0,0,0,0,0,0,0,21,1077,18,4824,29200,511,4,32,61786.273,51507.035,217085,45987,10002969.0,6477.2817,10021835,9996082,Benign
17,32597,2,2,84,194,42,42,42.0,0.0,97,97,97.0,0.0,8528.39218332975,122.710678896831,10865.667,18736.748,32501,48,48,48.0,0.0,48,48,48,48.0,0.0,48,48,0,0,0,0,64,64,61.35534,61.35534,42,97,64.0,30.12474,907.5,0,0,0,0,0,0,0,0,1,80.0,42.0,97.0,0,0,0,0,0,0,2,84,2,194,-1,-1,1,32,0.0,0.0,0,0,0.0,0.0,0,0,Benign
6,64066026,2,0,0,0,0,0,0.0,0.0,0,0,0.0,0.0,0.0,0.031217793967742,64066024.0,0.0,64066026,64066026,64066026,64066024.0,0.0,64066026,64066026,0,0.0,0.0,0,0,0,0,0,0,64,0,0.031217795,0.0,0,0,0.0,0.0,0.0,0,0,0,0,1,1,0,0,0,0.0,0.0,0.0,0,0,0,0,0,0,2,0,0,0,33304,-1,0,32,0.0,0.0,0,0,0.0,0.0,0,0,Benign
17,93602,2,2,88,662,44,44,44.0,0.0,331,331,331.0,0.0,8012.64930236533,42.7341296126151,31200.666,53997.844,93552,3,47,47.0,0.0,47,47,3,3.0,0.0,3,3,0,0,0,0,64,64,21.367065,21.367065,44,331,158.8,157.19638,24710.7,0,0,0,0,0,0,0,0,1,198.5,44.0,331.0,0,0,0,0,0,0,2,88,2,662,-1,-1,1,32,0.0,0.0,0,0,0.0,0.0,0,0,Benign
17,30718,1,1,48,96,48,48,48.0,0.0,96,96,96.0,0.0,4687.80519565076,65.1084054951494,30718.0,0.0,30718,30718,0,0.0,0.0,0,0,0,0.0,0.0,0,0,0,0,0,0,32,32,32.554203,32.554203,48,96,64.0,27.712812,768.0,0,0,0,0,0,0,0,0,1,96.0,48.0,96.0,0,0,0,0,0,0,1,48,1,96,-1,-1,0,32,0.0,0.0,0,0,0.0,0.0,0,0,Benign
6,1332391,37,38,2728,6634,456,0,73.72973,113.7152,976,0,174.57895,331.46185,7026.46595481356,56.2897828039967,18005.283,116712.266,999812,1,1332391,37010.86,168244.16,999869,1,332448,8985.081,22451.195,106874,1,0,0,0,0,1200,1232,27.769627,28.520157,0,976,123.18421,251.30696,63155.19,0,0,0,1,0,0,0,0,1,124.82667,73.72973,174.57895,0,0,0,0,0,0,37,2728,38,6634,29200,243,24,32,0.0,0.0,0,0,0.0,0.0,0,0,Benign
17,60941,2,2,82,310,41,41,41.0,0.0,155,155,155.0,0.0,6432.45105922121,65.6372557063389,20313.666,35179.973,60936,1,1,1.0,0.0,1,1,4,4.0,0.0,4,4,0,0,0,0,80,64,32.818626,32.818626,41,155,86.6,62.440372,3898.8,0,0,0,0,0,0,0,0,1,108.25,41.0,155.0,0,0,0,0,0,0,2,82,2,310,-1,-1,1,40,0.0,0.0,0,0,0.0,0.0,0,0,Benign
6,13877,2,1,6,6,6,0,3.0,4.2426405,6,6,6.0,0.0,864.740217626288,216.185054406572,6938.5,9543.82,13687,190,13877,13877.0,0.0,13877,13877,0,0.0,0.0,0,0,0,0,0,0,52,20,144.12337,72.06168,0,6,4.5,3.0,9.0,0,0,0,0,1,1,0,0,0,6.0,3.0,6.0,0,0,0,0,0,0,2,6,1,6,32,32850,0,20,0.0,0.0,0,0,0.0,0.0,0,0,Benign
6,36,1,1,0,0,0,0,0.0,0.0,0,0,0.0,0.0,0.0,55555.5555555556,36.0,0.0,36,36,0,0.0,0.0,0,0,0,0.0,0.0,0,0,0,0,0,0,32,32,27777.777,27777.777,0,0,0.0,0.0,0.0,0,0,0,0,1,1,0,0,1,0.0,0.0,0.0,0,0,0,0,0,0,1,0,1,0,1138,1444,0,32,0.0,0.0,0,0,0.0,0.0,0,0,Benign
17,46248,1,1,56,164,56,56,56.0,0.0,164,164,164.0,0.0,4756.96246324165,43.2451133021969,46248.0,0.0,46248,46248,0,0.0,0.0,0,0,0,0.0,0.0,0,0,0,0,0,0,40,32,21.622557,21.622557,56,164,92.0,62.35383,3888.0,0,0,0,0,0,0,0,0,1,138.0,56.0,164.0,0,0,0,0,0,0,1,56,1,164,-1,-1,0,40,0.0,0.0,0,0,0.0,0.0,0,0,Benign
17,31461,2,2,82,176,41,41,41.0,0.0,88,88,88.0,0.0,8200.62935062458,127.141540319761,10487.0,18160.553,31457,1,1,1.0,0.0,1,1,3,3.0,0.0,3,3,0,0,0,0,64,64,63.57077,63.57077,41,88,59.8,25.74296,662.7,0,0,0,0,0,0,0,0,1,74.75,41.0,88.0,0,0,0,0,0,0,2,82,2,176,-1,-1,1,32,0.0,0.0,0,0,0.0,0.0,0,0,Benign
6,631,2,0,0,0,0,0,0.0,0.0,0,0,0.0,0.0,0.0,3169.57210776545,631.0,0.0,631,631,631,631.0,0.0,631,631,0,0.0,0.0,0,0,0,0,0,0,64,0,3169.572,0.0,0,0,0.0,0.0,0.0,0,0,0,0,1,0,0,0,0,0.0,0.0,0.0,0,0,0,0,0,0,2,0,0,0,5479,-1,0,32,0.0,0.0,0,0,0.0,0.0,0,0,Benign
6,100,1,1,0,0,0,0,0.0,0.0,0,0,0.0,0.0,0.0,20000.0,100.0,0.0,100,100,0,0.0,0.0,0,0,0,0.0,0.0,0,0,0,0,0,0,32,32,10000.0,10000.0,0,0,0.0,0.0,0.0,0,0,0,0,1,0,0,0,1,0.0,0.0,0.0,0,0,0,0,0,0,1,0,1,0,180,32832,0,32,0.0,0.0,0,0,0.0,0.0,0,0,Benign
17,91738,4,2,120,614,30,30,30.0,0.0,307,307,307.0,0.0,8001.04645839238,65.4036495236434,18347.6,25515.316,52338,3,39397,13132.333,22700.848,39345,3,3,3.0,0.0,3,3,0,0,0,0,80,40,43.602432,21.801216,30,307,109.14286,135.16216,18268.809,0,0,0,0,0,0,0,0,0,127.333336,30.0,307.0,0,0,0,0,0,0,4,120,2,614,-1,-1,3,20,0.0,0.0,0,0,0.0,0.0,0,0,Benign
6,226,2,0,12,0,6,6,6.0,0.0,0,0,0.0,0.0,53097.3451327434,8849.55752212389,226.0,0.0,226,226,226,226.0,0.0,226,226,0,0.0,0.0,0,0,0,0,0,0,40,0,8849.558,0.0,6,6,6.0,0.0,0.0,0,0,0,0,1,0,0,0,0,9.0,6.0,0.0,0,0,0,0,0,0,2,12,0,0,4365,-1,1,20,0.0,0.0,0,0,0.0,0.0,0,0,Benign
6,116165,12,8,1428,5844,1189,0,119.0,339.5789,1941,0,730.5,798.75366,62600.6111995868,172.168897688633,6113.9473,10052.078,27073,3,116165,10560.454,16149.891,50640,3,80363,11480.429,14060.671,27916,87,0,0,0,0,396,264,103.30134,68.86756,0,1941,346.2857,618.67957,382764.4,0,0,0,1,0,0,0,0,0,363.6,119.0,730.5,0,0,0,0,0,0,12,1428,8,5844,65535,1013,5,32,0.0,0.0,0,0,0.0,0.0,0,0,Benign
17,31961,2,2,70,194,35,35,35.0,0.0,97,97,97.0,0.0,8260.06695660336,125.152529645505,10653.667,18408.54,31910,3,48,48.0,0.0,48,48,3,3.0,0.0,3,3,0,0,0,0,40,64,62.576263,62.576263,35,97,59.8,33.958797,1153.2,0,0,0,0,0,0,0,0,1,74.75,35.0,97.0,0,0,0,0,0,0,2,70,2,194,-1,-1,1,20,0.0,0.0,0,0,0.0,0.0,0,0,Benign
17,46449,1,1,45,136,45,45,45.0,0.0,136,136,136.0,0.0,3896.74696979483,43.0579775667937,46449.0,0.0,46449,46449,0,0.0,0.0,0,0,0,0.0,0.0,0,0,0,0,0,0,32,32,21.528988,21.528988,45,136,75.333336,52.538876,2760.3333,0,0,0,0,0,0,0,0,1,113.0,45.0,136.0,0,0,0,0,0,0,1,45,1,136,-1,-1,0,32,0.0,0.0,0,0,0.0,0.0,0,0,Benign
6,116258274,22,19,1995,4893,1622,0,90.681816,345.69315,1418,0,257.5263,517.0799,59.2473960175944,0.3526630715333,2906456.8,4521146.0,10025942,7,116258274,5536108.5,4980824.5,10047915,23,110743438,6152413.0,5020768.0,10048416,49,0,0,0,0,712,616,0.18923384,0.16342923,0,1622,164.0,431.49265,186185.9,0,0,0,1,0,0,0,0,0,168.0,90.681816,257.5263,0,0,0,0,0,0,22,1995,19,4893,29200,391,4,32,43557.918,73956.97,278402,21969,9644630.0,1308912.2,10025942,5488353,Benign
17,218,2,2,106,268,53,53,53.0,0.0,134,134,134.0,0.0,1715596.33027523,18348.623853211,72.666664,122.40234,214,1,1,1.0,0.0,1,1,3,3.0,0.0,3,3,0,0,0,0,64,64,9174.312,9174.312,53,134,85.4,44.36553,1968.3,0,0,0,0,0,0,0,0,1,106.75,53.0,134.0,0,0,0,0,0,0,2,106,2,268,-1,-1,1,32,0.0,0.0,0,0,0.0,0.0,0,0,Benign
6,210,2,0,37,0,37,0,18.5,26.16295,0,0,0.0,0.0,176190.476190476,9523.80952380952,210.0,0.0,210,210,210,210.0,0.0,210,210,0,0.0,0.0,0,0,1,0,0,0,64,0,9523.81,0.0,0,37,24.666666,21.36196,456.33334,0,1,0,0,1,0,0,0,0,37.0,18.5,0.0,0,0,0,0,0,0,2,37,0,0,1153,-1,0,32,0.0,0.0,0,0,0.0,0.0,0,0,Benign
6,14016,12,12,5766,962,1684,0,480.5,674.798,209,0,80.166664,95.86433,480022.831050228,1712.32876712329,609.3913,2060.8376,9682,1,13993,1272.091,2935.0635,9764,1,13985,1271.3636,3005.7493,9949,1,0,0,0,0,264,264,856.16437,856.16437,0,1684,269.12,506.0883,256125.36,0,0,0,1,0,0,0,0,1,280.33334,480.5,80.166664,0,0,0,0,0,0,12,5766,12,962,8192,0,10,20,0.0,0.0,0,0,0.0,0.0,0,0,Benign
17,306,2,2,76,354,38,38,38.0,0.0,177,177,177.0,0.0,1405228.75816993,13071.8954248366,102.0,174.07182,303,1,1,1.0,0.0,1,1,2,2.0,0.0,2,2,0,0,0,0,64,64,6535.9478,6535.9478,38,177,93.6,76.13344,5796.3,0,0,0,0,0,0,0,0,1,117.0,38.0,177.0,0,0,0,0,0,0,2,76,2,354,-1,-1,1,32,0.0,0.0,0,0,0.0,0.0,0,0,Benign
17,152992,1,1,64,157,64,64,64.0,0.0,157,157,157.0,0.0,1444.51997490065,13.0725789583769,152992.0,0.0,152992,152992,0,0.0,0.0,0,0,0,0.0,0.0,0,0,0,0,0,0,32,32,6.5362897,6.5362897,64,157,95.0,53.693577,2883.0,0,0,0,0,0,0,0,0,1,142.5,64.0,157.0,0,0,0,0,0,0,1,64,1,157,-1,-1,0,32,0.0,0.0,0,0,0.0,0.0,0,0,Benign
17,49244,2,2,82,114,41,41,41.0,0.0,57,57,57.0,0.0,3980.18032653724,81.2281699293315,16414.666,28425.84,49238,3,3,3.0,0.0,3,3,3,3.0,0.0,3,3,0,0,0,0,40,40,40.614086,40.614086,41,57,47.4,8.763561,76.8,0,0,0,0,0,0,0,0,1,59.25,41.0,57.0,0,0,0,0,0,0,2,82,2,114,-1,-1,1,20,0.0,0.0,0,0,0.0,0.0,0,0,Benign
6,266,6,1,460,6,258,6,76.666664,92.10356,6,6,6.0,0.0,1751879.69924812,26315.7894736842,44.333332,72.85511,188,1,266,53.2,91.11092,212,1,0,0.0,0.0,0,0,1,0,0,0,120,20,22556.39,3759.3984,6,258,90.5,106.072754,11251.429,0,1,0,0,1,0,0,0,0,103.42857,76.666664,6.0,0,0,0,0,0,0,6,460,1,6,115,0,5,20,0.0,0.0,0,0,0.0,0.0,0,0,Benign
17,2149973,2,2,105,243,66,39,52.5,19.091883,122,121,121.5,0.70710677,161.862497808112,1.86048848055301,716657.7,1094110.5,1978059,24901,2002960,2002960.0,0.0,2002960,2002960,2125072,2125072.0,0.0,2125072,2125072,0,0,0,0,52,64,0.93024427,0.93024427,39,122,82.8,37.009457,1369.7,0,0,0,0,0,0,0,0,1,103.5,52.5,121.5,0,0,0,0,0,0,2,105,2,243,-1,-1,1,20,0.0,0.0,0,0,0.0,0.0,0,0,Benign
6,11064276,4,0,938,0,901,0,234.5,444.67554,0,0,0.0,0.0,84.7773500950266,0.361523881002245,3688092.0,6378058.5,11052837,93,11064276,3688092.0,6378058.5,11052837,93,0,0.0,0.0,0,0,0,0,0,0,128,0,0.36152387,0.0,0,901,187.6,399.12442,159300.3,0,0,0,0,1,0,0,0,0,234.5,234.5,0.0,0,0,0,0,0,0,4,938,0,0,33285,-1,2,32,0.0,0.0,0,0,11052837.0,0.0,11052837,11052837,Benign
6,64065077,2,0,74,0,37,37,37.0,0.0,0,0,0.0,0.0,1.15507548675857,0.03121825639888,64065076.0,0.0,64065077,64065077,64065077,64065076.0,0.0,64065077,64065077,0,0.0,0.0,0,0,1,0,0,0,64,0,0.031218257,0.0,37,37,37.0,0.0,0.0,0,1,0,0,1,1,0,0,0,55.5,37.0,0.0,0,0,0,0,0,0,2,74,0,0,32832,-1,1,32,0.0,0.0,0,0,0.0,0.0,0,0,Benign
17,276092,4,2,148,232,37,37,37.0,0.0,116,116,116.0,0.0,1376.35280993292,21.7318864726251,55218.4,82060.69,183154,3,92935,30978.334,53650.85,92929,3,3,3.0,0.0,3,3,0,0,0,0,80,64,14.487925,7.2439623,37,116,59.57143,38.548054,1485.9524,0,0,0,0,0,0,0,0,0,69.5,37.0,116.0,0,0,0,0,0,0,4,148,2,232,-1,-1,3,20,0.0,0.0,0,0,0.0,0.0,0,0,Benign
17,220,2,2,60,450,30,30,30.0,0.0,225,225,225.0,0.0,2318181.81818182,18181.8181818182,73.333336,120.95592,213,3,3,3.0,0.0,3,3,4,4.0,0.0,4,4,0,0,0,0,64,64,9090.909,9090.909,30,225,108.0,106.8059,11407.5,0,0,0,0,0,0,0,0,1,135.0,30.0,225.0,0,0,0,0,0,0,2,60,2,450,-1,-1,1,32,0.0,0.0,0,0,0.0,0.0,0,0,Benign
6,2582,2,0,0,0,0,0,0.0,0.0,0,0,0.0,0.0,0.0,774.593338497289,2582.0,0.0,2582,2582,2582,2582.0,0.0,2582,2582,0,0.0,0.0,0,0,0,0,0,0,64,0,774.5933,0.0,0,0,0.0,0.0,0.0,0,0,0,0,1,0,0,0,0,0.0,0.0,0.0,0,0,0,0,0,0,2,0,0,0,275,-1,0,32,0.0,0.0,0,0,0.0,0.0,0,0,Benign
6,10133045,8,7,1313,4513,924,0,164.125,318.79703,1867,0,644.7143,796.406,574.950570139578,1.48030527842322,723788.94,2636644.8,9884134,3,10133045,1447577.9,3720411.2,9884134,215,212838,35473.0,30479.139,77034,3,0,0,0,0,172,152,0.7894961,0.69080913,0,1867,364.125,606.6683,368046.38,0,0,0,1,0,0,0,0,0,388.4,164.125,644.7143,0,0,0,0,0,0,8,1313,7,4513,8192,63,7,20,0.0,0.0,0,0,0.0,0.0,0,0,Benign
6,210,2,0,37,0,37,0,18.5,26.16295,0,0,0.0,0.0,176190.476190476,9523.80952380952,210.0,0.0,210,210,210,210.0,0.0,210,210,0,0.0,0.0,0,0,1,0,0,0,64,0,9523.81,0.0,0,37,24.666666,21.36196,456.33334,0,1,0,0,1,0,0,0,0,37.0,18.5,0.0,0,0,0,0,0,0,2,37,0,0,118,-1,0,32,0.0,0.0,0,0,0.0,0.0,0,0,Benign
6,204036,1,1,0,0,0,0,0.0,0.0,0,0,0.0,0.0,0.0,9.80219177007979,204036.0,0.0,204036,204036,0,0.0,0.0,0,0,0,0.0,0.0,0,0,0,0,0,0,32,32,4.901096,4.901096,0,0,0.0,0.0,0.0,0,0,0,0,1,1,0,0,1,0.0,0.0,0.0,0,0,0,0,0,0,1,0,1,0,274,122,0,32,0.0,0.0,0,0,0.0,0.0,0,0,Benign
6,25596355,4,3,24,0,6,6,6.0,0.0,0,0,0.0,0.0,0.937633502895236,0.273476438344444,4266059.0,4927395.5,10004425,23508,25596355,8532118.0,2589123.8,10027933,5542456,20054080,10027040.0,1578.2623,10028156,10025924,0,0,0,0,80,96,0.15627225,0.11720419,0,6,3.75,3.105295,9.642858,0,0,0,0,1,0,0,0,0,4.285714,6.0,0.0,0,0,0,0,0,0,4,24,3,0,256,298,3,20,23619.5,157.68481,23731,23508,10003330.0,1548.5638,10004425,10002235,Benign
17,31178,1,1,92,174,92,92,92.0,0.0,174,174,174.0,0.0,8531.65693758419,64.1477965231894,31178.0,0.0,31178,31178,0,0.0,0.0,0,0,0,0.0,0.0,0,0,0,0,0,0,32,32,32.0739,32.0739,92,174,119.333336,47.342724,2241.3333,0,0,0,0,0,0,0,0,1,179.0,92.0,174.0,0,0,0,0,0,0,1,92,1,174,-1,-1,0,32,0.0,0.0,0,0,0.0,0.0,0,0,Benign
6,7849,5,0,29,0,29,0,5.8,12.969194,0,0,0.0,0.0,3694.73818320805,637.023824691043,1962.25,3785.7217,7639,1,7849,1962.25,3785.7217,7639,1,0,0.0,0.0,0,0,0,0,0,0,160,0,637.0238,0.0,0,29,4.8333335,11.8392,140.16667,0,0,0,0,1,0,0,0,0,5.8,5.8,0.0,0,0,0,0,0,0,5,29,0,0,33225,-1,1,32,0.0,0.0,0,0,0.0,0.0,0,0,Benign
6,15454278,5,5,401,515,383,0,80.2,169.29028,503,0,103.0,223.62692,59.2716139828726,0.647070021647081,1717142.0,3555115.0,9980603,115,10109470,2527367.5,4968928.0,9980603,167,15403501,3850875.2,4824190.5,10055128,3148,0,0,0,0,112,124,0.32353503,0.32353503,0,503,83.27273,179.8889,32360.018,0,0,0,1,0,0,0,0,1,91.6,80.2,103.0,0,0,0,0,0,0,5,401,5,515,8192,110,4,20,128867.0,0.0,128867,128867,9980603.0,0.0,9980603,9980603,Benign
17,31161,2,2,78,270,39,39,39.0,0.0,135,135,135.0,0.0,11167.8059112352,128.365585186611,10387.0,17984.75,31154,3,4,4.0,0.0,4,4,3,3.0,0.0,3,3,0,0,0,0,40,40,64.18279,64.18279,39,135,77.4,52.581364,2764.8,0,0,0,0,0,0,0,0,1,96.75,39.0,135.0,0,0,0,0,0,0,2,78,2,270,-1,-1,1,20,0.0,0.0,0,0,0.0,0.0,0,0,Benign
6,1728648,3,0,18,0,6,6,6.0,0.0,0,0,0.0,0.0,10.4127618809613,1.73546031349355,864324.0,1222269.4,1728599,49,1728648,864324.0,1222269.4,1728599,49,0,0.0,0.0,0,0,0,0,0,0,60,0,1.7354603,0.0,6,6,6.0,0.0,0.0,0,0,0,0,1,0,0,0,0,8.0,6.0,0.0,0,0,0,0,0,0,3,18,0,0,255,-1,2,20,0.0,0.0,0,0,0.0,0.0,0,0,Benign
6,47114,2,3,0,18,0,0,0.0,0.0,6,6,6.0,0.0,382.052043978435,106.125567771788,11778.5,23385.3,46856,1,47114,47114.0,0.0,47114,47114,4,2.0,1.4142135,3,1,0,0,0,0,64,60,42.450226,63.675343,0,6,3.0,3.2863352,10.8,0,0,0,0,1,0,0,0,1,3.6,0.0,6.0,0,0,0,0,0,0,2,0,3,18,118,0,0,32,0.0,0.0,0,0,0.0,0.0,0,0,Benign
6,50,1,1,0,0,0,0,0.0,0.0,0,0,0.0,0.0,0.0,40000.0,50.0,0.0,50,50,0,0.0,0.0,0,0,0,0.0,0.0,0,0,0,0,0,0,32,32,20000.0,20000.0,0,0,0.0,0.0,0.0,0,0,0,0,1,1,0,0,1,0.0,0.0,0.0,0,0,0,0,0,0,1,0,1,0,123,338,0,32,0.0,0.0,0,0,0.0,0.0,0,0,Benign
6,214,2,0,12,0,6,6,6.0,0.0,0,0,0.0,0.0,56074.7663551402,9345.79439252336,214.0,0.0,214,214,214,214.0,0.0,214,214,0,0.0,0.0,0,0,0,0,0,0,40,0,9345.794,0.0,6,6,6.0,0.0,0.0,0,0,0,0,1,0,0,0,0,9.0,6.0,0.0,0,0,0,0,0,0,2,12,0,0,256,-1,1,20,0.0,0.0,0,0,0.0,0.0,0,0,Benign
17,18295,2,2,68,100,34,34,34.0,0.0,50,50,50.0,0.0,9182.83684066685,218.63897239683,6098.3335,10517.615,18243,3,3,3.0,0.0,3,3,49,49.0,0.0,49,49,0,0,0,0,40,80,109.31949,109.31949,34,50,40.4,8.763561,76.8,0,0,0,0,0,0,0,0,1,50.5,34.0,50.0,0,0,0,0,0,0,2,68,2,100,-1,-1,1,20,0.0,0.0,0,0,0.0,0.0,0,0,Benign
17,914,2,2,64,152,32,32,32.0,0.0,76,76,76.0,0.0,236323.851203501,4376.36761487965,304.66666,524.235,910,1,1,1.0,0.0,1,1,3,3.0,0.0,3,3,0,0,0,0,64,64,2188.1838,2188.1838,32,76,49.6,24.099792,580.8,0,0,0,0,0,0,0,0,1,62.0,32.0,76.0,0,0,0,0,0,0,2,64,2,152,-1,-1,1,32,0.0,0.0,0,0,0.0,0.0,0,0,Benign
17,31082,2,2,86,194,43,43,43.0,0.0,97,97,97.0,0.0,9008.42931600283,128.691847371469,10360.667,17939.139,31075,3,3,3.0,0.0,3,3,4,4.0,0.0,4,4,0,0,0,0,40,40,64.345924,64.345924,43,97,64.6,29.577019,874.8,0,0,0,0,0,0,0,0,1,80.75,43.0,97.0,0,0,0,0,0,0,2,86,2,194,-1,-1,1,20,0.0,0.0,0,0,0.0,0.0,0,0,Benign
17,30653,1,1,42,234,42,42,42.0,0.0,234,234,234.0,0.0,9004.0126578149,65.2464685348906,30653.0,0.0,30653,30653,0,0.0,0.0,0,0,0,0.0,0.0,0,0,0,0,0,0,32,20,32.623234,32.623234,42,234,106.0,110.85125,12288.0,0,0,0,0,0,0,0,0,1,159.0,42.0,234.0,0,0,0,0,0,0,1,42,1,234,-1,-1,0,32,0.0,0.0,0,0,0.0,0.0,0,0,Benign
6,6114800,8,4,374,3603,193,0,46.75,72.452446,3339,0,900.75,1629.9406,650.389219598352,1.96245175639432,555890.94,1715526.6,5727058,5,6114800,873542.9,2140932.5,5727058,47,224247,74749.0,64511.36,123752,1660,0,0,0,0,172,92,1.3083012,0.6541506,0,3339,305.92307,915.29114,837757.94,0,0,0,1,0,0,0,0,0,331.41666,46.75,900.75,0,0,0,0,0,0,8,374,4,3603,8192,232,7,20,387695.0,0.0,387695,387695,5727058.0,0.0,5727058,5727058,Benign
6,5731913,11,7,601,4575,326,0,54.636364,106.52537,1460,2,653.5714,755.49274,903.014403742695,3.1403128414545,337171.34,1359086.8,5610960,1,5731913,573191.3,1770227.4,5610960,1,53673,8945.5,13096.241,26760,2,0,0,0,0,240,144,1.91908,1.2212328,0,1460,272.42105,534.9437,286164.8,0,0,0,1,0,0,0,0,0,287.55554,54.636364,653.5714,0,0,0,0,0,0,11,601,7,4575,29200,34970,10,20,120950.0,0.0,120950,120950,5610960.0,0.0,5610960,5610960,Benign
6,62036133,20,16,6720,4189,2477,0,336.0,799.75543,1618,0,261.8125,515.2789,175.849129732184,0.580306964007573,1772461.0,3830880.0,10189152,33,62036133,3265059.8,4781529.0,10240040,228,61984472,4132298.2,5064265.5,10240153,222,0,0,0,0,648,520,0.32239276,0.25791422,0,2477,294.83783,672.3408,452042.12,0,0,0,1,0,0,0,0,0,303.02777,336.0,261.8125,0,0,0,0,0,0,20,6720,16,4189,29200,174,5,32,270779.66,538380.4,1369744,50825,10068496.0,208946.03,10189152,9679056,Benign
6,322,2,0,12,0,6,6,6.0,0.0,0,0,0.0,0.0,37267.0807453416,6211.1801242236,322.0,0.0,322,322,322,322.0,0.0,322,322,0,0.0,0.0,0,0,0,0,0,0,40,0,6211.18,0.0,6,6,6.0,0.0,0.0,0,0,0,0,1,0,0,0,0,9.0,6.0,0.0,0,0,0,0,0,0,2,12,0,0,63324,-1,1,20,0.0,0.0,0,0,0.0,0.0,0,0,Benign
6,3929,4,1,389,6,301,6,97.25,136.95102,6,6,6.0,0.0,100534.487146857,1272.58844489692,982.25,1854.3578,3763,2,3929,1309.6666,2126.1924,3763,2,0,0.0,0.0,0,0,1,0,0,0,80,20,1018.07074,254.51768,6,301,116.0,144.22066,20799.6,0,1,0,0,1,0,0,0,0,139.2,97.25,6.0,0,0,0,0,0,0,4,389,1,6,343,0,3,20,0.0,0.0,0,0,0.0,0.0,0,0,Benign
6,115968182,21,17,1214,4826,872,0,57.809525,192.51822,1448,0,283.88235,520.56445,52.0832515939588,0.327676086187158,3134275.2,4618105.0,10004935,1,115968182,5798409.0,4931180.0,10019920,3,110314181,6894636.5,4781565.0,10020170,66,0,0,0,0,680,552,0.18108416,0.14659193,0,1448,154.8718,383.26282,146890.38,0,0,0,1,0,0,0,0,0,158.94737,57.809525,283.88235,0,0,0,0,0,0,21,1214,17,4826,29200,63,4,32,29789.916,50793.316,191080,14969,9634225.0,1258267.0,10004935,5638870,Benign
17,175,2,2,64,180,32,32,32.0,0.0,90,90,90.0,0.0,1394285.71428571,22857.1428571429,58.333332,61.533188,124,2,49,49.0,0.0,49,49,2,2.0,0.0,2,2,0,0,0,0,64,64,11428.571,11428.571,32,90,55.2,31.767908,1009.2,0,0,0,0,0,0,0,0,1,69.0,32.0,90.0,0,0,0,0,0,0,2,64,2,180,-1,-1,1,32,0.0,0.0,0,0,0.0,0.0,0,0,Benign
17,31099,2,2,74,262,37,37,37.0,0.0,131,131,131.0,0.0,10804.20592302,128.621499083572,10366.333,17949.82,31093,3,3,3.0,0.0,3,3,3,3.0,0.0,3,3,0,0,0,0,64,64,64.31075,64.31075,37,131,74.6,51.48592,2650.8,0,0,0,0,0,0,0,0,1,93.25,37.0,131.0,0,0,0,0,0,0,2,74,2,262,-1,-1,1,32,0.0,0.0,0,0,0.0,0.0,0,0,Benign
17,206,2,2,62,94,31,31,31.0,0.0,47,47,47.0,0.0,757281.553398058,19417.4757281553,68.666664,114.60512,201,2,3,3.0,0.0,3,3,2,2.0,0.0,2,2,0,0,0,0,64,64,9708.738,9708.738,31,47,37.4,8.763561,76.8,0,0,0,0,0,0,0,0,1,46.75,31.0,47.0,0,0,0,0,0,0,2,62,2,94,-1,-1,1,32,0.0,0.0,0,0,0.0,0.0,0,0,Benign
6,16414,2,0,12,0,6,6,6.0,0.0,0,0,0.0,0.0,731.083221640063,121.847203606677,16414.0,0.0,16414,16414,16414,16414.0,0.0,16414,16414,0,0.0,0.0,0,0,0,0,0,0,40,0,121.847206,0.0,6,6,6.0,0.0,0.0,0,0,0,0,1,0,0,0,0,9.0,6.0,0.0,0,0,0,0,0,0,2,12,0,0,63572,-1,1,20,0.0,0.0,0,0,0.0,0.0,0,0,Benign
17,279,2,2,94,452,47,47,47.0,0.0,226,226,226.0,0.0,1956989.24731183,14336.917562724,93.0,119.05881,228,3,3,3.0,0.0,3,3,48,48.0,0.0,48,48,0,0,0,0,64,64,7168.459,7168.459,47,226,118.6,98.042336,9612.3,0,0,0,0,0,0,0,0,1,148.25,47.0,226.0,0,0,0,0,0,0,2,94,2,452,-1,-1,1,32,0.0,0.0,0,0,0.0,0.0,0,0,Benign
17,164982,2,2,72,296,36,36,36.0,0.0,148,148,148.0,0.0,2230.5463626335,24.2450691590598,54994.0,95084.44,164788,4,190,190.0,0.0,190,190,4,4.0,0.0,4,4,0,0,0,0,64,40,12.122535,12.122535,36,148,80.8,61.344925,3763.2,0,0,0,0,0,0,0,0,1,101.0,36.0,148.0,0,0,0,0,0,0,2,72,2,296,-1,-1,1,32,0.0,0.0,0,0,0.0,0.0,0,0,Benign
17,452,1,1,52,68,52,52,52.0,0.0,68,68,68.0,0.0,265486.725663717,4424.77876106195,452.0,0.0,452,452,0,0.0,0.0,0,0,0,0.0,0.0,0,0,0,0,0,0,20,20,2212.3894,2212.3894,52,68,57.333332,9.237604,85.333336,0,0,0,0,0,0,0,0,1,86.0,52.0,68.0,0,0,0,0,0,0,1,52,1,68,-1,-1,0,20,0.0,0.0,0,0,0.0,0.0,0,0,Benign
6,24977343,4,0,55,0,37,6,13.75,15.5,0,0,0.0,0.0,2.20199562459466,0.160145136334157,8325781.0,14420587.0,24977241,3,24977343,8325781.0,14420587.0,24977241,3,0,0.0,0.0,0,0,0,0,0,0,80,0,0.16014513,0.0,6,37,12.2,13.863622,192.2,0,0,0,0,1,0,0,0,0,15.25,13.75,0.0,0,0,0,0,0,0,4,55,0,0,65535,-1,3,20,3.0,0.0,3,3,24977240.0,0.0,24977241,24977241,Benign
6,119343908,10,10,881,351,461,6,88.1,144.70541,72,6,35.1,26.900846,10.3231075690935,0.167582915082687,6281258.5,18435898.0,58934387,4,119343908,13260434.0,25724862.0,58934387,50,119235447,13248383.0,25744934.0,59020968,4,1,0,0,0,200,200,0.08379146,0.08379146,6,461,80.61905,134.33893,18046.947,0,1,0,0,1,0,0,0,1,84.65,88.1,35.1,0,0,0,0,0,0,10,881,10,351,253,435,9,20,1044179.5,1353886.8,2001522,86837,58584330.0,495056.06,58934387,58234272,Benign
17,61560,2,2,68,180,34,34,34.0,0.0,90,90,90.0,0.0,4028.58999350227,64.9772579597141,20520.0,35499.254,61511,1,1,1.0,0.0,1,1,48,48.0,0.0,48,48,0,0,0,0,40,40,32.48863,32.48863,34,90,56.4,30.672462,940.8,0,0,0,0,0,0,0,0,1,70.5,34.0,90.0,0,0,0,0,0,0,2,68,2,180,-1,-1,1,20,0.0,0.0,0,0,0.0,0.0,0,0,Benign
17,59651,4,2,176,200,44,44,44.0,0.0,100,100,100.0,0.0,6303.33104222897,100.585069822803,11930.2,20775.488,47981,3,47987,15995.667,27700.111,47981,3,4,4.0,0.0,4,4,0,0,0,0,104,40,67.05672,33.52836,44,100,60.0,27.325203,746.6667,0,0,0,0,0,0,0,0,0,70.0,44.0,100.0,0,0,0,0,0,0,4,176,2,200,-1,-1,3,20,0.0,0.0,0,0,0.0,0.0,0,0,Benign
17,51473,2,2,72,114,36,36,36.0,0.0,57,57,57.0,0.0,3613.54496532162,77.7106444155188,17157.666,29713.621,51468,1,1,1.0,0.0,1,1,4,4.0,0.0,4,4,0,0,0,0,64,64,38.855324,38.855324,36,57,44.4,11.502173,132.3,0,0,0,0,0,0,0,0,1,55.5,36.0,57.0,0,0,0,0,0,0,2,72,2,114,-1,-1,1,32,0.0,0.0,0,0,0.0,0.0,0,0,Benign
17,66094282,2,2,96,96,48,48,48.0,0.0,48,48,48.0,0.0,2.9049411566344,0.060519607429883,22031428.0,37996388.0,65905876,94000,65999876,65999876.0,0.0,65999876,65999876,66000282,66000280.0,0.0,66000282,66000282,0,0,0,0,40,52,0.030259803,0.030259803,48,48,48.0,0.0,0.0,0,0,0,0,0,0,0,0,1,60.0,48.0,48.0,0,0,0,0,0,0,2,96,2,96,-1,-1,1,20,94000.0,0.0,94000,94000,65905876.0,0.0,65905876,65905876,Benign
17,47690,1,1,56,116,56,56,56.0,0.0,116,116,116.0,0.0,3606.62612707066,41.9375131054728,47690.0,0.0,47690,47690,0,0.0,0.0,0,0,0,0.0,0.0,0,0,0,0,0,0,32,32,20.968756,20.968756,56,116,76.0,34.641018,1200.0,0,0,0,0,0,0,0,0,1,114.0,56.0,116.0,0,0,0,0,0,0,1,56,1,116,-1,-1,0,32,0.0,0.0,0,0,0.0,0.0,0,0,Benign
17,216,2,2,86,388,43,43,43.0,0.0,194,194,194.0,0.0,2194444.44444444,18518.5185185185,72.0,118.64653,209,3,4,4.0,0.0,4,4,3,3.0,0.0,3,3,0,0,0,0,40,40,9259.259,9259.259,43,194,103.4,82.70611,6840.3,0,0,0,0,0,0,0,0,1,129.25,43.0,194.0,0,0,0,0,0,0,2,86,2,388,-1,-1,1,20,0.0,0.0,0,0,0.0,0.0,0,0,Benign
6,181606,2,1,12,0,6,6,6.0,0.0,0,0,0.0,0.0,66.077111989692,16.519277997423,90803.0,128346.95,181558,48,48,48.0,0.0,48,48,0,0.0,0.0,0,0,0,0,0,0,40,32,11.012852,5.506426,0,6,4.5,3.0,9.0,1,0,0,0,0,0,0,0,0,6.0,6.0,0.0,0,0,0,0,0,0,2,12,1,0,0,114,1,20,0.0,0.0,0,0,0.0,0.0,0,0,Benign
17,46381,2,2,74,208,37,37,37.0,0.0,104,104,104.0,0.0,6080.0758931459,86.2422112502965,15460.333,26734.791,46331,3,47,47.0,0.0,47,47,3,3.0,0.0,3,3,0,0,0,0,64,40,43.121105,43.121105,37,104,63.8,36.69741,1346.7,0,0,0,0,0,0,0,0,1,79.75,37.0,104.0,0,0,0,0,0,0,2,74,2,208,-1,-1,1,32,0.0,0.0,0,0,0.0,0.0,0,0,Benign
6,1801121,10,6,720,1151,469,0,72.0,147.70842,1013,0,191.83333,406.05734,1038.79750444307,8.88335653184878,120074.734,255650.22,983784,3,1801121,200124.56,314193.22,983784,3,766535,153307.0,157288.56,356520,467,0,0,0,0,332,200,5.552098,3.3312588,0,1013,110.05882,260.70734,67968.31,0,0,0,1,0,0,0,0,0,116.9375,72.0,191.83333,0,0,0,0,0,0,10,720,6,1151,65535,114,5,32,0.0,0.0,0,0,0.0,0.0,0,0,Benign
6,1311158,41,44,2664,6954,456,0,64.97561,109.86457,976,0,158.04546,312.67526,7335.50037447813,64.8281900426951,15609.023,104504.15,953014,0,1311158,32778.95,159000.1,996083,1,358040,8326.512,20741.734,98561,0,0,0,0,0,1328,1424,31.270067,33.55812,0,976,111.83721,239.68684,57449.785,0,0,0,1,0,0,0,0,1,113.15294,64.97561,158.04546,0,0,0,0,0,0,41,2664,44,6954,29200,243,24,32,0.0,0.0,0,0,0.0,0.0,0,0,Benign
17,253,2,2,60,344,30,30,30.0,0.0,172,172,172.0,0.0,1596837.94466403,15810.2766798419,84.333336,134.92343,240,1,12,12.0,0.0,12,12,1,1.0,0.0,1,1,0,0,0,0,64,64,7905.138,7905.138,30,172,86.8,77.7766,6049.2,0,0,0,0,0,0,0,0,1,108.5,30.0,172.0,0,0,0,0,0,0,2,60,2,344,-1,-1,1,32,0.0,0.0,0,0,0.0,0.0,0,0,Benign
6,5878919,8,5,379,3298,198,0,47.375,73.90136,1590,0,659.6,797.3298,625.455121936533,2.2112908852801,489909.9,1645568.1,5714957,3,5878919,839845.56,2149927.0,5714957,3,81044,20261.0,22549.078,39830,248,0,0,0,0,172,112,1.3607944,0.8504965,0,1590,262.64285,541.2768,292980.56,0,0,0,1,0,0,0,0,0,282.84616,47.375,659.6,0,0,0,0,0,0,8,379,5,3298,8192,123,7,20,163959.0,0.0,163959,163959,5714957.0,0.0,5714957,5714957,Benign
17,30722,1,1,61,89,61,61,61.0,0.0,89,89,89.0,0.0,4882.49462925591,65.0999283900788,30722.0,0.0,30722,30722,0,0.0,0.0,0,0,0,0.0,0.0,0,0,0,0,0,0,32,32,32.549965,32.549965,61,89,70.333336,16.165808,261.33334,0,0,0,0,0,0,0,0,1,105.5,61.0,89.0,0,0,0,0,0,0,1,61,1,89,-1,-1,0,32,0.0,0.0,0,0,0.0,0.0,0,0,Benign
6,15348386,67,86,992,161867,517,0,14.80597,78.88566,4344,0,1882.1744,1019.59015,10610.822532089,9.96847486113524,100976.23,890677.3,9996027,1,10632243,161094.6,1229491.9,9996027,2,15254974,179470.28,1197703.1,10090851,1,0,0,0,0,2152,2760,4.3652797,5.603195,0,4344,1057.526,1202.4557,1445899.8,0,0,0,1,0,0,0,0,1,1064.4379,14.80597,1882.1744,0,0,0,0,0,0,67,992,86,161867,29200,1944,3,32,636216.0,0.0,636216,636216,9996027.0,0.0,9996027,9996027,Benign
6,71495,11,6,1158,2160,885,0,105.27273,262.1683,1397,0,360.0,560.1596,46408.8397790055,237.778865654941,4468.4375,6781.6626,17697,25,71495,7149.5,10653.462,31665,49,49495,9899.0,8649.342,17697,187,0,0,0,0,244,132,153.85692,83.92195,0,1397,184.33333,386.85034,149653.17,0,0,0,1,0,0,0,0,0,195.17647,105.27273,360.0,0,0,0,0,0,0,11,1158,6,2160,65535,32,10,20,0.0,0.0,0,0,0.0,0.0,0,0,Benign
17,337856,2,2,76,286,38,38,38.0,0.0,143,143,143.0,0.0,1071.46239818147,11.8393635158174,112618.664,195056.06,337850,3,3,3.0,0.0,3,3,3,3.0,0.0,3,3,0,0,0,0,64,64,5.9196815,5.9196815,38,143,80.0,57.510868,3307.5,0,0,0,0,0,0,0,0,1,100.0,38.0,143.0,0,0,0,0,0,0,2,76,2,286,-1,-1,1,32,0.0,0.0,0,0,0.0,0.0,0,0,Benign
6,4845104,5,1,135,46,46,6,27.0,20.12461,46,46,46.0,0.0,37.3572992447634,1.23836351087613,969020.8,2114032.5,4750539,4,4845104,1211276.0,2359834.5,4750539,4,0,0.0,0.0,0,0,1,0,0,0,100,20,1.0319695,0.20639391,6,46,32.42857,18.866701,355.9524,0,1,0,0,1,0,0,0,0,37.833332,27.0,46.0,0,0,0,0,0,0,5,135,1,46,253,351,4,20,0.0,0.0,0,0,0.0,0.0,0,0,Benign
17,30595,1,1,86,166,86,86,86.0,0.0,166,166,166.0,0.0,8236.63997385194,65.3701585226344,30595.0,0.0,30595,30595,0,0.0,0.0,0,0,0,0.0,0.0,0,0,0,0,0,0,20,20,32.685078,32.685078,86,166,112.666664,46.188023,2133.3333,0,0,0,0,0,0,0,0,1,169.0,86.0,166.0,0,0,0,0,0,0,1,86,1,166,-1,-1,0,20,0.0,0.0,0,0,0.0,0.0,0,0,Benign
17,66474998,6,4,308,486,74,40,51.333332,17.557524,137,106,121.5,17.897858,11.9443403367985,0.150432497944566,7386111.0,22146686.0,66443935,3,66474840,13294968.0,29711328.0,66444203,3,66444100,22148034.0,38361510.0,66444093,3,0,0,0,0,120,80,0.0902595,0.060172997,40,137,75.818184,39.660606,1572.9636,0,0,0,0,0,0,0,0,0,83.4,51.333332,121.5,0,0,0,0,0,0,6,308,4,486,-1,-1,5,20,30902.0,0.0,30902,30902,66443936.0,0.0,66443935,66443935,Benign
6,54,1,1,0,0,0,0,0.0,0.0,0,0,0.0,0.0,0.0,37037.037037037,54.0,0.0,54,54,0,0.0,0.0,0,0,0,0.0,0.0,0,0,0,0,0,0,32,32,18518.518,18518.518,0,0,0.0,0.0,0.0,0,0,0,0,1,1,0,0,1,0.0,0.0,0.0,0,0,0,0,0,0,1,0,1,0,118,244,0,32,0.0,0.0,0,0,0.0,0.0,0,0,Benign
17,278,2,2,58,190,29,29,29.0,0.0,95,95,95.0,0.0,892086.330935252,14388.4892086331,92.666664,158.77132,276,1,1,1.0,0.0,1,1,1,1.0,0.0,1,1,0,0,0,0,64,64,7194.2446,7194.2446,29,95,55.4,36.14969,1306.8,0,0,0,0,0,0,0,0,1,69.25,29.0,95.0,0,0,0,0,0,0,2,58,2,190,-1,-1,1,32,0.0,0.0,0,0,0.0,0.0,0,0,Benign
6,6028961,4,2,0,0,0,0,0.0,0.0,0,0,0.0,0.0,0.0,0.995196353069791,1205792.2,1923790.8,4529206,50,6028961,2009653.6,2231321.2,4529206,283309,1216453,1216453.0,0.0,1216453,1216453,0,0,0,0,136,80,0.66346425,0.33173212,0,0,0.0,0.0,0.0,0,0,0,1,0,0,0,0,0,0.0,0.0,0.0,0,0,0,0,0,0,4,0,2,0,29200,11584,0,32,0.0,0.0,0,0,0.0,0.0,0,0,Benign
17,251,2,2,84,228,42,42,42.0,0.0,114,114,114.0,0.0,1243027.88844622,15936.2549800797,83.666664,104.40945,201,1,1,1.0,0.0,1,1,49,49.0,0.0,49,49,0,0,0,0,80,80,7968.1274,7968.1274,42,114,70.8,39.436024,1555.2,0,0,0,0,0,0,0,0,1,88.5,42.0,114.0,0,0,0,0,0,0,2,84,2,228,-1,-1,1,40,0.0,0.0,0,0,0.0,0.0,0,0,Benign
6,9058368,9,6,1344,1764,526,0,149.33333,220.75269,1318,0,294.0,514.41736,343.108162529939,1.65592742533754,647026.3,1854222.5,6827337,3,9058368,1132296.0,2399539.8,6827337,125,7004502,1400900.4,3074497.0,6900543,3,0,0,0,0,192,132,0.99355644,0.662371,0,1318,194.25,349.1486,121904.734,0,0,0,1,0,0,0,0,0,207.2,149.33333,294.0,0,0,0,0,0,0,9,1344,6,1764,8192,118,8,20,175160.0,0.0,175160,175160,6827337.0,0.0,6827337,6827337,Benign
17,83107,1,1,49,147,49,49,49.0,0.0,147,147,147.0,0.0,2358.40542914556,24.0653615218935,83107.0,0.0,83107,83107,0,0.0,0.0,0,0,0,0.0,0.0,0,0,0,0,0,0,32,32,12.0326805,12.0326805,49,147,81.666664,56.580326,3201.3333,0,0,0,0,0,0,0,0,1,122.5,49.0,147.0,0,0,0,0,0,0,1,49,1,147,-1,-1,0,32,0.0,0.0,0,0,0.0,0.0,0,0,Benign
17,82317,1,1,54,108,54,54,54.0,0.0,108,108,108.0,0.0,1968.00174933489,24.2963178930233,82317.0,0.0,82317,82317,0,0.0,0.0,0,0,0,0.0,0.0,0,0,0,0,0,0,32,32,12.148159,12.148159,54,108,72.0,31.176914,972.0,0,0,0,0,0,0,0,0,1,108.0,54.0,108.0,0,0,0,0,0,0,1,54,1,108,-1,-1,0,32,0.0,0.0,0,0,0.0,0.0,0,0,Benign
6,5039136,7,4,617,164,517,0,88.14286,189.98897,152,0,41.0,74.05403,154.986886640884,2.18291389635049,503913.6,1558665.9,4939631,3,5039136,839856.0,2037537.9,4998916,3,79899,26633.0,30247.729,59697,354,0,0,0,0,160,92,1.389127,0.7937869,0,517,65.083336,148.72333,22118.629,0,0,0,1,0,0,0,0,0,71.0,88.14286,41.0,0,0,0,0,0,0,7,617,4,164,29200,30,6,20,0.0,0.0,0,0,0.0,0.0,0,0,Benign
6,116851053,23,21,1108,13755,399,0,48.173912,127.52492,2836,0,655.0,952.348,127.19611521173,0.376547740652367,2717466.2,4393534.5,10023197,16,116851053,5311411.5,4953983.5,10059912,92,111863360,5593168.0,5059139.5,10060175,83,0,0,0,0,744,680,0.19683178,0.17971596,0,2836,330.28888,717.4914,514793.9,0,0,0,1,0,0,0,0,0,337.79544,48.173912,655.0,0,0,0,0,0,0,23,1108,21,13755,29200,357,3,32,158159.1,402227.62,1370921,36683,10011226.0,4937.9155,10023197,10001224,Benign
17,31513,4,2,140,240,35,35,35.0,0.0,120,120,120.0,0.0,12058.515533272,190.397613683242,6302.6,13368.269,30197,1,30249,10083.0,17419.248,30197,4,1,1.0,0.0,1,1,0,0,0,0,80,40,126.93174,63.46587,35,120,59.285713,41.475754,1720.238,0,0,0,0,0,0,0,0,0,69.166664,35.0,120.0,0,0,0,0,0,0,4,140,2,240,-1,-1,3,20,0.0,0.0,0,0,0.0,0.0,0,0,Benign
17,48551,2,2,70,366,35,35,35.0,0.0,183,183,183.0,0.0,8980.24757471525,82.3875924285803,16183.667,27965.135,48475,4,4,4.0,0.0,4,4,72,72.0,0.0,72,72,0,0,0,0,64,64,41.193798,41.193798,35,183,94.2,81.062935,6571.2,0,0,0,0,0,0,0,0,1,117.75,35.0,183.0,0,0,0,0,0,0,2,70,2,366,-1,-1,1,32,0.0,0.0,0,0,0.0,0.0,0,0,Benign
17,47735584,2,2,91,285,47,44,45.5,2.1213202,167,118,142.5,34.64823,7.87672357794973,0.083794931680316,15911861.0,27444844.0,47602345,438,47602783,47602784.0,0.0,47602783,47602783,47735146,47735144.0,0.0,47735146,47735146,0,0,0,0,64,72,0.041897465,0.041897465,44,167,84.0,56.156033,3153.5,0,0,0,0,0,0,0,0,1,105.0,45.5,142.5,0,0,0,0,0,0,2,91,2,285,-1,-1,1,32,438.0,0.0,438,438,47602344.0,0.0,47602345,47602345,Benign
6,248868,10,7,575,4164,185,0,57.5,72.13298,1460,0,594.8571,680.2312,19042.2231865889,68.309304530916,15554.25,22540.725,66075,3,248868,27652.0,24928.82,66075,3,158854,26475.666,44636.5,110278,4,0,0,0,0,212,152,40.181942,28.127361,0,1460,263.27777,490.22742,240322.92,0,0,0,1,0,0,0,0,0,278.7647,57.5,594.8571,0,0,0,0,0,0,10,575,7,4164,8192,119,9,20,0.0,0.0,0,0,0.0,0.0,0,0,Benign
17,46757,2,2,58,172,29,29,29.0,0.0,86,86,86.0,0.0,4919.04955407746,85.5486878969994,15585.667,26951.008,46706,3,3,3.0,0.0,3,3,48,48.0,0.0,48,48,0,0,0,0,64,40,42.774345,42.774345,29,86,51.8,31.220186,974.7,0,0,0,0,0,0,0,0,1,64.75,29.0,86.0,0,0,0,0,0,0,2,58,2,172,-1,-1,1,32,0.0,0.0,0,0,0.0,0.0,0,0,Benign
17,165,2,2,70,174,35,35,35.0,0.0,87,87,87.0,0.0,1478787.87878788,24242.4242424242,55.0,90.06664,159,3,3,3.0,0.0,3,3,3,3.0,0.0,3,3,0,0,0,0,64,64,12121.212,12121.212,35,87,55.8,28.481573,811.2,0,0,0,0,0,0,0,0,1,69.75,35.0,87.0,0,0,0,0,0,0,2,70,2,174,-1,-1,1,32,0.0,0.0,0,0,0.0,0.0,0,0,Benign
6,106,2,1,0,0,0,0,0.0,0.0,0,0,0.0,0.0,0.0,28301.8867924528,53.0,69.29646,102,4,4,4.0,0.0,4,4,0,0.0,0.0,0,0,0,0,0,0,64,32,18867.924,9433.962,0,0,0.0,0.0,0.0,0,0,0,0,1,1,0,0,0,0.0,0.0,0.0,0,0,0,0,0,0,2,0,1,0,362,32832,0,32,0.0,0.0,0,0,0.0,0.0,0,0,Benign
17,70853,4,4,120,528,30,30,30.0,0.0,132,132,132.0,0.0,9145.69601851721,112.909827389101,10121.857,26575.99,70390,1,70561,23520.334,40734.082,70556,1,70686,23562.0,40807.117,70682,1,0,0,0,0,104,104,56.454914,56.454914,30,132,75.333336,53.75872,2890.0,0,0,0,0,0,0,0,0,1,84.75,30.0,132.0,0,0,0,0,0,0,4,120,4,528,-1,-1,3,20,0.0,0.0,0,0,0.0,0.0,0,0,Benign
6,393015,3,4,436,871,430,0,145.33333,246.54681,859,0,217.75,427.50937,3325.57281528695,17.8110250244902,65502.5,137698.55,345632,3,369152,184576.0,227767.58,345632,23520,369652,123217.336,212881.11,369031,3,0,0,0,0,72,92,7.6332965,10.177729,0,859,163.375,318.33447,101336.836,0,0,0,1,0,0,0,0,1,186.71428,145.33333,217.75,0,0,0,0,0,0,3,436,4,871,8192,31,2,20,0.0,0.0,0,0,0.0,0.0,0,0,Benign
17,115175,2,2,66,330,33,33,33.0,0.0,165,165,165.0,0.0,3438.24614716735,34.7297590622965,38391.668,66482.46,115159,3,13,13.0,0.0,13,13,3,3.0,0.0,3,3,0,0,0,0,64,40,17.36488,17.36488,33,165,85.8,72.29938,5227.2,0,0,0,0,0,0,0,0,1,107.25,33.0,165.0,0,0,0,0,0,0,2,66,2,330,-1,-1,1,32,0.0,0.0,0,0,0.0,0.0,0,0,Benign
17,512882,1,1,46,72,46,46,46.0,0.0,72,72,72.0,0.0,230.072414317523,3.89953244605972,512882.0,0.0,512882,512882,0,0.0,0.0,0,0,0,0.0,0.0,0,0,0,0,0,0,20,32,1.9497663,1.9497663,46,72,54.666668,15.011107,225.33333,0,0,0,0,0,0,0,0,1,82.0,46.0,72.0,0,0,0,0,0,0,1,46,1,72,-1,-1,0,20,0.0,0.0,0,0,0.0,0.0,0,0,Benign
6,30765164,13,13,2729,5515,1366,0,209.92308,438.19144,1743,0,424.23077,660.9271,267.965416989163,0.845111698413179,1230606.5,3292253.0,10004230,3,20801841,1733486.8,3862937.2,10039977,187,30729207,2560767.2,4487366.0,10039958,3,0,0,0,0,280,272,0.42255586,0.42255586,0,1743,305.33334,552.66425,305437.78,0,0,0,1,0,0,0,0,1,317.07693,209.92308,424.23077,0,0,0,0,0,0,13,2729,13,5515,29200,69,12,20,291115.34,442327.38,801871,35728,9963938.0,38471.027,10004230,9927592,Benign
17,62151,4,2,124,748,31,31,31.0,0.0,374,374,374.0,0.0,14030.3454489871,96.5390741902785,12430.2,16991.377,31267,4,30880,10293.333,17774.89,30818,14,4,4.0,0.0,4,4,0,0,0,0,104,40,64.35938,32.17969,31,374,129.0,167.36687,28011.666,0,0,0,0,0,0,0,0,0,150.5,31.0,374.0,0,0,0,0,0,0,4,124,2,748,-1,-1,3,20,0.0,0.0,0,0,0.0,0.0,0,0,Benign
6,370049,15,11,974,7419,469,0,64.933334,134.26598,1581,0,674.4545,743.4742,22680.780112904,70.260965439712,14801.96,27476.117,91909,1,370049,26432.072,36608.17,111268,1,308075,30807.5,48708.39,132010,1,0,0,0,0,492,360,40.53517,29.725794,0,1581,310.85184,562.8897,316844.8,0,0,0,1,0,0,0,0,0,322.80768,64.933334,674.4545,0,0,0,0,0,0,15,974,11,7419,65535,179,6,32,0.0,0.0,0,0,0.0,0.0,0,0,Benign
17,224,2,2,64,188,32,32,32.0,0.0,94,94,94.0,0.0,1125000.0,17857.1428571429,74.666664,90.97985,176,0,0,0.0,0.0,0,0,48,48.0,0.0,48,48,0,0,0,0,80,80,8928.571,8928.571,32,94,56.8,33.958797,1153.2,0,0,0,0,0,0,0,0,1,71.0,32.0,94.0,0,0,0,0,0,0,2,64,2,188,-1,-1,1,40,0.0,0.0,0,0,0.0,0.0,0,0,Benign
17,61468,1,1,42,131,42,42,42.0,0.0,131,131,131.0,0.0,2814.4725710939,32.5372551571549,61468.0,0.0,61468,61468,0,0.0,0.0,0,0,0,0.0,0.0,0,0,0,0,0,0,32,32,16.268627,16.268627,42,131,71.666664,51.384174,2640.3333,0,0,0,0,0,0,0,0,1,107.5,42.0,131.0,0,0,0,0,0,0,1,42,1,131,-1,-1,0,32,0.0,0.0,0,0,0.0,0.0,0,0,Benign
6,5452983,3,1,12,0,6,0,4.0,3.4641016,0,0,0.0,0.0,2.20063037056965,0.73354345685655,1817661.0,3074300.0,5367212,40,5452983,2726491.5,3734542.8,5367212,85771,0,0.0,0.0,0,0,0,0,0,0,72,32,0.5501576,0.18338586,0,6,2.4,3.2863352,10.8,0,0,0,1,0,0,0,0,0,3.0,4.0,0.0,0,0,0,0,0,0,3,12,1,0,8192,29200,2,20,0.0,0.0,0,0,0.0,0.0,0,0,Benign
17,23674,2,2,94,268,47,47,47.0,0.0,134,134,134.0,0.0,15291.0365802146,168.961730168117,7891.3335,13662.128,23667,3,3,3.0,0.0,3,3,4,4.0,0.0,4,4,0,0,0,0,64,40,84.480865,84.480865,47,134,81.8,47.651863,2270.7,0,0,0,0,0,0,0,0,1,102.25,47.0,134.0,0,0,0,0,0,0,2,94,2,268,-1,-1,1,32,0.0,0.0,0,0,0.0,0.0,0,0,Benign
6,2375372,12,11,1081,6654,613,0,90.083336,184.06691,2896,0,604.9091,942.5049,3256.33206083089,9.6826939106801,107971.45,408697.22,1919358,3,456010,41455.453,79078.33,269997,3,2332955,233295.5,600138.3,1919454,4,0,0,0,0,396,360,5.0518403,4.6308537,0,2896,322.29166,687.951,473276.56,0,0,0,1,0,0,0,0,0,336.30435,90.083336,604.9091,0,0,0,0,0,0,12,1081,11,6654,65535,70,5,32,0.0,0.0,0,0,0.0,0.0,0,0,Benign
6,5,3,1,43,6,31,6,14.333333,14.433757,6,6,6.0,0.0,9800000.0,800000.0,1.6666666,1.1547005,3,1,4,2.0,1.4142135,3,1,0,0.0,0.0,0,0,0,0,0,0,60,20,600000.0,200000.0,6,31,11.0,11.18034,125.0,0,0,0,0,1,0,0,0,0,13.75,14.333333,6.0,0,0,0,0,0,0,3,43,1,6,980,0,2,20,0.0,0.0,0,0,0.0,0.0,0,0,Benign
6,457479,13,9,963,4366,485,0,74.07692,145.09103,1398,0,485.1111,613.46747,11648.6221225455,48.0896390872586,21784.715,58472.74,264574,0,457479,38123.25,74633.42,264574,0,400210,50026.25,102478.625,296016,48,0,0,0,0,428,296,28.416605,19.673035,0,1398,231.69565,437.86572,191726.4,0,0,0,1,0,0,0,0,0,242.22728,74.07692,485.1111,0,0,0,0,0,0,13,963,9,4366,65535,118,6,32,0.0,0.0,0,0,0.0,0.0,0,0,Benign
17,194,2,2,92,124,46,46,46.0,0.0,62,62,62.0,0.0,1113402.06185567,20618.5567010309,64.666664,71.4726,143,3,3,3.0,0.0,3,3,48,48.0,0.0,48,48,0,0,0,0,64,64,10309.278,10309.278,46,62,52.4,8.763561,76.8,0,0,0,0,0,0,0,0,1,65.5,46.0,62.0,0,0,0,0,0,0,2,92,2,124,-1,-1,1,32,0.0,0.0,0,0,0.0,0.0,0,0,Benign
6,95,1,1,6,6,6,6,6.0,0.0,6,6,6.0,0.0,126315.789473684,21052.6315789474,95.0,0.0,95,95,0,0.0,0.0,0,0,0,0.0,0.0,0,0,0,0,0,0,20,20,10526.315,10526.315,6,6,6.0,0.0,0.0,0,0,0,0,1,1,0,0,1,9.0,6.0,6.0,0,0,0,0,0,0,1,6,1,6,106,256,0,20,0.0,0.0,0,0,0.0,0.0,0,0,Benign
6,5,3,0,88,0,51,6,29.333334,22.54625,0,0,0.0,0.0,17600000.0,600000.0,2.5,2.1213202,4,1,5,2.5,2.1213202,4,1,0,0.0,0.0,0,0,1,0,0,0,60,0,600000.0,0.0,6,51,34.75,21.36001,456.25,0,1,0,0,1,0,0,0,0,46.333332,29.333334,0.0,0,0,0,0,0,0,3,88,0,0,110,-1,2,20,0.0,0.0,0,0,0.0,0.0,0,0,Benign
17,30757,2,2,80,202,40,40,40.0,0.0,101,101,101.0,0.0,9168.64453620314,130.051695548981,10252.333,17754.098,30753,1,3,3.0,0.0,3,3,1,1.0,0.0,1,1,0,0,0,0,64,48,65.02585,65.02585,40,101,64.4,33.411076,1116.3,0,0,0,0,0,0,0,0,1,80.5,40.0,101.0,0,0,0,0,0,0,2,80,2,202,-1,-1,1,32,0.0,0.0,0,0,0.0,0.0,0,0,Benign
17,31142,2,2,86,342,43,43,43.0,0.0,171,171,171.0,0.0,13743.4975274549,128.443902125747,10380.667,17975.512,31137,2,3,3.0,0.0,3,3,2,2.0,0.0,2,2,0,0,0,0,40,40,64.221954,64.221954,43,171,94.2,70.10849,4915.2,0,0,0,0,0,0,0,0,1,117.75,43.0,171.0,0,0,0,0,0,0,2,86,2,342,-1,-1,1,20,0.0,0.0,0,0,0.0,0.0,0,0,Benign
17,193,2,2,80,180,40,40,40.0,0.0,90,90,90.0,0.0,1347150.25906736,20725.3886010363,64.333336,104.5004,185,4,4,4.0,0.0,4,4,4,4.0,0.0,4,4,0,0,0,0,64,64,10362.694,10362.694,40,90,60.0,27.386127,750.0,0,0,0,0,0,0,0,0,1,75.0,40.0,90.0,0,0,0,0,0,0,2,80,2,180,-1,-1,1,32,0.0,0.0,0,0,0.0,0.0,0,0,Benign
17,17909225,17,13,2823,2068,1350,23,166.05882,317.71597,1350,27,159.07692,359.74887,273.099478062284,1.67511436145339,617559.5,2777635.2,14961767,4,17847447,1115465.5,3717340.2,14961767,74,17857852,1488154.4,4291159.0,15023663,4,0,0,0,0,448,344,0.94923145,0.7258829,23,1350,201.32259,388.66983,151064.22,0,0,0,0,0,0,0,0,0,208.03334,166.05882,159.07692,0,0,0,0,0,0,17,2823,13,2068,-1,-1,16,20,2885680.0,0.0,2885680,2885680,14961767.0,0.0,14961767,14961767,Benign
6,384119,1,1,6,611,6,6,6.0,0.0,611,611,611.0,0.0,1606.27305600608,5.20671979256428,384119.0,0.0,384119,384119,0,0.0,0.0,0,0,0,0.0,0.0,0,0,0,0,0,0,20,20,2.60336,2.60336,6,611,207.66667,349.2969,122008.336,1,0,0,0,0,0,0,0,1,311.5,6.0,611.0,0,0,0,0,0,0,1,6,1,611,0,256,0,20,0.0,0.0,0,0,0.0,0.0,0,0,Benign
17,777465,2,2,62,162,31,31,31.0,0.0,81,81,81.0,0.0,288.115863736631,5.14492613815413,259155.0,448825.47,777414,3,48,48.0,0.0,48,48,3,3.0,0.0,3,3,0,0,0,0,64,88,2.572463,2.572463,31,81,51.0,27.386127,750.0,0,0,0,0,0,0,0,0,1,63.75,31.0,81.0,0,0,0,0,0,0,2,62,2,162,-1,-1,1,32,0.0,0.0,0,0,0.0,0.0,0,0,Benign
6,115478496,21,19,873,6951,422,0,41.57143,99.601494,1460,0,365.8421,597.27924,67.7528740935455,0.346384836879067,2960987.0,4543418.0,10010056,3,115478496,5773925.0,4944495.0,10033487,3,110367796,6131544.0,5022908.0,10033548,48,0,0,0,0,432,524,0.18185204,0.1645328,0,1460,190.82927,438.91873,192649.64,0,0,0,1,0,0,0,0,0,195.6,41.57143,365.8421,0,0,0,0,0,0,21,873,19,6951,8192,62,20,20,30682.166,25145.19,110528,23243,9592526.0,1418820.1,10010056,5087179,Benign
17,167,2,2,82,138,41,41,41.0,0.0,69,69,69.0,0.0,1317365.26946108,23952.0958083832,55.666668,57.492027,117,3,3,3.0,0.0,3,3,47,47.0,0.0,47,47,0,0,0,0,40,40,11976.048,11976.048,41,69,52.2,15.336231,235.2,0,0,0,0,0,0,0,0,1,65.25,41.0,69.0,0,0,0,0,0,0,2,82,2,138,-1,-1,1,20,0.0,0.0,0,0,0.0,0.0,0,0,Benign
6,58,1,1,0,0,0,0,0.0,0.0,0,0,0.0,0.0,0.0,34482.7586206897,58.0,0.0,58,58,0,0.0,0.0,0,0,0,0.0,0.0,0,0,0,0,0,0,32,32,17241.379,17241.379,0,0,0.0,0.0,0.0,0,0,0,0,1,1,0,0,1,0.0,0.0,0.0,0,0,0,0,0,0,1,0,1,0,294,291,0,32,0.0,0.0,0,0,0.0,0.0,0,0,Benign
6,115451923,16,14,528,985,444,0,33.0,109.61022,979,0,70.35714,261.5303,13.1050220791905,0.259848421927108,3981100.8,4858113.5,10015253,154,115451923,7696795.0,4126258.0,10046302,31297,110505600,8500431.0,3742105.0,10046204,3787,0,0,0,0,332,424,0.13858582,0.121262595,0,979,48.80645,189.9362,36075.76,0,0,0,1,0,0,0,0,0,50.433334,33.0,70.35714,0,0,0,0,0,0,16,528,14,985,8192,119,15,20,63343.91,107424.875,387242,30818,9982637.0,69287.836,10015253,9774565,Benign
17,30986,1,1,49,114,49,49,49.0,0.0,114,114,114.0,0.0,5260.44019879946,64.5452785128768,30986.0,0.0,30986,30986,0,0.0,0.0,0,0,0,0.0,0.0,0,0,0,0,0,0,32,20,32.27264,32.27264,49,114,70.666664,37.527767,1408.3334,0,0,0,0,0,0,0,0,1,106.0,49.0,114.0,0,0,0,0,0,0,1,49,1,114,-1,-1,0,32,0.0,0.0,0,0,0.0,0.0,0,0,Benign
17,31222,4,2,168,198,42,42,42.0,0.0,99,99,99.0,0.0,11722.5033630133,192.172186278906,6244.4,9830.901,22504,2,22553,7517.6665,12978.564,22504,2,2,2.0,0.0,2,2,0,0,0,0,80,40,128.11479,64.057396,42,99,58.285713,27.813152,773.5714,0,0,0,0,0,0,0,0,0,68.0,42.0,99.0,0,0,0,0,0,0,4,168,2,198,-1,-1,3,20,0.0,0.0,0,0,0.0,0.0,0,0,Benign
17,92106,1,1,47,192,47,47,47.0,0.0,192,192,192.0,0.0,2594.83638416607,21.7141120013897,92106.0,0.0,92106,92106,0,0.0,0.0,0,0,0,0.0,0.0,0,0,0,0,0,0,32,32,10.857056,10.857056,47,192,95.333336,83.71579,7008.3335,0,0,0,0,0,0,0,0,1,143.0,47.0,192.0,0,0,0,0,0,0,1,47,1,192,-1,-1,0,32,0.0,0.0,0,0,0.0,0.0,0,0,Benign
6,3,2,0,0,0,0,0,0.0,0.0,0,0,0.0,0.0,0.0,666666.666666667,3.0,0.0,3,3,3,3.0,0.0,3,3,0,0.0,0.0,0,0,0,0,0,0,64,0,666666.7,0.0,0,0,0.0,0.0,0.0,0,0,0,0,1,0,0,0,0,0.0,0.0,0.0,0,0,0,0,0,0,2,0,0,0,6196,-1,0,32,0.0,0.0,0,0,0.0,0.0,0,0,Benign
17,31879,2,2,66,522,33,33,33.0,0.0,261,261,261.0,0.0,18444.7441889645,125.474450265065,10626.333,18401.885,31875,1,1,1.0,0.0,1,1,3,3.0,0.0,3,3,0,0,0,0,40,40,62.737225,62.737225,33,261,124.2,124.880745,15595.2,0,0,0,0,0,0,0,0,1,155.25,33.0,261.0,0,0,0,0,0,0,2,66,2,522,-1,-1,1,20,0.0,0.0,0,0,0.0,0.0,0,0,Benign
17,52527731,2,2,167,331,86,81,83.5,3.535534,168,163,165.5,3.535534,9.4807064862558,0.076150252901653,17509244.0,30273388.0,52465941,30388,52496329,52496330.0,0.0,52496329,52496329,52497343,52497344.0,0.0,52497343,52497343,0,0,0,0,52,64,0.038075127,0.038075127,81,168,115.8,45.449974,2065.7,0,0,0,0,0,0,0,0,1,144.75,83.5,165.5,0,0,0,0,0,0,2,167,2,331,-1,-1,1,20,30388.0,0.0,30388,30388,52465940.0,0.0,52465941,52465941,Benign
6,63785784,52,31,12363,16065,765,0,237.75,298.187,1502,0,518.2258,393.91605,445.679244140042,1.30123038073813,777875.44,2614596.5,10029255,34,63785784,1250701.6,3251736.8,10080008,50,63734805,2124493.5,4041679.5,10080213,211,0,0,0,0,1672,1000,0.8152287,0.4860017,0,1502,338.42856,361.28183,130524.56,0,0,0,1,0,0,0,0,0,342.506,237.75,518.2258,0,0,0,0,0,0,52,12363,31,16065,29200,208,22,32,603599.0,1353972.1,3367383,50740,10023977.0,9318.87,10029255,10006074,Benign
6,90219034,19,17,161,102,53,6,8.473684,10.782539,6,6,6.0,0.0,2.91512764368548,0.399028878983564,2577686.8,4365180.0,10000040,4,90219034,5012168.5,5153669.5,10130882,4,81125263,5070329.0,5090887.0,10000040,140619,0,0,0,0,380,340,0.21059857,0.18843031,6,53,7.2702703,7.7267523,59.7027,0,0,0,0,1,0,0,0,0,7.4722223,8.473684,6.0,0,0,0,0,0,0,19,161,17,102,251,1026,18,20,139953.56,3456.403,141826,130791,9884383.0,345527.9,10000040,8962976,Benign
17,30583,2,2,102,202,51,51,51.0,0.0,101,101,101.0,0.0,9940.16283556224,130.791616257398,10194.333,17653.639,30579,1,1,1.0,0.0,1,1,3,3.0,0.0,3,3,0,0,0,0,40,40,65.395805,65.395805,51,101,71.0,27.386127,750.0,0,0,0,0,0,0,0,0,1,88.75,51.0,101.0,0,0,0,0,0,0,2,102,2,202,-1,-1,1,20,0.0,0.0,0,0,0.0,0.0,0,0,Benign
6,48,1,1,6,6,6,6,6.0,0.0,6,6,6.0,0.0,250000.0,41666.6666666667,48.0,0.0,48,48,0,0.0,0.0,0,0,0,0.0,0.0,0,0,0,0,0,0,20,20,20833.334,20833.334,6,6,6.0,0.0,0.0,0,0,0,0,1,1,0,0,1,9.0,6.0,6.0,0,0,0,0,0,0,1,6,1,6,16060,64240,0,20,0.0,0.0,0,0,0.0,0.0,0,0,Benign
17,31899,2,2,60,158,30,30,30.0,0.0,79,79,79.0,0.0,6834.07003354337,125.395780431988,10633.0,18374.477,31850,1,1,1.0,0.0,1,1,48,48.0,0.0,48,48,0,0,0,0,40,64,62.69789,62.69789,30,79,49.6,26.838406,720.3,0,0,0,0,0,0,0,0,1,62.0,30.0,79.0,0,0,0,0,0,0,2,60,2,158,-1,-1,1,20,0.0,0.0,0,0,0.0,0.0,0,0,Benign
17,132,2,2,58,90,29,29,29.0,0.0,45,45,45.0,0.0,1121212.12121212,30303.0303030303,44.0,70.14984,125,3,3,3.0,0.0,3,3,4,4.0,0.0,4,4,0,0,0,0,64,64,15151.516,15151.516,29,45,35.4,8.763561,76.8,0,0,0,0,0,0,0,0,1,44.25,29.0,45.0,0,0,0,0,0,0,2,58,2,90,-1,-1,1,32,0.0,0.0,0,0,0.0,0.0,0,0,Benign
6,117640908,24,22,915,16178,213,0,38.125,64.73848,2920,0,735.36365,831.4106,145.29809647508,0.391020443330818,2614242.5,12227369.0,58980801,3,117640908,5114822.0,16911022.0,58980801,4,117617218,5600820.0,17653272.0,59004683,3,0,0,0,0,512,452,0.20401067,0.18700978,0,2920,363.68085,664.7607,441906.75,0,0,0,1,0,0,0,0,0,371.58694,38.125,735.36365,0,0,0,0,0,0,24,915,22,16178,29200,292,22,20,132595.5,153864.31,241394,23797,58675900.0,431193.72,58980801,58371001,Benign
17,264,2,2,146,338,73,73,73.0,0.0,169,169,169.0,0.0,1833333.33333333,15151.5151515152,88.0,146.35915,257,3,4,4.0,0.0,4,4,3,3.0,0.0,3,3,0,0,0,0,40,40,7575.758,7575.758,73,169,111.4,52.581364,2764.8,0,0,0,0,0,0,0,0,1,139.25,73.0,169.0,0,0,0,0,0,0,2,146,2,338,-1,-1,1,20,0.0,0.0,0,0,0.0,0.0,0,0,Benign
17,209,2,2,64,96,32,32,32.0,0.0,48,48,48.0,0.0,765550.23923445,19138.7559808612,69.666664,36.66515,112,48,48,48.0,0.0,48,48,49,49.0,0.0,49,49,0,0,0,0,64,64,9569.378,9569.378,32,48,38.4,8.763561,76.8,0,0,0,0,0,0,0,0,1,48.0,32.0,48.0,0,0,0,0,0,0,2,64,2,96,-1,-1,1,32,0.0,0.0,0,0,0.0,0.0,0,0,Benign
17,23831,1,1,52,68,52,52,52.0,0.0,68,68,68.0,0.0,5035.45801686879,83.9243002811464,23831.0,0.0,23831,23831,0,0.0,0.0,0,0,0,0.0,0.0,0,0,0,0,0,0,32,32,41.96215,41.96215,52,68,57.333332,9.237604,85.333336,0,0,0,0,0,0,0,0,1,86.0,52.0,68.0,0,0,0,0,0,0,1,52,1,68,-1,-1,0,32,0.0,0.0,0,0,0.0,0.0,0,0,Benign
17,93687,1,1,46,138,46,46,46.0,0.0,138,138,138.0,0.0,1963.98646557153,21.3476789736036,93687.0,0.0,93687,93687,0,0.0,0.0,0,0,0,0.0,0.0,0,0,0,0,0,0,20,20,10.67384,10.67384,46,138,76.666664,53.116226,2821.3333,0,0,0,0,0,0,0,0,1,115.0,46.0,138.0,0,0,0,0,0,0,1,46,1,138,-1,-1,0,20,0.0,0.0,0,0,0.0,0.0,0,0,Benign
6,225,2,1,296,6,290,6,148.0,200.81833,6,6,6.0,0.0,1342222.22222222,13333.3333333333,112.5,19.091883,126,99,225,225.0,0.0,225,225,0,0.0,0.0,0,0,1,0,0,0,40,20,8888.889,4444.4443,6,290,148.0,163.96748,26885.334,0,1,0,0,1,0,0,0,0,197.33333,148.0,6.0,0,0,0,0,0,0,2,296,1,6,231,0,1,20,0.0,0.0,0,0,0.0,0.0,0,0,Benign
6,193,2,0,12,0,6,6,6.0,0.0,0,0,0.0,0.0,62176.1658031088,10362.6943005181,193.0,0.0,193,193,193,193.0,0.0,193,193,0,0.0,0.0,0,0,0,0,0,0,40,0,10362.694,0.0,6,6,6.0,0.0,0.0,0,0,0,0,1,0,0,0,0,9.0,6.0,0.0,0,0,0,0,0,0,2,12,0,0,63050,-1,1,20,0.0,0.0,0,0,0.0,0.0,0,0,Benign
17,33607,2,2,74,204,37,37,37.0,0.0,102,102,102.0,0.0,8272.08617252358,119.022822626239,11202.333,19358.855,33556,3,3,3.0,0.0,3,3,48,48.0,0.0,48,48,0,0,0,0,40,64,59.51141,59.51141,37,102,63.0,35.601967,1267.5,0,0,0,0,0,0,0,0,1,78.75,37.0,102.0,0,0,0,0,0,0,2,74,2,204,-1,-1,1,20,0.0,0.0,0,0,0.0,0.0,0,0,Benign
6,10351049,9,9,739,4707,414,0,82.111115,144.13226,1448,0,523.0,629.8706,526.130250180441,1.73895418715533,608885.25,2409923.2,9960046,4,10241295,1280161.9,3507348.0,9960046,215,10327283,1290910.4,3529095.0,10024225,4,0,0,0,0,296,296,0.8694771,0.8694771,0,1448,286.6316,488.8498,238974.14,0,0,0,1,0,0,0,0,1,302.55554,82.111115,523.0,0,0,0,0,0,0,9,739,9,4707,29200,61,3,32,281249.0,0.0,281249,281249,9960046.0,0.0,9960046,9960046,Benign
6,5155682,9,5,658,2725,342,0,73.111115,125.56616,1400,0,545.0,712.05194,656.169251711025,2.71545064261139,396590.94,1375802.5,4975201,3,5155682,644460.25,1750072.5,4975201,3,104986,26246.5,30081.996,53698,3,0,0,0,0,200,108,1.7456468,0.9698038,0,1400,225.53334,457.04483,208889.98,0,0,0,1,0,0,0,0,0,241.64285,73.111115,545.0,0,0,0,0,0,0,9,658,5,2725,29200,11256,8,20,0.0,0.0,0,0,0.0,0.0,0,0,Benign
6,67,2,1,31,6,31,0,15.5,21.920311,6,6,6.0,0.0,552238.805970149,44776.1194029851,33.5,19.091883,47,20,20,20.0,0.0,20,20,0,0.0,0.0,0,0,1,0,0,0,64,20,29850.746,14925.373,0,31,17.0,16.35033,267.33334,0,1,0,0,1,0,0,0,0,22.666666,15.5,6.0,0,0,0,0,0,0,2,31,1,6,1120,0,0,32,0.0,0.0,0,0,0.0,0.0,0,0,Benign
6,88157,4,1,24,0,6,6,6.0,0.0,0,0,0.0,0.0,272.241569018909,56.7169935456061,22039.25,44042.508,88103,1,88157,29385.666,50895.734,88155,1,0,0.0,0.0,0,0,0,0,0,0,80,44,45.373596,11.343399,0,6,5.0,2.4494898,6.0,1,0,0,0,0,0,0,0,0,6.0,6.0,0.0,0,0,0,0,0,0,4,24,1,0,0,117,3,20,0.0,0.0,0,0,0.0,0.0,0,0,Benign
17,93190,2,2,66,244,33,33,33.0,0.0,122,122,122.0,0.0,3326.53718210108,42.9230604142075,31063.334,53760.84,93141,1,1,1.0,0.0,1,1,48,48.0,0.0,48,48,0,0,0,0,64,64,21.46153,21.46153,33,122,68.6,48.747307,2376.3,0,0,0,0,0,0,0,0,1,85.75,33.0,122.0,0,0,0,0,0,0,2,66,2,244,-1,-1,1,32,0.0,0.0,0,0,0.0,0.0,0,0,Benign
6,93270,11,8,593,1662,357,0,53.909092,109.222206,970,0,207.75,362.84186,24177.1201886995,203.709660126514,5181.6665,7132.262,19792,3,93270,9327.0,10409.437,25087,3,61780,8825.714,11884.624,30817,3,0,0,0,0,364,264,117.93717,85.77249,0,970,112.75,247.50032,61256.406,0,0,0,1,0,0,0,0,0,118.68421,53.909092,207.75,0,0,0,0,0,0,11,593,8,1662,65535,31,5,32,0.0,0.0,0,0,0.0,0.0,0,0,Benign
6,360322,13,7,1375,4094,901,0,105.76923,250.69774,1812,0,584.8571,769.3253,15178.0907077558,55.5059086039709,18964.316,28826.002,103754,1,360322,30026.834,32121.77,103754,1,285607,47601.168,62785.832,154584,4,0,0,0,0,428,232,36.078842,19.427069,0,1812,260.42856,520.62054,271045.75,0,0,0,1,0,0,0,0,0,273.45,105.76923,584.8571,0,0,0,0,0,0,13,1375,7,4094,65535,362,6,32,0.0,0.0,0,0,0.0,0.0,0,0,Benign
6,5029371,3,0,18,0,6,6,6.0,0.0,0,0,0.0,0.0,3.57897637696642,0.596496062827737,2514685.5,3556267.0,5029346,25,5029371,2514685.5,3556267.0,5029346,25,0,0.0,0.0,0,0,0,0,0,0,60,0,0.59649605,0.0,6,6,6.0,0.0,0.0,0,0,0,0,1,1,0,0,0,8.0,6.0,0.0,0,0,0,0,0,0,3,18,0,0,127,-1,2,20,0.0,0.0,0,0,0.0,0.0,0,0,Benign
17,158,2,2,148,180,74,74,74.0,0.0,90,90,90.0,0.0,2075949.36708861,25316.4556962025,52.666668,52.156815,107,3,3,3.0,0.0,3,3,48,48.0,0.0,48,48,0,0,0,0,40,40,12658.228,12658.228,74,90,80.4,8.763561,76.8,0,0,0,0,0,0,0,0,1,100.5,74.0,90.0,0,0,0,0,0,0,2,148,2,180,-1,-1,1,20,0.0,0.0,0,0,0.0,0.0,0,0,Benign
6,135232,9,8,536,4163,208,0,59.555557,81.77425,1430,0,520.375,633.3539,34747.6928537624,125.709891150024,8452.0,13739.93,36482,1,135232,16904.0,16688.52,39619,4,98227,14032.429,23414.387,56423,1,0,0,0,0,192,172,66.55229,59.157597,0,1430,261.05554,474.83737,225470.53,0,0,0,1,0,0,0,0,0,276.41177,59.555557,520.375,0,0,0,0,0,0,9,536,8,4163,8192,343,8,20,0.0,0.0,0,0,0.0,0.0,0,0,Benign
17,85981,1,1,54,70,54,54,54.0,0.0,70,70,70.0,0.0,1442.17908607716,23.2609530012445,85981.0,0.0,85981,85981,0,0.0,0.0,0,0,0,0.0,0.0,0,0,0,0,0,0,32,32,11.630477,11.630477,54,70,59.333332,9.237604,85.333336,0,0,0,0,0,0,0,0,1,89.0,54.0,70.0,0,0,0,0,0,0,1,54,1,70,-1,-1,0,32,0.0,0.0,0,0,0.0,0.0,0,0,Benign
17,61246,1,1,37,167,37,37,37.0,0.0,167,167,167.0,0.0,3330.82976847468,32.6551938085753,61246.0,0.0,61246,61246,0,0.0,0.0,0,0,0,0.0,0.0,0,0,0,0,0,0,32,32,16.327597,16.327597,37,167,80.333336,75.055534,5633.3335,0,0,0,0,0,0,0,0,1,120.5,37.0,167.0,0,0,0,0,0,0,1,37,1,167,-1,-1,0,32,0.0,0.0,0,0,0.0,0.0,0,0,Benign
6,115198775,22,20,857,6709,433,0,38.954544,98.4477,1460,0,335.45,583.9886,65.6777817298839,0.364587210237262,2809726.2,4472526.5,10007156,1,115198775,5485656.0,4975219.0,10022162,3,110338703,5807300.0,5071249.5,10022193,4,0,0,0,0,452,544,0.19097425,0.17361295,0,1460,175.95349,426.39117,181809.42,0,0,0,1,0,0,0,0,0,180.14285,38.954544,335.45,0,0,0,0,0,0,22,857,20,6709,8192,31,21,20,29270.727,46816.29,170427,15006,10001529.0,1917.7607,10007156,10000477,Benign
6,84516,5,3,322,1015,322,0,64.4,144.00278,1015,0,338.33334,586.0105,15819.4898007478,94.656633063562,12073.714,8952.219,22886,9,84516,21129.0,10215.147,34757,11741,46572,23286.0,5361.2837,27077,19495,0,0,0,0,172,104,59.160397,35.49624,0,1015,148.55556,341.9229,116911.28,0,0,0,1,0,0,0,0,0,167.125,64.4,338.33334,0,0,0,0,0,0,5,322,3,1015,65535,939,1,32,0.0,0.0,0,0,0.0,0.0,0,0,Benign
6,115822486,17,18,788,2312,698,0,46.35294,167.93188,1519,0,128.44444,390.6491,26.7650963734279,0.302186571958057,3406543.8,4719160.0,10007235,1,115822486,7238905.5,4442163.5,10030492,165,110345251,6490897.0,4928514.0,10030681,1,0,0,0,0,352,504,0.14677633,0.15541023,0,1519,86.111115,298.1887,88916.5,0,0,0,1,0,0,0,0,1,88.57143,46.35294,128.44444,0,0,0,0,0,0,17,788,18,2312,8192,60,16,20,32640.455,30626.074,124981,23236,9998732.0,4802.7983,10007235,9993202,Benign
6,70082040,14,13,751,3295,378,0,53.642857,110.371124,1760,0,253.46153,605.3091,57.7323377002153,0.385262757762188,2695463.0,4248537.5,10011771,106,60382992,4644845.5,4751016.0,10062622,326,61023691,5085307.5,5133465.5,10062797,201,0,0,0,0,312,328,0.19976588,0.18549688,0,1760,144.5,423.65024,179479.52,0,0,0,1,0,0,0,0,0,149.85185,53.642857,253.46153,0,0,0,0,0,0,14,751,13,3295,8192,19832,11,20,624956.1,1122209.4,3006068,50633,9386764.0,1498918.4,10011771,6001416,Benign
6,1050,1,1,0,0,0,0,0.0,0.0,0,0,0.0,0.0,0.0,1904.76190476191,1050.0,0.0,1050,1050,0,0.0,0.0,0,0,0,0.0,0.0,0,0,0,0,0,0,32,32,952.381,952.381,0,0,0.0,0.0,0.0,0,0,0,0,1,1,0,0,1,0.0,0.0,0.0,0,0,0,0,0,0,1,0,1,0,5840,33304,0,32,0.0,0.0,0,0,0.0,0.0,0,0,Benign
17,30930,2,2,60,248,30,30,30.0,0.0,124,124,124.0,0.0,9957.96960879405,129.324280633689,10310.0,17812.424,30878,4,4,4.0,0.0,4,4,48,48.0,0.0,48,48,0,0,0,0,40,40,64.66214,64.66214,30,124,67.6,51.48592,2650.8,0,0,0,0,0,0,0,0,1,84.5,30.0,124.0,0,0,0,0,0,0,2,60,2,248,-1,-1,1,20,0.0,0.0,0,0,0.0,0.0,0,0,Benign
17,30043,1,1,48,48,48,48,48.0,0.0,48,48,48.0,0.0,3195.41989814599,66.5712478780415,30043.0,0.0,30043,30043,0,0.0,0.0,0,0,0,0.0,0.0,0,0,0,0,0,0,20,20,33.285625,33.285625,48,48,48.0,0.0,0.0,0,0,0,0,0,0,0,0,1,72.0,48.0,48.0,0,0,0,0,0,0,1,48,1,48,-1,-1,0,20,0.0,0.0,0,0,0.0,0.0,0,0,Benign
17,164,2,2,76,238,38,38,38.0,0.0,119,119,119.0,0.0,1914634.14634146,24390.243902439,54.666668,56.296833,114,2,48,48.0,0.0,48,48,2,2.0,0.0,2,2,0,0,0,0,40,40,12195.122,12195.122,38,119,70.4,44.36553,1968.3,0,0,0,0,0,0,0,0,1,88.0,38.0,119.0,0,0,0,0,0,0,2,76,2,238,-1,-1,1,20,0.0,0.0,0,0,0.0,0.0,0,0,Benign
6,75423,12,7,1164,4117,885,0,97.0,251.60503,1397,0,588.1429,692.4448,70018.4293915649,251.912546570675,4190.1665,6493.048,18222,1,75423,6856.636,9206.699,22132,1,40711,6785.1665,7231.684,15679,49,0,0,0,0,264,152,159.10266,92.80988,0,1397,264.05,498.053,248056.78,0,0,0,1,0,0,0,0,0,277.94736,97.0,588.1429,0,0,0,0,0,0,12,1164,7,4117,65535,32,11,20,0.0,0.0,0,0,0.0,0.0,0,0,Benign
6,3603933,5,1,123,46,46,0,24.6,23.276598,46,46,46.0,0.0,46.8932136085771,1.66484782042285,720786.6,1561313.9,3513455,20,3603933,900983.25,1741780.0,3513455,20,0,0.0,0.0,0,0,1,0,0,0,160,32,1.3873732,0.27747464,0,46,30.714285,21.684975,470.2381,0,1,0,0,1,0,0,0,0,35.833332,24.6,46.0,0,0,0,0,0,0,5,123,1,46,329,357,2,32,0.0,0.0,0,0,0.0,0.0,0,0,Benign
6,64,1,1,6,6,6,6,6.0,0.0,6,6,6.0,0.0,187500.0,31250.0,64.0,0.0,64,64,0,0.0,0.0,0,0,0,0.0,0.0,0,0,0,0,0,0,20,20,15625.0,15625.0,6,6,6.0,0.0,0.0,0,0,0,0,1,1,0,0,1,9.0,6.0,6.0,0,0,0,0,0,0,1,6,1,6,980,256,0,20,0.0,0.0,0,0,0.0,0.0,0,0,Benign
6,102,1,1,6,6,6,6,6.0,0.0,6,6,6.0,0.0,117647.058823529,19607.8431372549,102.0,0.0,102,102,0,0.0,0.0,0,0,0,0.0,0.0,0,0,0,0,0,0,20,20,9803.922,9803.922,6,6,6.0,0.0,0.0,0,0,0,0,1,1,0,0,1,9.0,6.0,6.0,0,0,0,0,0,0,1,6,1,6,290,251,0,20,0.0,0.0,0,0,0.0,0.0,0,0,Benign
17,208,2,2,72,146,36,36,36.0,0.0,73,73,73.0,0.0,1048076.92307692,19230.7692307692,69.333336,114.8927,202,3,3,3.0,0.0,3,3,3,3.0,0.0,3,3,0,0,0,0,64,64,9615.385,9615.385,36,73,50.8,20.265734,410.7,0,0,0,0,0,0,0,0,1,63.5,36.0,73.0,0,0,0,0,0,0,2,72,2,146,-1,-1,1,32,0.0,0.0,0,0,0.0,0.0,0,0,Benign
6,303709,15,10,1908,4788,1368,0,127.2,350.6531,1418,0,478.8,592.975,22047.4203925468,82.3156376663188,12654.542,19681.248,53105,1,303709,21693.5,27574.166,86256,1,259792,28865.777,37418.926,90357,3,0,0,0,0,492,328,49.38938,32.926254,0,1418,257.53845,477.35498,227867.78,0,0,0,1,0,0,0,0,0,267.84,127.2,478.8,0,0,0,0,0,0,15,1908,10,4788,65535,362,7,32,0.0,0.0,0,0,0.0,0.0,0,0,Benign
6,5088403,12,8,425,3015,220,0,35.416668,67.738075,2519,0,376.875,872.9236,676.047081962651,3.93050629048053,267810.7,1089994.2,4766324,4,5088403,462582.1,1428095.0,4766324,4,271088,38726.855,75845.4,200716,204,0,0,0,0,260,172,2.3583038,1.5722026,0,2519,163.80952,546.45526,298613.38,0,0,0,1,0,0,0,0,0,172.0,35.416668,376.875,0,0,0,0,0,0,12,425,8,3015,29200,62,11,20,0.0,0.0,0,0,0.0,0.0,0,0,Benign
6,64063998,2,0,74,0,37,37,37.0,0.0,0,0,0.0,0.0,1.15509494115556,0.031218782193394,64064000.0,0.0,64063998,64063998,64063998,64064000.0,0.0,64063998,64063998,0,0.0,0.0,0,0,1,0,0,0,64,0,0.031218782,0.0,37,37,37.0,0.0,0.0,0,1,0,0,1,1,0,0,0,55.5,37.0,0.0,0,0,0,0,0,0,2,74,0,0,33304,-1,1,32,0.0,0.0,0,0,0.0,0.0,0,0,Benign
17,59885,2,2,80,284,40,40,40.0,0.0,142,142,142.0,0.0,6078.31677381648,66.7946898221591,19961.666,34570.29,59880,1,1,1.0,0.0,1,1,4,4.0,0.0,4,4,0,0,0,0,64,64,33.397346,33.397346,40,142,80.8,55.867702,3121.2,0,0,0,0,0,0,0,0,1,101.0,40.0,142.0,0,0,0,0,0,0,2,80,2,284,-1,-1,1,32,0.0,0.0,0,0,0.0,0.0,0,0,Benign
6,4062104,12,7,1122,1478,517,0,93.5,169.47003,1197,0,211.14285,437.26514,640.062391312482,4.67737901343737,225672.44,913614.4,3885810,0,4062104,369282.2,1166704.5,3885810,0,104145,17357.5,21369.984,55580,376,0,0,0,0,252,152,2.9541342,1.7232449,0,1197,130.0,284.89166,81163.266,0,0,0,1,0,0,0,0,0,136.8421,93.5,211.14285,0,0,0,0,0,0,12,1122,7,1478,8192,119,11,20,0.0,0.0,0,0,0.0,0.0,0,0,Benign
17,32300,2,2,72,246,36,36,36.0,0.0,123,123,123.0,0.0,9845.20123839009,123.839009287926,10766.667,18606.86,32252,0,0,0.0,0.0,0,0,48,48.0,0.0,48,48,0,0,0,0,80,64,61.919506,61.919506,36,123,70.8,47.651863,2270.7,0,0,0,0,0,0,0,0,1,88.5,36.0,123.0,0,0,0,0,0,0,2,72,2,246,-1,-1,1,40,0.0,0.0,0,0,0.0,0.0,0,0,Benign
6,10970496,5,4,580,164,517,0,116.0,225.10109,152,0,41.0,74.05403,67.818264552487,0.820382232489762,1371312.0,3834490.2,10861042,102,10970496,2742624.0,5453814.0,10923328,102,86254,28751.334,31333.564,62465,522,0,0,0,0,112,92,0.4557679,0.36461434,0,517,74.4,162.54381,26420.488,0,0,0,1,0,0,0,0,0,82.666664,116.0,41.0,0,0,0,0,0,0,5,580,4,164,8192,946,4,20,0.0,0.0,0,0,0.0,0.0,0,0,Benign
6,5728284,7,4,599,152,517,0,85.57143,191.30853,152,0,38.0,76.0,131.103834935558,1.92029585125319,572828.4,1769504.1,5608603,3,5728284,954714.0,2310902.0,5671772,3,95735,31911.666,36117.363,71122,3,0,0,0,0,232,136,1.2220064,0.6982894,0,517,62.583332,149.83473,22450.447,0,0,0,1,0,0,0,0,0,68.27273,85.57143,38.0,0,0,0,0,0,0,7,599,4,152,29200,939,3,32,119678.0,0.0,119678,119678,5608603.0,0.0,5608603,5608603,Benign
17,187,2,2,102,224,51,51,51.0,0.0,112,112,112.0,0.0,1743315.50802139,21390.3743315508,62.333332,101.0363,179,4,4,4.0,0.0,4,4,4,4.0,0.0,4,4,0,0,0,0,64,64,10695.1875,10695.1875,51,112,75.4,33.411076,1116.3,0,0,0,0,0,0,0,0,1,94.25,51.0,112.0,0,0,0,0,0,0,2,102,2,224,-1,-1,1,32,0.0,0.0,0,0,0.0,0.0,0,0,Benign
17,111145,2,2,74,262,37,37,37.0,0.0,131,131,131.0,0.0,3023.07796122183,35.9890233478789,37048.332,64124.566,111093,4,48,48.0,0.0,48,48,4,4.0,0.0,4,4,0,0,0,0,40,64,17.994513,17.994513,37,131,74.6,51.48592,2650.8,0,0,0,0,0,0,0,0,1,93.25,37.0,131.0,0,0,0,0,0,0,2,74,2,262,-1,-1,1,20,0.0,0.0,0,0,0.0,0.0,0,0,Benign
6,416255,10,6,1152,1119,901,0,115.2,280.34296,981,0,186.5,393.11868,5455.79032083699,38.4379767210004,27750.334,40221.29,98815,3,416255,46250.555,76902.84,225841,3,319985,63997.0,41871.312,98815,370,0,0,0,0,332,200,24.023735,14.414241,0,981,133.58824,308.02457,94879.13,0,0,0,1,0,0,0,0,0,141.9375,115.2,186.5,0,0,0,0,0,0,10,1152,6,1119,65535,117,5,32,0.0,0.0,0,0,0.0,0.0,0,0,Benign
6,8497942,10,12,405,15518,357,0,40.5,111.22275,2920,2,1293.1666,981.2947,1873.74778505196,2.58886210331866,404663.9,1685578.4,7750959,5,746983,82998.11,124168.31,249257,100,8249309,749937.2,2324106.2,7750997,50,0,0,0,0,220,244,1.1767555,1.4121066,0,2920,692.3043,947.81726,898357.56,0,0,0,1,0,0,0,0,1,723.7727,40.5,1293.1666,0,0,0,0,0,0,10,405,12,15518,29200,30016,9,20,0.0,0.0,0,0,0.0,0.0,0,0,Benign
17,48798,2,2,62,174,31,31,31.0,0.0,87,87,87.0,0.0,4836.26378130251,81.9705725644494,16266.0,28169.209,48793,1,1,1.0,0.0,1,1,4,4.0,0.0,4,4,0,0,0,0,64,64,40.985287,40.985287,31,87,53.4,30.672462,940.8,0,0,0,0,0,0,0,0,1,66.75,31.0,87.0,0,0,0,0,0,0,2,62,2,174,-1,-1,1,32,0.0,0.0,0,0,0.0,0.0,0,0,Benign
17,31336,4,4,172,408,43,43,43.0,0.0,102,102,102.0,0.0,18509.0630584631,255.297421496043,4476.5713,11723.17,31062,1,31066,10355.333,17932.5,31062,1,162,54.0,54.249424,111,3,0,0,0,0,80,80,127.64871,127.64871,43,102,69.22222,31.09573,966.94446,0,0,0,0,0,0,0,0,1,77.875,43.0,102.0,0,0,0,0,0,0,4,172,4,408,-1,-1,3,20,0.0,0.0,0,0,0.0,0.0,0,0,Benign
17,62551,2,2,76,420,38,38,38.0,0.0,210,210,210.0,0.0,7929.5295039248,63.9478185800387,20850.334,36111.24,62548,1,1,1.0,0.0,1,1,2,2.0,0.0,2,2,0,0,0,0,64,64,31.97391,31.97391,38,210,106.8,94.20828,8875.2,0,0,0,0,0,0,0,0,1,133.5,38.0,210.0,0,0,0,0,0,0,2,76,2,420,-1,-1,1,32,0.0,0.0,0,0,0.0,0.0,0,0,Benign
6,52477,2,1,0,0,0,0,0.0,0.0,0,0,0.0,0.0,0.0,57.1679021285516,26238.5,37099.773,52472,5,52477,52477.0,0.0,52477,52477,0,0.0,0.0,0,0,0,0,0,0,76,32,38.111935,19.055967,0,0,0.0,0.0,0.0,0,0,0,0,1,0,0,0,0,0.0,0.0,0.0,0,0,0,0,0,0,2,0,1,0,179,32832,0,32,0.0,0.0,0,0,0.0,0.0,0,0,Benign
6,171488,10,5,908,303,661,0,90.8,205.88281,165,0,60.6,83.527245,7061.7186042172,87.4696771785781,12249.143,20841.123,50752,4,171488,19054.223,24710.053,52503,4,106188,26547.0,28475.908,51229,229,0,0,0,0,332,168,58.313118,29.156559,0,661,75.6875,167.0424,27903.162,0,0,0,1,0,0,0,0,0,80.73333,90.8,60.6,0,0,0,0,0,0,10,908,5,303,65535,115,5,32,0.0,0.0,0,0,0.0,0.0,0,0,Benign
17,59527,2,2,88,214,44,44,44.0,0.0,107,107,107.0,0.0,5073.32806961547,67.1963982730526,19842.334,34323.77,59476,3,3,3.0,0.0,3,3,48,48.0,0.0,48,48,0,0,0,0,40,40,33.598198,33.598198,44,107,69.2,34.50652,1190.7,0,0,0,0,0,0,0,0,1,86.5,44.0,107.0,0,0,0,0,0,0,2,88,2,214,-1,-1,1,20,0.0,0.0,0,0,0.0,0.0,0,0,Benign
17,47255,2,2,68,380,34,34,34.0,0.0,190,190,190.0,0.0,9480.47825626918,84.6471272881177,15751.667,27276.625,47248,3,3,3.0,0.0,3,3,4,4.0,0.0,4,4,0,0,0,0,40,40,42.323563,42.323563,34,190,96.4,85.44472,7300.8,0,0,0,0,0,0,0,0,1,120.5,34.0,190.0,0,0,0,0,0,0,2,68,2,380,-1,-1,1,20,0.0,0.0,0,0,0.0,0.0,0,0,Benign
6,49257,5,3,395,167,395,0,79.0,176.64937,167,0,55.666668,96.417496,11409.5458513511,162.413464076172,7036.7144,11451.203,24292,52,49257,12314.25,13753.957,24383,393,24499,12249.5,16298.1045,23774,725,0,0,0,0,172,104,101.508415,60.90505,0,395,62.444443,136.39108,18602.527,0,0,0,1,0,0,0,0,0,70.25,79.0,55.666668,0,0,0,0,0,0,5,395,3,167,65535,939,1,32,0.0,0.0,0,0,0.0,0.0,0,0,Benign
6,119657825,51,45,222,25073,37,0,4.352941,12.03964,741,37,557.1778,190.52837,211.39444913026,0.802287689919151,1259556.0,2071723.9,8142515,37,119657825,2393156.5,2337978.2,8142589,75694,119418960,2714067.2,2333984.5,8142563,75684,1,0,0,0,1632,1440,0.42621532,0.37607235,0,741,261.15463,305.52856,93347.695,0,1,0,0,1,0,0,0,0,263.875,4.352941,557.1778,0,0,0,0,0,0,51,222,45,25073,33304,114,5,32,6770834.5,6695644.5,19548266,74,6493585.0,999375.94,8142515,5470028,Benign
17,210,2,2,60,208,30,30,30.0,0.0,104,104,104.0,0.0,1276190.47619048,19047.619047619,70.0,79.60528,158,3,49,49.0,0.0,49,49,3,3.0,0.0,3,3,0,0,0,0,64,80,9523.81,9523.81,30,104,59.6,40.531467,1642.8,0,0,0,0,0,0,0,0,1,74.5,30.0,104.0,0,0,0,0,0,0,2,60,2,208,-1,-1,1,32,0.0,0.0,0,0,0.0,0.0,0,0,Benign
17,31157,2,2,92,236,46,46,46.0,0.0,118,118,118.0,0.0,10527.3293320923,128.382065025516,10385.667,17983.307,31151,3,3,3.0,0.0,3,3,3,3.0,0.0,3,3,0,0,0,0,64,64,64.19103,64.19103,46,118,74.8,39.436024,1555.2,0,0,0,0,0,0,0,0,1,93.5,46.0,118.0,0,0,0,0,0,0,2,92,2,236,-1,-1,1,32,0.0,0.0,0,0,0.0,0.0,0,0,Benign
6,123072,12,7,641,3273,405,0,53.416668,118.16741,1413,0,467.57144,655.4009,31802.522100884,154.38117524701,6837.3335,13196.783,36537,3,123072,11188.363,16655.865,37387,36,78636,13106.0,18332.984,36693,3,0,0,0,0,396,232,97.5039,56.877274,0,1413,195.7,431.00446,185764.86,0,0,0,1,0,0,0,0,0,206.0,53.416668,467.57144,0,0,0,0,0,0,12,641,7,3273,65535,349,5,32,0.0,0.0,0,0,0.0,0.0,0,0,Benign
17,110405,4,2,164,150,41,41,41.0,0.0,75,75,75.0,0.0,2844.07409084733,54.3453647932612,22081.0,34768.54,79484,3,30918,10306.0,17845.32,30912,3,3,3.0,0.0,3,3,0,0,0,0,80,40,36.230244,18.115122,41,75,50.714287,16.590302,275.2381,0,0,0,0,0,0,0,0,0,59.166668,41.0,75.0,0,0,0,0,0,0,4,164,2,150,-1,-1,3,20,0.0,0.0,0,0,0.0,0.0,0,0,Benign
6,2912,3,0,31,0,31,0,10.333333,17.897858,0,0,0.0,0.0,10645.6043956044,1030.21978021978,1456.0,1991.2126,2864,48,2912,1456.0,1991.2126,2864,48,0,0.0,0.0,0,0,0,0,0,0,96,0,1030.2197,0.0,0,31,7.75,15.5,240.25,0,0,0,0,1,0,0,0,0,10.333333,10.333333,0.0,0,0,0,0,0,0,3,31,0,0,30316,-1,1,32,0.0,0.0,0,0,0.0,0.0,0,0,Benign
17,185,2,2,110,174,55,55,55.0,0.0,87,87,87.0,0.0,1535135.13513514,21621.6216216216,61.666668,68.5298,136,1,1,1.0,0.0,1,1,48,48.0,0.0,48,48,0,0,0,0,40,40,10810.811,10810.811,55,87,67.8,17.527122,307.2,0,0,0,0,0,0,0,0,1,84.75,55.0,87.0,0,0,0,0,0,0,2,110,2,174,-1,-1,1,20,0.0,0.0,0,0,0.0,0.0,0,0,Benign
17,66777,2,2,106,362,53,53,53.0,0.0,181,181,181.0,0.0,7008.40109618581,59.9008640699642,22259.0,38550.254,66773,1,1,1.0,0.0,1,1,3,3.0,0.0,3,3,0,0,0,0,64,64,29.950432,29.950432,53,181,104.2,70.10849,4915.2,0,0,0,0,0,0,0,0,1,130.25,53.0,181.0,0,0,0,0,0,0,2,106,2,362,-1,-1,1,32,0.0,0.0,0,0,0.0,0.0,0,0,Benign
17,23409,1,1,55,71,55,55,55.0,0.0,71,71,71.0,0.0,5382.54517493272,85.437224998932,23409.0,0.0,23409,23409,0,0.0,0.0,0,0,0,0.0,0.0,0,0,0,0,0,0,20,32,42.718613,42.718613,55,71,60.333332,9.237604,85.333336,0,0,0,0,0,0,0,0,1,90.5,55.0,71.0,0,0,0,0,0,0,1,55,1,71,-1,-1,0,20,0.0,0.0,0,0,0.0,0.0,0,0,Benign
6,5728848,9,6,347,5419,190,0,38.555557,70.319115,2281,0,903.1667,955.0574,1006.48507343885,2.61832745431542,409203.44,1496831.4,5609596,6,5728848,716106.0,1977386.9,5609596,48,55975,11195.0,13600.063,28556,49,0,0,0,0,296,200,1.5709965,1.047331,0,2281,360.375,703.79675,495329.84,0,0,0,1,0,0,0,0,0,384.4,38.555557,903.1667,0,0,0,0,0,0,9,347,6,5419,29200,31,3,32,119204.0,0.0,119204,119204,5609596.0,0.0,5609596,5609596,Benign
17,30184,1,1,44,76,44,44,44.0,0.0,76,76,76.0,0.0,3975.61622051418,66.260270341903,30184.0,0.0,30184,30184,0,0.0,0.0,0,0,0,0.0,0.0,0,0,0,0,0,0,20,20,33.130135,33.130135,44,76,54.666668,18.475208,341.33334,0,0,0,0,0,0,0,0,1,82.0,44.0,76.0,0,0,0,0,0,0,1,44,1,76,-1,-1,0,20,0.0,0.0,0,0,0.0,0.0,0,0,Benign
6,157559,23,21,1578,22491,981,0,68.608696,207.71696,1460,0,1071.0,568.72894,152761.82255536,279.26046750741,3664.1628,8557.475,27256,2,157559,7161.773,11254.98,27256,2,131992,6599.6,14009.132,51329,2,0,0,0,0,484,432,145.97707,133.2834,0,1460,534.86664,652.62915,425924.8,0,0,0,1,0,0,0,0,0,547.0227,68.608696,1071.0,0,0,0,0,0,0,23,1578,21,22491,65535,66,22,20,0.0,0.0,0,0,0.0,0.0,0,0,Benign
17,48249,2,2,90,210,45,45,45.0,0.0,105,105,105.0,0.0,6217.74544550146,82.9032726066862,16083.0,27811.549,48197,4,48,48.0,0.0,48,48,4,4.0,0.0,4,4,0,0,0,0,64,40,41.451637,41.451637,45,105,69.0,32.863354,1080.0,0,0,0,0,0,0,0,0,1,86.25,45.0,105.0,0,0,0,0,0,0,2,90,2,210,-1,-1,1,32,0.0,0.0,0,0,0.0,0.0,0,0,Benign
6,118182,3,4,437,871,431,0,145.66667,247.12413,859,0,217.75,427.50937,11067.6752804996,59.2306781066491,19697.0,27622.018,71118,4,94391,47195.5,33831.523,71118,23273,94995,31665.0,54499.332,94595,4,0,0,0,0,72,92,25.384577,33.846104,0,859,163.5,318.4543,101413.14,0,0,0,1,0,0,0,0,1,186.85715,145.66667,217.75,0,0,0,0,0,0,3,437,4,871,8192,31,2,20,0.0,0.0,0,0,0.0,0.0,0,0,Benign
17,117134,1,1,55,343,55,55,55.0,0.0,343,343,343.0,0.0,3397.81788379121,17.074461727594,117134.0,0.0,117134,117134,0,0.0,0.0,0,0,0,0.0,0.0,0,0,0,0,0,0,20,20,8.5372305,8.5372305,55,343,151.0,166.27687,27648.0,0,0,0,0,0,0,0,0,1,226.5,55.0,343.0,0,0,0,0,0,0,1,55,1,343,-1,-1,0,20,0.0,0.0,0,0,0.0,0.0,0,0,Benign
17,79216207,2,2,106,241,55,51,53.0,2.828427,129,112,120.5,12.020815,4.3804167498199,0.050494717577175,26405402.0,45653732.0,79121783,23568,79192639,79192640.0,0.0,79192639,79192639,79145351,79145350.0,0.0,79145351,79145351,0,0,0,0,52,40,0.02524736,0.02524736,51,129,80.4,37.132195,1378.8,0,0,0,0,0,0,0,0,1,100.5,53.0,120.5,0,0,0,0,0,0,2,106,2,241,-1,-1,1,20,70856.0,0.0,70856,70856,79121784.0,0.0,79121783,79121783,Benign
17,181209,2,2,72,268,36,36,36.0,0.0,134,134,134.0,0.0,1876.28649791125,22.0739587989559,60403.0,104576.03,181157,3,3,3.0,0.0,3,3,49,49.0,0.0,49,49,0,0,0,0,40,40,11.03698,11.03698,36,134,75.2,53.67681,2881.2,0,0,0,0,0,0,0,0,1,94.0,36.0,134.0,0,0,0,0,0,0,2,72,2,268,-1,-1,1,20,0.0,0.0,0,0,0.0,0.0,0,0,Benign
6,60567348,15,14,1047,4189,664,0,69.8,173.32225,1601,0,299.2143,567.3312,86.4492201309524,0.478805841061425,2163119.5,4168057.0,10005613,4,60567348,4326239.0,5137372.0,10052663,3032,60516468,4655113.0,5199606.0,10056196,4,0,0,0,0,312,364,0.2476582,0.23114765,0,1601,174.53334,415.951,173015.22,0,0,0,1,0,0,0,0,0,180.55173,69.8,299.2143,0,0,0,0,0,0,15,1047,14,4189,8192,115,14,20,77882.0,67062.19,214772,50392,10000424.0,4094.1309,10005613,9993218,Benign
17,149,2,2,76,180,38,38,38.0,0.0,90,90,90.0,0.0,1718120.80536913,26845.6375838926,49.666668,79.96458,142,3,3,3.0,0.0,3,3,4,4.0,0.0,4,4,0,0,0,0,64,64,13422.818,13422.818,38,90,58.8,28.481573,811.2,0,0,0,0,0,0,0,0,1,73.5,38.0,90.0,0,0,0,0,0,0,2,76,2,180,-1,-1,1,32,0.0,0.0,0,0,0.0,0.0,0,0,Benign
17,265,2,2,66,258,33,33,33.0,0.0,129,129,129.0,0.0,1222641.50943396,15094.3396226415,88.333336,146.9365,258,3,3,3.0,0.0,3,3,4,4.0,0.0,4,4,0,0,0,0,40,64,7547.17,7547.17,33,129,71.4,52.581364,2764.8,0,0,0,0,0,0,0,0,1,89.25,33.0,129.0,0,0,0,0,0,0,2,66,2,258,-1,-1,1,20,0.0,0.0,0,0,0.0,0.0,0,0,Benign
17,152,2,2,116,212,58,58,58.0,0.0,106,106,106.0,0.0,2157894.73684211,26315.7894736842,50.666668,81.696594,145,3,3,3.0,0.0,3,3,4,4.0,0.0,4,4,0,0,0,0,64,64,13157.895,13157.895,58,106,77.2,26.290682,691.2,0,0,0,0,0,0,0,0,1,96.5,58.0,106.0,0,0,0,0,0,0,2,116,2,212,-1,-1,1,32,0.0,0.0,0,0,0.0,0.0,0,0,Benign
6,181073,3,2,18,0,6,6,6.0,0.0,0,0,0.0,0.0,99.4074213162647,27.6131725878513,45268.25,90400.53,180869,3,204,102.0,140.00714,201,3,180904,180904.0,0.0,180904,180904,0,0,0,0,60,64,16.567904,11.045269,0,6,4.0,3.0983868,9.6,1,0,0,0,0,0,0,0,0,4.8,6.0,0.0,0,0,0,0,0,0,3,18,2,0,0,118,2,20,0.0,0.0,0,0,0.0,0.0,0,0,Benign
17,386,2,2,66,178,33,33,33.0,0.0,89,89,89.0,0.0,632124.352331606,10362.6943005181,128.66667,219.39539,382,1,1,1.0,0.0,1,1,3,3.0,0.0,3,3,0,0,0,0,80,80,5181.347,5181.347,33,89,55.4,30.672462,940.8,0,0,0,0,0,0,0,0,1,69.25,33.0,89.0,0,0,0,0,0,0,2,66,2,178,-1,-1,1,40,0.0,0.0,0,0,0.0,0.0,0,0,Benign
17,152,2,2,66,98,33,33,33.0,0.0,49,49,49.0,0.0,1078947.36842105,26315.7894736842,50.666668,48.521473,100,3,3,3.0,0.0,3,3,49,49.0,0.0,49,49,0,0,0,0,64,64,13157.895,13157.895,33,49,39.4,8.763561,76.8,0,0,0,0,0,0,0,0,1,49.25,33.0,49.0,0,0,0,0,0,0,2,66,2,98,-1,-1,1,32,0.0,0.0,0,0,0.0,0.0,0,0,Benign
17,384,2,2,60,264,30,30,30.0,0.0,132,132,132.0,0.0,843750.0,10416.6666666667,128.0,109.98637,192,1,191,191.0,0.0,191,191,1,1.0,0.0,1,1,0,0,0,0,40,40,5208.3335,5208.3335,30,132,70.8,55.867702,3121.2,0,0,0,0,0,0,0,0,1,88.5,30.0,132.0,0,0,0,0,0,0,2,60,2,264,-1,-1,1,20,0.0,0.0,0,0,0.0,0.0,0,0,Benign
17,60911,2,2,58,166,29,29,29.0,0.0,83,83,83.0,0.0,3677.49667547734,65.6695834906667,20303.666,35163.52,60907,1,3,3.0,0.0,3,3,1,1.0,0.0,1,1,0,0,0,0,40,64,32.834793,32.834793,29,83,50.6,29.577019,874.8,0,0,0,0,0,0,0,0,1,63.25,29.0,83.0,0,0,0,0,0,0,2,58,2,166,-1,-1,1,20,0.0,0.0,0,0,0.0,0.0,0,0,Benign
17,46927,2,2,76,150,38,38,38.0,0.0,75,75,75.0,0.0,4815.99079421229,85.2387751188016,15642.333,27009.312,46830,48,49,49.0,0.0,49,49,48,48.0,0.0,48,48,0,0,0,0,40,64,42.61939,42.61939,38,75,52.8,20.265734,410.7,0,0,0,0,0,0,0,0,1,66.0,38.0,75.0,0,0,0,0,0,0,2,76,2,150,-1,-1,1,20,0.0,0.0,0,0,0.0,0.0,0,0,Benign
6,116089934,28,30,1003,29799,517,0,35.82143,117.900475,2896,0,993.3,1110.4323,265.32877518907,0.499612653755148,2036665.5,4005340.5,10024976,16,116089934,4299627.0,4963765.0,10048031,48,110574226,3812904.2,4957633.5,10048474,48,0,0,0,0,904,968,0.24119231,0.25842035,0,2896,522.0678,925.5808,856699.9,0,0,0,1,0,0,0,0,1,531.069,35.82143,993.3,0,0,0,0,0,0,28,1003,30,29799,29200,972,4,32,30416.75,24724.627,108926,23039,9643740.0,1307373.4,10024976,5492356,Benign
17,960961,2,2,74,234,37,37,37.0,0.0,117,117,117.0,0.0,320.51248697918,4.16249983089844,320320.34,554805.0,960954,3,3,3.0,0.0,3,3,4,4.0,0.0,4,4,0,0,0,0,40,64,2.08125,2.08125,37,117,69.0,43.817806,1920.0,0,0,0,0,0,0,0,0,1,86.25,37.0,117.0,0,0,0,0,0,0,2,74,2,234,-1,-1,1,20,0.0,0.0,0,0,0.0,0.0,0,0,Benign
6,118280368,13,10,908,4345,269,0,69.84615,88.195656,1460,0,434.5,590.61066,44.4114276005634,0.194453233354837,5376380.5,17293894.0,58922516,3,118280368,9856697.0,22864718.0,58922516,17,118195660,13132851.0,25968844.0,59005165,49,0,0,0,0,272,208,0.10990835,0.08454488,0,1460,218.875,418.81317,175404.47,0,0,0,1,0,0,0,0,0,228.39131,69.84615,434.5,0,0,0,0,0,0,13,908,10,4345,8192,16384,12,20,290994.0,294526.94,499256,82732,58806800.0,163645.72,58922516,58691086,Benign
6,58699,1,1,6,6,6,6,6.0,0.0,6,6,6.0,0.0,204.43278420416,34.0721307006934,58699.0,0.0,58699,58699,0,0.0,0.0,0,0,0,0.0,0.0,0,0,0,0,0,0,20,20,17.036066,17.036066,6,6,6.0,0.0,0.0,0,0,0,0,1,1,0,0,1,9.0,6.0,6.0,0,0,0,0,0,0,1,6,1,6,256,980,0,20,0.0,0.0,0,0,0.0,0.0,0,0,Benign
6,782895,5,8,961,4364,517,0,192.2,242.37924,1460,0,545.5,707.12054,6801.67838599046,16.6050364352819,65241.25,117492.03,260144,1,521681,130420.25,150348.27,261212,211,522902,74700.29,127029.625,260947,1,0,0,0,0,112,172,6.3865523,10.218484,0,1460,380.35715,573.4505,328845.47,0,0,0,1,0,0,0,0,1,409.6154,192.2,545.5,0,0,0,0,0,0,5,961,8,4364,8192,245,4,20,0.0,0.0,0,0,0.0,0.0,0,0,Benign
6,34630661,14,13,813,8826,341,0,58.07143,109.70342,1701,0,678.9231,759.0893,278.337164860931,0.779655923980198,1331948.5,6560573.5,33483493,1,34630661,2663897.0,9264191.0,33483493,1,1122326,93527.164,294142.4,1026408,1,0,0,0,0,460,424,0.40426603,0.3753899,0,1701,344.25,602.2247,362674.56,0,0,0,1,0,0,0,0,0,357.0,58.07143,678.9231,0,0,0,0,0,0,14,813,13,8826,65535,1026,6,32,1147137.0,0.0,1147137,1147137,33483492.0,0.0,33483493,33483493,Benign
17,171,2,2,60,264,30,30,30.0,0.0,132,132,132.0,0.0,1894736.84210526,23391.8128654971,57.0,91.79869,163,4,4,4.0,0.0,4,4,4,4.0,0.0,4,4,0,0,0,0,40,40,11695.906,11695.906,30,132,70.8,55.867702,3121.2,0,0,0,0,0,0,0,0,1,88.5,30.0,132.0,0,0,0,0,0,0,2,60,2,264,-1,-1,1,20,0.0,0.0,0,0,0.0,0.0,0,0,Benign
6,127,2,0,12,0,6,6,6.0,0.0,0,0,0.0,0.0,94488.188976378,15748.031496063,127.0,0.0,127,127,127,127.0,0.0,127,127,0,0.0,0.0,0,0,0,0,0,0,40,0,15748.031,0.0,6,6,6.0,0.0,0.0,0,0,0,0,1,0,0,0,0,9.0,6.0,0.0,0,0,0,0,0,0,2,12,0,0,252,-1,1,20,0.0,0.0,0,0,0.0,0.0,0,0,Benign
6,273,3,0,58,0,46,6,19.333334,23.094011,0,0,0.0,0.0,212454.212454212,10989.010989011,136.5,64.34672,182,91,273,136.5,64.34672,182,91,0,0.0,0.0,0,0,0,0,0,0,60,0,10989.011,0.0,6,46,16.0,20.0,400.0,0,0,0,0,1,0,0,0,0,21.333334,19.333334,0.0,0,0,0,0,0,0,3,58,0,0,252,-1,2,20,0.0,0.0,0,0,0.0,0.0,0,0,Benign
6,132,2,0,0,0,0,0,0.0,0.0,0,0,0.0,0.0,0.0,15151.5151515152,132.0,0.0,132,132,132,132.0,0.0,132,132,0,0.0,0.0,0,0,0,0,0,0,64,0,15151.516,0.0,0,0,0.0,0.0,0.0,0,0,0,0,1,0,0,0,0,0.0,0.0,0.0,0,0,0,0,0,0,2,0,0,0,1112,-1,0,32,0.0,0.0,0,0,0.0,0.0,0,0,Benign
17,30346,1,1,51,67,51,51,51.0,0.0,67,67,67.0,0.0,3888.48612667238,65.9065445198708,30346.0,0.0,30346,30346,0,0.0,0.0,0,0,0,0.0,0.0,0,0,0,0,0,0,32,32,32.953274,32.953274,51,67,56.333332,9.237604,85.333336,0,0,0,0,0,0,0,0,1,84.5,51.0,67.0,0,0,0,0,0,0,1,51,1,67,-1,-1,0,32,0.0,0.0,0,0,0.0,0.0,0,0,Benign
17,61197,1,1,56,121,56,56,56.0,0.0,121,121,121.0,0.0,2892.2986420903,32.6813405885909,61197.0,0.0,61197,61197,0,0.0,0.0,0,0,0,0.0,0.0,0,0,0,0,0,0,32,20,16.34067,16.34067,56,121,77.666664,37.527767,1408.3334,0,0,0,0,0,0,0,0,1,116.5,56.0,121.0,0,0,0,0,0,0,1,56,1,121,-1,-1,0,32,0.0,0.0,0,0,0.0,0.0,0,0,Benign
6,4992,2,0,12,0,6,6,6.0,0.0,0,0,0.0,0.0,2403.84615384615,400.641025641026,4992.0,0.0,4992,4992,4992,4992.0,0.0,4992,4992,0,0.0,0.0,0,0,0,0,0,0,40,0,400.64102,0.0,6,6,6.0,0.0,0.0,0,0,0,0,1,0,0,0,0,9.0,6.0,0.0,0,0,0,0,0,0,2,12,0,0,64,-1,1,20,0.0,0.0,0,0,0.0,0.0,0,0,Benign
17,23666,2,2,74,240,37,37,37.0,0.0,120,120,120.0,0.0,13267.9793797008,169.018845601285,7888.6665,13656.644,23658,4,4,4.0,0.0,4,4,4,4.0,0.0,4,4,0,0,0,0,64,64,84.50942,84.50942,37,120,70.2,45.46097,2066.7,0,0,0,0,0,0,0,0,1,87.75,37.0,120.0,0,0,0,0,0,0,2,74,2,240,-1,-1,1,32,0.0,0.0,0,0,0.0,0.0,0,0,Benign
17,31699,2,2,76,238,38,38,38.0,0.0,119,119,119.0,0.0,9905.67525789457,126.18694596044,10566.333,18218.287,31603,48,48,48.0,0.0,48,48,48,48.0,0.0,48,48,0,0,0,0,40,40,63.09347,63.09347,38,119,70.4,44.36553,1968.3,0,0,0,0,0,0,0,0,1,88.0,38.0,119.0,0,0,0,0,0,0,2,76,2,238,-1,-1,1,20,0.0,0.0,0,0,0.0,0.0,0,0,Benign
6,10047954,7,5,988,1712,681,0,141.14285,252.8718,1555,0,342.4,680.6124,268.711421250535,1.19427298333571,913450.4,2987098.2,9919714,4,10047954,1674659.0,4039288.0,9919714,274,86711,21677.75,23632.014,42550,4,0,0,0,0,152,112,0.69665927,0.49761376,0,1555,207.6923,447.35022,200122.23,0,0,0,1,0,0,0,0,0,225.0,141.14285,342.4,0,0,0,0,0,0,7,988,5,1712,8192,115,6,20,0.0,0.0,0,0,0.0,0.0,0,0,Benign
17,23318,1,1,49,81,49,49,49.0,0.0,81,81,81.0,0.0,5575.09220344798,85.7706492838151,23318.0,0.0,23318,23318,0,0.0,0.0,0,0,0,0.0,0.0,0,0,0,0,0,0,32,44,42.885326,42.885326,49,81,59.666668,18.475208,341.33334,0,0,0,0,0,0,0,0,1,89.5,49.0,81.0,0,0,0,0,0,0,1,49,1,81,-1,-1,0,32,0.0,0.0,0,0,0.0,0.0,0,0,Benign
6,28828,1,1,0,0,0,0,0.0,0.0,0,0,0.0,0.0,0.0,69.3769945885944,28828.0,0.0,28828,28828,0,0.0,0.0,0,0,0,0.0,0.0,0,0,0,0,0,0,32,32,34.688496,34.688496,0,0,0.0,0.0,0.0,0,0,0,0,1,1,0,0,1,0.0,0.0,0.0,0,0,0,0,0,0,1,0,1,0,238,125,0,32,0.0,0.0,0,0,0.0,0.0,0,0,Benign
6,4798791,2,0,12,0,6,6,6.0,0.0,0,0,0.0,0.0,2.5006298461425,0.41677164102375,4798791.0,0.0,4798791,4798791,4798791,4798791.0,0.0,4798791,4798791,0,0.0,0.0,0,0,0,0,0,0,40,0,0.41677165,0.0,6,6,6.0,0.0,0.0,0,0,0,0,1,0,0,0,0,9.0,6.0,0.0,0,0,0,0,0,0,2,12,0,0,255,-1,1,20,0.0,0.0,0,0,0.0,0.0,0,0,Benign
6,109,1,1,0,0,0,0,0.0,0.0,0,0,0.0,0.0,0.0,18348.623853211,109.0,0.0,109,109,0,0.0,0.0,0,0,0,0.0,0.0,0,0,0,0,0,0,32,32,9174.312,9174.312,0,0,0.0,0.0,0.0,0,0,0,0,1,1,0,0,1,0.0,0.0,0.0,0,0,0,0,0,0,1,0,1,0,176,32832,0,32,0.0,0.0,0,0,0.0,0.0,0,0,Benign
6,115708846,19,17,2858,421,2175,0,150.42105,503.98834,256,0,24.764706,69.294235,28.3383692202755,0.311125737093601,3305967.0,4672386.5,10056439,49,115708846,6428269.0,4764864.0,10079624,49,110558054,6909878.5,4788261.0,10079506,633,0,0,0,0,392,484,0.16420525,0.14692049,0,2175,88.62162,365.09674,133295.62,0,0,0,1,0,0,0,0,0,91.083336,150.42105,24.764706,0,0,0,0,0,0,19,2858,17,421,8192,1129,18,20,55134.668,110208.58,405090,22986,9587265.0,1405856.4,10056439,5127633,Benign
6,9284,13,12,4122,1044,1660,0,317.07693,600.6819,210,0,87.0,89.21476,556441.189142611,2692.80482550625,386.83334,1228.1442,5944,2,9284,773.6667,1858.9824,6499,2,9206,836.9091,1782.7614,6027,3,0,0,0,0,284,264,1400.2585,1292.5463,0,1660,198.6923,437.66434,191550.06,0,0,0,1,0,0,0,0,0,206.64,317.07693,87.0,0,0,0,0,0,0,13,4122,12,1044,8192,0,11,20,0.0,0.0,0,0,0.0,0.0,0,0,Benign
6,430527,13,8,1035,5131,645,0,79.61539,178.2281,1595,0,641.375,735.5833,14321.9821288793,48.7774285933286,21526.35,36859.43,88666,0,430527,35877.25,42997.996,90499,0,333790,47684.285,61919.848,151620,50,0,0,0,0,428,264,30.19555,18.581877,0,1595,280.27274,526.16754,276852.3,0,0,0,1,0,0,0,0,0,293.61905,79.61539,641.375,0,0,0,0,0,0,13,1035,8,5131,65535,140,6,32,0.0,0.0,0,0,0.0,0.0,0,0,Benign
17,46918,1,1,41,69,41,41,41.0,0.0,69,69,69.0,0.0,2344.51596402234,42.6275629822243,46918.0,0.0,46918,46918,0,0.0,0.0,0,0,0,0.0,0.0,0,0,0,0,0,0,32,20,21.313782,21.313782,41,69,50.333332,16.165808,261.33334,0,0,0,0,0,0,0,0,1,75.5,41.0,69.0,0,0,0,0,0,0,1,41,1,69,-1,-1,0,32,0.0,0.0,0,0,0.0,0.0,0,0,Benign
17,277,2,2,82,176,41,41,41.0,0.0,88,88,88.0,0.0,931407.942238267,14440.4332129964,92.333336,156.46512,273,1,1,1.0,0.0,1,1,3,3.0,0.0,3,3,0,0,0,0,40,40,7220.217,7220.217,41,88,59.8,25.74296,662.7,0,0,0,0,0,0,0,0,1,74.75,41.0,88.0,0,0,0,0,0,0,2,82,2,176,-1,-1,1,20,0.0,0.0,0,0,0.0,0.0,0,0,Benign
17,31281,4,2,152,172,38,38,38.0,0.0,86,86,86.0,0.0,10357.7251366644,191.809724753045,6256.2,13760.063,30869,3,30875,10291.667,17820.494,30869,3,3,3.0,0.0,3,3,0,0,0,0,80,40,127.873146,63.936573,38,86,51.714287,23.421602,548.5714,0,0,0,0,0,0,0,0,0,60.333332,38.0,86.0,0,0,0,0,0,0,4,152,2,172,-1,-1,3,20,0.0,0.0,0,0,0.0,0.0,0,0,Benign
6,5,1,2,6,37,6,6,6.0,0.0,31,6,18.5,17.67767,8600000.0,600000.0,2.5,0.70710677,3,2,0,0.0,0.0,0,0,3,3.0,0.0,3,3,0,0,0,0,20,40,200000.0,400000.0,6,31,12.25,12.5,156.25,1,0,0,0,1,0,0,0,2,16.333334,6.0,18.5,0,0,0,0,0,0,1,6,2,37,0,31104,0,20,0.0,0.0,0,0,0.0,0.0,0,0,Benign
17,195122,2,2,64,392,32,32,32.0,0.0,196,196,196.0,0.0,2336.99941575015,20.4999948750013,65040.668,112649.41,195117,1,1,1.0,0.0,1,1,4,4.0,0.0,4,4,0,0,0,0,40,40,10.249997,10.249997,32,196,97.6,89.8265,8068.8,0,0,0,0,0,0,0,0,1,122.0,32.0,196.0,0,0,0,0,0,0,2,64,2,392,-1,-1,1,20,0.0,0.0,0,0,0.0,0.0,0,0,Benign
17,218,2,2,70,166,35,35,35.0,0.0,83,83,83.0,0.0,1082568.80733945,18348.623853211,72.666664,122.40234,214,1,3,3.0,0.0,3,3,1,1.0,0.0,1,1,0,0,0,0,64,64,9174.312,9174.312,35,83,54.2,26.290682,691.2,0,0,0,0,0,0,0,0,1,67.75,35.0,83.0,0,0,0,0,0,0,2,70,2,166,-1,-1,1,32,0.0,0.0,0,0,0.0,0.0,0,0,Benign
6,17948637,3,1,12,0,6,0,4.0,3.4641016,0,0,0.0,0.0,0.66857444384217,0.22285814794739,5982879.0,10318866.0,17898043,67,17948637,8974318.0,12620052.0,17898043,50594,0,0.0,0.0,0,0,0,0,0,0,72,32,0.16714361,0.055714536,0,6,2.4,3.2863352,10.8,0,0,0,1,0,0,0,0,0,3.0,4.0,0.0,0,0,0,0,0,0,3,12,1,0,8192,26883,2,20,0.0,0.0,0,0,0.0,0.0,0,0,Benign
17,347436,2,2,94,166,55,39,47.0,11.313708,111,55,83.0,39.59798,748.339262482874,11.5129117305058,115812.0,147810.62,286489,30428,317008,317008.0,0.0,317008,317008,316917,316917.0,0.0,316917,316917,0,0,0,0,40,52,5.756456,5.756456,39,111,59.8,29.718681,883.2,0,0,0,0,0,0,0,0,1,74.75,47.0,83.0,0,0,0,0,0,0,2,94,2,166,-1,-1,1,20,0.0,0.0,0,0,0.0,0.0,0,0,Benign
17,111688,2,2,74,202,37,37,37.0,0.0,101,101,101.0,0.0,2471.16968698517,35.8140534345677,37229.332,64406.902,111600,1,1,1.0,0.0,1,1,87,87.0,0.0,87,87,0,0,0,0,64,40,17.907026,17.907026,37,101,62.6,35.054245,1228.8,0,0,0,0,0,0,0,0,1,78.25,37.0,101.0,0,0,0,0,0,0,2,74,2,202,-1,-1,1,32,0.0,0.0,0,0,0.0,0.0,0,0,Benign
17,241,2,2,94,196,47,47,47.0,0.0,98,98,98.0,0.0,1203319.50207469,16597.510373444,80.333336,134.81221,236,2,2,2.0,0.0,2,2,3,3.0,0.0,3,3,0,0,0,0,64,64,8298.755,8298.755,47,98,67.4,27.933851,780.3,0,0,0,0,0,0,0,0,1,84.25,47.0,98.0,0,0,0,0,0,0,2,94,2,196,-1,-1,1,32,0.0,0.0,0,0,0.0,0.0,0,0,Benign
6,13,2,0,12,0,6,6,6.0,0.0,0,0,0.0,0.0,923076.923076923,153846.153846154,13.0,0.0,13,13,13,13.0,0.0,13,13,0,0.0,0.0,0,0,0,0,0,0,40,0,153846.16,0.0,6,6,6.0,0.0,0.0,0,0,0,0,1,0,0,0,0,9.0,6.0,0.0,0,0,0,0,0,0,2,12,0,0,64240,-1,1,20,0.0,0.0,0,0,0.0,0.0,0,0,Benign
6,223,2,1,37,6,37,0,18.5,26.16295,6,6,6.0,0.0,192825.112107623,13452.9147982063,111.5,72.832,163,60,223,223.0,0.0,223,223,0,0.0,0.0,0,0,1,0,0,0,64,20,8968.61,4484.305,0,37,20.0,19.782146,391.33334,0,1,0,0,1,0,0,0,0,26.666666,18.5,6.0,0,0,0,0,0,0,2,37,1,6,123,0,0,32,0.0,0.0,0,0,0.0,0.0,0,0,Benign
17,60953,1,1,49,147,49,49,49.0,0.0,147,147,147.0,0.0,3215.59234164028,32.8121667514314,60953.0,0.0,60953,60953,0,0.0,0.0,0,0,0,0.0,0.0,0,0,0,0,0,0,44,32,16.406084,16.406084,49,147,81.666664,56.580326,3201.3333,0,0,0,0,0,0,0,0,1,122.5,49.0,147.0,0,0,0,0,0,0,1,49,1,147,-1,-1,0,44,0.0,0.0,0,0,0.0,0.0,0,0,Benign
6,105487,10,5,1114,943,869,0,111.4,270.28305,805,0,188.6,349.72104,19500.0331794439,142.197616767943,7534.7856,13063.4,32117,2,105487,11720.777,15740.93,33210,49,68113,17028.25,17792.5,32505,349,0,0,0,0,332,168,94.79841,47.399204,0,869,128.5625,280.97354,78946.13,0,0,0,1,0,0,0,0,0,137.13333,111.4,188.6,0,0,0,0,0,0,10,1114,5,943,65535,63,5,32,0.0,0.0,0,0,0.0,0.0,0,0,Benign
6,41,1,1,0,0,0,0,0.0,0.0,0,0,0.0,0.0,0.0,48780.4878048781,41.0,0.0,41,41,0,0.0,0.0,0,0,0,0.0,0.0,0,0,0,0,0,0,32,32,24390.244,24390.244,0,0,0.0,0.0,0.0,0,0,0,0,1,1,0,0,1,0.0,0.0,0.0,0,0,0,0,0,0,1,0,1,0,340,240,0,32,0.0,0.0,0,0,0.0,0.0,0,0,Benign
6,141999,10,5,1044,639,789,0,104.4,245.63351,501,0,127.8,217.01428,11852.1961422264,105.63454672216,10142.786,14650.988,36873,39,141999,15777.667,20687.07,52626,49,96930,24232.5,17089.21,37295,1162,0,0,0,0,332,168,70.423035,35.211517,0,789,105.1875,222.86475,49668.695,0,0,0,1,0,0,0,0,0,112.2,104.4,127.8,0,0,0,0,0,0,10,1044,5,639,65535,353,5,32,0.0,0.0,0,0,0.0,0.0,0,0,Benign
17,67104586,7,7,336,336,48,48,48.0,0.0,48,48,48.0,0.0,10.0142187003434,0.208629556257154,5161891.0,15568992.0,56895265,104336,66999940,11166657.0,22453668.0,57000013,1999929,66999740,11166623.0,22453634.0,56999911,1999453,0,0,0,0,188,152,0.10431478,0.10431478,48,48,48.0,0.0,0.0,0,0,0,0,0,0,0,0,1,51.42857,48.0,48.0,0,0,0,0,0,0,7,336,7,336,-1,-1,6,20,10104675.0,0.0,10104675,10104675,56895264.0,0.0,56895265,56895265,Benign
17,26089,2,2,66,222,33,33,33.0,0.0,111,111,111.0,0.0,11039.1352677374,153.321323163019,8696.333,15058.161,26084,1,1,1.0,0.0,1,1,4,4.0,0.0,4,4,0,0,0,0,64,80,76.66066,76.66066,33,111,64.2,42.72236,1825.2,0,0,0,0,0,0,0,0,1,80.25,33.0,111.0,0,0,0,0,0,0,2,66,2,222,-1,-1,1,32,0.0,0.0,0,0,0.0,0.0,0,0,Benign
17,3266021,2,2,110,245,57,53,55.0,2.828427,128,117,122.5,7.7781744,108.69495327801,1.22473186792124,1088673.6,1859017.6,3235213,471,3265550,3265550.0,0.0,3265550,3265550,3235684,3235684.0,0.0,3235684,3235684,0,0,0,0,40,40,0.61236596,0.61236596,53,128,82.4,36.84834,1357.8,0,0,0,0,0,0,0,0,1,103.0,55.0,122.5,0,0,0,0,0,0,2,110,2,245,-1,-1,1,20,0.0,0.0,0,0,0.0,0.0,0,0,Benign
6,115298635,20,19,1232,3905,549,0,61.6,142.35367,1460,0,205.52632,463.51764,44.5538665743961,0.338252053027341,3034174.5,4569703.5,10033397,2,115298635,6068349.0,4880504.0,10061646,2,110454541,6136363.5,5024495.5,10061694,2,0,0,0,0,412,392,0.17346258,0.16478947,0,1460,128.425,338.58884,114642.41,0,0,0,1,0,0,0,0,0,131.71794,61.6,205.52632,0,0,0,0,0,0,20,1232,19,3905,8192,40958,19,20,44687.09,54291.547,208382,28221,9996646.0,25241.465,10033397,9926661,Benign
6,202,2,1,37,6,37,0,18.5,26.16295,6,6,6.0,0.0,212871.287128713,14851.4851485149,101.0,49.497475,136,66,202,202.0,0.0,202,202,0,0.0,0.0,0,0,1,0,0,0,64,20,9900.99,4950.495,0,37,20.0,19.782146,391.33334,0,1,0,0,1,0,0,0,0,26.666666,18.5,6.0,0,0,0,0,0,0,2,37,1,6,120,0,0,32,0.0,0.0,0,0,0.0,0.0,0,0,Benign
6,56,1,1,6,6,6,6,6.0,0.0,6,6,6.0,0.0,214285.714285714,35714.2857142857,56.0,0.0,56,56,0,0.0,0.0,0,0,0,0.0,0.0,0,0,0,0,0,0,20,20,17857.143,17857.143,6,6,6.0,0.0,0.0,0,0,0,0,1,1,0,0,1,9.0,6.0,6.0,0,0,0,0,0,0,1,6,1,6,17152,65535,0,20,0.0,0.0,0,0,0.0,0.0,0,0,Benign
17,378194,4,2,148,232,37,37,37.0,0.0,116,116,116.0,0.0,1004.7753269486,15.864873583399,75638.8,123902.29,285295,3,92895,30965.0,53588.79,92844,3,4,4.0,0.0,4,4,0,0,0,0,80,40,10.576582,5.288291,37,116,59.57143,38.548054,1485.9524,0,0,0,0,0,0,0,0,0,69.5,37.0,116.0,0,0,0,0,0,0,4,148,2,232,-1,-1,3,20,0.0,0.0,0,0,0.0,0.0,0,0,Benign
6,3,2,0,12,0,6,6,6.0,0.0,0,0,0.0,0.0,4000000.0,666666.666666667,3.0,0.0,3,3,3,3.0,0.0,3,3,0,0.0,0.0,0,0,0,0,0,0,40,0,666666.7,0.0,6,6,6.0,0.0,0.0,0,0,0,0,1,0,0,0,0,9.0,6.0,0.0,0,0,0,0,0,0,2,12,0,0,400,-1,1,20,0.0,0.0,0,0,0.0,0.0,0,0,Benign
6,3,2,0,37,0,31,6,18.5,17.67767,0,0,0.0,0.0,12333333.3333333,666666.666666667,3.0,0.0,3,3,3,3.0,0.0,3,3,0,0.0,0.0,0,0,1,0,0,0,40,0,666666.7,0.0,6,31,22.666666,14.433757,208.33333,0,1,0,0,1,0,0,0,0,34.0,18.5,0.0,0,0,0,0,0,0,2,37,0,0,29,-1,1,20,0.0,0.0,0,0,0.0,0.0,0,0,Benign
6,82915,10,5,713,479,469,0,71.3,147.28735,341,0,95.8,149.52992,14376.1683651933,180.908158957969,5922.5,9364.132,23199,4,82915,9212.777,11349.799,24347,4,50388,12597.0,13016.666,24060,315,0,0,0,0,332,168,120.60544,60.30272,0,469,74.5,139.66628,19506.666,0,0,0,1,0,0,0,0,0,79.46667,71.3,95.8,0,0,0,0,0,0,10,713,5,479,65535,972,5,32,0.0,0.0,0,0,0.0,0.0,0,0,Benign
17,504,1,1,54,110,54,54,54.0,0.0,110,110,110.0,0.0,325396.825396825,3968.25396825397,504.0,0.0,504,504,0,0.0,0.0,0,0,0,0.0,0.0,0,0,0,0,0,0,20,20,1984.127,1984.127,54,110,72.666664,32.331615,1045.3334,0,0,0,0,0,0,0,0,1,109.0,54.0,110.0,0,0,0,0,0,0,1,54,1,110,-1,-1,0,20,0.0,0.0,0,0,0.0,0.0,0,0,Benign
6,14950,1,1,6,6,6,6,6.0,0.0,6,6,6.0,0.0,802.675585284281,133.779264214047,14950.0,0.0,14950,14950,0,0.0,0.0,0,0,0,0.0,0.0,0,0,0,0,0,0,20,20,66.88963,66.88963,6,6,6.0,0.0,0.0,0,0,0,0,1,1,0,0,1,9.0,6.0,6.0,0,0,0,0,0,0,1,6,1,6,295,31,0,20,0.0,0.0,0,0,0.0,0.0,0,0,Benign
6,5105557,5,5,343,554,331,0,68.6,146.71674,271,0,110.8,146.26244,175.690918738151,1.95865015315665,567284.1,1568765.4,4745479,42,360078,90019.5,140461.47,298083,539,5054163,1263540.8,2323864.2,4745521,2547,0,0,0,0,124,112,0.97932506,0.97932506,0,331,81.545456,135.44029,18344.072,0,0,0,1,0,0,0,0,1,89.7,68.6,110.8,0,0,0,0,0,0,5,343,5,554,8192,7568,3,20,0.0,0.0,0,0,0.0,0.0,0,0,Benign
6,4076313,5,1,123,46,46,0,24.6,23.276598,46,46,46.0,0.0,41.4590341811338,1.47191837329469,815262.6,1797109.0,4029916,41,4076313,1019078.25,2007286.0,4029916,41,0,0.0,0.0,0,0,1,0,0,0,160,32,1.2265986,0.24531972,0,46,30.714285,21.684975,470.2381,0,1,0,0,1,0,0,0,0,35.833332,24.6,46.0,0,0,0,0,0,0,5,123,1,46,498,357,2,32,0.0,0.0,0,0,0.0,0.0,0,0,Benign
6,4,2,0,12,0,6,6,6.0,0.0,0,0,0.0,0.0,3000000.0,500000.0,4.0,0.0,4,4,4,4.0,0.0,4,4,0,0.0,0.0,0,0,0,0,0,0,40,0,500000.0,0.0,6,6,6.0,0.0,0.0,0,0,0,0,1,0,0,0,0,9.0,6.0,0.0,0,0,0,0,0,0,2,12,0,0,5464,-1,1,20,0.0,0.0,0,0,0.0,0.0,0,0,Benign
17,517452,1,1,52,113,52,52,52.0,0.0,113,113,113.0,0.0,318.870156072447,3.86509280087815,517452.0,0.0,517452,517452,0,0.0,0.0,0,0,0,0.0,0.0,0,0,0,0,0,0,32,32,1.9325464,1.9325464,52,113,72.333336,35.218365,1240.3334,0,0,0,0,0,0,0,0,1,108.5,52.0,113.0,0,0,0,0,0,0,1,52,1,113,-1,-1,0,32,0.0,0.0,0,0,0.0,0.0,0,0,Benign
17,195,2,2,68,182,34,34,34.0,0.0,91,91,91.0,0.0,1282051.28205128,20512.8205128205,65.0,30.315012,100,47,47,47.0,0.0,47,47,48,48.0,0.0,48,48,0,0,0,0,64,64,10256.41,10256.41,34,91,56.8,31.220186,974.7,0,0,0,0,0,0,0,0,1,71.0,34.0,91.0,0,0,0,0,0,0,2,68,2,182,-1,-1,1,32,0.0,0.0,0,0,0.0,0.0,0,0,Benign
17,110926965,2,2,103,220,52,51,51.5,0.70710677,136,84,110.0,36.769554,2.9118258125966,0.036059762385097,36975656.0,63978376.0,110851520,30678,110896287,110896290.0,0.0,110896287,110896287,110882198,110882200.0,0.0,110882198,110882198,0,0,0,0,52,60,0.018029882,0.018029882,51,136,74.8,37.022964,1370.7,0,0,0,0,0,0,0,0,1,93.5,51.5,110.0,0,0,0,0,0,0,2,103,2,220,-1,-1,1,20,44767.0,0.0,44767,44767,110851520.0,0.0,110851520,110851520,Benign
17,30444,1,1,50,111,50,50,50.0,0.0,111,111,111.0,0.0,5288.39837077914,65.6943896991197,30444.0,0.0,30444,30444,0,0.0,0.0,0,0,0,0.0,0.0,0,0,0,0,0,0,20,20,32.847195,32.847195,50,111,70.333336,35.218365,1240.3334,0,0,0,0,0,0,0,0,1,105.5,50.0,111.0,0,0,0,0,0,0,1,50,1,111,-1,-1,0,20,0.0,0.0,0,0,0.0,0.0,0,0,Benign
17,31500,1,1,58,186,58,58,58.0,0.0,186,186,186.0,0.0,7746.03174603175,63.4920634920635,31500.0,0.0,31500,31500,0,0.0,0.0,0,0,0,0.0,0.0,0,0,0,0,0,0,32,32,31.74603,31.74603,58,186,100.666664,73.90083,5461.3335,0,0,0,0,0,0,0,0,1,151.0,58.0,186.0,0,0,0,0,0,0,1,58,1,186,-1,-1,0,32,0.0,0.0,0,0,0.0,0.0,0,0,Benign
17,157,2,2,66,98,33,33,33.0,0.0,49,49,49.0,0.0,1044585.98726115,25477.7070063694,52.333332,87.18562,153,1,3,3.0,0.0,3,3,1,1.0,0.0,1,1,0,0,0,0,40,40,12738.854,12738.854,33,49,39.4,8.763561,76.8,0,0,0,0,0,0,0,0,1,49.25,33.0,49.0,0,0,0,0,0,0,2,66,2,98,-1,-1,1,20,0.0,0.0,0,0,0.0,0.0,0,0,Benign
17,64090,2,2,74,138,37,37,37.0,0.0,69,69,69.0,0.0,3307.8483382743,62.4122327976283,21363.334,36995.45,64082,4,4,4.0,0.0,4,4,4,4.0,0.0,4,4,0,0,0,0,88,64,31.206116,31.206116,37,69,49.8,17.527122,307.2,0,0,0,0,0,0,0,0,1,62.25,37.0,69.0,0,0,0,0,0,0,2,74,2,138,-1,-1,1,44,0.0,0.0,0,0,0.0,0.0,0,0,Benign
6,524321,7,5,339,166,240,0,48.42857,88.46065,85,0,33.2,40.45615,963.150436469262,22.8867430448141,47665.547,129990.29,437652,3,524321,87386.836,185957.38,465907,3,57903,14475.75,16556.248,28931,48,0,0,0,0,160,112,13.3506,9.536143,0,240,38.846153,68.19683,4650.8076,0,0,0,1,0,0,0,0,0,42.083332,48.42857,33.2,0,0,0,0,0,0,7,339,5,166,29200,4392,6,20,0.0,0.0,0,0,0.0,0.0,0,0,Benign
6,171362,13,7,1820,5650,1301,0,140.0,356.8286,1604,0,807.1429,753.3146,43591.9281987839,116.711989822715,9019.053,14410.84,37103,3,171362,14280.167,16190.2705,37174,3,123798,20633.0,23107.89,51011,50,0,0,0,0,284,148,75.86279,40.849197,0,1604,355.7143,595.4321,354539.4,0,0,0,1,0,0,0,0,0,373.5,140.0,807.1429,0,0,0,0,0,0,13,1820,7,5650,65535,12,12,20,0.0,0.0,0,0,0.0,0.0,0,0,Benign
6,67,1,1,0,0,0,0,0.0,0.0,0,0,0.0,0.0,0.0,29850.7462686567,67.0,0.0,67,67,0,0.0,0.0,0,0,0,0.0,0.0,0,0,0,0,0,0,32,32,14925.373,14925.373,0,0,0.0,0.0,0.0,0,0,0,0,1,1,0,0,1,0.0,0.0,0.0,0,0,0,0,0,0,1,0,1,0,340,237,0,32,0.0,0.0,0,0,0.0,0.0,0,0,Benign
6,942,2,0,0,0,0,0,0.0,0.0,0,0,0.0,0.0,0.0,2123.14225053079,942.0,0.0,942,942,942,942.0,0.0,942,942,0,0.0,0.0,0,0,0,0,0,0,64,0,2123.1423,0.0,0,0,0.0,0.0,0.0,0,0,0,0,1,0,0,0,0,0.0,0.0,0.0,0,0,0,0,0,0,2,0,0,0,324,-1,0,32,0.0,0.0,0,0,0.0,0.0,0,0,Benign
17,148,2,2,70,166,35,35,35.0,0.0,83,83,83.0,0.0,1594594.59459459,27027.027027027,49.333332,79.38724,141,3,3,3.0,0.0,3,3,4,4.0,0.0,4,4,0,0,0,0,40,40,13513.514,13513.514,35,83,54.2,26.290682,691.2,0,0,0,0,0,0,0,0,1,67.75,35.0,83.0,0,0,0,0,0,0,2,70,2,166,-1,-1,1,20,0.0,0.0,0,0,0.0,0.0,0,0,Benign
6,239,2,1,37,6,31,6,18.5,17.67767,6,6,6.0,0.0,179916.317991632,12552.3012552301,119.5,41.7193,149,90,239,239.0,0.0,239,239,0,0.0,0.0,0,0,1,0,0,0,40,20,8368.201,4184.1006,6,31,18.5,14.433757,208.33333,0,1,0,0,1,0,0,0,0,24.666666,18.5,6.0,0,0,0,0,0,0,2,37,1,6,156,0,1,20,0.0,0.0,0,0,0.0,0.0,0,0,Benign
6,23676,1,1,0,0,0,0,0.0,0.0,0,0,0.0,0.0,0.0,84.4737286703835,23676.0,0.0,23676,23676,0,0.0,0.0,0,0,0,0.0,0.0,0,0,0,0,0,0,32,32,42.236866,42.236866,0,0,0.0,0.0,0.0,0,0,0,0,1,1,0,0,1,0.0,0.0,0.0,0,0,0,0,0,0,1,0,1,0,241,32,0,32,0.0,0.0,0,0,0.0,0.0,0,0,Benign
17,210,2,2,94,220,47,47,47.0,0.0,110,110,110.0,0.0,1495238.0952381,19047.619047619,70.0,119.511505,208,1,1,1.0,0.0,1,1,1,1.0,0.0,1,1,0,0,0,0,40,40,9523.81,9523.81,47,110,72.2,34.50652,1190.7,0,0,0,0,0,0,0,0,1,90.25,47.0,110.0,0,0,0,0,0,0,2,94,2,220,-1,-1,1,20,0.0,0.0,0,0,0.0,0.0,0,0,Benign
17,165,2,2,52,84,26,26,26.0,0.0,42,42,42.0,0.0,824242.424242424,24242.4242424242,55.0,90.06664,159,3,3,3.0,0.0,3,3,3,3.0,0.0,3,3,0,0,0,0,64,64,12121.212,12121.212,26,42,32.4,8.763561,76.8,0,0,0,0,0,0,0,0,1,40.5,26.0,42.0,0,0,0,0,0,0,2,52,2,84,-1,-1,1,32,0.0,0.0,0,0,0.0,0.0,0,0,Benign
17,82844,1,1,44,60,44,44,44.0,0.0,60,60,60.0,0.0,1255.37154169282,24.1417604171696,82844.0,0.0,82844,82844,0,0.0,0.0,0,0,0,0.0,0.0,0,0,0,0,0,0,32,32,12.07088,12.07088,44,60,49.333332,9.237604,85.333336,0,0,0,0,0,0,0,0,1,74.0,44.0,60.0,0,0,0,0,0,0,1,44,1,60,-1,-1,0,32,0.0,0.0,0,0,0.0,0.0,0,0,Benign
6,23712081,36,30,2540,36156,583,0,70.55556,155.43367,2896,0,1205.2,627.45886,1631.91075469083,2.78339130167445,364801.25,1747228.6,10030725,6,23712081,677488.0,2353410.8,10047844,66,13664150,471177.6,1865718.9,10025387,49,0,0,0,0,1160,968,1.5182134,1.2651778,0,2896,577.55225,714.23285,510128.53,0,0,0,1,0,0,0,0,0,586.30304,70.55556,1205.2,0,0,0,0,0,0,36,2540,30,36156,29200,130,8,32,1836532.5,2573039.2,3655946,17119,10019475.0,15909.902,10030725,10008225,Benign
17,31761,2,2,72,104,36,36,36.0,0.0,52,52,52.0,0.0,5541.38723591827,125.940618998142,10587.0,18254.084,31665,48,48,48.0,0.0,48,48,48,48.0,0.0,48,48,0,0,0,0,80,80,62.97031,62.97031,36,52,42.4,8.763561,76.8,0,0,0,0,0,0,0,0,1,53.0,36.0,52.0,0,0,0,0,0,0,2,72,2,104,-1,-1,1,40,0.0,0.0,0,0,0.0,0.0,0,0,Benign
17,190,2,2,88,344,44,44,44.0,0.0,172,172,172.0,0.0,2273684.21052632,21052.6315789474,63.333332,103.63558,183,3,3,3.0,0.0,3,3,4,4.0,0.0,4,4,0,0,0,0,64,64,10526.315,10526.315,44,172,95.2,70.10849,4915.2,0,0,0,0,0,0,0,0,1,119.0,44.0,172.0,0,0,0,0,0,0,2,88,2,344,-1,-1,1,32,0.0,0.0,0,0,0.0,0.0,0,0,Benign
6,5553705,3,1,0,0,0,0,0.0,0.0,0,0,0.0,0.0,0.0,0.720239911914659,1851235.0,3186305.2,5530439,64,5553705,2776852.5,3894159.2,5530439,23266,0,0.0,0.0,0,0,0,0,0,0,104,40,0.5401799,0.18005998,0,0,0.0,0.0,0.0,0,0,0,1,0,0,0,0,0,0.0,0.0,0.0,0,0,0,0,0,0,3,0,1,0,29200,28960,0,32,0.0,0.0,0,0,0.0,0.0,0,0,Benign
17,24045,1,1,48,48,48,48,48.0,0.0,48,48,48.0,0.0,3992.51403618216,83.177375753795,24045.0,0.0,24045,24045,0,0.0,0.0,0,0,0,0.0,0.0,0,0,0,0,0,0,32,32,41.588688,41.588688,48,48,48.0,0.0,0.0,0,0,0,0,0,0,0,0,1,72.0,48.0,48.0,0,0,0,0,0,0,1,48,1,48,-1,-1,0,32,0.0,0.0,0,0,0.0,0.0,0,0,Benign
6,143887,10,5,810,463,565,0,81.0,176.39287,325,0,92.6,142.9993,8847.22038822131,104.248472759874,10277.643,15198.62,36799,49,143887,15987.444,20695.479,52627,49,92534,23133.5,18121.148,37998,427,0,0,0,0,332,168,69.498985,34.749493,0,565,79.5625,156.84938,24601.729,0,0,0,1,0,0,0,0,0,84.86667,81.0,92.6,0,0,0,0,0,0,10,810,5,463,65535,349,5,32,0.0,0.0,0,0,0.0,0.0,0,0,Benign
17,12400009,2,2,101,182,55,46,50.5,6.363961,120,62,91.0,41.01219,22.822564080397,0.322580411030347,4133336.2,7115161.0,12349216,23378,12372594,12372594.0,0.0,12372594,12372594,12376631,12376631.0,0.0,12376631,12376631,0,0,0,0,40,40,0.1612902,0.1612902,46,120,65.8,31.035463,963.2,0,0,0,0,0,0,0,0,1,82.25,50.5,91.0,0,0,0,0,0,0,2,101,2,182,-1,-1,1,20,23378.0,0.0,23378,23378,12349216.0,0.0,12349216,12349216,Benign
17,23609,1,1,44,125,44,44,44.0,0.0,125,125,125.0,0.0,7158.28709390487,84.713456732602,23609.0,0.0,23609,23609,0,0.0,0.0,0,0,0,0.0,0.0,0,0,0,0,0,0,32,40,42.356728,42.356728,44,125,71.0,46.765373,2187.0,0,0,0,0,0,0,0,0,1,106.5,44.0,125.0,0,0,0,0,0,0,1,44,1,125,-1,-1,0,32,0.0,0.0,0,0,0.0,0.0,0,0,Benign
6,1640326,3,4,679,352,673,0,226.33333,386.8363,340,0,88.0,168.0238,628.533596370478,4.26744439824767,273387.66,457943.2,1181405,3,1406522,703261.0,676197.75,1181405,225117,1415371,471790.34,809511.7,1406520,3,0,0,0,0,72,92,1.8289047,2.4385397,0,673,128.875,249.50433,62252.41,0,0,0,1,0,0,0,0,1,147.28572,226.33333,88.0,0,0,0,0,0,0,3,679,4,352,8192,125,2,20,0.0,0.0,0,0,0.0,0.0,0,0,Benign
17,92392,1,1,48,48,48,48,48.0,0.0,48,48,48.0,0.0,1039.05100008659,21.6468958351372,92392.0,0.0,92392,92392,0,0.0,0.0,0,0,0,0.0,0.0,0,0,0,0,0,0,20,20,10.823448,10.823448,48,48,48.0,0.0,0.0,0,0,0,0,0,0,0,0,1,72.0,48.0,48.0,0,0,0,0,0,0,1,48,1,48,-1,-1,0,20,0.0,0.0,0,0,0.0,0.0,0,0,Benign
6,115792814,16,14,663,732,579,0,41.4375,143.35782,660,0,52.285713,174.91951,12.0473797277265,0.25908343500487,3992855.8,4850743.5,10000922,61,115792814,7719521.0,4187279.8,10087575,25927,111118912,8547609.0,3768179.0,10135877,1437,0,0,0,0,332,292,0.13817783,0.1209056,0,660,45.0,153.73158,23633.4,0,0,0,1,0,0,0,0,0,46.5,41.4375,52.285713,0,0,0,0,0,0,16,663,14,732,8192,8760,15,20,101574.45,49151.895,249771,86407,10000152.0,428.91708,10000922,9999540,Benign
6,40,2,0,12,0,6,6,6.0,0.0,0,0,0.0,0.0,300000.0,50000.0,40.0,0.0,40,40,40,40.0,0.0,40,40,0,0.0,0.0,0,0,0,0,0,0,40,0,50000.0,0.0,6,6,6.0,0.0,0.0,0,0,0,0,1,0,0,0,0,9.0,6.0,0.0,0,0,0,0,0,0,2,12,0,0,30,-1,1,20,0.0,0.0,0,0,0.0,0.0,0,0,Benign
6,115308707,16,14,448,979,448,0,28.0,112.0,979,0,69.92857,261.64874,12.3754748199544,0.260171159494486,3976162.2,4969321.5,10209012,45,115308707,7687247.0,4391807.0,10240018,1613,112452757,8650212.0,3831485.0,10240083,3228,0,0,0,0,520,456,0.13875796,0.12141321,0,979,46.032257,190.91507,36448.566,0,0,0,1,0,0,0,0,0,47.566666,28.0,69.92857,0,0,0,0,0,0,16,448,14,979,29200,118,1,32,34348.727,10920.469,67275,30990,10188637.0,62229.227,10209012,10001569,Benign
17,233,2,2,78,194,39,39,39.0,0.0,97,97,97.0,0.0,1167381.97424893,17167.3819742489,77.666664,93.83674,183,3,3,3.0,0.0,3,3,47,47.0,0.0,47,47,0,0,0,0,64,80,8583.691,8583.691,39,97,62.2,31.767908,1009.2,0,0,0,0,0,0,0,0,1,77.75,39.0,97.0,0,0,0,0,0,0,2,78,2,194,-1,-1,1,32,0.0,0.0,0,0,0.0,0.0,0,0,Benign
17,31518,2,2,82,254,41,41,41.0,0.0,127,127,127.0,0.0,10660.5749095755,126.911606066375,10506.0,18182.205,31501,2,2,2.0,0.0,2,2,15,15.0,0.0,15,15,0,0,0,0,64,64,63.455803,63.455803,41,127,75.4,47.10414,2218.8,0,0,0,0,0,0,0,0,1,94.25,41.0,127.0,0,0,0,0,0,0,2,82,2,254,-1,-1,1,32,0.0,0.0,0,0,0.0,0.0,0,0,Benign
17,53236,1,1,61,111,61,61,61.0,0.0,111,111,111.0,0.0,3230.89638590428,37.5685626267939,53236.0,0.0,53236,53236,0,0.0,0.0,0,0,0,0.0,0.0,0,0,0,0,0,0,20,20,18.78428,18.78428,61,111,77.666664,28.867514,833.3333,0,0,0,0,0,0,0,0,1,116.5,61.0,111.0,0,0,0,0,0,0,1,61,1,111,-1,-1,0,20,0.0,0.0,0,0,0.0,0.0,0,0,Benign
6,116044839,18,15,588,768,294,0,32.666668,95.07397,384,0,51.2,135.11646,11.6851383627668,0.284372836262024,3626401.2,4862244.5,10218180,54,116044839,6826167.0,4784036.5,10240016,66,112866919,8061923.0,4285684.0,10240167,553,0,0,0,0,584,488,0.15511246,0.12926038,0,384,39.882355,111.966385,12536.471,0,0,0,1,0,0,0,0,0,41.090908,32.666668,51.2,0,0,0,0,0,0,18,588,15,768,29200,972,2,32,64728.727,141867.75,492476,21806,10195910.0,63538.52,10218180,10006544,Benign
6,52987,2,1,0,0,0,0,0.0,0.0,0,0,0.0,0.0,0.0,56.6176609357012,26493.5,37389.684,52932,55,52987,52987.0,0.0,52987,52987,0,0.0,0.0,0,0,0,0,0,0,76,32,37.745106,18.872553,0,0,0.0,0.0,0.0,0,0,0,0,1,0,0,0,0,0.0,0.0,0.0,0,0,0,0,0,0,2,0,1,0,361,32832,0,32,0.0,0.0,0,0,0.0,0.0,0,0,Benign
6,520992,7,6,564,3252,342,0,80.57143,135.93486,1460,0,542.0,716.8372,7324.48866777225,24.9523985013206,43416.0,106387.71,376662,2,520992,86832.0,145042.2,376662,365,63035,12607.0,16451.746,32111,2,0,0,0,0,152,132,13.435906,11.516492,0,1460,272.57144,515.00867,265233.97,0,0,0,1,0,0,0,0,0,293.53845,80.57143,542.0,0,0,0,0,0,0,7,564,6,3252,8192,34950,6,20,0.0,0.0,0,0,0.0,0.0,0,0,Benign
6,13781816,2,0,12,0,6,6,6.0,0.0,0,0,0.0,0.0,0.870712538899083,0.14511875648318,13781816.0,0.0,13781816,13781816,13781816,13781816.0,0.0,13781816,13781816,0,0.0,0.0,0,0,0,0,0,0,40,0,0.14511876,0.0,6,6,6.0,0.0,0.0,0,0,0,0,1,0,0,0,0,9.0,6.0,0.0,0,0,0,0,0,0,2,12,0,0,63668,-1,1,20,0.0,0.0,0,0,0.0,0.0,0,0,Benign
6,148,3,0,49,0,37,6,16.333334,17.897858,0,0,0.0,0.0,331081.081081081,20270.2702702703,74.0,35.35534,99,49,148,74.0,35.35534,99,49,0,0.0,0.0,0,0,0,0,0,0,60,0,20270.27,0.0,6,37,13.75,15.5,240.25,0,0,0,0,1,0,0,0,0,18.333334,16.333334,0.0,0,0,0,0,0,0,3,49,0,0,16324,-1,2,20,0.0,0.0,0,0,0.0,0.0,0,0,Benign
17,237,2,2,82,254,41,41,41.0,0.0,127,127,127.0,0.0,1417721.51898734,16877.6371308017,79.0,132.51038,232,1,4,4.0,0.0,4,4,1,1.0,0.0,1,1,0,0,0,0,64,64,8438.818,8438.818,41,127,75.4,47.10414,2218.8,0,0,0,0,0,0,0,0,1,94.25,41.0,127.0,0,0,0,0,0,0,2,82,2,254,-1,-1,1,32,0.0,0.0,0,0,0.0,0.0,0,0,Benign
6,104952,10,5,713,479,469,0,71.3,147.28735,341,0,95.8,149.52992,11357.5729857459,142.922478847473,7496.5713,9806.321,24186,3,104952,11661.333,10648.816,24752,3,67368,16842.0,18957.457,37395,502,0,0,0,0,332,168,95.281654,47.640827,0,469,74.5,139.66628,19506.666,0,0,0,1,0,0,0,0,0,79.46667,71.3,95.8,0,0,0,0,0,0,10,713,5,479,65535,972,5,32,0.0,0.0,0,0,0.0,0.0,0,0,Benign
17,77581,1,1,41,223,41,41,41.0,0.0,223,223,223.0,0.0,3402.89503873371,25.7795078691948,77581.0,0.0,77581,77581,0,0.0,0.0,0,0,0,0.0,0.0,0,0,0,0,0,0,32,20,12.889754,12.889754,41,223,101.666664,105.07775,11041.333,0,0,0,0,0,0,0,0,1,152.5,41.0,223.0,0,0,0,0,0,0,1,41,1,223,-1,-1,0,32,0.0,0.0,0,0,0.0,0.0,0,0,Benign
6,118567865,22,29,992,23788,214,0,45.090908,68.851746,2820,0,820.2759,839.9419,208.994232965231,0.430133409250474,2371357.2,11500664.0,58344256,3,118567865,5646089.0,17454138.0,58344256,4,118533304,4233332.5,15237095.0,58379052,3,0,0,0,0,488,592,0.18554774,0.24458566,0,2820,476.53845,735.67957,541224.44,0,0,0,1,0,0,0,0,1,485.88235,45.090908,820.2759,0,0,0,0,0,0,22,992,29,23788,8192,123,18,20,1085411.0,1353147.9,2042231,128591,58134630.0,296452.4,58344256,57925009,Benign
6,5384,2,0,12,0,6,6,6.0,0.0,0,0,0.0,0.0,2228.82615156018,371.47102526003,5384.0,0.0,5384,5384,5384,5384.0,0.0,5384,5384,0,0.0,0.0,0,0,0,0,0,0,40,0,371.47104,0.0,6,6,6.0,0.0,0.0,0,0,0,0,1,0,0,0,0,9.0,6.0,0.0,0,0,0,0,0,0,2,12,0,0,30,-1,1,20,0.0,0.0,0,0,0.0,0.0,0,0,Benign
6,20102387,7,7,1442,3630,565,0,206.0,260.2992,2254,0,518.5714,850.42615,252.308345272629,0.696434706982808,1546337.5,5530448.5,19952711,3,149673,24945.5,26468.133,72826,129,20078091,3346348.5,8158402.0,19999597,3,0,0,0,0,152,152,0.34821737,0.34821737,0,2254,338.13333,610.0548,372166.84,0,0,0,1,0,0,0,0,1,362.2857,206.0,518.5714,0,0,0,0,0,0,7,1442,7,3630,8192,254,6,20,149673.0,0.0,149673,149673,19952712.0,0.0,19952711,19952711,Benign
6,180,1,1,0,0,0,0,0.0,0.0,0,0,0.0,0.0,0.0,11111.1111111111,180.0,0.0,180,180,0,0.0,0.0,0,0,0,0.0,0.0,0,0,0,0,0,0,32,32,5555.5557,5555.5557,0,0,0.0,0.0,0.0,0,0,0,0,1,1,0,0,1,0.0,0.0,0.0,0,0,0,0,0,0,1,0,1,0,62,33304,0,32,0.0,0.0,0,0,0.0,0.0,0,0,Benign
17,23347,1,1,43,59,43,43,43.0,0.0,59,59,59.0,0.0,4368.86966205508,85.6641110206879,23347.0,0.0,23347,23347,0,0.0,0.0,0,0,0,0.0,0.0,0,0,0,0,0,0,20,20,42.832054,42.832054,43,59,48.333332,9.237604,85.333336,0,0,0,0,0,0,0,0,1,72.5,43.0,59.0,0,0,0,0,0,0,1,43,1,59,-1,-1,0,20,0.0,0.0,0,0,0.0,0.0,0,0,Benign
6,117509081,14,13,849,5654,231,0,60.642857,79.13047,2072,0,434.92307,719.5016,55.3404038620641,0.229769476284135,4519580.0,15890296.0,58792067,3,117509081,9039160.0,21958174.0,58830162,4,117306483,9775540.0,22808632.0,58807079,3,0,0,0,0,292,272,0.11913973,0.110629745,0,2072,232.25,519.75104,270141.16,0,0,0,1,0,0,0,0,0,240.85185,60.642857,434.92307,0,0,0,0,0,0,14,849,13,5654,8192,32,13,20,158029.0,67590.92,205823,110235,58495210.0,419819.9,58792067,58198352,Benign
6,41,1,1,6,6,6,6,6.0,0.0,6,6,6.0,0.0,292682.926829268,48780.4878048781,41.0,0.0,41,41,0,0.0,0.0,0,0,0,0.0,0.0,0,0,0,0,0,0,20,20,24390.244,24390.244,6,6,6.0,0.0,0.0,0,0,0,0,1,1,0,0,1,9.0,6.0,6.0,0,0,0,0,0,0,1,6,1,6,29,256,0,20,0.0,0.0,0,0,0.0,0.0,0,0,Benign
17,271,2,2,80,202,40,40,40.0,0.0,101,101,101.0,0.0,1040590.40590406,14760.147601476,90.333336,71.59143,173,49,49,49.0,0.0,49,49,49,49.0,0.0,49,49,0,0,0,0,40,40,7380.0737,7380.0737,40,101,64.4,33.411076,1116.3,0,0,0,0,0,0,0,0,1,80.5,40.0,101.0,0,0,0,0,0,0,2,80,2,202,-1,-1,1,20,0.0,0.0,0,0,0.0,0.0,0,0,Benign
6,1877461,10,6,720,895,469,0,72.0,147.70842,757,0,149.16667,302.84943,860.204286533782,8.52214773036564,125164.07,428929.4,1673736,3,1877461,208606.78,583886.1,1764604,3,1818193,363638.6,732672.3,1673736,4,0,0,0,0,332,200,5.326342,3.1958053,0,757,95.0,207.19376,42929.25,0,0,0,1,0,0,0,0,0,100.9375,72.0,149.16667,0,0,0,0,0,0,10,720,6,895,65535,114,5,32,0.0,0.0,0,0,0.0,0.0,0,0,Benign
17,180,2,2,84,116,42,42,42.0,0.0,58,58,58.0,0.0,1111111.11111111,22222.2222222222,60.0,63.505905,129,4,4,4.0,0.0,4,4,47,47.0,0.0,47,47,0,0,0,0,40,40,11111.111,11111.111,42,58,48.4,8.763561,76.8,0,0,0,0,0,0,0,0,1,60.5,42.0,58.0,0,0,0,0,0,0,2,84,2,116,-1,-1,1,20,0.0,0.0,0,0,0.0,0.0,0,0,Benign
6,203,2,1,0,0,0,0,0.0,0.0,0,0,0.0,0.0,0.0,14778.3251231527,101.5,139.30003,200,3,3,3.0,0.0,3,3,0,0.0,0.0,0,0,0,0,0,0,64,32,9852.217,4926.1084,0,0,0.0,0.0,0.0,0,0,0,0,1,1,0,0,0,0.0,0.0,0.0,0,0,0,0,0,0,2,0,1,0,362,32832,0,32,0.0,0.0,0,0,0.0,0.0,0,0,Benign
17,71586,2,2,86,204,43,43,43.0,0.0,102,102,102.0,0.0,4051.07143854944,55.8768474282681,23862.0,41324.133,71579,3,3,3.0,0.0,3,3,4,4.0,0.0,4,4,0,0,0,0,64,64,27.938423,27.938423,43,102,66.6,32.31563,1044.3,0,0,0,0,0,0,0,0,1,83.25,43.0,102.0,0,0,0,0,0,0,2,86,2,204,-1,-1,1,32,0.0,0.0,0,0,0.0,0.0,0,0,Benign
17,30439,1,1,69,137,69,69,69.0,0.0,137,137,137.0,0.0,6767.63362791156,65.7051808535103,30439.0,0.0,30439,30439,0,0.0,0.0,0,0,0,0.0,0.0,0,0,0,0,0,0,20,20,32.85259,32.85259,69,137,91.666664,39.25982,1541.3334,0,0,0,0,0,0,0,0,1,137.5,69.0,137.0,0,0,0,0,0,0,1,69,1,137,-1,-1,0,20,0.0,0.0,0,0,0.0,0.0,0,0,Benign
6,115754039,22,16,3584,15694,512,0,162.90909,244.08643,2404,0,980.875,1072.2389,166.542784740323,0.328282281363849,3128487.5,4193240.2,10186256,67,115712021,5510096.0,4250537.0,10186256,44935,115713026,7714201.5,2838941.2,10227502,181,0,0,0,0,704,512,0.19005816,0.13822412,0,2404,494.30768,810.215,656448.44,0,0,0,0,1,0,0,0,0,507.3158,162.90909,980.875,0,0,0,0,0,0,22,3584,16,15694,1324,422,7,32,45393.855,5169.933,60925,41013,8219750.5,1945439.0,10186256,6142191,Benign
17,30618,2,2,82,212,41,41,41.0,0.0,106,106,106.0,0.0,9602.19478737997,130.642105950748,10206.0,17633.158,30567,3,48,48.0,0.0,48,48,3,3.0,0.0,3,3,0,0,0,0,40,40,65.32105,65.32105,41,106,67.0,35.601967,1267.5,0,0,0,0,0,0,0,0,1,83.75,41.0,106.0,0,0,0,0,0,0,2,82,2,212,-1,-1,1,20,0.0,0.0,0,0,0.0,0.0,0,0,Benign
6,82272,10,5,713,479,469,0,71.3,147.28735,341,0,95.8,149.52992,14488.525865422,182.322053675613,5876.5713,9935.017,24445,3,82272,9141.333,11714.894,24937,3,51015,12753.75,13852.894,24950,3,0,0,0,0,332,168,121.548035,60.774017,0,469,74.5,139.66628,19506.666,0,0,0,1,0,0,0,0,0,79.46667,71.3,95.8,0,0,0,0,0,0,10,713,5,479,65535,972,5,32,0.0,0.0,0,0,0.0,0.0,0,0,Benign
6,3,2,0,31,0,31,0,15.5,21.920311,0,0,0.0,0.0,10333333.3333333,666666.666666667,3.0,0.0,3,3,3,3.0,0.0,3,3,0,0.0,0.0,0,0,1,0,0,0,64,0,666666.7,0.0,0,31,20.666666,17.897858,320.33334,0,1,0,0,1,0,0,0,0,31.0,15.5,0.0,0,0,0,0,0,0,2,31,0,0,442,-1,0,32,0.0,0.0,0,0,0.0,0.0,0,0,Benign
6,62,1,1,6,6,6,6,6.0,0.0,6,6,6.0,0.0,193548.387096774,32258.064516129,62.0,0.0,62,62,0,0.0,0.0,0,0,0,0.0,0.0,0,0,0,0,0,0,20,20,16129.032,16129.032,6,6,6.0,0.0,0.0,0,0,0,0,1,1,0,0,1,9.0,6.0,6.0,0,0,0,0,0,0,1,6,1,6,33,253,0,20,0.0,0.0,0,0,0.0,0.0,0,0,Benign
6,65,1,1,6,6,6,6,6.0,0.0,6,6,6.0,0.0,184615.384615385,30769.2307692308,65.0,0.0,65,65,0,0.0,0.0,0,0,0,0.0,0.0,0,0,0,0,0,0,20,20,15384.615,15384.615,6,6,6.0,0.0,0.0,0,0,0,0,1,1,0,0,1,9.0,6.0,6.0,0,0,0,0,0,0,1,6,1,6,134,256,0,20,0.0,0.0,0,0,0.0,0.0,0,0,Benign
17,30803,1,1,41,143,41,41,41.0,0.0,143,143,143.0,0.0,5973.44414505081,64.928740707074,30803.0,0.0,30803,30803,0,0.0,0.0,0,0,0,0.0,0.0,0,0,0,0,0,0,20,20,32.46437,32.46437,41,143,75.0,58.88973,3468.0,0,0,0,0,0,0,0,0,1,112.5,41.0,143.0,0,0,0,0,0,0,1,41,1,143,-1,-1,0,20,0.0,0.0,0,0,0.0,0.0,0,0,Benign
6,15856931,13,14,2787,5209,1598,0,214.38461,468.2817,1460,0,372.07144,556.57684,504.258989334065,1.70272545172833,609881.94,2156635.2,10006063,3,15856931,1321410.9,3094888.2,10006063,4,10752082,827083.25,2770701.2,10040813,3,0,0,0,0,272,288,0.8198308,0.8828947,0,1598,285.57144,505.9185,255953.52,0,0,0,1,0,0,0,0,1,296.14816,214.38461,372.07144,0,0,0,0,0,0,13,2787,14,5209,8192,7094,12,20,390244.5,502885.16,745838,34651,7538219.0,3490058.5,10006063,5070375,Benign
17,219,2,2,76,196,38,38,38.0,0.0,98,98,98.0,0.0,1242009.13242009,18264.8401826484,73.0,124.70766,217,1,1,1.0,0.0,1,1,1,1.0,0.0,1,1,0,0,0,0,64,64,9132.42,9132.42,38,98,62.0,32.863354,1080.0,0,0,0,0,0,0,0,0,1,77.5,38.0,98.0,0,0,0,0,0,0,2,76,2,196,-1,-1,1,32,0.0,0.0,0,0,0.0,0.0,0,0,Benign
17,71927,2,2,74,172,37,37,37.0,0.0,86,86,86.0,0.0,3420.13430283482,55.611939883493,23975.666,41523.61,71923,1,1,1.0,0.0,1,1,3,3.0,0.0,3,3,0,0,0,0,64,64,27.80597,27.80597,37,86,56.6,26.838406,720.3,0,0,0,0,0,0,0,0,1,70.75,37.0,86.0,0,0,0,0,0,0,2,74,2,172,-1,-1,1,32,0.0,0.0,0,0,0.0,0.0,0,0,Benign
6,89,1,1,0,0,0,0,0.0,0.0,0,0,0.0,0.0,0.0,22471.9101123596,89.0,0.0,89,89,0,0.0,0.0,0,0,0,0.0,0.0,0,0,0,0,0,0,32,32,11235.955,11235.955,0,0,0.0,0.0,0.0,0,0,0,0,1,1,0,0,1,0.0,0.0,0.0,0,0,0,0,0,0,1,0,1,0,357,430,0,32,0.0,0.0,0,0,0.0,0.0,0,0,Benign
6,9824211,9,9,3987,4334,2159,0,443.0,873.679,1287,0,481.55554,605.1715,846.9891373465,1.83220820481156,577894.75,1565064.5,5500314,3,9824211,1228026.4,2165560.0,5500314,48,4288641,536080.1,1341124.8,3850043,3,0,0,0,0,200,188,0.9161041,0.9161041,0,2159,437.94736,716.68695,513640.16,0,0,0,1,0,0,0,0,1,462.27777,443.0,481.55554,0,0,0,0,0,0,9,3987,9,4334,29200,16060,8,20,0.0,0.0,0,0,0.0,0.0,0,0,Benign
17,24249646,2,2,127,271,81,46,63.5,24.748737,209,62,135.5,103.944695,16.4126107242968,0.164950861550721,8083215.5,13947658.0,24188584,30403,24219243,24219244.0,0.0,24219243,24219243,24218987,24218988.0,0.0,24218987,24218987,0,0,0,0,76,52,0.08247543,0.08247543,46,209,88.8,68.7219,4722.7,0,0,0,0,0,0,0,0,1,111.0,63.5,135.5,0,0,0,0,0,0,2,127,2,271,-1,-1,1,32,30659.0,0.0,30659,30659,24188584.0,0.0,24188584,24188584,Benign
6,16579097,7,6,318,3135,209,0,45.42857,78.10646,1460,0,522.5,688.33704,208.274310717888,0.784119907133664,1381591.4,4769852.0,16527891,3,16579097,2763182.8,6743307.0,16527891,60,35902,7180.4,8427.696,17177,3,0,0,0,0,152,132,0.4222184,0.3619015,0,1460,246.64285,496.6402,246651.48,0,0,0,1,0,0,0,0,0,265.6154,45.42857,522.5,0,0,0,0,0,0,7,318,6,3135,8192,30,6,20,0.0,0.0,0,0,0.0,0.0,0,0,Benign
6,2,2,0,31,0,31,0,15.5,21.920311,0,0,0.0,0.0,15500000.0,1000000.0,2.0,0.0,2,2,2,2.0,0.0,2,2,0,0.0,0.0,0,0,1,0,0,0,64,0,1000000.0,0.0,0,31,20.666666,17.897858,320.33334,0,1,0,0,1,0,0,0,0,31.0,15.5,0.0,0,0,0,0,0,0,2,31,0,0,63,-1,0,32,0.0,0.0,0,0,0.0,0.0,0,0,Benign
6,142882,10,5,742,1519,501,0,74.2,156.7672,1381,0,303.8,605.13074,15824.2465810949,104.981733178427,10205.857,15043.466,34999,48,142882,15875.777,22459.666,61020,48,98822,24705.5,16769.164,36121,391,0,0,0,0,332,168,69.98782,34.99391,0,1381,141.3125,354.30093,125529.164,0,0,0,1,0,0,0,0,0,150.73334,74.2,303.8,0,0,0,0,0,0,10,742,5,1519,65535,118,5,32,0.0,0.0,0,0,0.0,0.0,0,0,Benign
6,1271621,41,42,2728,6634,456,0,66.53658,110.129944,976,0,157.95238,319.12143,7362.25652140064,65.2710202175019,15507.573,105859.87,954631,0,1271621,31790.525,159127.88,997015,1,316870,7728.5366,19064.613,98912,1,0,0,0,0,1328,1360,32.24231,33.02871,0,976,111.45238,241.64279,58391.24,0,0,0,1,0,0,0,0,1,112.79518,66.53658,157.95238,0,0,0,0,0,0,41,2728,42,6634,29200,243,24,32,0.0,0.0,0,0,0.0,0.0,0,0,Benign
17,457743,1,1,38,38,38,38,38.0,0.0,38,38,38.0,0.0,166.032031074205,4.36926397563698,457743.0,0.0,457743,457743,0,0.0,0.0,0,0,0,0.0,0.0,0,0,0,0,0,0,20,20,2.184632,2.184632,38,38,38.0,0.0,0.0,0,0,0,0,0,0,0,0,1,57.0,38.0,38.0,0,0,0,0,0,0,1,38,1,38,-1,-1,0,20,0.0,0.0,0,0,0.0,0.0,0,0,Benign
17,60821,2,2,64,256,32,32,32.0,0.0,128,128,128.0,0.0,5261.34065536575,65.7667581920718,20273.666,35069.996,60769,4,4,4.0,0.0,4,4,48,48.0,0.0,48,48,0,0,0,0,72,80,32.88338,32.88338,32,128,70.4,52.581364,2764.8,0,0,0,0,0,0,0,0,1,88.0,32.0,128.0,0,0,0,0,0,0,2,64,2,256,-1,-1,1,32,0.0,0.0,0,0,0.0,0.0,0,0,Benign
17,103445,2,2,76,200,38,38,38.0,0.0,100,100,100.0,0.0,2668.08448934216,38.6678911498864,34481.668,59517.062,103206,48,191,191.0,0.0,191,191,48,48.0,0.0,48,48,0,0,0,0,40,40,19.333946,19.333946,38,100,62.8,33.958797,1153.2,0,0,0,0,0,0,0,0,1,78.5,38.0,100.0,0,0,0,0,0,0,2,76,2,200,-1,-1,1,20,0.0,0.0,0,0,0.0,0.0,0,0,Benign
6,5226686,3,1,12,0,6,0,4.0,3.4641016,0,0,0.0,0.0,2.29590987482317,0.765303291607722,1742228.6,2996992.8,5202831,100,5226686,2613343.0,3662089.0,5202831,23855,0,0.0,0.0,0,0,0,0,0,0,72,32,0.5739775,0.19132583,0,6,2.4,3.2863352,10.8,0,0,0,1,0,0,0,0,0,3.0,4.0,0.0,0,0,0,0,0,0,3,12,1,0,8192,29200,2,20,0.0,0.0,0,0,0.0,0.0,0,0,Benign
6,211,2,1,37,6,37,0,18.5,26.16295,6,6,6.0,0.0,203791.469194313,14218.009478673,105.5,50.204582,141,70,211,211.0,0.0,211,211,0,0.0,0.0,0,0,1,0,0,0,64,20,9478.673,4739.3364,0,37,20.0,19.782146,391.33334,0,1,0,0,1,0,0,0,0,26.666666,18.5,6.0,0,0,0,0,0,0,2,37,1,6,972,0,0,32,0.0,0.0,0,0,0.0,0.0,0,0,Benign
17,31171,2,2,106,362,53,53,53.0,0.0,181,181,181.0,0.0,15013.9552789452,128.324404093548,10390.333,17940.318,31106,3,62,62.0,0.0,62,62,3,3.0,0.0,3,3,0,0,0,0,40,40,64.1622,64.1622,53,181,104.2,70.10849,4915.2,0,0,0,0,0,0,0,0,1,130.25,53.0,181.0,0,0,0,0,0,0,2,106,2,362,-1,-1,1,20,0.0,0.0,0,0,0.0,0.0,0,0,Benign
6,1004765,15,14,965,19638,485,0,64.333336,136.88768,2896,0,1402.7142,1149.6881,20505.292282275,28.8624703288829,35884.465,140778.53,744625,1,1004765,71768.93,195942.81,744625,1,870207,66939.0,212709.92,771612,2,0,0,0,0,492,456,14.928864,13.933606,0,2896,686.76666,1032.3164,1065677.2,0,0,0,1,0,0,0,0,0,710.4483,64.333336,1402.7142,0,0,0,0,0,0,15,965,14,19638,65535,972,6,32,0.0,0.0,0,0,0.0,0.0,0,0,Benign
6,74,1,1,0,0,0,0,0.0,0.0,0,0,0.0,0.0,0.0,27027.027027027,74.0,0.0,74,74,0,0.0,0.0,0,0,0,0.0,0.0,0,0,0,0,0,0,32,32,13513.514,13513.514,0,0,0.0,0.0,0.0,0,0,0,0,1,0,0,0,1,0.0,0.0,0.0,0,0,0,0,0,0,1,0,1,0,5750,65535,0,32,0.0,0.0,0,0,0.0,0.0,0,0,Benign
17,184,2,2,100,156,50,50,50.0,0.0,78,78,78.0,0.0,1391304.34782609,21739.1304347826,61.333332,23.094011,88,48,48,48.0,0.0,48,48,48,48.0,0.0,48,48,0,0,0,0,64,64,10869.565,10869.565,50,78,61.2,15.336231,235.2,0,0,0,0,0,0,0,0,1,76.5,50.0,78.0,0,0,0,0,0,0,2,100,2,156,-1,-1,1,32,0.0,0.0,0,0,0.0,0.0,0,0,Benign
17,189,2,2,102,224,51,51,51.0,0.0,112,112,112.0,0.0,1724867.72486772,21164.0211640212,63.0,106.5223,186,1,186,186.0,0.0,186,186,1,1.0,0.0,1,1,0,0,0,0,64,64,10582.011,10582.011,51,112,75.4,33.411076,1116.3,0,0,0,0,0,0,0,0,1,94.25,51.0,112.0,0,0,0,0,0,0,2,102,2,224,-1,-1,1,32,0.0,0.0,0,0,0.0,0.0,0,0,Benign
6,166800,13,8,948,4369,469,0,72.92308,141.35915,1448,0,546.125,663.16113,31876.4988009592,125.89928057554,8340.0,14029.674,36311,1,166800,13900.0,16156.73,36384,1,128965,18423.572,24305.36,59797,3,0,0,0,0,428,264,77.93765,47.96163,0,1448,241.68182,462.31287,213733.17,0,0,0,1,0,0,0,0,0,253.19048,72.92308,546.125,0,0,0,0,0,0,13,948,8,4369,65535,972,6,32,0.0,0.0,0,0,0.0,0.0,0,0,Benign
17,2149382,6,2,198,304,33,33,33.0,0.0,152,152,152.0,0.0,233.55550572211,3.722000091189,307054.56,500174.97,1073135,3,1076244,215248.8,440950.28,1001943,3,3,3.0,0.0,3,3,0,0,0,0,120,40,2.7915,0.93050003,33,152,59.444443,52.474068,2753.5278,0,0,0,0,0,0,0,0,0,66.875,33.0,152.0,0,0,0,0,0,0,6,198,2,304,-1,-1,5,20,0.0,0.0,0,0,0.0,0.0,0,0,Benign
17,539,1,1,79,161,79,79,79.0,0.0,161,161,161.0,0.0,445269.016697588,3710.57513914657,539.0,0.0,539,539,0,0.0,0.0,0,0,0,0.0,0.0,0,0,0,0,0,0,32,32,1855.2876,1855.2876,79,161,106.333336,47.342724,2241.3333,0,0,0,0,0,0,0,0,1,159.5,79.0,161.0,0,0,0,0,0,0,1,79,1,161,-1,-1,0,32,0.0,0.0,0,0,0.0,0.0,0,0,Benign
17,73250,4,2,164,226,41,41,41.0,0.0,113,113,113.0,0.0,5324.23208191126,81.9112627986348,14650.0,20455.848,42308,1,30938,10312.667,17858.598,30934,1,4,4.0,0.0,4,4,0,0,0,0,80,64,54.60751,27.303755,41,113,61.57143,35.132404,1234.2858,0,0,0,0,0,0,0,0,0,71.833336,41.0,113.0,0,0,0,0,0,0,4,164,2,226,-1,-1,3,20,0.0,0.0,0,0,0.0,0.0,0,0,Benign
6,6576716,15,12,1499,3579,1119,0,99.933334,287.1009,1432,0,298.25,477.5228,772.117877676336,4.10539241773554,252950.61,1174889.6,6007901,1,6576716,469765.44,1595279.4,6007957,3,6525700,593245.44,1798245.0,6007955,1,0,0,0,0,320,252,2.2807736,1.8246188,0,1432,181.35715,382.90268,146614.45,0,0,0,1,0,0,0,0,0,188.07408,99.933334,298.25,0,0,0,0,0,0,15,1499,12,3579,29200,70,14,20,568560.0,0.0,568560,568560,6007901.0,0.0,6007901,6007901,Benign
17,179,2,2,90,122,45,45,45.0,0.0,61,61,61.0,0.0,1184357.54189944,22346.3687150838,59.666668,61.695488,126,4,4,4.0,0.0,4,4,49,49.0,0.0,49,49,0,0,0,0,64,64,11173.185,11173.185,45,61,51.4,8.763561,76.8,0,0,0,0,0,0,0,0,1,64.25,45.0,61.0,0,0,0,0,0,0,2,90,2,122,-1,-1,1,32,0.0,0.0,0,0,0.0,0.0,0,0,Benign
17,54131,2,2,90,522,45,45,45.0,0.0,261,261,261.0,0.0,11305.9060427481,73.894810736916,18043.666,31208.389,54080,3,3,3.0,0.0,3,3,48,48.0,0.0,48,48,0,0,0,0,64,64,36.947407,36.947407,45,261,131.4,118.308075,13996.8,0,0,0,0,0,0,0,0,1,164.25,45.0,261.0,0,0,0,0,0,0,2,90,2,522,-1,-1,1,32,0.0,0.0,0,0,0.0,0.0,0,0,Benign
6,234,1,2,0,0,0,0,0.0,0.0,0,0,0.0,0.0,0.0,12820.5128205128,117.0,164.04877,233,1,0,0.0,0.0,0,0,1,1.0,0.0,1,1,0,0,0,0,32,64,4273.5044,8547.009,0,0,0.0,0.0,0.0,0,0,0,0,1,1,0,0,2,0.0,0.0,0.0,0,0,0,0,0,0,1,0,2,0,395,229,0,32,0.0,0.0,0,0,0.0,0.0,0,0,Benign
6,65410,3,3,86,7,86,0,28.666666,49.652122,7,0,2.3333333,4.041452,1421.8009478673,91.7290934107935,13082.0,17656.066,32450,3,32957,16478.5,22697.42,32528,429,33015,16507.5,23340.889,33012,3,0,0,0,0,108,104,45.864548,45.864548,0,86,13.285714,32.169937,1034.9048,0,0,0,1,0,0,0,0,1,15.5,28.666666,2.3333333,0,0,0,0,0,0,3,86,3,7,65535,57,1,32,0.0,0.0,0,0,0.0,0.0,0,0,Benign
17,31051,2,2,74,486,37,37,37.0,0.0,243,243,243.0,0.0,18034.8458986828,128.820327847734,10350.333,17920.375,31043,4,4,4.0,0.0,4,4,4,4.0,0.0,4,4,0,0,0,0,64,64,64.410164,64.410164,37,243,119.4,112.83085,12730.8,0,0,0,0,0,0,0,0,1,149.25,37.0,243.0,0,0,0,0,0,0,2,74,2,486,-1,-1,1,32,0.0,0.0,0,0,0.0,0.0,0,0,Benign
6,115956158,16,14,341,2318,341,0,21.3125,85.25,2318,0,165.57143,619.51154,22.931080555463,0.258718471855544,3998488.2,4890162.5,10000964,16,115956158,7730410.5,4140635.0,10015945,620,110190588,8476199.0,3758149.8,10016132,541,0,0,0,0,520,456,0.13798319,0.12073529,0,2318,85.77419,418.78122,175377.72,0,0,0,1,0,0,0,0,0,88.63333,21.3125,165.57143,0,0,0,0,0,0,16,341,14,2318,29200,59,1,32,16611.0,5164.2466,32179,14939,10000755.0,349.65683,10000964,9999741,Benign
6,31721,5,3,459,324,459,0,91.8,205.27104,324,0,108.0,187.0615,24683.963305066,252.198858800164,4531.5713,7177.467,15045,85,31721,7930.25,8660.144,15552,363,16092,8046.0,10757.923,15653,439,0,0,0,0,172,104,157.62428,94.57457,0,459,87.0,175.90338,30942.0,0,0,0,1,0,0,0,0,0,97.875,91.8,108.0,0,0,0,0,0,0,5,459,3,324,65535,59,1,32,0.0,0.0,0,0,0.0,0.0,0,0,Benign
17,70904,1,1,42,74,42,42,42.0,0.0,74,74,74.0,0.0,1636.01489337696,28.2071533340855,70904.0,0.0,70904,70904,0,0.0,0.0,0,0,0,0.0,0.0,0,0,0,0,0,0,20,32,14.103577,14.103577,42,74,52.666668,18.475208,341.33334,0,0,0,0,0,0,0,0,1,79.0,42.0,74.0,0,0,0,0,0,0,1,42,1,74,-1,-1,0,20,0.0,0.0,0,0,0.0,0.0,0,0,Benign
17,30215,1,1,54,82,54,54,54.0,0.0,82,82,82.0,0.0,4501.07562468972,66.1922885983783,30215.0,0.0,30215,30215,0,0.0,0.0,0,0,0,0.0,0.0,0,0,0,0,0,0,32,20,33.096146,33.096146,54,82,63.333332,16.165808,261.33334,0,0,0,0,0,0,0,0,1,95.0,54.0,82.0,0,0,0,0,0,0,1,54,1,82,-1,-1,0,32,0.0,0.0,0,0,0.0,0.0,0,0,Benign
6,75,2,0,12,0,6,6,6.0,0.0,0,0,0.0,0.0,160000.0,26666.6666666667,75.0,0.0,75,75,75,75.0,0.0,75,75,0,0.0,0.0,0,0,0,0,0,0,40,0,26666.666,0.0,6,6,6.0,0.0,0.0,0,0,0,0,1,0,0,0,0,9.0,6.0,0.0,0,0,0,0,0,0,2,12,0,0,255,-1,1,20,0.0,0.0,0,0,0.0,0.0,0,0,Benign
6,6061864,9,6,374,3875,181,0,41.555557,74.51864,1418,0,645.8333,656.90436,700.939512994683,2.47448639560373,432990.28,1561995.9,5859613,3,6061864,757733.0,2061673.5,5859613,3,120364,24072.8,28938.883,60784,82,0,0,0,0,296,200,1.4846919,0.98979455,0,1418,265.5625,489.3405,239454.12,0,0,0,1,0,0,0,0,0,283.26666,41.555557,645.8333,0,0,0,0,0,0,9,374,6,3875,29200,349,3,32,202248.0,0.0,202248,202248,5859613.0,0.0,5859613,5859613,Benign
17,414,1,1,52,124,52,52,52.0,0.0,124,124,124.0,0.0,425120.77294686,4830.91787439614,414.0,0.0,414,414,0,0.0,0.0,0,0,0,0.0,0.0,0,0,0,0,0,0,20,20,2415.459,2415.459,52,124,76.0,41.569218,1728.0,0,0,0,0,0,0,0,0,1,114.0,52.0,124.0,0,0,0,0,0,0,1,52,1,124,-1,-1,0,20,0.0,0.0,0,0,0.0,0.0,0,0,Benign
6,264914,6,6,356,3782,212,0,59.333332,89.22481,1460,0,630.3333,677.21716,15620.1635247665,45.2977192598353,24083.092,39904.67,86767,47,264914,52982.8,46862.027,88644,89,178871,35774.2,47861.574,90100,47,0,0,0,0,132,132,22.648859,22.648859,0,1460,318.30768,533.9169,285067.22,0,0,0,1,0,0,0,0,1,344.83334,59.333332,630.3333,0,0,0,0,0,0,6,356,6,3782,8192,60,5,20,0.0,0.0,0,0,0.0,0.0,0,0,Benign
17,158,2,2,64,96,32,32,32.0,0.0,48,48,48.0,0.0,1012658.2278481,25316.4556962025,52.666668,86.02519,152,3,3,3.0,0.0,3,3,3,3.0,0.0,3,3,0,0,0,0,64,64,12658.228,12658.228,32,48,38.4,8.763561,76.8,0,0,0,0,0,0,0,0,1,48.0,32.0,48.0,0,0,0,0,0,0,2,64,2,96,-1,-1,1,32,0.0,0.0,0,0,0.0,0.0,0,0,Benign
17,31254,2,2,94,220,47,47,47.0,0.0,110,110,110.0,0.0,10046.7140206054,127.983618096884,10418.0,18001.22,31204,1,1,1.0,0.0,1,1,49,49.0,0.0,49,49,0,0,0,0,64,64,63.99181,63.99181,47,110,72.2,34.50652,1190.7,0,0,0,0,0,0,0,0,1,90.25,47.0,110.0,0,0,0,0,0,0,2,94,2,220,-1,-1,1,32,0.0,0.0,0,0,0.0,0.0,0,0,Benign
6,74315668,31,23,9396,4432,683,0,303.09677,333.24258,317,0,192.69565,156.89008,186.071125674333,0.726630082905263,1402182.4,3363572.5,10089292,61,64558427,2151947.5,3991522.0,10120514,28675,74287054,3376684.2,4635419.0,10117684,353,0,0,0,0,632,544,0.4171395,0.3094906,0,683,251.41818,275.49118,75895.4,0,0,0,1,0,0,0,0,0,256.07407,303.09677,192.69565,0,0,0,0,0,0,31,9396,23,4432,8192,109,30,20,786299.5,1855320.6,4573456,28103,9973438.0,116673.695,10089292,9746514,Benign
6,118130206,15,13,827,4484,211,0,55.133335,78.310616,1448,0,344.92307,530.6765,44.9588651356453,0.23702659081116,4375193.0,15711212.0,58920722,1,118130206,8437872.0,21380010.0,58920722,20,118093075,9841090.0,22935814.0,59002065,1,0,0,0,0,488,424,0.12697853,0.11004806,0,1448,183.13792,381.9523,145887.55,0,0,0,1,0,0,0,0,0,189.67857,55.133335,344.92307,0,0,0,0,0,0,15,827,13,4484,29200,126,7,32,161256.5,115317.09,242798,79715,58884308.0,51495.05,58920722,58847897,Benign
6,241,2,0,12,0,6,6,6.0,0.0,0,0,0.0,0.0,49792.531120332,8298.75518672199,241.0,0.0,241,241,241,241.0,0.0,241,241,0,0.0,0.0,0,0,0,0,0,0,40,0,8298.755,0.0,6,6,6.0,0.0,0.0,0,0,0,0,1,0,0,0,0,9.0,6.0,0.0,0,0,0,0,0,0,2,12,0,0,402,-1,1,20,0.0,0.0,0,0,0.0,0.0,0,0,Benign
17,198,2,2,94,230,47,47,47.0,0.0,115,115,115.0,0.0,1636363.63636364,20202.0202020202,66.0,74.95999,148,1,1,1.0,0.0,1,1,49,49.0,0.0,49,49,0,0,0,0,40,40,10101.01,10101.01,47,115,74.2,37.245132,1387.2,0,0,0,0,0,0,0,0,1,92.75,47.0,115.0,0,0,0,0,0,0,2,94,2,230,-1,-1,1,20,0.0,0.0,0,0,0.0,0.0,0,0,Benign
17,99151,1,1,40,97,40,40,40.0,0.0,97,97,97.0,0.0,1381.73089530111,20.1712539460016,99151.0,0.0,99151,99151,0,0.0,0.0,0,0,0,0.0,0.0,0,0,0,0,0,0,32,20,10.085627,10.085627,40,97,59.0,32.908966,1083.0,0,0,0,0,0,0,0,0,1,88.5,40.0,97.0,0,0,0,0,0,0,1,40,1,97,-1,-1,0,32,0.0,0.0,0,0,0.0,0.0,0,0,Benign
17,30646,1,1,56,72,56,56,56.0,0.0,72,72,72.0,0.0,4176.72779481825,65.2613717940351,30646.0,0.0,30646,30646,0,0.0,0.0,0,0,0,0.0,0.0,0,0,0,0,0,0,32,32,32.630688,32.630688,56,72,61.333332,9.237604,85.333336,0,0,0,0,0,0,0,0,1,92.0,56.0,72.0,0,0,0,0,0,0,1,56,1,72,-1,-1,0,32,0.0,0.0,0,0,0.0,0.0,0,0,Benign
6,3154720,3,3,0,0,0,0,0.0,0.0,0,0,0.0,0.0,0.0,1.90191205558655,630944.0,911700.9,2023443,57,1131277,565638.5,762350.94,1104702,26575,3128202,1564101.0,649701.0,2023509,1104693,0,0,0,0,104,112,0.95095605,0.95095605,0,0,0.0,0.0,0.0,0,0,0,1,0,0,0,0,1,0.0,0.0,0.0,0,0,0,0,0,0,3,0,3,0,29200,29,0,32,0.0,0.0,0,0,0.0,0.0,0,0,Benign
17,61034,2,2,80,156,40,40,40.0,0.0,78,78,78.0,0.0,3866.69725071272,65.5372415375037,20344.666,35231.934,61027,3,4,4.0,0.0,4,4,3,3.0,0.0,3,3,0,0,0,0,64,64,32.76862,32.76862,40,78,55.2,20.813457,433.2,0,0,0,0,0,0,0,0,1,69.0,40.0,78.0,0,0,0,0,0,0,2,80,2,156,-1,-1,1,32,0.0,0.0,0,0,0.0,0.0,0,0,Benign
6,285703,10,5,720,1295,469,0,72.0,147.70842,1157,0,259.0,505.5413,7052.7785847541,52.5020738319164,20407.357,36133.62,86888,3,285703,31744.777,42164.547,88213,3,181577,45394.25,50955.03,91350,430,0,0,0,0,332,168,35.00138,17.50069,0,1157,125.9375,300.23645,90141.93,0,0,0,1,0,0,0,0,0,134.33333,72.0,259.0,0,0,0,0,0,0,10,720,5,1295,65535,114,5,32,0.0,0.0,0,0,0.0,0.0,0,0,Benign
6,37,1,1,0,0,0,0,0.0,0.0,0,0,0.0,0.0,0.0,54054.0540540541,37.0,0.0,37,37,0,0.0,0.0,0,0,0,0.0,0.0,0,0,0,0,0,0,32,32,27027.027,27027.027,0,0,0.0,0.0,0.0,0,0,0,0,1,1,0,0,1,0.0,0.0,0.0,0,0,0,0,0,0,1,0,1,0,939,256,0,32,0.0,0.0,0,0,0.0,0.0,0,0,Benign
17,30728,1,1,40,72,40,40,40.0,0.0,72,72,72.0,0.0,3644.88414475397,65.0872168706066,30728.0,0.0,30728,30728,0,0.0,0.0,0,0,0,0.0,0.0,0,0,0,0,0,0,32,20,32.54361,32.54361,40,72,50.666668,18.475208,341.33334,0,0,0,0,0,0,0,0,1,76.0,40.0,72.0,0,0,0,0,0,0,1,40,1,72,-1,-1,0,32,0.0,0.0,0,0,0.0,0.0,0,0,Benign
6,90,1,1,0,0,0,0,0.0,0.0,0,0,0.0,0.0,0.0,22222.2222222222,90.0,0.0,90,90,0,0.0,0.0,0,0,0,0.0,0.0,0,0,0,0,0,0,32,32,11111.111,11111.111,0,0,0.0,0.0,0.0,0,0,0,0,1,0,0,0,1,0.0,0.0,0.0,0,0,0,0,0,0,1,0,1,0,116,33304,0,32,0.0,0.0,0,0,0.0,0.0,0,0,Benign
17,48132,2,2,142,298,71,71,71.0,0.0,149,149,149.0,0.0,9141.5274661348,83.10479514668,16044.0,27745.73,48082,2,48,48.0,0.0,48,48,2,2.0,0.0,2,2,0,0,0,0,64,40,41.5524,41.5524,71,149,102.2,42.72236,1825.2,0,0,0,0,0,0,0,0,1,127.75,71.0,149.0,0,0,0,0,0,0,2,142,2,298,-1,-1,1,32,0.0,0.0,0,0,0.0,0.0,0,0,Benign
6,388387,3,4,368,1394,362,0,122.666664,207.29045,1382,0,348.5,689.0058,4536.71209386514,18.0232603047991,64731.168,100121.74,196444,2,191784,95892.0,135423.67,191651,133,196887,65629.0,113535.09,196728,2,0,0,0,0,72,92,7.7242546,10.2990055,0,1382,220.25,485.94467,236142.22,0,0,0,1,0,0,0,0,1,251.71428,122.666664,348.5,0,0,0,0,0,0,3,368,4,1394,8192,16,2,20,0.0,0.0,0,0,0.0,0.0,0,0,Benign
6,60,1,1,0,0,0,0,0.0,0.0,0,0,0.0,0.0,0.0,33333.3333333333,60.0,0.0,60,60,0,0.0,0.0,0,0,0,0.0,0.0,0,0,0,0,0,0,32,32,16666.666,16666.666,0,0,0.0,0.0,0.0,0,0,0,0,1,1,0,0,1,0.0,0.0,0.0,0,0,0,0,0,0,1,0,1,0,126,486,0,32,0.0,0.0,0,0,0.0,0.0,0,0,Benign
6,50515,3,4,436,872,430,0,145.33333,246.54681,860,0,218.0,428.00934,25893.299020093,138.572701177868,8419.167,11556.869,23393,4,26581,13290.5,14069.304,23239,3342,27398,9132.667,15352.036,26857,4,0,0,0,0,72,92,59.3883,79.1844,0,860,163.5,318.6467,101535.71,0,0,0,1,0,0,0,0,1,186.85715,145.33333,218.0,0,0,0,0,0,0,3,436,4,872,8192,31,2,20,0.0,0.0,0,0,0.0,0.0,0,0,Benign
17,91219,2,2,72,264,36,36,36.0,0.0,132,132,132.0,0.0,3683.4431423278,43.8505135991405,30406.334,52660.117,91213,3,3,3.0,0.0,3,3,3,3.0,0.0,3,3,0,0,0,0,64,64,21.925257,21.925257,36,132,74.4,52.581364,2764.8,0,0,0,0,0,0,0,0,1,93.0,36.0,132.0,0,0,0,0,0,0,2,72,2,264,-1,-1,1,32,0.0,0.0,0,0,0.0,0.0,0,0,Benign
17,48992,1,1,45,105,45,45,45.0,0.0,105,105,105.0,0.0,3061.72436316133,40.8229915088178,48992.0,0.0,48992,48992,0,0.0,0.0,0,0,0,0.0,0.0,0,0,0,0,0,0,32,32,20.411495,20.411495,45,105,65.0,34.641018,1200.0,0,0,0,0,0,0,0,0,1,97.5,45.0,105.0,0,0,0,0,0,0,1,45,1,105,-1,-1,0,32,0.0,0.0,0,0,0.0,0.0,0,0,Benign
6,1061,1,1,0,0,0,0,0.0,0.0,0,0,0.0,0.0,0.0,1885.01413760603,1061.0,0.0,1061,1061,0,0.0,0.0,0,0,0,0.0,0.0,0,0,0,0,0,0,32,32,942.5071,942.5071,0,0,0.0,0.0,0.0,0,0,0,0,1,1,0,0,1,0.0,0.0,0.0,0,0,0,0,0,0,1,0,1,0,351,32832,0,32,0.0,0.0,0,0,0.0,0.0,0,0,Benign
17,49798,1,1,45,152,45,45,45.0,0.0,152,152,152.0,0.0,3955.98216795855,40.1622555122696,49798.0,0.0,49798,49798,0,0.0,0.0,0,0,0,0.0,0.0,0,0,0,0,0,0,40,32,20.081127,20.081127,45,152,80.666664,61.776478,3816.3333,0,0,0,0,0,0,0,0,1,121.0,45.0,152.0,0,0,0,0,0,0,1,45,1,152,-1,-1,0,40,0.0,0.0,0,0,0.0,0.0,0,0,Benign
17,63261,1,1,40,92,40,40,40.0,0.0,92,92,92.0,0.0,2086.59363588941,31.6150550892335,63261.0,0.0,63261,63261,0,0.0,0.0,0,0,0,0.0,0.0,0,0,0,0,0,0,20,40,15.807528,15.807528,40,92,57.333332,30.022215,901.3333,0,0,0,0,0,0,0,0,1,86.0,40.0,92.0,0,0,0,0,0,0,1,40,1,92,-1,-1,0,20,0.0,0.0,0,0,0.0,0.0,0,0,Benign
6,117090376,21,17,978,3506,389,0,46.57143,114.71337,2610,0,206.23529,650.4184,38.2952054061215,0.324535639034928,3164604.8,4662726.0,10216919,7,117090376,5854519.0,4987318.0,10240009,17,113836619,7114788.5,4747824.0,10240161,2815,0,0,0,0,680,552,0.17934865,0.14518699,0,2610,114.97436,437.84613,191709.23,0,0,0,1,0,0,0,0,0,118.0,46.57143,206.23529,0,0,0,0,0,0,21,978,17,3506,29200,5305,4,32,162274.9,461355.8,1553315,22928,10186503.0,69632.63,10216919,10011199,Benign
6,114448659,12,14,0,31,0,0,0.0,0.0,31,0,2.2142856,8.285098,0.27086381151919,0.227176099983836,4577946.5,5102181.5,10205060,3,112640043,10240004.0,26.193336,10240044,10239958,114413536,8801041.0,3531035.2,10240167,3,0,0,0,0,384,448,0.10485051,0.12232559,0,31,1.1481482,5.965953,35.592594,0,0,0,0,1,0,0,0,1,1.1923077,0.0,2.2142856,0,0,0,0,0,0,12,0,14,31,319,62,0,32,35043.727,83.463875,35142,34930,10204960.0,83.507866,10205060,10204824,Benign
6,78556017,13,13,1024,4879,423,0,78.76923,122.93437,2048,0,375.30768,649.6239,75.1438301664403,0.330974010558606,3142240.8,12208421.0,58658582,2,78556017,6546335.0,17365004.0,58720748,54,58910580,4909215.0,16933908.0,58681466,4,0,0,0,0,272,272,0.165487,0.165487,0,2048,218.62962,475.0184,225642.47,0,0,0,1,0,0,0,0,1,227.03847,78.76923,375.30768,0,0,0,0,0,0,13,1024,13,4879,8192,1013,12,20,162344.0,125248.41,250908,73780,39115664.0,27637858.0,58658582,19572747,Benign
17,171,2,2,70,134,35,35,35.0,0.0,67,67,67.0,0.0,1192982.45614035,23391.8128654971,57.0,92.66607,164,3,3,3.0,0.0,3,3,4,4.0,0.0,4,4,0,0,0,0,64,64,11695.906,11695.906,35,67,47.8,17.527122,307.2,0,0,0,0,0,0,0,0,1,59.75,35.0,67.0,0,0,0,0,0,0,2,70,2,134,-1,-1,1,32,0.0,0.0,0,0,0.0,0.0,0,0,Benign
17,30033,2,2,72,146,36,36,36.0,0.0,73,73,73.0,0.0,7258.68211633869,133.186827822728,10011.0,17294.543,29981,3,49,49.0,0.0,49,49,3,3.0,0.0,3,3,0,0,0,0,40,40,66.593414,66.593414,36,73,50.8,20.265734,410.7,0,0,0,0,0,0,0,0,1,63.5,36.0,73.0,0,0,0,0,0,0,2,72,2,146,-1,-1,1,20,0.0,0.0,0,0,0.0,0.0,0,0,Benign
17,69221,1,1,73,125,73,73,73.0,0.0,125,125,125.0,0.0,2860.40363473512,28.8929660074255,69221.0,0.0,69221,69221,0,0.0,0.0,0,0,0,0.0,0.0,0,0,0,0,0,0,20,20,14.446483,14.446483,73,125,90.333336,30.022215,901.3333,0,0,0,0,0,0,0,0,1,135.5,73.0,125.0,0,0,0,0,0,0,1,73,1,125,-1,-1,0,20,0.0,0.0,0,0,0.0,0.0,0,0,Benign
17,62455,1,1,55,156,55,55,55.0,0.0,156,156,156.0,0.0,3378.43247137939,32.0230566007525,62455.0,0.0,62455,62455,0,0.0,0.0,0,0,0,0.0,0.0,0,0,0,0,0,0,20,32,16.011528,16.011528,55,156,88.666664,58.312378,3400.3333,0,0,0,0,0,0,0,0,1,133.0,55.0,156.0,0,0,0,0,0,0,1,55,1,156,-1,-1,0,20,0.0,0.0,0,0,0.0,0.0,0,0,Benign
6,22901,2,1,0,0,0,0,0.0,0.0,0,0,0.0,0.0,0.0,130.998646347321,11450.5,16139.712,22863,38,22901,22901.0,0.0,22901,22901,0,0.0,0.0,0,0,0,0,0,0,64,32,87.33243,43.666214,0,0,0.0,0.0,0.0,0,0,0,0,1,0,0,0,0,0.0,0.0,0.0,0,0,0,0,0,0,2,0,1,0,5227,65535,0,32,0.0,0.0,0,0,0.0,0.0,0,0,Benign
6,642217,9,8,2973,4015,2389,0,330.33334,780.3715,1460,2,501.875,653.1815,10881.0573373174,26.4708034823121,40138.562,70499.945,258221,2,642217,80277.125,87195.81,258221,3,590467,84352.43,129014.56,332583,2,0,0,0,0,192,164,14.013955,12.456849,0,2389,388.22223,692.08014,478974.88,0,0,0,1,0,0,0,0,0,411.05884,330.33334,501.875,0,0,0,0,0,0,9,2973,8,4015,8192,65535,8,20,0.0,0.0,0,0,0.0,0.0,0,0,Benign
17,253,2,2,60,344,30,30,30.0,0.0,172,172,172.0,0.0,1596837.94466403,15810.2766798419,84.333336,145.20445,252,0,0,0.0,0.0,0,0,1,1.0,0.0,1,1,0,0,0,0,64,64,7905.138,7905.138,30,172,86.8,77.7766,6049.2,0,0,0,0,0,0,0,0,1,108.5,30.0,172.0,0,0,0,0,0,0,2,60,2,344,-1,-1,1,32,0.0,0.0,0,0,0.0,0.0,0,0,Benign
17,215,2,2,46,46,23,23,23.0,0.0,23,23,23.0,0.0,427906.976744186,18604.6511627907,71.666664,36.746883,114,48,53,53.0,0.0,53,53,48,48.0,0.0,48,48,0,0,0,0,64,64,9302.325,9302.325,23,23,23.0,0.0,0.0,0,0,0,0,0,0,0,0,1,28.75,23.0,23.0,0,0,0,0,0,0,2,46,2,46,-1,-1,1,32,0.0,0.0,0,0,0.0,0.0,0,0,Benign
17,23559,1,1,67,149,67,67,67.0,0.0,149,149,149.0,0.0,9168.47064815994,84.8932467422216,23559.0,0.0,23559,23559,0,0.0,0.0,0,0,0,0.0,0.0,0,0,0,0,0,0,32,40,42.446625,42.446625,67,149,94.333336,47.342724,2241.3333,0,0,0,0,0,0,0,0,1,141.5,67.0,149.0,0,0,0,0,0,0,1,67,1,149,-1,-1,0,32,0.0,0.0,0,0,0.0,0.0,0,0,Benign
17,61654,4,2,140,254,35,35,35.0,0.0,127,127,127.0,0.0,6390.5018328089,97.3172867940442,12330.8,16886.059,31408,1,31412,10470.667,18132.262,31408,1,4,4.0,0.0,4,4,0,0,0,0,80,40,64.87819,32.439095,35,127,61.285713,44.891403,2015.238,0,0,0,0,0,0,0,0,0,71.5,35.0,127.0,0,0,0,0,0,0,4,140,2,254,-1,-1,3,20,0.0,0.0,0,0,0.0,0.0,0,0,Benign
17,207439,1,1,45,139,45,45,45.0,0.0,139,139,139.0,0.0,887.007746855702,9.64138855277937,207439.0,0.0,207439,207439,0,0.0,0.0,0,0,0,0.0,0.0,0,0,0,0,0,0,20,20,4.8206944,4.8206944,45,139,76.333336,54.270924,2945.3333,0,0,0,0,0,0,0,0,1,114.5,45.0,139.0,0,0,0,0,0,0,1,45,1,139,-1,-1,0,20,0.0,0.0,0,0,0.0,0.0,0,0,Benign
17,47858,4,2,124,94,31,31,31.0,0.0,47,47,47.0,0.0,4555.14229595888,125.370888879602,9571.6,13951.719,30705,3,30712,10237.333,17725.52,30705,3,3,3.0,0.0,3,3,0,0,0,0,104,40,83.58059,41.790295,31,47,35.57143,7.8072004,60.95238,0,0,0,0,0,0,0,0,0,41.5,31.0,47.0,0,0,0,0,0,0,4,124,2,94,-1,-1,3,20,0.0,0.0,0,0,0.0,0.0,0,0,Benign
6,88910219,4,4,24,92,6,6,6.0,0.0,46,0,23.0,26.558113,1.30468692243352,0.089978408443691,12701460.0,21659796.0,45005861,3,88910219,29636740.0,25673308.0,45064243,103,88851625,29617208.0,25656830.0,45049372,3,0,0,0,0,80,104,0.044989206,0.044989206,0,46,13.555555,18.568193,344.77777,0,0,0,0,1,0,0,0,1,15.25,6.0,23.0,0,0,0,0,0,0,4,24,4,92,256,123,3,20,50946.5,10515.385,58382,43511,44404056.0,851081.5,45005861,43802250,Benign
17,41864949,2,2,93,153,52,41,46.5,7.7781744,80,73,76.5,4.9497476,5.8760372549361,0.095545321218473,13954983.0,24075814.0,41755337,49902,41815047,41815050.0,0.0,41815047,41815047,41805239,41805240.0,0.0,41805239,41805239,0,0,0,0,40,40,0.04777266,0.04777266,41,80,59.6,16.257305,264.3,0,0,0,0,0,0,0,0,1,74.5,46.5,76.5,0,0,0,0,0,0,2,93,2,153,-1,-1,1,20,59710.0,0.0,59710,59710,41755336.0,0.0,41755337,41755337,Benign
17,47893,1,1,55,118,55,55,55.0,0.0,118,118,118.0,0.0,3612.2189046416,41.7597561230243,47893.0,0.0,47893,47893,0,0.0,0.0,0,0,0,0.0,0.0,0,0,0,0,0,0,20,32,20.879879,20.879879,55,118,76.0,36.373066,1323.0,0,0,0,0,0,0,0,0,1,114.0,55.0,118.0,0,0,0,0,0,0,1,55,1,118,-1,-1,0,20,0.0,0.0,0,0,0.0,0.0,0,0,Benign
6,183648,11,7,11671,0,1368,0,1061.0,549.942,0,0,0.0,0.0,63550.9235058373,98.0135912179822,10802.823,17116.566,36639,1,183648,18364.8,19212.4,36706,1,147214,24535.666,19003.764,37122,3,0,0,0,0,364,232,59.897194,38.116398,0,1368,614.2632,676.52,457679.3,0,0,0,1,0,0,0,0,0,648.3889,1061.0,0.0,0,0,0,0,0,0,11,11671,7,0,65535,451,9,32,0.0,0.0,0,0,0.0,0.0,0,0,Benign
17,233,2,2,70,358,35,35,35.0,0.0,179,179,179.0,0.0,1836909.87124464,17167.3819742489,77.666664,128.46141,226,3,3,3.0,0.0,3,3,4,4.0,0.0,4,4,0,0,0,0,88,88,8583.691,8583.691,35,179,92.6,78.87205,6220.8,0,0,0,0,0,0,0,0,1,115.75,35.0,179.0,0,0,0,0,0,0,2,70,2,358,-1,-1,1,44,0.0,0.0,0,0,0.0,0.0,0,0,Benign
6,62197931,15,12,1113,420,835,0,74.2,218.56192,244,0,35.0,77.94054,24.6471221044314,0.434098040978244,2392228.0,4266275.5,10029428,67,62197931,4442709.5,5058324.5,10080014,155,62144499,5649500.0,5088573.5,10080128,221,0,0,0,0,488,392,0.24116558,0.19293246,0,835,54.75,166.54944,27738.713,0,0,0,1,0,0,0,0,0,56.77778,74.2,35.0,0,0,0,0,0,0,15,1113,12,420,29200,116,3,32,243230.83,471750.25,1206187,50572,10021333.0,13462.291,10029428,9997191,Benign
17,16484,1,1,48,48,48,48,48.0,0.0,48,48,48.0,0.0,5823.82916767775,121.32977432662,16484.0,0.0,16484,16484,0,0.0,0.0,0,0,0,0.0,0.0,0,0,0,0,0,0,20,20,60.664886,60.664886,48,48,48.0,0.0,0.0,0,0,0,0,0,0,0,0,1,72.0,48.0,48.0,0,0,0,0,0,0,1,48,1,48,-1,-1,0,20,0.0,0.0,0,0,0.0,0.0,0,0,Benign
17,200573,2,2,68,188,34,34,34.0,0.0,94,94,94.0,0.0,1276.34327651279,19.9428636955124,66857.664,115796.55,200568,1,1,1.0,0.0,1,1,4,4.0,0.0,4,4,0,0,0,0,64,64,9.971432,9.971432,34,94,58.0,32.863354,1080.0,0,0,0,0,0,0,0,0,1,72.5,34.0,94.0,0,0,0,0,0,0,2,68,2,188,-1,-1,1,32,0.0,0.0,0,0,0.0,0.0,0,0,Benign
17,31490,2,2,52,180,26,26,26.0,0.0,90,90,90.0,0.0,7367.41822800889,127.02445220705,10496.667,18012.99,31296,4,4,4.0,0.0,4,4,190,190.0,0.0,190,190,0,0,0,0,64,40,63.512226,63.512226,26,90,51.6,35.054245,1228.8,0,0,0,0,0,0,0,0,1,64.5,26.0,90.0,0,0,0,0,0,0,2,52,2,180,-1,-1,1,32,0.0,0.0,0,0,0.0,0.0,0,0,Benign
6,50120,5,3,382,2098,382,0,76.4,170.83559,2098,0,699.3333,1211.2809,49481.2450119713,159.616919393456,7160.0,11130.135,23488,20,50120,12530.0,13756.48,25424,346,25112,12556.0,15977.785,23854,1258,0,0,0,0,172,104,99.760574,59.856346,0,2098,275.55554,694.99554,483018.78,0,0,0,1,0,0,0,0,0,310.0,76.4,699.3333,0,0,0,0,0,0,5,382,3,2098,65535,939,1,32,0.0,0.0,0,0,0.0,0.0,0,0,Benign
6,129153,6,6,356,3782,212,0,59.333332,89.22481,1460,0,630.3333,677.21716,32039.519020077,92.9130566072798,11741.182,18315.7,40450,48,129153,25830.6,22807.637,46483,160,89005,17801.0,21615.945,42356,48,0,0,0,0,132,132,46.456528,46.456528,0,1460,318.30768,533.9169,285067.22,0,0,0,1,0,0,0,0,1,344.83334,59.333332,630.3333,0,0,0,0,0,0,6,356,6,3782,8192,60,5,20,0.0,0.0,0,0,0.0,0.0,0,0,Benign
6,39592,2,1,12,6,6,6,6.0,0.0,6,6,6.0,0.0,454.63730046474,75.7728834107901,19796.0,27701.615,39384,208,39592,39592.0,0.0,39592,39592,0,0.0,0.0,0,0,0,0,0,0,40,20,50.515255,25.257627,6,6,6.0,0.0,0.0,0,0,0,0,1,0,0,0,0,8.0,6.0,6.0,0,0,0,0,0,0,2,12,1,6,8190,65535,1,20,0.0,0.0,0,0,0.0,0.0,0,0,Benign
17,79178,4,2,136,248,34,34,34.0,0.0,124,124,124.0,0.0,4849.83202404708,75.7786253757357,15835.6,27051.625,62499,3,16676,5558.6665,9543.889,16579,48,3,3.0,0.0,3,3,0,0,0,0,104,64,50.519085,25.259542,34,124,59.714287,43.915504,1928.5714,0,0,0,0,0,0,0,0,0,69.666664,34.0,124.0,0,0,0,0,0,0,4,136,2,248,-1,-1,3,20,0.0,0.0,0,0,0.0,0.0,0,0,Benign
6,12761613,7,7,580,3709,318,0,82.85714,135.31128,1360,2,529.8571,657.0658,336.086041787978,1.09704000583625,981662.56,3449026.8,12460043,48,12761613,2126935.5,5062422.0,12460043,87,178860,29810.0,45266.746,88617,48,0,0,0,0,152,144,0.54852,0.54852,0,1360,285.93332,499.08466,249085.5,0,0,0,1,0,0,0,0,1,306.35715,82.85714,529.8571,0,0,0,0,0,0,7,580,7,3709,8192,34894,6,20,0.0,0.0,0,0,0.0,0.0,0,0,Benign
6,272,3,1,76,6,45,0,25.333334,23.028967,6,6,6.0,0.0,301470.588235294,14705.8823529412,90.666664,50.21288,146,48,272,136.0,124.45079,224,48,0,0.0,0.0,0,0,1,0,0,0,96,20,11029.412,3676.4707,0,45,25.4,21.337759,455.3,0,1,0,0,1,0,0,0,0,31.75,25.333334,6.0,0,0,0,0,0,0,3,76,1,6,151,0,1,32,0.0,0.0,0,0,0.0,0.0,0,0,Benign
6,24301098,4,0,55,0,37,6,13.75,15.5,0,0,0.0,0.0,2.26327221922236,0.164601615943444,8100366.0,14029843.0,24300633,4,24301098,8100366.0,14029843.0,24300633,4,0,0.0,0.0,0,0,0,0,0,0,80,0,0.16460161,0.0,6,37,12.2,13.863622,192.2,0,0,0,0,1,0,0,0,0,15.25,13.75,0.0,0,0,0,0,0,0,4,55,0,0,32831,-1,3,20,4.0,0.0,4,4,24300632.0,0.0,24300633,24300633,Benign
6,36874,2,2,12,12,6,6,6.0,0.0,6,6,6.0,0.0,650.865108206324,108.477518034387,12291.333,21285.75,36870,1,1,1.0,0.0,1,1,3,3.0,0.0,3,3,0,0,0,0,40,40,54.238758,54.238758,6,6,6.0,0.0,0.0,0,0,0,0,1,1,0,0,1,7.5,6.0,6.0,0,0,0,0,0,0,2,12,2,12,256,946,1,20,0.0,0.0,0,0,0.0,0.0,0,0,Benign
6,4381338,5,1,135,46,46,6,27.0,20.12461,46,46,46.0,0.0,41.311581074092,1.36944467648924,876267.6,1895497.2,4266898,3,4381338,1095334.5,2114632.2,4266898,3,0,0.0,0.0,0,0,1,0,0,0,100,20,1.1412039,0.22824077,6,46,32.42857,18.866701,355.9524,0,1,0,0,1,0,0,0,0,37.833332,27.0,46.0,0,0,0,0,0,0,5,135,1,46,257,161,4,20,0.0,0.0,0,0,0.0,0.0,0,0,Benign
6,5622297,9,6,360,5458,203,0,40.0,73.86305,1448,0,909.6667,651.83606,1034.808371027,2.66794870495102,401592.66,1471842.5,5515192,0,5622297,702787.1,1944589.4,5515192,18,51636,10327.2,14798.003,32628,49,0,0,0,0,296,200,1.6007693,1.0671794,0,1448,363.625,579.18835,335459.2,0,0,0,1,0,0,0,0,0,387.86667,40.0,909.6667,0,0,0,0,0,0,9,360,6,5458,29200,59,3,32,107087.0,0.0,107087,107087,5515192.0,0.0,5515192,5515192,Benign
17,226,2,2,166,422,83,83,83.0,0.0,211,211,211.0,0.0,2601769.91150443,17699.1150442478,75.333336,124.41999,219,3,3,3.0,0.0,3,3,4,4.0,0.0,4,4,0,0,0,0,40,40,8849.558,8849.558,83,211,134.2,70.10849,4915.2,0,0,0,0,0,0,0,0,1,167.75,83.0,211.0,0,0,0,0,0,0,2,166,2,422,-1,-1,1,20,0.0,0.0,0,0,0.0,0.0,0,0,Benign
6,115679141,16,14,518,752,434,0,32.375,107.11046,746,0,53.714287,199.25995,10.9786430727386,0.259338025340282,3988936.0,4872436.0,10014912,89,115679141,7711942.5,4156806.0,10051961,394,110511387,8500876.0,3759382.2,10056348,23632,0,0,0,0,332,424,0.1383136,0.121024415,0,746,40.967743,152.02882,23112.766,0,0,0,1,0,0,0,0,0,42.333332,32.375,53.714287,0,0,0,0,0,0,16,518,14,752,8192,343,15,20,47256.727,33178.06,147198,36379,9999181.0,17268.56,10014912,9949610,Benign
17,23817,2,2,88,202,44,44,44.0,0.0,101,101,101.0,0.0,12176.1766805223,167.947264558928,7939.0,13744.689,23810,3,3,3.0,0.0,3,3,4,4.0,0.0,4,4,0,0,0,0,40,40,83.97363,83.97363,44,101,66.8,31.220186,974.7,0,0,0,0,0,0,0,0,1,83.5,44.0,101.0,0,0,0,0,0,0,2,88,2,202,-1,-1,1,20,0.0,0.0,0,0,0.0,0.0,0,0,Benign
17,60466,1,1,52,68,52,52,52.0,0.0,68,68,68.0,0.0,1984.58637912215,33.0764396520359,60466.0,0.0,60466,60466,0,0.0,0.0,0,0,0,0.0,0.0,0,0,0,0,0,0,20,32,16.53822,16.53822,52,68,57.333332,9.237604,85.333336,0,0,0,0,0,0,0,0,1,86.0,52.0,68.0,0,0,0,0,0,0,1,52,1,68,-1,-1,0,20,0.0,0.0,0,0,0.0,0.0,0,0,Benign
6,65912421,25,36,1789,46348,613,0,71.56,169.50641,4380,2,1287.4445,1050.7075,730.317583084985,0.925470481504541,1098540.4,3041204.5,10006169,0,61559240,2564968.2,4438159.5,10115490,193,65804279,1880122.2,3863312.5,10114226,3,0,0,0,0,512,724,0.37929118,0.5461793,0,4380,776.4032,1006.1603,1012358.5,0,0,0,1,0,0,0,0,1,789.13116,71.56,1287.4445,0,0,0,0,0,0,25,1789,36,46348,8192,19003,24,20,261045.0,373077.97,1022583,107983,9998828.0,5624.903,10006169,9992333,Benign
6,3,2,0,37,0,31,6,18.5,17.67767,0,0,0.0,0.0,12333333.3333333,666666.666666667,3.0,0.0,3,3,3,3.0,0.0,3,3,0,0.0,0.0,0,0,1,0,0,0,40,0,666666.7,0.0,6,31,22.666666,14.433757,208.33333,0,1,0,0,1,0,0,0,0,34.0,18.5,0.0,0,0,0,0,0,0,2,37,0,0,32928,-1,1,20,0.0,0.0,0,0,0.0,0.0,0,0,Benign
6,224,1,1,6,6,6,6,6.0,0.0,6,6,6.0,0.0,53571.4285714286,8928.57142857143,224.0,0.0,224,224,0,0.0,0.0,0,0,0,0.0,0.0,0,0,0,0,0,0,20,20,4464.2856,4464.2856,6,6,6.0,0.0,0.0,0,0,0,0,1,1,0,0,1,9.0,6.0,6.0,0,0,0,0,0,0,1,6,1,6,69,256,0,20,0.0,0.0,0,0,0.0,0.0,0,0,Benign
6,86,1,1,0,0,0,0,0.0,0.0,0,0,0.0,0.0,0.0,23255.8139534884,86.0,0.0,86,86,0,0.0,0.0,0,0,0,0.0,0.0,0,0,0,0,0,0,32,32,11627.907,11627.907,0,0,0.0,0.0,0.0,0,0,0,0,1,0,0,0,1,0.0,0.0,0.0,0,0,0,0,0,0,1,0,1,0,114,33304,0,32,0.0,0.0,0,0,0.0,0.0,0,0,Benign
17,24820,1,1,58,186,58,58,58.0,0.0,186,186,186.0,0.0,9830.78162771958,80.58017727639,24820.0,0.0,24820,24820,0,0.0,0.0,0,0,0,0.0,0.0,0,0,0,0,0,0,44,32,40.29009,40.29009,58,186,100.666664,73.90083,5461.3335,0,0,0,0,0,0,0,0,1,151.0,58.0,186.0,0,0,0,0,0,0,1,58,1,186,-1,-1,0,44,0.0,0.0,0,0,0.0,0.0,0,0,Benign
6,7589449,7,5,834,446,526,0,119.14286,198.80511,289,0,89.2,127.31339,168.65519486329,1.58114245184334,689949.94,2230591.0,7415091,3,7589449,1264908.1,3013104.5,7415091,154,103180,25795.0,29205.904,51324,3,0,0,0,0,152,112,0.9223331,0.65880936,0,526,98.46154,162.0425,26257.77,0,0,0,1,0,0,0,0,0,106.666664,119.14286,89.2,0,0,0,0,0,0,7,834,5,446,8192,114,6,20,0.0,0.0,0,0,0.0,0.0,0,0,Benign
6,13805,2,0,12,0,6,6,6.0,0.0,0,0,0.0,0.0,869.25027164071,144.875045273452,13805.0,0.0,13805,13805,13805,13805.0,0.0,13805,13805,0,0.0,0.0,0,0,0,0,0,0,40,0,144.87505,0.0,6,6,6.0,0.0,0.0,0,0,0,0,1,0,0,0,0,9.0,6.0,0.0,0,0,0,0,0,0,2,12,0,0,253,-1,1,20,0.0,0.0,0,0,0.0,0.0,0,0,Benign
6,115899292,22,19,1663,3408,1034,0,75.59091,226.6133,1460,2,179.36842,456.86578,43.7535028255393,0.353755396538574,2897482.2,4509066.5,10012467,2,115899292,5519014.0,4983101.5,10048053,2,110645724,6146984.5,5029225.0,10048210,2,0,0,0,0,460,384,0.18981996,0.16393542,0,1460,120.7381,347.8236,120981.27,0,0,0,1,0,0,0,0,0,123.68293,75.59091,179.36842,0,0,0,0,0,0,22,1663,19,3408,29200,40958,21,20,50534.832,51428.484,213842,35539,9607738.0,1382585.4,10012467,5217698,Benign
17,254,2,2,84,308,42,42,42.0,0.0,154,154,154.0,0.0,1543307.08661417,15748.031496063,84.666664,93.55391,191,15,15,15.0,0.0,15,15,48,48.0,0.0,48,48,0,0,0,0,64,80,7874.0156,7874.0156,42,154,86.8,61.344925,3763.2,0,0,0,0,0,0,0,0,1,108.5,42.0,154.0,0,0,0,0,0,0,2,84,2,308,-1,-1,1,32,0.0,0.0,0,0,0.0,0.0,0,0,Benign
6,37461,49,26,2488,3164,194,0,50.77551,65.998505,440,0,121.69231,132.09172,150876.911988468,2002.08216545207,506.22974,2919.9434,23215,0,37461,780.4375,3614.8655,23255,1,37273,1490.92,4989.0303,23372,1,0,0,0,0,1592,848,1308.027,694.0552,0,440,74.36842,99.08365,9817.569,0,0,0,1,0,0,0,0,0,75.36,50.77551,121.69231,0,0,0,0,0,0,49,2488,26,3164,65535,269,22,32,0.0,0.0,0,0,0.0,0.0,0,0,Benign
17,30924,2,2,76,258,38,38,38.0,0.0,129,129,129.0,0.0,10800.6726167378,129.349372655543,10308.0,17809.826,30873,3,3,3.0,0.0,3,3,48,48.0,0.0,48,48,0,0,0,0,40,64,64.67468,64.67468,38,129,74.4,49.842754,2484.3,0,0,0,0,0,0,0,0,1,93.0,38.0,129.0,0,0,0,0,0,0,2,76,2,258,-1,-1,1,20,0.0,0.0,0,0,0.0,0.0,0,0,Benign
17,242,2,2,96,268,48,48,48.0,0.0,134,134,134.0,0.0,1504132.23140496,16528.9256198347,80.666664,100.081635,193,1,1,1.0,0.0,1,1,48,48.0,0.0,48,48,0,0,0,0,40,40,8264.463,8264.463,48,134,82.4,47.10414,2218.8,0,0,0,0,0,0,0,0,1,103.0,48.0,134.0,0,0,0,0,0,0,2,96,2,268,-1,-1,1,20,0.0,0.0,0,0,0.0,0.0,0,0,Benign
17,467,1,1,64,130,64,64,64.0,0.0,130,130,130.0,0.0,415417.55888651,4282.65524625268,467.0,0.0,467,467,0,0.0,0.0,0,0,0,0.0,0.0,0,0,0,0,0,0,32,40,2141.3276,2141.3276,64,130,86.0,38.105118,1452.0,0,0,0,0,0,0,0,0,1,129.0,64.0,130.0,0,0,0,0,0,0,1,64,1,130,-1,-1,0,32,0.0,0.0,0,0,0.0,0.0,0,0,Benign
6,15257592,1,2,6,12,6,6,6.0,0.0,6,6,6.0,0.0,1.17974055145792,0.196623425242987,7628796.0,10717834.0,15207449,50143,0,0.0,0.0,0,0,15207449,15207449.0,0.0,15207449,15207449,0,0,0,0,20,40,0.06554114,0.13108228,6,6,6.0,0.0,0.0,0,0,0,0,1,0,0,0,2,8.0,6.0,6.0,0,0,0,0,0,0,1,6,2,12,63175,36260,0,20,0.0,0.0,0,0,0.0,0.0,0,0,Benign
6,245,3,1,43,6,31,6,14.333333,14.433757,6,6,6.0,0.0,200000.0,16326.5306122449,81.666664,79.6576,169,13,245,122.5,154.85638,232,13,0,0.0,0.0,0,0,0,0,0,0,60,20,12244.898,4081.6326,6,31,11.0,11.18034,125.0,0,0,0,0,1,0,0,0,0,13.75,14.333333,6.0,0,0,0,0,0,0,3,43,1,6,993,0,2,20,0.0,0.0,0,0,0.0,0.0,0,0,Benign
17,31115,2,2,52,228,26,26,26.0,0.0,114,114,114.0,0.0,8998.87514060742,128.555359151535,10371.667,17921.834,31066,1,1,1.0,0.0,1,1,48,48.0,0.0,48,48,0,0,0,0,40,40,64.27768,64.27768,26,114,61.2,48.199585,2323.2,0,0,0,0,0,0,0,0,1,76.5,26.0,114.0,0,0,0,0,0,0,2,52,2,228,-1,-1,1,20,0.0,0.0,0,0,0.0,0.0,0,0,Benign
6,14468,1,1,6,0,6,6,6.0,0.0,0,0,0.0,0.0,414.708321813658,138.236107271219,14468.0,0.0,14468,14468,0,0.0,0.0,0,0,0,0.0,0.0,0,0,0,0,0,0,20,32,69.11806,69.11806,0,6,4.0,3.4641016,12.0,0,0,0,0,1,0,0,0,1,6.0,6.0,0.0,0,0,0,0,0,0,1,6,1,0,32850,32,0,20,0.0,0.0,0,0,0.0,0.0,0,0,Benign
17,48410,4,2,176,198,44,44,44.0,0.0,99,99,99.0,0.0,7725.67651311712,123.941334435034,9682.0,14100.901,31008,1,31012,10337.333,17901.322,31008,1,4,4.0,0.0,4,4,0,0,0,0,80,40,82.627556,41.313778,44,99,59.714287,26.837252,720.2381,0,0,0,0,0,0,0,0,0,69.666664,44.0,99.0,0,0,0,0,0,0,4,176,2,198,-1,-1,3,20,0.0,0.0,0,0,0.0,0.0,0,0,Benign
17,111869,1,1,56,106,56,56,56.0,0.0,106,106,106.0,0.0,1448.12235740017,17.8780537950639,111869.0,0.0,111869,111869,0,0.0,0.0,0,0,0,0.0,0.0,0,0,0,0,0,0,44,20,8.939027,8.939027,56,106,72.666664,28.867514,833.3333,0,0,0,0,0,0,0,0,1,109.0,56.0,106.0,0,0,0,0,0,0,1,56,1,106,-1,-1,0,44,0.0,0.0,0,0,0.0,0.0,0,0,Benign
6,2001297,2,0,74,0,37,37,37.0,0.0,0,0,0.0,0.0,36.9760210503488,0.999351920279698,2001297.0,0.0,2001297,2001297,2001297,2001297.0,0.0,2001297,2001297,0,0.0,0.0,0,0,1,0,0,0,64,0,0.9993519,0.0,37,37,37.0,0.0,0.0,0,1,0,0,1,1,0,0,0,55.5,37.0,0.0,0,0,0,0,0,0,2,74,0,0,33304,-1,1,32,0.0,0.0,0,0,0.0,0.0,0,0,Benign
6,78727920,17,17,753,13018,352,0,44.294117,95.427826,2920,0,765.7647,1004.6599,174.918885193461,0.431867119060176,2385694.5,4273628.0,10004886,1,78727920,4920495.0,5081226.0,10020496,197,70212446,4388278.0,5127312.0,10024965,1,0,0,0,0,352,436,0.21593356,0.21593356,0,2920,393.45715,783.63684,614086.75,0,0,0,1,0,0,0,0,1,405.02942,44.294117,765.7647,0,0,0,0,0,0,17,753,17,13018,8192,62,16,20,28413.25,31206.615,105272,15168,9812577.0,530249.06,10004886,8500322,Benign
17,147,2,2,54,86,27,27,27.0,0.0,43,43,43.0,0.0,952380.952380952,27210.8843537415,49.0,48.507732,98,1,48,48.0,0.0,48,48,1,1.0,0.0,1,1,0,0,0,0,64,64,13605.442,13605.442,27,43,33.4,8.763561,76.8,0,0,0,0,0,0,0,0,1,41.75,27.0,43.0,0,0,0,0,0,0,2,54,2,86,-1,-1,1,32,0.0,0.0,0,0,0.0,0.0,0,0,Benign
6,581527,13,11,725,3744,373,0,55.76923,106.42693,1448,0,340.36365,569.9516,7684.93982222666,41.2706546729559,25283.783,46876.695,121900,1,581527,48460.582,57217.836,124308,48,457729,45772.9,73545.47,165551,1,0,0,0,0,428,360,22.354939,18.915716,0,1448,178.76,403.12552,162510.19,0,0,0,1,0,0,0,0,0,186.20833,55.76923,340.36365,0,0,0,0,0,0,13,725,11,3744,65535,5068,6,32,0.0,0.0,0,0,0.0,0.0,0,0,Benign
17,48791,2,2,84,206,42,42,42.0,0.0,103,103,103.0,0.0,5943.7191285278,81.98233280728,16263.667,28125.338,48740,3,3,3.0,0.0,3,3,48,48.0,0.0,48,48,0,0,0,0,40,40,40.991165,40.991165,42,103,66.4,33.411076,1116.3,0,0,0,0,0,0,0,0,1,83.0,42.0,103.0,0,0,0,0,0,0,2,84,2,206,-1,-1,1,20,0.0,0.0,0,0,0.0,0.0,0,0,Benign
6,39948291,9,8,896,3936,430,0,99.55556,187.35469,1962,0,492.0,907.3075,120.956363314766,0.425550119277944,2496768.2,4391059.5,10002096,119,30503315,3812914.5,5138215.0,10024488,20159,39925087,5703584.0,5206633.5,10025167,988,0,0,0,0,192,208,0.22529124,0.20025888,0,1962,268.44446,631.1452,398344.25,0,0,0,1,0,0,0,0,0,284.2353,99.55556,492.0,0,0,0,0,0,0,9,896,8,3936,8192,980,8,20,166875.67,248858.03,454232,22931,10000896.0,1634.0505,10002096,9999035,Benign
17,60401,2,2,66,316,33,33,33.0,0.0,158,158,158.0,0.0,6324.39860267214,66.2240691379282,20133.666,34869.07,60397,1,1,1.0,0.0,1,1,3,3.0,0.0,3,3,0,0,0,0,64,40,33.112034,33.112034,33,158,83.0,68.46532,4687.5,0,0,0,0,0,0,0,0,1,103.75,33.0,158.0,0,0,0,0,0,0,2,66,2,316,-1,-1,1,32,0.0,0.0,0,0,0.0,0.0,0,0,Benign
6,5729840,9,7,385,5182,198,0,42.77778,70.49074,1460,0,740.2857,698.1112,971.580358264803,2.7923990896779,381989.34,1436901.1,5575748,3,5729840,716230.0,1963736.1,5575748,3,73624,12270.667,17424.258,38877,48,0,0,0,0,192,152,1.5707245,1.2216746,0,1460,327.47058,558.654,312094.25,0,0,0,1,0,0,0,0,0,347.9375,42.77778,740.2857,0,0,0,0,0,0,9,385,7,5182,8192,119,8,20,154089.0,0.0,154089,154089,5575748.0,0.0,5575748,5575748,Benign
17,266,2,2,64,536,32,32,32.0,0.0,268,268,268.0,0.0,2255639.09774436,15037.5939849624,88.666664,147.51384,259,3,3,3.0,0.0,3,3,4,4.0,0.0,4,4,0,0,0,0,64,64,7518.797,7518.797,32,268,126.4,129.26253,16708.8,0,0,0,0,0,0,0,0,1,158.0,32.0,268.0,0,0,0,0,0,0,2,64,2,536,-1,-1,1,32,0.0,0.0,0,0,0.0,0.0,0,0,Benign
6,61856390,17,17,1051,7694,352,0,61.82353,113.9025,1460,0,452.58823,614.434,141.375854620679,0.54966026953723,1874436.0,3892550.2,10006732,5,61856390,3866024.5,4944775.0,10055078,842,61805467,3862841.8,4954761.0,10057393,5,0,0,0,0,352,424,0.27483013,0.27483013,0,1460,249.85715,473.10727,223830.48,0,0,0,1,0,0,0,0,1,257.20587,61.82353,452.58823,0,0,0,0,0,0,17,1051,17,7694,8192,118,16,20,236816.33,456369.2,1168376,50386,10001784.0,4346.796,10006732,9994102,Benign
17,746,2,2,94,226,47,47,47.0,0.0,113,113,113.0,0.0,428954.423592493,5361.93029490617,248.66667,424.64142,739,3,4,4.0,0.0,4,4,3,3.0,0.0,3,3,0,0,0,0,40,40,2680.965,2680.965,47,113,73.4,36.14969,1306.8,0,0,0,0,0,0,0,0,1,91.75,47.0,113.0,0,0,0,0,0,0,2,94,2,226,-1,-1,1,20,0.0,0.0,0,0,0.0,0.0,0,0,Benign
6,86,2,0,12,0,6,6,6.0,0.0,0,0,0.0,0.0,139534.88372093,23255.8139534884,86.0,0.0,86,86,86,86.0,0.0,86,86,0,0.0,0.0,0,0,0,0,0,0,40,0,23255.814,0.0,6,6,6.0,0.0,0.0,0,0,0,0,1,0,0,0,0,9.0,6.0,0.0,0,0,0,0,0,0,2,12,0,0,238,-1,1,20,0.0,0.0,0,0,0.0,0.0,0,0,Benign
6,60,1,1,0,0,0,0,0.0,0.0,0,0,0.0,0.0,0.0,33333.3333333333,60.0,0.0,60,60,0,0.0,0.0,0,0,0,0.0,0.0,0,0,0,0,0,0,32,32,16666.666,16666.666,0,0,0.0,0.0,0.0,0,0,0,0,1,1,0,0,1,0.0,0.0,0.0,0,0,0,0,0,0,1,0,1,0,340,314,0,32,0.0,0.0,0,0,0.0,0.0,0,0,Benign
17,67117,4,4,172,388,43,43,43.0,0.0,97,97,97.0,0.0,8343.63872044341,119.194838863477,9588.143,18600.63,48988,3,66884,22294.666,38600.773,66867,3,18126,6042.0,10458.989,18119,3,0,0,0,0,104,128,59.59742,59.59742,43,97,67.0,28.460499,810.0,0,0,0,0,0,0,0,0,1,75.375,43.0,97.0,0,0,0,0,0,0,4,172,4,388,-1,-1,3,20,0.0,0.0,0,0,0.0,0.0,0,0,Benign
6,49,1,1,0,0,0,0,0.0,0.0,0,0,0.0,0.0,0.0,40816.3265306122,49.0,0.0,49,49,0,0.0,0.0,0,0,0,0.0,0.0,0,0,0,0,0,0,32,32,20408.164,20408.164,0,0,0.0,0.0,0.0,0,0,0,0,1,1,0,0,1,0.0,0.0,0.0,0,0,0,0,0,0,1,0,1,0,179,339,0,32,0.0,0.0,0,0,0.0,0.0,0,0,Benign
17,30233,1,1,54,82,54,54,54.0,0.0,82,82,82.0,0.0,4498.39579267688,66.1528793040717,30233.0,0.0,30233,30233,0,0.0,0.0,0,0,0,0.0,0.0,0,0,0,0,0,0,20,20,33.07644,33.07644,54,82,63.333332,16.165808,261.33334,0,0,0,0,0,0,0,0,1,95.0,54.0,82.0,0,0,0,0,0,0,1,54,1,82,-1,-1,0,20,0.0,0.0,0,0,0.0,0.0,0,0,Benign
17,50554,1,1,50,91,50,50,50.0,0.0,91,91,91.0,0.0,2789.09680737429,39.5616568421885,50554.0,0.0,50554,50554,0,0.0,0.0,0,0,0,0.0,0.0,0,0,0,0,0,0,20,32,19.780828,19.780828,50,91,63.666668,23.671362,560.3333,0,0,0,0,0,0,0,0,1,95.5,50.0,91.0,0,0,0,0,0,0,1,50,1,91,-1,-1,0,20,0.0,0.0,0,0,0.0,0.0,0,0,Benign
17,184,2,2,70,178,35,35,35.0,0.0,89,89,89.0,0.0,1347826.08695652,21739.1304347826,61.333332,104.5004,182,1,1,1.0,0.0,1,1,1,1.0,0.0,1,1,0,0,0,0,64,64,10869.565,10869.565,35,89,56.6,29.577019,874.8,0,0,0,0,0,0,0,0,1,70.75,35.0,89.0,0,0,0,0,0,0,2,70,2,178,-1,-1,1,32,0.0,0.0,0,0,0.0,0.0,0,0,Benign
6,62091,12,7,1180,4117,901,0,98.333336,256.16165,1397,0,588.1429,692.4448,85310.2704095602,306.002480230629,3449.5,5648.332,15115,21,62091,5644.636,7972.3745,20871,48,39187,6531.1665,7387.1226,15602,48,0,0,0,0,264,152,193.26472,112.737755,0,1397,264.85,499.11462,249115.39,0,0,0,1,0,0,0,0,0,278.78946,98.333336,588.1429,0,0,0,0,0,0,12,1180,7,4117,65535,32,11,20,0.0,0.0,0,0,0.0,0.0,0,0,Benign
17,90987,1,1,41,118,41,41,41.0,0.0,118,118,118.0,0.0,1747.50239045138,21.9811621440426,90987.0,0.0,90987,90987,0,0.0,0.0,0,0,0,0.0,0.0,0,0,0,0,0,0,32,32,10.9905815,10.9905815,41,118,66.666664,44.45597,1976.3334,0,0,0,0,0,0,0,0,1,100.0,41.0,118.0,0,0,0,0,0,0,1,41,1,118,-1,-1,0,32,0.0,0.0,0,0,0.0,0.0,0,0,Benign
6,455,2,0,12,0,6,6,6.0,0.0,0,0,0.0,0.0,26373.6263736264,4395.6043956044,455.0,0.0,455,455,455,455.0,0.0,455,455,0,0.0,0.0,0,0,0,0,0,0,40,0,4395.6045,0.0,6,6,6.0,0.0,0.0,0,0,0,0,1,0,0,0,0,9.0,6.0,0.0,0,0,0,0,0,0,2,12,0,0,254,-1,1,20,0.0,0.0,0,0,0.0,0.0,0,0,Benign
17,213,2,2,88,188,44,44,44.0,0.0,94,94,94.0,0.0,1295774.64788732,18779.3427230047,71.0,39.83717,117,48,48,48.0,0.0,48,48,48,48.0,0.0,48,48,0,0,0,0,64,64,9389.671,9389.671,44,94,64.0,27.386127,750.0,0,0,0,0,0,0,0,0,1,80.0,44.0,94.0,0,0,0,0,0,0,2,88,2,188,-1,-1,1,32,0.0,0.0,0,0,0.0,0.0,0,0,Benign
17,61680,2,2,76,494,38,38,38.0,0.0,247,247,247.0,0.0,9241.24513618677,64.8508430609598,20560.0,35566.805,61629,3,48,48.0,0.0,48,48,3,3.0,0.0,3,3,0,0,0,0,64,40,32.425423,32.425423,38,247,121.6,114.474014,13104.3,0,0,0,0,0,0,0,0,1,152.0,38.0,247.0,0,0,0,0,0,0,2,76,2,494,-1,-1,1,32,0.0,0.0,0,0,0.0,0.0,0,0,Benign
17,114463406,2,2,132,226,80,52,66.0,19.79899,158,68,113.0,63.63961,3.1276371419526,0.034945666390532,38154468.0,66006890.0,114372656,31193,114432213,114432216.0,0.0,114432213,114432213,114403849,114403850.0,0.0,114403849,114403849,0,0,0,0,72,52,0.017472833,0.017472833,52,158,82.0,44.090816,1944.0,0,0,0,0,0,0,0,0,1,102.5,66.0,113.0,0,0,0,0,0,0,2,132,2,226,-1,-1,1,32,59557.0,0.0,59557,59557,114372660.0,0.0,114372656,114372656,Benign
6,137934,6,6,356,3782,212,0,59.333332,89.22481,1460,0,630.3333,677.21716,29999.8550031174,86.9981295402149,12539.454,18635.402,46086,54,137934,27586.8,23527.191,48523,192,99168,19833.6,23303.43,50294,54,0,0,0,0,132,132,43.499065,43.499065,0,1460,318.30768,533.9169,285067.22,0,0,0,1,0,0,0,0,1,344.83334,59.333332,630.3333,0,0,0,0,0,0,6,356,6,3782,8192,60,5,20,0.0,0.0,0,0,0.0,0.0,0,0,Benign
17,247,2,2,68,276,34,34,34.0,0.0,138,138,138.0,0.0,1392712.55060729,16194.3319838057,82.333336,139.145,243,1,1,1.0,0.0,1,1,3,3.0,0.0,3,3,0,0,0,0,40,40,8097.166,8097.166,34,138,75.6,56.963146,3244.8,0,0,0,0,0,0,0,0,1,94.5,34.0,138.0,0,0,0,0,0,0,2,68,2,276,-1,-1,1,20,0.0,0.0,0,0,0.0,0.0,0,0,Benign
6,5644774,11,7,3118,4441,853,0,283.45456,380.93683,2571,0,634.4286,882.0408,1339.11472806529,3.18879019780066,332045.53,1200420.8,4987674,35,5644774,564477.4,1555032.1,4987890,6709,5593151,932191.8,2001859.8,5013834,59386,0,0,0,0,232,152,1.9487051,1.2400851,0,2571,397.8421,615.2292,378506.9,0,0,0,1,0,0,0,0,0,419.94446,283.45456,634.4286,0,0,0,0,0,0,11,3118,7,4441,8192,22,10,20,0.0,0.0,0,0,0.0,0.0,0,0,Benign
6,19394,2,1,12,0,6,6,6.0,0.0,0,0,0.0,0.0,618.748066412292,154.687016603073,9697.0,13583.521,19302,92,19394,19394.0,0.0,19394,19394,0,0.0,0.0,0,0,0,0,0,0,40,44,103.12468,51.56234,0,6,4.5,3.0,9.0,1,0,0,0,0,0,0,0,0,6.0,6.0,0.0,0,0,0,0,0,0,2,12,1,0,0,31,1,20,0.0,0.0,0,0,0.0,0.0,0,0,Benign
17,31038,1,1,41,148,41,41,41.0,0.0,148,148,148.0,0.0,6089.3098782138,64.4371415684,31038.0,0.0,31038,31038,0,0.0,0.0,0,0,0,0.0,0.0,0,0,0,0,0,0,40,32,32.21857,32.21857,41,148,76.666664,61.776478,3816.3333,0,0,0,0,0,0,0,0,1,115.0,41.0,148.0,0,0,0,0,0,0,1,41,1,148,-1,-1,0,40,0.0,0.0,0,0,0.0,0.0,0,0,Benign
6,2288,2,1,12,6,6,6,6.0,0.0,6,6,6.0,0.0,7867.13286713287,1311.18881118881,1144.0,1610.7893,2283,5,2288,2288.0,0.0,2288,2288,0,0.0,0.0,0,0,0,0,0,0,40,20,874.12585,437.06293,6,6,6.0,0.0,0.0,0,0,0,0,1,0,0,0,0,8.0,6.0,6.0,0,0,0,0,0,0,2,12,1,6,913,256,1,20,0.0,0.0,0,0,0.0,0.0,0,0,Benign
17,221,2,2,52,116,26,26,26.0,0.0,58,58,58.0,0.0,760180.995475113,18099.5475113122,73.666664,43.59281,124,48,49,49.0,0.0,49,49,48,48.0,0.0,48,48,0,0,0,0,40,40,9049.773,9049.773,26,58,38.8,17.527122,307.2,0,0,0,0,0,0,0,0,1,48.5,26.0,58.0,0,0,0,0,0,0,2,52,2,116,-1,-1,1,20,0.0,0.0,0,0,0.0,0.0,0,0,Benign
6,1309103,23,29,1065,51753,517,0,46.304348,129.32497,4380,0,1784.5862,1096.7413,40346.7106866305,39.7218553467527,25668.686,73730.99,257456,6,1308943,59497.41,106533.08,277026,99,1051687,37560.25,91248.62,257972,49,0,0,0,0,472,592,17.569283,22.152573,0,4380,996.56604,1191.4591,1419574.9,0,0,0,1,0,0,0,0,1,1015.7308,46.304348,1784.5862,0,0,0,0,0,0,23,1065,29,51753,8192,245,22,20,0.0,0.0,0,0,0.0,0.0,0,0,Benign
6,112945,1,1,6,6,6,6,6.0,0.0,6,6,6.0,0.0,106.246403116561,17.7077338527602,112945.0,0.0,112945,112945,0,0.0,0.0,0,0,0,0.0,0.0,0,0,0,0,0,0,20,20,8.853867,8.853867,6,6,6.0,0.0,0.0,0,0,0,0,1,1,0,0,1,9.0,6.0,6.0,0,0,0,0,0,0,1,6,1,6,16139,250,0,20,0.0,0.0,0,0,0.0,0.0,0,0,Benign
17,251,2,2,66,386,33,33,33.0,0.0,193,193,193.0,0.0,1800796.812749,15936.2549800797,83.666664,102.49553,199,3,49,49.0,0.0,49,49,3,3.0,0.0,3,3,0,0,0,0,40,40,7968.1274,7968.1274,33,193,97.0,87.63561,7680.0,0,0,0,0,0,0,0,0,1,121.25,33.0,193.0,0,0,0,0,0,0,2,66,2,386,-1,-1,1,20,0.0,0.0,0,0,0.0,0.0,0,0,Benign
17,193,2,2,92,248,46,46,46.0,0.0,124,124,124.0,0.0,1761658.03108808,20725.3886010363,64.333336,29.160475,98,47,48,48.0,0.0,48,48,47,47.0,0.0,47,47,0,0,0,0,64,64,10362.694,10362.694,46,124,77.2,42.72236,1825.2,0,0,0,0,0,0,0,0,1,96.5,46.0,124.0,0,0,0,0,0,0,2,92,2,248,-1,-1,1,32,0.0,0.0,0,0,0.0,0.0,0,0,Benign
17,171,2,2,68,182,34,34,34.0,0.0,91,91,91.0,0.0,1461988.30409357,23391.8128654971,57.0,92.66607,164,3,4,4.0,0.0,4,4,3,3.0,0.0,3,3,0,0,0,0,40,40,11695.906,11695.906,34,91,56.8,31.220186,974.7,0,0,0,0,0,0,0,0,1,71.0,34.0,91.0,0,0,0,0,0,0,2,68,2,182,-1,-1,1,20,0.0,0.0,0,0,0.0,0.0,0,0,Benign
17,48155,2,2,90,212,45,45,45.0,0.0,106,106,106.0,0.0,6271.41522167999,83.0651022739072,16051.667,27796.24,48148,3,3,3.0,0.0,3,3,4,4.0,0.0,4,4,0,0,0,0,40,40,41.53255,41.53255,45,106,69.4,33.411076,1116.3,0,0,0,0,0,0,0,0,1,86.75,45.0,106.0,0,0,0,0,0,0,2,90,2,212,-1,-1,1,20,0.0,0.0,0,0,0.0,0.0,0,0,Benign
6,10294379,34,50,1859,65902,536,0,54.67647,150.2936,3443,0,1318.04,859.07355,6582.33002690109,8.15979283451678,124028.664,1092544.1,9956371,1,10294164,311944.38,1731571.6,9956429,176,10274606,209685.84,1427224.4,9994881,1,0,0,0,0,1096,1608,3.3027732,4.8570194,0,3443,797.18823,911.90936,831578.75,0,0,0,1,0,0,0,0,1,806.6786,54.67647,1318.04,0,0,0,0,0,0,34,1859,50,65902,29200,29,5,32,337735.0,0.0,337735,337735,9956371.0,0.0,9956371,9956371,Benign
17,95910,4,2,140,130,35,35,35.0,0.0,65,65,65.0,0.0,2815.13919299343,62.5586487331874,19182.0,29098.996,65714,3,30147,10049.0,17399.316,30140,3,49,49.0,0.0,49,49,0,0,0,0,80,40,41.705765,20.852882,35,65,43.57143,14.638501,214.28572,0,0,0,0,0,0,0,0,0,50.833332,35.0,65.0,0,0,0,0,0,0,4,140,2,130,-1,-1,3,20,0.0,0.0,0,0,0.0,0.0,0,0,Benign
6,120079,3,4,432,2279,426,0,144.0,244.2376,2265,2,569.75,1130.1682,22576.8036042938,58.2949558207513,20013.166,24437.488,60682,4,90060,45030.0,22135.271,60682,29378,90784,30261.334,51634.945,89882,4,0,0,0,0,72,84,24.983553,33.311405,0,2265,338.875,792.20514,627589.0,0,0,0,1,0,0,0,0,1,387.2857,144.0,569.75,0,0,0,0,0,0,3,432,4,2279,8192,30016,2,20,0.0,0.0,0,0,0.0,0.0,0,0,Benign
6,74,3,0,18,0,6,6,6.0,0.0,0,0,0.0,0.0,243243.243243243,40540.5405405405,37.0,5.656854,41,33,74,37.0,5.656854,41,33,0,0.0,0.0,0,0,0,0,0,0,60,0,40540.54,0.0,6,6,6.0,0.0,0.0,0,0,0,0,1,1,0,0,0,8.0,6.0,0.0,0,0,0,0,0,0,3,18,0,0,7947,-1,2,20,0.0,0.0,0,0,0.0,0.0,0,0,Benign
6,85146656,11,9,91,0,31,6,8.272727,7.5377836,0,0,0.0,0.0,1.06874426166543,0.234888848717676,4481403.0,4954052.0,9996923,2,85146656,8514666.0,3385644.8,10025344,2,80168607,10021076.0,2864.3962,10025247,10016156,0,0,0,0,220,288,0.12918887,0.10569998,0,31,4.6190476,6.741485,45.44762,0,0,0,0,1,0,0,0,0,4.85,8.272727,0.0,0,0,0,0,0,0,11,91,9,0,16425,1013,10,20,28364.5,84.361465,28468,28237,9992735.0,2903.269,9996923,9987735,Benign
6,46749055,102,156,5942,214449,968,0,58.2549,220.01376,2896,0,1374.6731,606.34906,4714.34128454575,5.5188281346008,181902.94,1254089.8,10009837,1,46749055,462861.94,2002712.4,10184096,1,43380869,279876.56,1617413.0,10183597,1,0,0,0,0,3272,5000,2.1818624,3.3369658,0,2896,850.9305,810.4984,656907.6,0,0,0,1,0,0,0,0,1,854.2287,58.2549,1374.6731,0,0,0,0,0,0,102,5942,156,214449,29200,10322,7,32,840640.5,1333279.0,2840559,173760,10004554.0,3618.4895,10009837,10002090,Benign
17,33649,1,1,53,106,53,53,53.0,0.0,106,106,106.0,0.0,4725.25186483997,59.4371303753455,33649.0,0.0,33649,33649,0,0.0,0.0,0,0,0,0.0,0.0,0,0,0,0,0,0,32,20,29.718565,29.718565,53,106,70.666664,30.599564,936.3333,0,0,0,0,0,0,0,0,1,106.0,53.0,106.0,0,0,0,0,0,0,1,53,1,106,-1,-1,0,32,0.0,0.0,0,0,0.0,0.0,0,0,Benign
17,189,2,2,88,344,44,44,44.0,0.0,172,172,172.0,0.0,2285714.28571429,21164.0211640212,63.0,103.058235,182,3,3,3.0,0.0,3,3,4,4.0,0.0,4,4,0,0,0,0,64,64,10582.011,10582.011,44,172,95.2,70.10849,4915.2,0,0,0,0,0,0,0,0,1,119.0,44.0,172.0,0,0,0,0,0,0,2,88,2,344,-1,-1,1,32,0.0,0.0,0,0,0.0,0.0,0,0,Benign
17,30895,1,1,43,139,43,43,43.0,0.0,139,139,139.0,0.0,5890.92086098074,64.7353940767114,30895.0,0.0,30895,30895,0,0.0,0.0,0,0,0,0.0,0.0,0,0,0,0,0,0,20,20,32.3677,32.3677,43,139,75.0,55.425625,3072.0,0,0,0,0,0,0,0,0,1,112.5,43.0,139.0,0,0,0,0,0,0,1,43,1,139,-1,-1,0,20,0.0,0.0,0,0,0.0,0.0,0,0,Benign
17,30473,1,1,46,94,46,46,46.0,0.0,94,94,94.0,0.0,4594.23095855347,65.6318708364782,30473.0,0.0,30473,30473,0,0.0,0.0,0,0,0,0.0,0.0,0,0,0,0,0,0,20,20,32.815937,32.815937,46,94,62.0,27.712812,768.0,0,0,0,0,0,0,0,0,1,93.0,46.0,94.0,0,0,0,0,0,0,1,46,1,94,-1,-1,0,20,0.0,0.0,0,0,0.0,0.0,0,0,Benign
17,38607,2,2,64,320,32,32,32.0,0.0,160,160,160.0,0.0,9946.38278032481,103.608153961717,12869.0,22243.873,38554,4,4,4.0,0.0,4,4,49,49.0,0.0,49,49,0,0,0,0,64,64,51.804077,51.804077,32,160,83.2,70.10849,4915.2,0,0,0,0,0,0,0,0,1,104.0,32.0,160.0,0,0,0,0,0,0,2,64,2,320,-1,-1,1,32,0.0,0.0,0,0,0.0,0.0,0,0,Benign
17,329899,4,2,124,204,31,31,31.0,0.0,102,102,102.0,0.0,994.243692766574,18.1873846237788,65979.8,131117.03,299332,3,30563,10187.667,17640.36,30557,3,4,4.0,0.0,4,4,0,0,0,0,80,40,12.124923,6.0624614,31,102,51.285713,34.64445,1200.238,0,0,0,0,0,0,0,0,0,59.833332,31.0,102.0,0,0,0,0,0,0,4,124,2,204,-1,-1,3,20,0.0,0.0,0,0,0.0,0.0,0,0,Benign
17,165,2,2,48,176,24,24,24.0,0.0,88,88,88.0,0.0,1357575.75757576,24242.4242424242,55.0,89.20202,158,3,3,3.0,0.0,3,3,4,4.0,0.0,4,4,0,0,0,0,64,64,12121.212,12121.212,24,88,49.6,35.054245,1228.8,0,0,0,0,0,0,0,0,1,62.0,24.0,88.0,0,0,0,0,0,0,2,48,2,176,-1,-1,1,32,0.0,0.0,0,0,0.0,0.0,0,0,Benign
17,204,2,2,60,414,30,30,30.0,0.0,207,207,207.0,0.0,2323529.41176471,19607.8431372549,68.0,112.583305,198,3,3,3.0,0.0,3,3,3,3.0,0.0,3,3,0,0,0,0,64,64,9803.922,9803.922,30,207,100.8,96.94689,9398.7,0,0,0,0,0,0,0,0,1,126.0,30.0,207.0,0,0,0,0,0,0,2,60,2,414,-1,-1,1,32,0.0,0.0,0,0,0.0,0.0,0,0,Benign
6,636937,8,9,2693,854,2381,0,336.625,829.68976,653,2,94.888885,211.22408,5568.839618361,26.6902378100189,39808.562,49158.824,174182,3,550172,78596.0,60610.453,174182,1050,550097,68762.125,93267.766,261059,3,0,0,0,0,180,184,12.560112,14.130126,0,2381,197.05556,566.94385,321425.34,0,0,0,1,0,0,0,0,1,208.64706,336.625,94.888885,0,0,0,0,0,0,8,2693,9,854,29200,40958,7,20,0.0,0.0,0,0,0.0,0.0,0,0,Benign
17,220,2,2,80,272,40,40,40.0,0.0,136,136,136.0,0.0,1600000.0,18181.8181818182,73.333336,85.14889,168,3,3,3.0,0.0,3,3,49,49.0,0.0,49,49,0,0,0,0,64,64,9090.909,9090.909,40,136,78.4,52.581364,2764.8,0,0,0,0,0,0,0,0,1,98.0,40.0,136.0,0,0,0,0,0,0,2,80,2,272,-1,-1,1,32,0.0,0.0,0,0,0.0,0.0,0,0,Benign
17,60549,4,2,136,132,34,34,34.0,0.0,66,66,66.0,0.0,4426.16723645312,99.0932963385027,12109.8,16612.338,31772,2,31777,10592.333,18342.129,31772,2,3,3.0,0.0,3,3,0,0,0,0,80,64,66.062195,33.031097,34,66,43.142857,15.614401,243.80952,0,0,0,0,0,0,0,0,0,50.333332,34.0,66.0,0,0,0,0,0,0,4,136,2,132,-1,-1,3,20,0.0,0.0,0,0,0.0,0.0,0,0,Benign
17,160,2,2,72,136,36,36,36.0,0.0,68,68,68.0,0.0,1300000.0,25000.0,53.333332,86.315315,153,3,4,4.0,0.0,4,4,3,3.0,0.0,3,3,0,0,0,0,64,64,12500.0,12500.0,36,68,48.8,17.527122,307.2,0,0,0,0,0,0,0,0,1,61.0,36.0,68.0,0,0,0,0,0,0,2,72,2,136,-1,-1,1,32,0.0,0.0,0,0,0.0,0.0,0,0,Benign
17,61694,2,2,68,250,34,34,34.0,0.0,125,125,125.0,0.0,5154.47207183843,64.8361266897916,20564.666,35613.85,61688,3,3,3.0,0.0,3,3,3,3.0,0.0,3,3,0,0,0,0,40,40,32.418064,32.418064,34,125,70.4,49.842754,2484.3,0,0,0,0,0,0,0,0,1,88.0,34.0,125.0,0,0,0,0,0,0,2,68,2,250,-1,-1,1,20,0.0,0.0,0,0,0.0,0.0,0,0,Benign
17,31435,2,2,74,654,37,37,37.0,0.0,327,327,327.0,0.0,23158.899316049,127.246699538731,10478.333,18142.943,31428,3,3,3.0,0.0,3,3,4,4.0,0.0,4,4,0,0,0,0,64,64,63.62335,63.62335,37,327,153.0,158.83954,25230.0,0,0,0,0,0,0,0,0,1,191.25,37.0,327.0,0,0,0,0,0,0,2,74,2,654,-1,-1,1,32,0.0,0.0,0,0,0.0,0.0,0,0,Benign
6,31,1,1,6,6,6,6,6.0,0.0,6,6,6.0,0.0,387096.774193548,64516.1290322581,31.0,0.0,31,31,0,0.0,0.0,0,0,0,0.0,0.0,0,0,0,0,0,0,20,20,32258.064,32258.064,6,6,6.0,0.0,0.0,0,0,0,0,1,1,0,0,1,9.0,6.0,6.0,0,0,0,0,0,0,1,6,1,6,52,16425,0,20,0.0,0.0,0,0,0.0,0.0,0,0,Benign
6,64036083,2,0,74,0,37,37,37.0,0.0,0,0,0.0,0.0,1.15559847718981,0.0312323912754,64036084.0,0.0,64036083,64036083,64036083,64036084.0,0.0,64036083,64036083,0,0.0,0.0,0,0,1,0,0,0,64,0,0.03123239,0.0,37,37,37.0,0.0,0.0,0,1,0,0,1,1,0,0,0,55.5,37.0,0.0,0,0,0,0,0,0,2,74,0,0,33304,-1,1,32,0.0,0.0,0,0,0.0,0.0,0,0,Benign
6,4115947,5,1,135,46,46,6,27.0,20.12461,46,46,46.0,0.0,43.9752990016635,1.45774471828719,823189.4,1784992.9,4016019,44,4115947,1028986.75,1991810.5,4016019,44,0,0.0,0.0,0,0,1,0,0,0,100,20,1.2147872,0.24295746,6,46,32.42857,18.866701,355.9524,0,1,0,0,1,0,0,0,0,37.833332,27.0,46.0,0,0,0,0,0,0,5,135,1,46,256,351,4,20,0.0,0.0,0,0,0.0,0.0,0,0,Benign
17,167,2,2,88,200,44,44,44.0,0.0,100,100,100.0,0.0,1724550.89820359,23952.0958083832,55.666668,91.221344,161,3,3,3.0,0.0,3,3,3,3.0,0.0,3,3,0,0,0,0,64,64,11976.048,11976.048,44,100,66.4,30.672462,940.8,0,0,0,0,0,0,0,0,1,83.0,44.0,100.0,0,0,0,0,0,0,2,88,2,200,-1,-1,1,32,0.0,0.0,0,0,0.0,0.0,0,0,Benign
17,166,2,2,500,326,250,250,250.0,0.0,163,163,163.0,0.0,4975903.61445783,24096.3855421687,55.333332,89.77936,159,3,3,3.0,0.0,3,3,4,4.0,0.0,4,4,0,0,0,0,40,40,12048.192,12048.192,163,250,215.2,47.651863,2270.7,0,0,0,0,0,0,0,0,1,269.0,250.0,163.0,0,0,0,0,0,0,2,500,2,326,-1,-1,1,20,0.0,0.0,0,0,0.0,0.0,0,0,Benign
6,29028,1,1,0,0,0,0,0.0,0.0,0,0,0.0,0.0,0.0,68.8989940746865,29028.0,0.0,29028,29028,0,0.0,0.0,0,0,0,0.0,0.0,0,0,0,0,0,0,32,32,34.449497,34.449497,0,0,0.0,0.0,0.0,0,0,0,0,1,1,0,0,1,0.0,0.0,0.0,0,0,0,0,0,0,1,0,1,0,274,235,0,32,0.0,0.0,0,0,0.0,0.0,0,0,Benign
6,119081335,27,26,1302,9892,318,0,48.22222,91.761536,1418,0,380.46155,553.9296,94.0029770408604,0.445073948826657,2290025.8,11406612.0,58922225,1,119081335,4580051.5,15965079.0,58922225,1,119044353,4761774.0,16272788.0,59001966,1,0,0,0,0,884,840,0.22673579,0.21833816,0,1418,207.2963,421.04343,177277.58,0,0,0,1,0,0,0,0,0,211.20755,48.22222,380.46155,0,0,0,0,0,0,27,1302,26,9892,29200,365,10,32,751800.5,950350.8,1423800,79801,58770420.0,214685.39,58922225,58618614,Benign
17,31138,2,2,68,422,34,34,34.0,0.0,211,211,211.0,0.0,15736.3992549297,128.460402081059,10379.333,17970.604,31130,4,4,4.0,0.0,4,4,4,4.0,0.0,4,4,0,0,0,0,64,40,64.2302,64.2302,34,211,104.8,96.94689,9398.7,0,0,0,0,0,0,0,0,1,131.0,34.0,211.0,0,0,0,0,0,0,2,68,2,422,-1,-1,1,32,0.0,0.0,0,0,0.0,0.0,0,0,Benign
17,30493,1,1,38,54,38,38,38.0,0.0,54,54,54.0,0.0,3017.08588856459,65.5888236644476,30493.0,0.0,30493,30493,0,0.0,0.0,0,0,0,0.0,0.0,0,0,0,0,0,0,20,32,32.79441,32.79441,38,54,43.333332,9.237604,85.333336,0,0,0,0,0,0,0,0,1,65.0,38.0,54.0,0,0,0,0,0,0,1,38,1,54,-1,-1,0,20,0.0,0.0,0,0,0.0,0.0,0,0,Benign
17,885,2,2,2632,2612,1316,1316,1316.0,0.0,1306,1306,1306.0,0.0,5925423.72881356,4519.77401129944,295.0,504.0268,877,4,4,4.0,0.0,4,4,4,4.0,0.0,4,4,0,0,0,0,64,64,2259.887,2259.887,1306,1316,1312.0,5.477226,30.0,0,0,0,0,0,0,0,0,1,1640.0,1316.0,1306.0,0,0,0,0,0,0,2,2632,2,2612,-1,-1,1,32,0.0,0.0,0,0,0.0,0.0,0,0,Benign
17,23705,2,2,78,152,39,39,39.0,0.0,76,76,76.0,0.0,9702.59438936933,168.740771989032,7901.6665,13680.026,23698,3,3,3.0,0.0,3,3,4,4.0,0.0,4,4,0,0,0,0,64,64,84.370384,84.370384,39,76,53.8,20.265734,410.7,0,0,0,0,0,0,0,0,1,67.25,39.0,76.0,0,0,0,0,0,0,2,78,2,152,-1,-1,1,32,0.0,0.0,0,0,0.0,0.0,0,0,Benign
6,19,1,1,6,6,6,6,6.0,0.0,6,6,6.0,0.0,631578.947368421,105263.157894737,19.0,0.0,19,19,0,0.0,0.0,0,0,0,0.0,0.0,0,0,0,0,0,0,20,20,52631.58,52631.58,6,6,6.0,0.0,0.0,0,0,0,0,1,1,0,0,1,9.0,6.0,6.0,0,0,0,0,0,0,1,6,1,6,58,256,0,20,0.0,0.0,0,0,0.0,0.0,0,0,Benign
6,65299053,14,15,1044,4184,725,0,74.57143,196.29205,1416,0,278.93332,498.3376,80.0624168316806,0.444110575386139,2332109.0,4207690.5,10236738,33,61584179,4737244.5,5278138.5,10324029,252,65211677,4657977.0,5093121.0,10323908,48,0,0,0,0,456,488,0.2143982,0.22971237,0,1416,174.26666,385.58087,148672.61,0,0,0,1,0,0,0,0,1,180.27586,74.57143,278.93332,0,0,0,0,0,0,14,1044,15,4184,29200,241,3,32,122890.5,86793.81,300056,87170,10141139.0,76869.29,10236738,10000112,Benign
17,30681,1,1,50,162,50,50,50.0,0.0,162,162,162.0,0.0,6909.8138913334,65.1869235031453,30681.0,0.0,30681,30681,0,0.0,0.0,0,0,0,0.0,0.0,0,0,0,0,0,0,20,20,32.59346,32.59346,50,162,87.333336,64.66323,4181.3335,0,0,0,0,0,0,0,0,1,131.0,50.0,162.0,0,0,0,0,0,0,1,50,1,162,-1,-1,0,20,0.0,0.0,0,0,0.0,0.0,0,0,Benign
6,226928,17,13,891,12015,242,0,52.411766,78.23367,2908,0,924.2308,910.8643,56872.6644574491,132.200521751393,7825.1035,17250.055,80994,4,226928,14183.0,23923.945,80994,21,206883,17240.25,30556.293,100786,4,0,0,0,0,372,272,74.91363,57.286892,0,2908,416.32257,726.45917,527742.9,0,0,0,1,0,0,0,0,0,430.2,52.411766,924.2308,0,0,0,0,0,0,17,891,13,12015,29200,32,15,20,0.0,0.0,0,0,0.0,0.0,0,0,Benign
6,53492,2,1,0,0,0,0,0.0,0.0,0,0,0.0,0.0,0.0,56.0831526209527,26746.0,37823.14,53491,1,1,1.0,0.0,1,1,0,0.0,0.0,0,0,0,0,0,0,64,44,37.388767,18.694384,0,0,0.0,0.0,0.0,0,0,0,0,1,1,0,0,0,0.0,0.0,0.0,0,0,0,0,0,0,2,0,1,0,32832,357,0,32,0.0,0.0,0,0,0.0,0.0,0,0,Benign
6,64,1,1,0,0,0,0,0.0,0.0,0,0,0.0,0.0,0.0,31250.0,64.0,0.0,64,64,0,0.0,0.0,0,0,0,0.0,0.0,0,0,0,0,0,0,32,32,15625.0,15625.0,0,0,0.0,0.0,0.0,0,0,0,0,1,1,0,0,1,0.0,0.0,0.0,0,0,0,0,0,0,1,0,1,0,81,296,0,32,0.0,0.0,0,0,0.0,0.0,0,0,Benign
6,4039751,28,38,568,72308,412,0,20.285715,76.777145,4380,0,1902.8422,987.03845,18039.7257157681,16.337640612008,62150.016,490583.8,3956342,3,83292,3084.889,6942.254,20268,176,4019983,108648.19,650148.8,3956342,48,0,0,0,0,572,772,6.9311204,9.40652,0,4380,1087.7015,1196.8463,1432441.1,0,0,0,1,0,0,0,0,1,1104.1818,20.285715,1902.8422,0,0,0,0,0,0,28,568,38,72308,8192,30,27,20,0.0,0.0,0,0,0.0,0.0,0,0,Benign
6,5849895,3,1,12,0,6,0,4.0,3.4641016,0,0,0.0,0.0,2.05131886982587,0.683772956608623,1949965.0,3356720.8,5825948,99,5849895,2924947.5,4102634.2,5825948,23947,0,0.0,0.0,0,0,0,0,0,0,72,32,0.5128297,0.17094325,0,6,2.4,3.2863352,10.8,0,0,0,1,0,0,0,0,0,3.0,4.0,0.0,0,0,0,0,0,0,3,12,1,0,8192,29200,2,20,0.0,0.0,0,0,0.0,0.0,0,0,Benign
6,306453,8,5,1258,393,946,0,157.25,328.10223,256,0,78.6,115.55864,5387.4492989137,42.4208606213677,25537.75,45095.16,100519,3,306453,43779.0,53760.305,102800,3,204072,51018.0,58423.406,102316,223,0,0,0,0,264,168,26.105145,16.315716,0,946,117.92857,254.34424,64690.996,0,0,0,1,0,0,0,0,0,127.0,157.25,78.6,0,0,0,0,0,0,8,1258,5,393,29200,1091,4,32,0.0,0.0,0,0,0.0,0.0,0,0,Benign
6,20778986,2,0,12,0,6,6,6.0,0.0,0,0,0.0,0.0,0.577506525101851,0.096251087516975,20778986.0,0.0,20778986,20778986,20778986,20778986.0,0.0,20778986,20778986,0,0.0,0.0,0,0,0,0,0,0,40,0,0.096251085,0.0,6,6,6.0,0.0,0.0,0,0,0,0,1,0,0,0,0,9.0,6.0,0.0,0,0,0,0,0,0,2,12,0,0,63668,-1,1,20,0.0,0.0,0,0,0.0,0.0,0,0,Benign
6,47900,3,4,443,871,437,0,147.66667,250.58798,859,0,217.75,427.50937,27432.1503131524,146.137787056367,7983.3335,11795.945,23297,4,24153,12076.5,16005.362,23394,759,24603,8201.0,13662.493,23973,4,0,0,0,0,72,92,62.63048,83.50731,0,859,164.25,319.18054,101876.21,0,0,0,1,0,0,0,0,1,187.71428,147.66667,217.75,0,0,0,0,0,0,3,443,4,871,8192,31,2,20,0.0,0.0,0,0,0.0,0.0,0,0,Benign
6,95,1,1,6,6,6,6,6.0,0.0,6,6,6.0,0.0,126315.789473684,21052.6315789474,95.0,0.0,95,95,0,0.0,0.0,0,0,0,0.0,0.0,0,0,0,0,0,0,20,20,10526.315,10526.315,6,6,6.0,0.0,0.0,0,0,0,0,1,1,0,0,1,9.0,6.0,6.0,0,0,0,0,0,0,1,6,1,6,118,252,0,20,0.0,0.0,0,0,0.0,0.0,0,0,Benign
6,35255,1,1,6,6,6,6,6.0,0.0,6,6,6.0,0.0,340.377251453694,56.7295419089491,35255.0,0.0,35255,35255,0,0.0,0.0,0,0,0,0.0,0.0,0,0,0,0,0,0,20,20,28.36477,28.36477,6,6,6.0,0.0,0.0,0,0,0,0,1,1,0,0,1,9.0,6.0,6.0,0,0,0,0,0,0,1,6,1,6,256,132,0,20,0.0,0.0,0,0,0.0,0.0,0,0,Benign
6,188,2,1,37,6,37,0,18.5,26.16295,6,6,6.0,0.0,228723.404255319,15957.4468085106,94.0,46.66905,127,61,188,188.0,0.0,188,188,0,0.0,0.0,0,0,1,0,0,0,64,20,10638.298,5319.149,0,37,20.0,19.782146,391.33334,0,1,0,0,1,0,0,0,0,26.666666,18.5,6.0,0,0,0,0,0,0,2,37,1,6,972,0,0,32,0.0,0.0,0,0,0.0,0.0,0,0,Benign
17,30907,1,1,78,206,78,78,78.0,0.0,206,206,206.0,0.0,9188.85689326043,64.7102598116932,30907.0,0.0,30907,30907,0,0.0,0.0,0,0,0,0.0,0.0,0,0,0,0,0,0,32,20,32.35513,32.35513,78,206,120.666664,73.90083,5461.3335,0,0,0,0,0,0,0,0,1,181.0,78.0,206.0,0,0,0,0,0,0,1,78,1,206,-1,-1,0,32,0.0,0.0,0,0,0.0,0.0,0,0,Benign
6,66,1,1,0,0,0,0,0.0,0.0,0,0,0.0,0.0,0.0,30303.0303030303,66.0,0.0,66,66,0,0.0,0.0,0,0,0,0.0,0.0,0,0,0,0,0,0,32,32,15151.516,15151.516,0,0,0.0,0.0,0.0,0,0,0,0,1,0,0,0,1,0.0,0.0,0.0,0,0,0,0,0,0,1,0,1,0,5980,37648,0,32,0.0,0.0,0,0,0.0,0.0,0,0,Benign
17,37517,1,1,57,138,57,57,57.0,0.0,138,138,138.0,0.0,5197.64373484021,53.3091665111816,37517.0,0.0,37517,37517,0,0.0,0.0,0,0,0,0.0,0.0,0,0,0,0,0,0,20,32,26.654583,26.654583,57,138,84.0,46.765373,2187.0,0,0,0,0,0,0,0,0,1,126.0,57.0,138.0,0,0,0,0,0,0,1,57,1,138,-1,-1,0,20,0.0,0.0,0,0,0.0,0.0,0,0,Benign
6,116607029,22,17,768,3869,418,0,34.909092,98.0767,1711,0,227.58824,525.67065,39.7660418910081,0.334456681852344,3068606.0,4630865.0,10217117,4,116607029,5552715.5,5043012.0,10240013,4,113333760,7083360.0,4782878.0,10240172,266,0,0,0,0,712,552,0.18866788,0.1457888,0,1711,115.925,357.80954,128027.664,0,0,0,1,0,0,0,0,0,118.89744,34.909092,227.58824,0,0,0,0,0,0,22,768,17,3869,29200,972,4,32,122068.27,328544.78,1112668,22880,10181030.0,80065.055,10217117,10013389,Benign
6,23016,1,1,0,0,0,0,0.0,0.0,0,0,0.0,0.0,0.0,86.8960722975322,23016.0,0.0,23016,23016,0,0.0,0.0,0,0,0,0.0,0.0,0,0,0,0,0,0,32,32,43.448036,43.448036,0,0,0.0,0.0,0.0,0,0,0,0,1,1,0,0,1,0.0,0.0,0.0,0,0,0,0,0,0,1,0,1,0,256,939,0,32,0.0,0.0,0,0,0.0,0.0,0,0,Benign
17,31434,2,2,56,374,28,28,28.0,0.0,187,187,187.0,0.0,13679.4553668003,127.250747598142,10478.0,18142.365,31427,3,4,4.0,0.0,4,4,3,3.0,0.0,3,3,0,0,0,0,40,40,63.625374,63.625374,28,187,91.6,87.08788,7584.3,0,0,0,0,0,0,0,0,1,114.5,28.0,187.0,0,0,0,0,0,0,2,56,2,374,-1,-1,1,20,0.0,0.0,0,0,0.0,0.0,0,0,Benign
6,37,1,1,0,0,0,0,0.0,0.0,0,0,0.0,0.0,0.0,54054.0540540541,37.0,0.0,37,37,0,0.0,0.0,0,0,0,0.0,0.0,0,0,0,0,0,0,32,32,27027.027,27027.027,0,0,0.0,0.0,0.0,0,0,0,0,1,0,0,0,1,0.0,0.0,0.0,0,0,0,0,0,0,1,0,1,0,349,65535,0,32,0.0,0.0,0,0,0.0,0.0,0,0,Benign
6,10065334,8,9,625,505,421,0,78.125,147.49474,330,0,56.11111,112.34817,112.266517931745,1.6889653140174,629083.4,2498898.2,9999907,3,65424,9346.286,11336.47,22713,49,10045476,1255684.5,3533232.5,9999962,3,0,0,0,0,268,296,0.7948072,0.8941581,0,421,62.77778,123.546875,15263.83,0,0,0,1,0,0,0,0,1,66.47059,78.125,56.11111,0,0,0,0,0,0,8,625,9,505,65535,31,4,32,65424.0,0.0,65424,65424,9999907.0,0.0,9999907,9999907,Benign
17,204,2,2,92,284,46,46,46.0,0.0,142,142,142.0,0.0,1843137.25490196,19607.8431372549,68.0,76.0,152,4,4,4.0,0.0,4,4,48,48.0,0.0,48,48,0,0,0,0,64,64,9803.922,9803.922,46,142,84.4,52.581364,2764.8,0,0,0,0,0,0,0,0,1,105.5,46.0,142.0,0,0,0,0,0,0,2,92,2,284,-1,-1,1,32,0.0,0.0,0,0,0.0,0.0,0,0,Benign
6,2,1,2,6,37,6,6,6.0,0.0,31,6,18.5,17.67767,21500000.0,1500000.0,1.0,2.828427,3,-1,0,0.0,0.0,0,0,3,3.0,0.0,3,3,0,0,0,0,20,40,500000.0,1000000.0,6,31,12.25,12.5,156.25,1,0,0,0,1,0,0,0,2,16.333334,6.0,18.5,0,0,0,0,0,0,1,6,2,37,0,110,0,20,0.0,0.0,0,0,0.0,0.0,0,0,Benign
6,29,1,1,6,6,6,6,6.0,0.0,6,6,6.0,0.0,413793.103448276,68965.5172413793,29.0,0.0,29,29,0,0.0,0.0,0,0,0,0.0,0.0,0,0,0,0,0,0,20,20,34482.758,34482.758,6,6,6.0,0.0,0.0,0,0,0,0,1,1,0,0,1,9.0,6.0,6.0,0,0,0,0,0,0,1,6,1,6,46720,64240,0,20,0.0,0.0,0,0,0.0,0.0,0,0,Benign
17,32656,2,2,58,188,29,29,29.0,0.0,94,94,94.0,0.0,7533.07202351788,122.488975992161,10885.333,18812.395,32608,1,1,1.0,0.0,1,1,47,47.0,0.0,47,47,0,0,0,0,64,64,61.244488,61.244488,29,94,55.0,35.601967,1267.5,0,0,0,0,0,0,0,0,1,68.75,29.0,94.0,0,0,0,0,0,0,2,58,2,188,-1,-1,1,32,0.0,0.0,0,0,0.0,0.0,0,0,Benign
6,208,2,0,12,0,6,6,6.0,0.0,0,0,0.0,0.0,57692.3076923077,9615.38461538462,208.0,0.0,208,208,208,208.0,0.0,208,208,0,0.0,0.0,0,0,0,0,0,0,40,0,9615.385,0.0,6,6,6.0,0.0,0.0,0,0,0,0,1,0,0,0,0,9.0,6.0,0.0,0,0,0,0,0,0,2,12,0,0,64,-1,1,20,0.0,0.0,0,0,0.0,0.0,0,0,Benign
17,31685,4,2,156,334,39,39,39.0,0.0,167,167,167.0,0.0,15464.7309452422,189.364052390721,6337.0,13485.102,30441,3,30447,10149.0,17573.387,30441,3,3,3.0,0.0,3,3,0,0,0,0,80,40,126.2427,63.12135,39,167,75.57143,62.457603,3900.9524,0,0,0,0,0,0,0,0,0,88.166664,39.0,167.0,0,0,0,0,0,0,4,156,2,334,-1,-1,3,20,0.0,0.0,0,0,0.0,0.0,0,0,Benign
17,235,2,2,68,484,34,34,34.0,0.0,242,242,242.0,0.0,2348936.17021277,17021.2765957447,78.333336,94.23552,184,3,48,48.0,0.0,48,48,3,3.0,0.0,3,3,0,0,0,0,40,40,8510.639,8510.639,34,242,117.2,113.92629,12979.2,0,0,0,0,0,0,0,0,1,146.5,34.0,242.0,0,0,0,0,0,0,2,68,2,484,-1,-1,1,20,0.0,0.0,0,0,0.0,0.0,0,0,Benign
17,36898861,2,2,95,127,55,40,47.5,10.606602,71,56,63.5,10.606602,6.01644587349187,0.108404430153007,12299620.0,21230420.0,36814389,23570,36875291,36875292.0,0.0,36875291,36875291,36837959,36837960.0,0.0,36837959,36837959,0,0,0,0,40,40,0.054202214,0.054202214,40,71,55.4,10.968136,120.3,0,0,0,0,0,0,0,0,1,69.25,47.5,63.5,0,0,0,0,0,0,2,95,2,127,-1,-1,1,20,60902.0,0.0,60902,60902,36814388.0,0.0,36814389,36814389,Benign
6,71972336,13,12,1066,1806,517,0,82.0,149.9033,910,0,150.5,292.12094,39.9042209773489,0.347355683995028,2998847.2,10476659.0,44995420,0,71972336,5997694.5,14511335.0,45059657,0,45183290,4107571.8,13572956.0,45031522,3,0,0,0,0,272,264,0.18062496,0.16673073,0,910,110.46154,223.63385,50012.098,0,0,0,1,0,0,0,0,0,114.88,82.0,150.5,0,0,0,0,0,0,13,1066,12,1806,8192,66,12,20,187757.0,0.0,187757,187757,44995420.0,0.0,44995420,44995420,Benign
17,23819,2,2,60,414,30,30,30.0,0.0,207,207,207.0,0.0,19900.0797682522,167.933162601285,7939.6665,13745.844,23812,3,3,3.0,0.0,3,3,4,4.0,0.0,4,4,0,0,0,0,40,64,83.96658,83.96658,30,207,100.8,96.94689,9398.7,0,0,0,0,0,0,0,0,1,126.0,30.0,207.0,0,0,0,0,0,0,2,60,2,414,-1,-1,1,20,0.0,0.0,0,0,0.0,0.0,0,0,Benign
17,50415,2,2,66,122,33,33,33.0,0.0,61,61,61.0,0.0,3729.04889417832,79.3414658335813,16805.0,29023.975,50319,48,48,48.0,0.0,48,48,48,48.0,0.0,48,48,0,0,0,0,40,40,39.670734,39.670734,33,61,44.2,15.336231,235.2,0,0,0,0,0,0,0,0,1,55.25,33.0,61.0,0,0,0,0,0,0,2,66,2,122,-1,-1,1,20,0.0,0.0,0,0,0.0,0.0,0,0,Benign
6,101685,12,10,533,12989,196,0,44.416668,76.26444,3974,0,1298.9,1323.5566,132979.298814968,216.354427890053,4842.143,7985.532,23814,4,101685,9244.091,11374.616,30038,48,72347,8038.5557,14683.827,41347,4,0,0,0,0,392,328,118.011505,98.34292,0,3974,587.913,1061.207,1126160.2,0,0,0,1,0,0,0,0,0,614.63635,44.416668,1298.9,0,0,0,0,0,0,12,533,10,12989,29200,338,4,32,0.0,0.0,0,0,0.0,0.0,0,0,Benign
6,13932,2,1,12,6,6,6,6.0,0.0,6,6,6.0,0.0,1291.98966408269,215.331610680448,6966.0,9782.115,13883,49,49,49.0,0.0,49,49,0,0.0,0.0,0,0,0,0,0,0,40,20,143.55441,71.77721,6,6,6.0,0.0,0.0,1,0,0,0,0,0,0,0,0,8.0,6.0,6.0,0,0,0,0,0,0,2,12,1,6,0,0,1,20,0.0,0.0,0,0,0.0,0.0,0,0,Benign
17,31048,2,2,52,228,26,26,26.0,0.0,114,114,114.0,0.0,9018.29425405823,128.832775057975,10349.333,17882.285,30998,1,1,1.0,0.0,1,1,49,49.0,0.0,49,49,0,0,0,0,80,64,64.41639,64.41639,26,114,61.2,48.199585,2323.2,0,0,0,0,0,0,0,0,1,76.5,26.0,114.0,0,0,0,0,0,0,2,52,2,228,-1,-1,1,40,0.0,0.0,0,0,0.0,0.0,0,0,Benign
6,117522,7,12,965,23995,965,0,137.85715,364.73572,2896,0,1999.5834,1191.067,212385.766069332,161.671857184187,6529.0,16503.014,51564,33,117365,19560.834,25566.184,53116,193,66483,6043.909,18911.057,63051,190,0,0,0,0,236,392,59.563316,102.10854,0,2896,1248.0,1325.185,1756115.5,0,0,0,1,0,0,0,0,1,1313.6842,137.85715,1999.5834,0,0,0,0,0,0,7,965,12,23995,65535,61,1,32,0.0,0.0,0,0,0.0,0.0,0,0,Benign
17,78699,1,1,62,189,62,62,62.0,0.0,189,189,189.0,0.0,3189.36708217385,25.4132835232976,78699.0,0.0,78699,78699,0,0.0,0.0,0,0,0,0.0,0.0,0,0,0,0,0,0,32,32,12.706642,12.706642,62,189,104.333336,73.32349,5376.3335,0,0,0,0,0,0,0,0,1,156.5,62.0,189.0,0,0,0,0,0,0,1,62,1,189,-1,-1,0,32,0.0,0.0,0,0,0.0,0.0,0,0,Benign
6,115095797,16,14,419,1767,419,0,26.1875,104.75,1767,0,126.21429,472.2506,18.9928742576065,0.260652437204114,3968820.5,4986368.5,10220029,39,115095797,7673053.0,4431501.0,10244001,140,112615771,8662752.0,3838923.0,10244136,1458,0,0,0,0,520,456,0.13901463,0.12163781,0,1767,70.51613,323.71292,104790.055,0,0,0,1,0,0,0,0,0,72.86667,26.1875,126.21429,0,0,0,0,0,0,16,419,14,1767,29200,939,1,32,26647.545,7730.9062,49902,23900,10211136.0,16477.162,10220029,10161639,Benign
6,117439893,43,58,1036,97344,217,0,24.093023,50.617527,4380,0,1678.3448,1044.1885,837.705122909129,0.860014407540375,1174398.9,8207475.5,58348917,1,117439893,2796188.0,12570252.0,58348917,48,117206162,2056248.5,10861868.0,58550150,1,0,0,0,0,872,1172,0.36614475,0.49386966,0,4380,964.5098,1137.8705,1294749.4,0,0,0,1,0,0,0,0,1,974.0594,24.093023,1678.3448,0,0,0,0,0,0,43,1036,58,97344,8192,1013,42,20,264775.0,59477.58,306832,222718,58338336.0,14960.965,58348917,58327759,Benign
6,1907965,20,22,815,36221,396,0,40.75,97.36793,2920,0,1646.409,946.51764,19411.2575440325,22.0129824184406,46535.73,265555.16,1704043,28,1907965,100419.21,388620.94,1704043,93,127271,6060.524,10934.588,32697,49,0,0,0,0,412,452,10.482372,11.53061,0,2920,861.3023,1055.1748,1113393.9,0,0,0,1,0,0,0,0,1,881.8095,40.75,1646.409,0,0,0,0,0,0,20,815,22,36221,8192,980,19,20,0.0,0.0,0,0,0.0,0.0,0,0,Benign
17,30623,1,1,46,62,46,46,46.0,0.0,62,62,62.0,0.0,3526.76093132613,65.3103876171505,30623.0,0.0,30623,30623,0,0.0,0.0,0,0,0,0.0,0.0,0,0,0,0,0,0,32,32,32.655193,32.655193,46,62,51.333332,9.237604,85.333336,0,0,0,0,0,0,0,0,1,77.0,46.0,62.0,0,0,0,0,0,0,1,46,1,62,-1,-1,0,32,0.0,0.0,0,0,0.0,0.0,0,0,Benign
17,401,1,1,99,181,99,99,99.0,0.0,181,181,181.0,0.0,698254.364089776,4987.53117206983,401.0,0.0,401,401,0,0.0,0.0,0,0,0,0.0,0.0,0,0,0,0,0,0,32,32,2493.7656,2493.7656,99,181,126.333336,47.342724,2241.3333,0,0,0,0,0,0,0,0,1,189.5,99.0,181.0,0,0,0,0,0,0,1,99,1,181,-1,-1,0,32,0.0,0.0,0,0,0.0,0.0,0,0,Benign
6,666,3,0,0,0,0,0,0.0,0.0,0,0,0.0,0.0,0.0,4504.50450450451,333.0,466.6905,663,3,666,333.0,466.6905,663,3,0,0.0,0.0,0,0,0,0,0,0,96,0,4504.5044,0.0,0,0,0.0,0.0,0.0,0,0,0,0,1,0,0,0,0,0.0,0.0,0.0,0,0,0,0,0,0,3,0,0,0,33300,-1,0,32,0.0,0.0,0,0,0.0,0.0,0,0,Benign
17,1603299,39,0,1950,0,50,50,50.0,0.0,0,0,0.0,0.0,1216.24226048915,24.3248452097831,42192.08,181412.11,810324,1,1603299,42192.08,181412.11,810324,1,0,0.0,0.0,0,0,0,0,0,0,1092,0,24.324844,0.0,50,50,50.0,0.0,0.0,0,0,0,0,0,0,0,0,0,51.28205,50.0,0.0,0,0,0,0,0,0,39,1950,0,0,-1,-1,38,20,0.0,0.0,0,0,0.0,0.0,0,0,Benign
6,49222,9,6,669,4244,469,0,74.333336,155.30534,1448,0,707.3333,727.54315,99813.0917069603,304.741782129942,3515.8572,6058.777,15294,13,49222,6152.75,7821.7725,16014,49,33866,6773.2,8056.767,15693,48,0,0,0,0,300,200,182.84506,121.89671,0,1448,307.0625,540.531,292173.78,0,0,0,1,0,0,0,0,0,327.53333,74.333336,707.3333,0,0,0,0,0,0,9,669,6,4244,65535,61,4,32,0.0,0.0,0,0,0.0,0.0,0,0,Benign
17,30708,2,2,64,96,32,32,32.0,0.0,48,48,48.0,0.0,5210.36863358083,130.259215839521,10236.0,17723.209,30701,3,4,4.0,0.0,4,4,3,3.0,0.0,3,3,0,0,0,0,80,64,65.12961,65.12961,32,48,38.4,8.763561,76.8,0,0,0,0,0,0,0,0,1,48.0,32.0,48.0,0,0,0,0,0,0,2,64,2,96,-1,-1,1,40,0.0,0.0,0,0,0.0,0.0,0,0,Benign
17,176,2,2,80,232,40,40,40.0,0.0,116,116,116.0,0.0,1772727.27272727,22727.2727272727,58.666668,96.417496,170,3,3,3.0,0.0,3,3,3,3.0,0.0,3,3,0,0,0,0,64,64,11363.637,11363.637,40,116,70.4,41.626915,1732.8,0,0,0,0,0,0,0,0,1,88.0,40.0,116.0,0,0,0,0,0,0,2,80,2,232,-1,-1,1,32,0.0,0.0,0,0,0.0,0.0,0,0,Benign
6,42903,6,4,1262,543,774,0,210.33333,338.16544,543,0,135.75,271.5,42071.6500011654,233.083933524462,4767.0,6748.0996,15260,3,42903,8580.6,11958.928,26585,17,25956,8652.0,8040.9326,15901,3,0,0,0,0,204,136,139.85036,93.233574,0,774,164.09091,289.11673,83588.49,0,0,0,1,0,0,0,0,0,180.5,210.33333,135.75,0,0,0,0,0,0,6,1262,4,543,65535,62,2,32,0.0,0.0,0,0,0.0,0.0,0,0,Benign
17,30340,1,1,46,97,46,46,46.0,0.0,97,97,97.0,0.0,4713.24983520106,65.9195781147001,30340.0,0.0,30340,30340,0,0.0,0.0,0,0,0,0.0,0.0,0,0,0,0,0,0,20,20,32.95979,32.95979,46,97,63.0,29.444864,867.0,0,0,0,0,0,0,0,0,1,94.5,46.0,97.0,0,0,0,0,0,0,1,46,1,97,-1,-1,0,20,0.0,0.0,0,0,0.0,0.0,0,0,Benign
17,203,2,2,72,146,36,36,36.0,0.0,73,73,73.0,0.0,1073891.62561576,19704.4334975369,67.666664,77.39725,153,2,48,48.0,0.0,48,48,2,2.0,0.0,2,2,0,0,0,0,40,40,9852.217,9852.217,36,73,50.8,20.265734,410.7,0,0,0,0,0,0,0,0,1,63.5,36.0,73.0,0,0,0,0,0,0,2,72,2,146,-1,-1,1,20,0.0,0.0,0,0,0.0,0.0,0,0,Benign
17,85052073,2,2,101,213,52,49,50.5,2.1213202,145,68,106.5,54.447224,3.69185592924937,0.047030011837572,28350692.0,48980804.0,84908824,23323,84932147,84932140.0,0.0,84932147,84932147,85028750,85028750.0,0.0,85028750,85028750,0,0,0,0,52,60,0.023515007,0.023515007,49,145,73.2,40.825237,1666.7,0,0,0,0,0,0,0,0,1,91.5,50.5,106.5,0,0,0,0,0,0,2,101,2,213,-1,-1,1,20,23323.0,0.0,23323,23323,84908824.0,0.0,84908824,84908824,Benign
17,181,2,2,46,46,23,23,23.0,0.0,23,23,23.0,0.0,508287.29281768,22099.4475138122,60.333332,65.683586,132,3,3,3.0,0.0,3,3,46,46.0,0.0,46,46,0,0,0,0,40,40,11049.724,11049.724,23,23,23.0,0.0,0.0,0,0,0,0,0,0,0,0,1,28.75,23.0,23.0,0,0,0,0,0,0,2,46,2,46,-1,-1,1,20,0.0,0.0,0,0,0.0,0.0,0,0,Benign
17,56915248,6,6,300,756,52,46,50.0,3.0983868,142,118,126.0,12.393547,18.5539031649304,0.210839808692391,5174113.5,17123244.0,56802581,1,56915018,11383004.0,25390468.0,56802771,1,56883832,11376766.0,25393956.0,56802811,1,0,0,0,0,120,120,0.105419904,0.105419904,46,142,85.23077,40.14589,1611.6923,0,0,0,0,0,0,0,0,1,92.333336,50.0,126.0,0,0,0,0,0,0,6,300,6,756,-1,-1,5,20,112434.0,0.0,112434,112434,56802580.0,0.0,56802581,56802581,Benign
6,115536257,18,15,896,1958,448,0,49.77778,144.87462,979,0,130.53334,344.4766,24.7022023571354,0.285624624311656,3610508.0,4855161.5,10210551,18,115536257,6796250.5,4801663.0,10240034,95,112606187,8043299.0,4300350.5,10240195,3820,0,0,0,0,584,488,0.15579525,0.12982938,0,979,83.94118,250.98122,62991.57,0,0,0,1,0,0,0,0,0,86.48485,49.77778,130.53334,0,0,0,0,0,0,18,896,15,1958,29200,122,2,32,59641.91,99534.62,359750,29443,10177271.0,74567.93,10210551,10002231,Benign
17,249,2,2,64,536,32,32,32.0,0.0,268,268,268.0,0.0,2409638.55421687,16064.2570281125,83.0,138.56407,243,3,3,3.0,0.0,3,3,3,3.0,0.0,3,3,0,0,0,0,64,64,8032.1284,8032.1284,32,268,126.4,129.26253,16708.8,0,0,0,0,0,0,0,0,1,158.0,32.0,268.0,0,0,0,0,0,0,2,64,2,536,-1,-1,1,32,0.0,0.0,0,0,0.0,0.0,0,0,Benign
6,211,2,0,12,0,6,6,6.0,0.0,0,0,0.0,0.0,56872.0379146919,9478.67298578199,211.0,0.0,211,211,211,211.0,0.0,211,211,0,0.0,0.0,0,0,0,0,0,0,40,0,9478.673,0.0,6,6,6.0,0.0,0.0,0,0,0,0,1,0,0,0,0,9.0,6.0,0.0,0,0,0,0,0,0,2,12,0,0,913,-1,1,20,0.0,0.0,0,0,0.0,0.0,0,0,Benign
6,199,1,1,6,6,6,6,6.0,0.0,6,6,6.0,0.0,60301.5075376884,10050.2512562814,199.0,0.0,199,199,0,0.0,0.0,0,0,0,0.0,0.0,0,0,0,0,0,0,20,20,5025.1255,5025.1255,6,6,6.0,0.0,0.0,1,0,0,0,0,0,0,0,1,9.0,6.0,6.0,0,0,0,0,0,0,1,6,1,6,0,0,0,20,0.0,0.0,0,0,0.0,0.0,0,0,Benign
17,201,2,2,94,206,47,47,47.0,0.0,103,103,103.0,0.0,1492537.31343284,19900.4975124378,67.0,112.587746,197,1,1,1.0,0.0,1,1,3,3.0,0.0,3,3,0,0,0,0,64,64,9950.249,9950.249,47,103,69.4,30.672462,940.8,0,0,0,0,0,0,0,0,1,86.75,47.0,103.0,0,0,0,0,0,0,2,94,2,206,-1,-1,1,32,0.0,0.0,0,0,0.0,0.0,0,0,Benign
6,5161,3,1,50,6,38,6,16.666666,18.475208,6,6,6.0,0.0,10850.610346832,775.043596202286,1720.3334,2908.939,5079,3,5161,2580.5,3645.1355,5158,3,0,0.0,0.0,0,0,0,0,0,0,60,20,581.2827,193.7609,6,38,12.4,14.310835,204.8,0,0,0,0,1,0,0,0,0,15.5,16.666666,6.0,0,0,0,0,0,0,3,50,1,6,330,0,2,20,0.0,0.0,0,0,0.0,0.0,0,0,Benign
17,67861009,2,2,93,232,53,40,46.5,9.192389,163,69,116.0,66.46804,4.78920082075408,0.058944010101589,22620336.0,38989604.0,67641618,60602,67702220,67702220.0,0.0,67702220,67702220,67800407,67800410.0,0.0,67800407,67800407,0,0,0,0,52,64,0.029472005,0.029472005,40,163,73.0,51.7059,2673.5,0,0,0,0,0,0,0,0,1,91.25,46.5,116.0,0,0,0,0,0,0,2,93,2,232,-1,-1,1,20,60602.0,0.0,60602,60602,67641620.0,0.0,67641618,67641618,Benign
17,151431,1,1,56,117,56,56,56.0,0.0,117,117,117.0,0.0,1142.43450812581,13.2073353540556,151431.0,0.0,151431,151431,0,0.0,0.0,0,0,0,0.0,0.0,0,0,0,0,0,0,20,20,6.6036677,6.6036677,56,117,76.333336,35.218365,1240.3334,0,0,0,0,0,0,0,0,1,114.5,56.0,117.0,0,0,0,0,0,0,1,56,1,117,-1,-1,0,20,0.0,0.0,0,0,0.0,0.0,0,0,Benign
17,30415,1,1,50,66,50,50,50.0,0.0,66,66,66.0,0.0,3813.90761137597,65.7570277823442,30415.0,0.0,30415,30415,0,0.0,0.0,0,0,0,0.0,0.0,0,0,0,0,0,0,40,32,32.878513,32.878513,50,66,55.333332,9.237604,85.333336,0,0,0,0,0,0,0,0,1,83.0,50.0,66.0,0,0,0,0,0,0,1,50,1,66,-1,-1,0,40,0.0,0.0,0,0,0.0,0.0,0,0,Benign
6,250519,2,0,12,0,6,6,6.0,0.0,0,0,0.0,0.0,47.9005584406772,7.98342640677953,250519.0,0.0,250519,250519,250519,250519.0,0.0,250519,250519,0,0.0,0.0,0,0,0,0,0,0,40,0,7.9834266,0.0,6,6,6.0,0.0,0.0,0,0,0,0,1,0,0,0,0,9.0,6.0,0.0,0,0,0,0,0,0,2,12,0,0,253,-1,1,20,0.0,0.0,0,0,0.0,0.0,0,0,Benign
6,677,1,1,0,0,0,0,0.0,0.0,0,0,0.0,0.0,0.0,2954.20974889217,677.0,0.0,677,677,0,0.0,0.0,0,0,0,0.0,0.0,0,0,0,0,0,0,32,32,1477.1049,1477.1049,0,0,0.0,0.0,0.0,0,0,0,0,1,1,0,0,1,0.0,0.0,0.0,0,0,0,0,0,0,1,0,1,0,8192,33304,0,32,0.0,0.0,0,0,0.0,0.0,0,0,Benign
6,118134600,24,33,931,31594,208,0,38.791668,62.935425,2860,0,957.3939,733.3015,275.321540006061,0.482500469803089,2109546.5,10973562.0,58807103,1,118134600,5136287.0,16888082.0,58807103,4,117885422,3683919.5,14447312.0,59046357,1,0,0,0,0,492,672,0.2031581,0.27934238,0,2860,560.7759,717.49176,514794.38,0,0,0,1,0,0,0,0,1,570.614,38.791668,957.3939,0,0,0,0,0,0,24,931,33,31594,8192,360,23,20,324859.5,120498.77,410065,239654,58617720.0,267825.88,58807103,58428340,Benign
6,60476736,13,16,1184,4310,517,0,91.07692,185.47752,2920,0,269.375,729.12036,90.8448498278743,0.479523233529005,2159883.5,4179163.2,10090770,4,60380537,5031711.5,5229767.5,10115706,230,60451719,4030114.5,5081826.0,10115653,4,0,0,0,0,272,404,0.2149587,0.26456454,0,2920,183.13333,546.13934,298268.2,0,0,0,1,0,0,0,0,1,189.44827,91.07692,269.375,0,0,0,0,0,0,13,1184,16,4310,8192,66,12,20,45358.668,50286.293,148005,24692,10018064.0,35717.527,10090770,10000647,Benign
6,61635787,20,16,1387,8046,567,0,69.35,166.9268,1448,0,502.875,615.788,153.044204659868,0.584076260760652,1761022.5,3856359.8,10253616,8,61635787,3243988.8,4826802.5,10304017,65,61585078,4105671.8,5116708.0,10304155,49,0,0,0,0,648,520,0.32448682,0.25958946,0,1448,254.94595,470.06992,220965.72,0,0,0,1,0,0,0,0,0,262.02777,69.35,502.875,0,0,0,0,0,0,20,1387,16,8046,29200,118,4,32,156832.33,260139.12,687839,50401,10115780.0,150455.58,10253616,9853686,Benign
6,73,1,1,6,6,6,6,6.0,0.0,6,6,6.0,0.0,164383.561643836,27397.2602739726,73.0,0.0,73,73,0,0.0,0.0,0,0,0,0.0,0.0,0,0,0,0,0,0,20,20,13698.63,13698.63,6,6,6.0,0.0,0.0,0,0,0,0,1,0,0,0,1,9.0,6.0,6.0,0,0,0,0,0,0,1,6,1,6,10231,32850,0,20,0.0,0.0,0,0,0.0,0.0,0,0,Benign
6,5407128,6,3,611,143,517,0,101.833336,204.30508,137,0,47.666668,77.42308,139.445561488465,1.66446956683844,675891.0,1825550.5,5193264,3,5407128,1081425.6,2334787.2,5257627,3,191185,95592.5,21544.836,110827,80358,0,0,0,0,132,72,1.1096463,0.55482316,0,517,75.4,160.85756,25875.156,0,0,0,1,0,0,0,0,0,83.77778,101.833336,47.666668,0,0,0,0,0,0,6,611,3,143,8192,11,5,20,213861.0,0.0,213861,213861,5193264.0,0.0,5193264,5193264,Benign
6,189346,12,6,3246,479,1448,0,270.5,552.11896,341,0,79.833336,139.34477,19672.9796246026,95.0640626155293,11138.0,19023.295,44565,3,189346,17213.273,22005.613,46028,3,137370,27474.0,24172.139,46359,611,0,0,0,0,396,200,63.37604,31.68802,0,1448,196.05263,449.46024,202014.5,0,0,0,1,0,0,0,0,0,206.94444,270.5,79.833336,0,0,0,0,0,0,12,3246,6,479,65535,1120,7,32,0.0,0.0,0,0,0.0,0.0,0,0,Benign
17,31253,1,1,57,111,57,57,57.0,0.0,111,111,111.0,0.0,5375.48395354046,63.9938565897674,31253.0,0.0,31253,31253,0,0.0,0.0,0,0,0,0.0,0.0,0,0,0,0,0,0,20,20,31.99693,31.99693,57,111,75.0,31.176914,972.0,0,0,0,0,0,0,0,0,1,112.5,57.0,111.0,0,0,0,0,0,0,1,57,1,111,-1,-1,0,20,0.0,0.0,0,0,0.0,0.0,0,0,Benign
6,71,2,0,0,0,0,0,0.0,0.0,0,0,0.0,0.0,0.0,28169.014084507,71.0,0.0,71,71,71,71.0,0.0,71,71,0,0.0,0.0,0,0,0,0,0,0,64,0,28169.014,0.0,0,0,0.0,0.0,0.0,0,0,0,0,1,0,0,0,0,0.0,0.0,0.0,0,0,0,0,0,0,2,0,0,0,317,-1,0,32,0.0,0.0,0,0,0.0,0.0,0,0,Benign
6,115617903,46,64,2744,66206,517,0,59.652172,149.84203,1418,0,1034.4688,609.1792,596.360928635767,0.951409748367431,1060714.8,3044822.0,10027556,1,115617903,2569286.8,4354824.5,10064000,3,110973111,1761478.0,3841992.2,10063728,2,0,0,0,0,1480,2056,0.39786226,0.5535475,0,1418,621.17114,675.62494,456469.06,0,0,0,1,0,0,0,0,1,626.8182,59.652172,1034.4688,0,0,0,0,0,0,46,2744,64,66206,29200,382,8,32,76532.0,133599.0,479348,36145,10011957.0,6599.174,10027556,9998109,Benign
17,752896,1,1,49,158,49,49,49.0,0.0,158,158,158.0,0.0,274.938371302278,2.65640938456307,752896.0,0.0,752896,752896,0,0.0,0.0,0,0,0,0.0,0.0,0,0,0,0,0,0,32,32,1.3282048,1.3282048,49,158,85.333336,62.93118,3960.3333,0,0,0,0,0,0,0,0,1,128.0,49.0,158.0,0,0,0,0,0,0,1,49,1,158,-1,-1,0,32,0.0,0.0,0,0,0.0,0.0,0,0,Benign
6,116834705,16,14,558,307,474,0,34.875,117.109566,301,0,21.928572,80.338196,7.40362206589215,0.256773019626317,4028783.0,4825208.5,10097598,89,116834705,7788980.5,3996887.5,10150323,52708,112380136,8644626.0,3478426.8,10150339,48461,0,0,0,0,332,424,0.1369456,0.11982741,0,474,27.903225,98.60371,9722.69,0,0,0,1,0,0,0,0,0,28.833334,34.875,21.928572,0,0,0,0,0,0,16,558,14,307,8192,343,15,20,213293.45,532286.0,1818196,52495,10003071.0,40649.8,10097598,9916618,Benign
6,1743464,3,4,427,2279,421,0,142.33333,241.35106,2267,0,569.75,1131.5035,1552.08252077473,4.01499543437662,290577.34,679436.44,1677097,5,1709828,854914.0,1162742.4,1677097,32731,1710785,570261.7,986749.8,1709662,5,0,0,0,0,72,92,1.7207123,2.2942832,0,2267,338.25,792.94507,628761.94,0,0,0,1,0,0,0,0,1,386.57144,142.33333,569.75,0,0,0,0,0,0,3,427,4,2279,8192,237,2,20,0.0,0.0,0,0,0.0,0.0,0,0,Benign
6,52857,1,2,0,0,0,0,0.0,0.0,0,0,0.0,0.0,0.0,56.7569101538112,26428.5,37375.543,52857,0,0,0.0,0.0,0,0,52857,52857.0,0.0,52857,52857,0,0,0,0,32,76,18.91897,37.83794,0,0,0.0,0.0,0.0,0,0,0,0,1,0,0,0,2,0.0,0.0,0.0,0,0,0,0,0,0,1,0,2,0,32832,357,0,32,0.0,0.0,0,0,0.0,0.0,0,0,Benign
17,30855,1,1,95,177,95,95,95.0,0.0,177,177,177.0,0.0,8815.42699724518,64.8193161562146,30855.0,0.0,30855,30855,0,0.0,0.0,0,0,0,0.0,0.0,0,0,0,0,0,0,20,20,32.409657,32.409657,95,177,122.333336,47.342724,2241.3333,0,0,0,0,0,0,0,0,1,183.5,95.0,177.0,0,0,0,0,0,0,1,95,1,177,-1,-1,0,20,0.0,0.0,0,0,0.0,0.0,0,0,Benign
6,889159,10,5,961,783,709,0,96.1,220.82645,645,0,156.6,279.48666,1961.40397836607,16.8698736671394,63511.355,200472.4,758062,48,889159,98795.445,248080.6,758062,48,94159,23539.75,18387.602,39604,452,0,0,0,0,332,168,11.246582,5.623291,0,709,109.0,227.47952,51746.934,0,0,0,1,0,0,0,0,0,116.26667,96.1,156.6,0,0,0,0,0,0,10,961,5,783,65535,351,5,32,0.0,0.0,0,0,0.0,0.0,0,0,Benign
6,19688,1,1,6,6,6,6,6.0,0.0,6,6,6.0,0.0,609.508329947176,101.584721657863,19688.0,0.0,19688,19688,0,0.0,0.0,0,0,0,0.0,0.0,0,0,0,0,0,0,20,20,50.792362,50.792362,6,6,6.0,0.0,0.0,0,0,0,0,1,1,0,0,1,9.0,6.0,6.0,0,0,0,0,0,0,1,6,1,6,264,30,0,20,0.0,0.0,0,0,0.0,0.0,0,0,Benign
17,99733,4,2,148,262,37,37,37.0,0.0,131,131,131.0,0.0,4110.97630673899,60.1606288791072,19946.6,30564.004,69274,3,30455,10151.667,17577.14,30448,3,4,4.0,0.0,4,4,0,0,0,0,80,40,40.107086,20.053543,37,131,63.857143,45.867302,2103.8096,0,0,0,0,0,0,0,0,0,74.5,37.0,131.0,0,0,0,0,0,0,4,148,2,262,-1,-1,3,20,0.0,0.0,0,0,0.0,0.0,0,0,Benign
17,153,2,2,88,200,44,44,44.0,0.0,100,100,100.0,0.0,1882352.94117647,26143.7908496732,51.0,83.138435,147,3,3,3.0,0.0,3,3,3,3.0,0.0,3,3,0,0,0,0,64,64,13071.8955,13071.8955,44,100,66.4,30.672462,940.8,0,0,0,0,0,0,0,0,1,83.0,44.0,100.0,0,0,0,0,0,0,2,88,2,200,-1,-1,1,32,0.0,0.0,0,0,0.0,0.0,0,0,Benign
6,7415112,7,7,1988,2706,1653,0,284.0,609.9336,2517,0,386.57144,941.3285,633.031571202161,1.88803621577125,570393.25,1968540.9,7121030,80,7415112,1235852.0,2883790.8,7121030,151,234826,39137.668,44981.87,110718,250,0,0,0,0,152,148,0.9440181,0.9440181,0,2517,312.93332,741.16003,549318.2,0,0,0,1,0,0,0,0,1,335.2857,284.0,386.57144,0,0,0,0,0,0,7,1988,7,2706,8192,6350,6,20,0.0,0.0,0,0,0.0,0.0,0,0,Benign
17,218,2,2,76,172,38,38,38.0,0.0,86,86,86.0,0.0,1137614.67889908,18348.623853211,72.666664,43.59281,123,47,47,47.0,0.0,47,47,48,48.0,0.0,48,48,0,0,0,0,40,40,9174.312,9174.312,38,86,57.2,26.290682,691.2,0,0,0,0,0,0,0,0,1,71.5,38.0,86.0,0,0,0,0,0,0,2,76,2,172,-1,-1,1,20,0.0,0.0,0,0,0.0,0.0,0,0,Benign
6,131551,16,14,833,13304,357,0,52.0625,107.19233,1661,0,950.2857,696.0456,107464.025358986,228.048437488122,4536.241,9746.537,34057,1,131551,8770.066,12422.744,34145,1,102344,7872.615,15636.062,48586,1,0,0,0,0,524,456,121.62583,106.42261,0,1661,456.03226,650.88727,423654.22,0,0,0,1,0,0,0,0,0,471.23334,52.0625,950.2857,0,0,0,0,0,0,16,833,14,13304,65535,972,6,32,0.0,0.0,0,0,0.0,0.0,0,0,Benign
6,91,1,1,0,0,0,0,0.0,0.0,0,0,0.0,0.0,0.0,21978.021978022,91.0,0.0,91,91,0,0.0,0.0,0,0,0,0.0,0.0,0,0,0,0,0,0,32,32,10989.011,10989.011,0,0,0.0,0.0,0.0,0,0,0,0,1,1,0,0,1,0.0,0.0,0.0,0,0,0,0,0,0,1,0,1,0,35,33304,0,32,0.0,0.0,0,0,0.0,0.0,0,0,Benign
17,184,2,2,80,274,40,40,40.0,0.0,137,137,137.0,0.0,1923913.04347826,21739.1304347826,61.333332,99.304245,176,4,4,4.0,0.0,4,4,4,4.0,0.0,4,4,0,0,0,0,64,80,10869.565,10869.565,40,137,78.8,53.12909,2822.7,0,0,0,0,0,0,0,0,1,98.5,40.0,137.0,0,0,0,0,0,0,2,80,2,274,-1,-1,1,32,0.0,0.0,0,0,0.0,0.0,0,0,Benign
17,30515,1,1,56,72,56,56,56.0,0.0,72,72,72.0,0.0,4194.65836473865,65.5415369490415,30515.0,0.0,30515,30515,0,0.0,0.0,0,0,0,0.0,0.0,0,0,0,0,0,0,32,44,32.770767,32.770767,56,72,61.333332,9.237604,85.333336,0,0,0,0,0,0,0,0,1,92.0,56.0,72.0,0,0,0,0,0,0,1,56,1,72,-1,-1,0,32,0.0,0.0,0,0,0.0,0.0,0,0,Benign
17,135,2,2,90,122,45,45,45.0,0.0,61,61,61.0,0.0,1570370.37037037,29629.6296296296,45.0,72.74613,129,3,3,3.0,0.0,3,3,3,3.0,0.0,3,3,0,0,0,0,64,64,14814.814,14814.814,45,61,51.4,8.763561,76.8,0,0,0,0,0,0,0,0,1,64.25,45.0,61.0,0,0,0,0,0,0,2,90,2,122,-1,-1,1,32,0.0,0.0,0,0,0.0,0.0,0,0,Benign
17,16579,1,1,48,48,48,48,48.0,0.0,48,48,48.0,0.0,5790.45780807045,120.634537668134,16579.0,0.0,16579,16579,0,0.0,0.0,0,0,0,0.0,0.0,0,0,0,0,0,0,32,32,60.31727,60.31727,48,48,48.0,0.0,0.0,0,0,0,0,0,0,0,0,1,72.0,48.0,48.0,0,0,0,0,0,0,1,48,1,48,-1,-1,0,32,0.0,0.0,0,0,0.0,0.0,0,0,Benign
6,654259,10,5,1124,479,885,0,112.4,275.1869,341,0,95.8,149.52992,2450.10003683556,22.9267002823041,46732.785,122153.09,466683,3,654259,72695.445,149437.95,466683,3,568283,142070.75,241424.38,503450,712,0,0,0,0,332,168,15.284467,7.6422334,0,885,100.1875,228.41664,52174.164,0,0,0,1,0,0,0,0,0,106.86667,112.4,95.8,0,0,0,0,0,0,10,1124,5,479,65535,362,5,32,0.0,0.0,0,0,0.0,0.0,0,0,Benign
6,83,1,1,0,0,0,0,0.0,0.0,0,0,0.0,0.0,0.0,24096.3855421687,83.0,0.0,83,83,0,0.0,0.0,0,0,0,0.0,0.0,0,0,0,0,0,0,32,32,12048.192,12048.192,0,0,0.0,0.0,0.0,0,0,0,0,1,1,0,0,1,0.0,0.0,0.0,0,0,0,0,0,0,1,0,1,0,3,229,0,32,0.0,0.0,0,0,0.0,0.0,0,0,Benign
6,481458,10,6,720,1151,469,0,72.0,147.70842,1013,0,191.83333,406.05734,3886.11259964524,33.2323899488637,32097.2,47667.938,154813,4,481458,53495.332,91794.8,278532,4,388317,77663.4,56711.875,154813,233,0,0,0,0,332,200,20.770245,12.462146,0,1013,110.05882,260.70734,67968.31,0,0,0,1,0,0,0,0,0,116.9375,72.0,191.83333,0,0,0,0,0,0,10,720,6,1151,65535,65,5,32,0.0,0.0,0,0,0.0,0.0,0,0,Benign
17,205,2,2,104,220,52,52,52.0,0.0,110,110,110.0,0.0,1580487.80487805,19512.1951219512,68.333336,77.52634,154,3,3,3.0,0.0,3,3,48,48.0,0.0,48,48,0,0,0,0,80,80,9756.098,9756.098,52,110,75.2,31.767908,1009.2,0,0,0,0,0,0,0,0,1,94.0,52.0,110.0,0,0,0,0,0,0,2,104,2,220,-1,-1,1,40,0.0,0.0,0,0,0.0,0.0,0,0,Benign
17,30897,2,2,110,216,55,55,55.0,0.0,108,108,108.0,0.0,10551.1861993074,129.462407353465,10299.0,17833.195,30891,3,3,3.0,0.0,3,3,3,3.0,0.0,3,3,0,0,0,0,40,40,64.7312,64.7312,55,108,76.2,29.029295,842.7,0,0,0,0,0,0,0,0,1,95.25,55.0,108.0,0,0,0,0,0,0,2,110,2,216,-1,-1,1,20,0.0,0.0,0,0,0.0,0.0,0,0,Benign
6,116730854,217,307,23328,390205,517,0,107.502304,171.82404,3479,0,1271.026,799.3285,3542.6195031521,4.48895884887469,223194.75,1437683.0,10024728,1,116707612,540313.0,2206635.0,10047914,4,116707427,381396.8,1869929.5,10049178,1,0,0,0,0,6964,9832,1.8589772,2.6299815,0,3479,787.6819,845.5367,714932.3,0,0,0,1,0,0,0,0,1,789.1851,107.502304,1271.026,0,0,0,0,0,0,217,23328,307,390205,29200,2949,62,32,589810.4,1878133.2,6252595,23181,10019973.0,14615.571,10024728,9975927,Benign
6,68,1,1,0,0,0,0,0.0,0.0,0,0,0.0,0.0,0.0,29411.7647058824,68.0,0.0,68,68,0,0.0,0.0,0,0,0,0.0,0.0,0,0,0,0,0,0,32,32,14705.883,14705.883,0,0,0.0,0.0,0.0,0,0,0,0,1,0,0,0,1,0.0,0.0,0.0,0,0,0,0,0,0,1,0,1,0,114,33304,0,32,0.0,0.0,0,0,0.0,0.0,0,0,Benign
6,488884,12,8,590,5044,194,0,49.166668,70.27845,1722,0,630.5,767.5903,11524.2061511524,40.909500004091,25730.736,79084.17,349037,7,488884,44444.0,102532.57,349037,16,108932,15561.714,19332.494,41950,50,0,0,0,0,272,172,24.5457,16.3638,0,1722,268.2857,542.0527,293821.12,0,0,0,1,0,0,0,0,0,281.7,49.166668,630.5,0,0,0,0,0,0,12,590,8,5044,29200,30,10,20,0.0,0.0,0,0,0.0,0.0,0,0,Benign
17,63804,2,2,92,348,46,46,46.0,0.0,174,174,174.0,0.0,6896.11936555702,62.6919942323365,21268.0,36831.195,63797,3,3,3.0,0.0,3,3,4,4.0,0.0,4,4,0,0,0,0,40,40,31.345997,31.345997,46,174,97.2,70.10849,4915.2,0,0,0,0,0,0,0,0,1,121.5,46.0,174.0,0,0,0,0,0,0,2,92,2,348,-1,-1,1,20,0.0,0.0,0,0,0.0,0.0,0,0,Benign
17,31032,2,2,68,422,34,34,34.0,0.0,211,211,211.0,0.0,15790.152101057,128.899200824955,10344.0,17910.271,31025,3,4,4.0,0.0,4,4,3,3.0,0.0,3,3,0,0,0,0,40,64,64.4496,64.4496,34,211,104.8,96.94689,9398.7,0,0,0,0,0,0,0,0,1,131.0,34.0,211.0,0,0,0,0,0,0,2,68,2,422,-1,-1,1,20,0.0,0.0,0,0,0.0,0.0,0,0,Benign
17,256096,2,2,62,146,31,31,31.0,0.0,73,73,73.0,0.0,812.195426714982,15.619142821442,85365.336,147852.77,256091,2,2,2.0,0.0,2,2,3,3.0,0.0,3,3,0,0,0,0,64,64,7.8095713,7.8095713,31,73,47.8,23.004347,529.2,0,0,0,0,0,0,0,0,1,59.75,31.0,73.0,0,0,0,0,0,0,2,62,2,146,-1,-1,1,32,0.0,0.0,0,0,0.0,0.0,0,0,Benign
17,195,2,2,62,94,31,31,31.0,0.0,47,47,47.0,0.0,800000.0,20512.8205128205,65.0,107.39181,189,2,2,2.0,0.0,2,2,4,4.0,0.0,4,4,0,0,0,0,64,64,10256.41,10256.41,31,47,37.4,8.763561,76.8,0,0,0,0,0,0,0,0,1,46.75,31.0,47.0,0,0,0,0,0,0,2,62,2,94,-1,-1,1,32,0.0,0.0,0,0,0.0,0.0,0,0,Benign
17,59670,1,1,49,150,49,49,49.0,0.0,150,150,150.0,0.0,3335.00921736216,33.5176805765041,59670.0,0.0,59670,59670,0,0.0,0.0,0,0,0,0.0,0.0,0,0,0,0,0,0,32,20,16.75884,16.75884,49,150,82.666664,58.312378,3400.3333,0,0,0,0,0,0,0,0,1,124.0,49.0,150.0,0,0,0,0,0,0,1,49,1,150,-1,-1,0,32,0.0,0.0,0,0,0.0,0.0,0,0,Benign
6,2094597,8,7,846,436,645,0,105.75,223.46924,261,0,62.285713,101.14134,612.050910031858,7.16128209865669,149614.08,518140.78,1948808,3,145786,20826.572,26029.256,58947,4,2052171,342028.5,787511.6,1949046,3,0,0,0,0,268,232,3.8193505,3.3419316,0,645,80.125,168.29494,28323.184,0,0,0,1,0,0,0,0,0,85.46667,105.75,62.285713,0,0,0,0,0,0,8,846,7,436,65535,66,4,32,0.0,0.0,0,0,0.0,0.0,0,0,Benign
6,79890,7,9,538,4394,214,0,76.85714,93.835724,1460,0,488.22223,650.43964,61734.8854675178,200.275378645638,5326.0,9138.138,23328,3,78712,13118.667,11816.338,25867,1090,56562,7070.25,11988.887,28468,3,0,0,0,0,152,192,87.620476,112.6549,0,1460,290.11765,511.92905,262071.36,0,0,0,1,0,0,0,0,1,308.25,76.85714,488.22223,0,0,0,0,0,0,7,538,9,4394,8192,290,6,20,0.0,0.0,0,0,0.0,0.0,0,0,Benign
17,48453,2,2,86,196,43,43,43.0,0.0,98,98,98.0,0.0,5820.07306049161,82.5542278083916,16151.0,27969.156,48447,3,3,3.0,0.0,3,3,3,3.0,0.0,3,3,0,0,0,0,40,40,41.277115,41.277115,43,98,65.0,30.12474,907.5,0,0,0,0,0,0,0,0,1,81.25,43.0,98.0,0,0,0,0,0,0,2,86,2,196,-1,-1,1,20,0.0,0.0,0,0,0.0,0.0,0,0,Benign
6,214,1,2,0,0,0,0,0.0,0.0,0,0,0.0,0.0,0.0,14018.691588785,107.0,149.90663,213,1,0,0.0,0.0,0,0,1,1.0,0.0,1,1,0,0,0,0,32,64,4672.897,9345.794,0,0,0.0,0.0,0.0,0,0,0,0,1,1,0,0,2,0.0,0.0,0.0,0,0,0,0,0,0,1,0,2,0,395,229,0,32,0.0,0.0,0,0,0.0,0.0,0,0,Benign
17,27956917,2,2,101,145,53,48,50.5,3.535534,81,64,72.5,12.020815,8.79925350853243,0.143077292821666,9318972.0,16088005.0,27895800,30471,27926271,27926272.0,0.0,27926271,27926271,27926446,27926446.0,0.0,27926446,27926446,0,0,0,0,64,52,0.07153865,0.07153865,48,81,58.8,14.024978,196.7,0,0,0,0,0,0,0,0,1,73.5,50.5,72.5,0,0,0,0,0,0,2,101,2,145,-1,-1,1,32,30471.0,0.0,30471,30471,27895800.0,0.0,27895800,27895800,Benign
17,30468,1,1,76,158,76,76,76.0,0.0,158,158,158.0,0.0,7680.18905080741,65.6426414598923,30468.0,0.0,30468,30468,0,0.0,0.0,0,0,0,0.0,0.0,0,0,0,0,0,0,20,20,32.82132,32.82132,76,158,103.333336,47.342724,2241.3333,0,0,0,0,0,0,0,0,1,155.0,76.0,158.0,0,0,0,0,0,0,1,76,1,158,-1,-1,0,20,0.0,0.0,0,0,0.0,0.0,0,0,Benign
6,59,1,1,0,0,0,0,0.0,0.0,0,0,0.0,0.0,0.0,33898.3050847458,59.0,0.0,59,59,0,0.0,0.0,0,0,0,0.0,0.0,0,0,0,0,0,0,32,32,16949.152,16949.152,0,0,0.0,0.0,0.0,0,0,0,0,1,1,0,0,1,0.0,0.0,0.0,0,0,0,0,0,0,1,0,1,0,357,264,0,32,0.0,0.0,0,0,0.0,0.0,0,0,Benign
17,30758,1,1,50,78,50,50,50.0,0.0,78,78,78.0,0.0,4161.51895441836,65.0237336627869,30758.0,0.0,30758,30758,0,0.0,0.0,0,0,0,0.0,0.0,0,0,0,0,0,0,32,20,32.511868,32.511868,50,78,59.333332,16.165808,261.33334,0,0,0,0,0,0,0,0,1,89.0,50.0,78.0,0,0,0,0,0,0,1,50,1,78,-1,-1,0,32,0.0,0.0,0,0,0.0,0.0,0,0,Benign
6,4592331,2,0,12,0,6,6,6.0,0.0,0,0,0.0,0.0,2.61305206440912,0.43550867740152,4592331.0,0.0,4592331,4592331,4592331,4592331.0,0.0,4592331,4592331,0,0.0,0.0,0,0,0,0,0,0,40,0,0.43550867,0.0,6,6,6.0,0.0,0.0,0,0,0,0,1,0,0,0,0,9.0,6.0,0.0,0,0,0,0,0,0,2,12,0,0,251,-1,1,20,0.0,0.0,0,0,0.0,0.0,0,0,Benign
17,60627,1,1,42,106,42,42,42.0,0.0,106,106,106.0,0.0,2441.15658040147,32.9886024378577,60627.0,0.0,60627,60627,0,0.0,0.0,0,0,0,0.0,0.0,0,0,0,0,0,0,20,32,16.4943,16.4943,42,106,63.333332,36.950417,1365.3334,0,0,0,0,0,0,0,0,1,95.0,42.0,106.0,0,0,0,0,0,0,1,42,1,106,-1,-1,0,20,0.0,0.0,0,0,0.0,0.0,0,0,Benign
6,115386178,33,42,712,39761,328,0,21.575758,69.80062,1649,0,946.6905,668.592,350.761249757315,0.649991197385878,1559272.6,3596104.0,10015260,2,115386178,3605818.0,4804521.0,10051878,4,110694991,2699877.8,4504201.0,10051898,2,0,0,0,0,1064,1352,0.28599614,0.36399508,0,1649,532.5395,679.0855,461157.12,0,0,0,1,0,0,0,0,1,539.64,21.575758,946.6905,0,0,0,0,0,0,33,712,42,39761,29200,357,4,32,52906.0,53665.72,214714,36617,10010309.0,4408.6963,10015260,9997543,Benign
17,32293,2,2,74,266,37,37,37.0,0.0,133,133,133.0,0.0,10528.5975288762,123.865853280897,10764.333,18600.219,32242,3,48,48.0,0.0,48,48,3,3.0,0.0,3,3,0,0,0,0,40,40,61.932926,61.932926,37,133,75.4,52.581364,2764.8,0,0,0,0,0,0,0,0,1,94.25,37.0,133.0,0,0,0,0,0,0,2,74,2,266,-1,-1,1,20,0.0,0.0,0,0,0.0,0.0,0,0,Benign
6,163,3,1,18,0,6,6,6.0,0.0,0,0,0.0,0.0,110429.447852761,24539.8773006135,54.333332,63.256092,125,3,163,81.5,111.01576,160,3,0,0.0,0.0,0,0,0,0,0,0,60,32,18404.908,6134.969,0,6,4.8,2.6832817,7.2,1,0,0,0,0,0,0,0,0,6.0,6.0,0.0,0,0,0,0,0,0,3,18,1,0,0,972,2,20,0.0,0.0,0,0,0.0,0.0,0,0,Benign
17,72633,1,1,56,117,56,56,56.0,0.0,117,117,117.0,0.0,2381.83745680338,27.5356931422356,72633.0,0.0,72633,72633,0,0.0,0.0,0,0,0,0.0,0.0,0,0,0,0,0,0,20,32,13.767846,13.767846,56,117,76.333336,35.218365,1240.3334,0,0,0,0,0,0,0,0,1,114.5,56.0,117.0,0,0,0,0,0,0,1,56,1,117,-1,-1,0,20,0.0,0.0,0,0,0.0,0.0,0,0,Benign
17,8482821,2,2,113,216,58,55,56.5,2.1213202,145,71,108.0,52.3259,38.7842676392676,0.471541247893832,2827607.0,4836342.0,8412118,23788,8459033,8459033.0,0.0,8459033,8459033,8435906,8435906.0,0.0,8435906,8435906,0,0,0,0,40,64,0.23577063,0.23577063,55,145,76.8,38.69367,1497.2,0,0,0,0,0,0,0,0,1,96.0,56.5,108.0,0,0,0,0,0,0,2,113,2,216,-1,-1,1,20,46915.0,0.0,46915,46915,8412118.0,0.0,8412118,8412118,Benign
6,116351794,21,18,1176,5765,565,0,56.0,146.61343,1958,0,320.27777,625.7201,59.6552898874941,0.335190362427931,3061889.2,4552792.0,10027208,4,116351794,5817589.5,4977833.5,10144031,4,111890764,6581809.5,4965341.5,10144200,50,0,0,0,0,680,584,0.18048711,0.15470324,0,1958,173.525,447.03198,199837.6,0,0,0,1,0,0,0,0,0,177.97437,56.0,320.27777,0,0,0,0,0,0,21,1176,18,5765,29200,2015,4,32,153290.36,120159.58,515585,116809,10018689.0,20744.537,10027208,9960025,Benign
6,30378840,21,18,1756,8655,469,0,83.61905,157.20734,1557,0,480.83334,682.5159,342.705646430213,1.28378832108138,799443.2,4853110.0,29928511,0,30378840,1518942.0,6686960.0,29928511,1,417334,24549.059,34111.043,106861,0,0,0,0,0,684,588,0.69127065,0.5925177,0,1557,260.275,506.67554,256720.11,0,0,0,1,0,0,0,0,0,266.94873,83.61905,480.83334,0,0,0,0,0,0,21,1756,18,8655,65535,762,8,32,450221.0,0.0,450221,450221,29928512.0,0.0,29928511,29928511,Benign
17,113976922,267,0,20447,0,153,37,76.58052,44.140625,0,0,0.0,0.0,179.395965790338,2.34257949166236,428484.66,3701805.2,48523116,0,113976922,428484.66,3701805.2,48523116,0,0,0.0,0.0,0,0,0,0,0,0,5078,0,2.3425796,0.0,37,153,76.649254,44.07225,1942.3634,0,0,0,0,0,0,0,0,0,76.93633,76.58052,0.0,0,0,0,0,0,0,267,20447,0,0,-1,-1,266,0,2745981.5,5491934.5,10983883,14,25498178.0,18833046.0,48523116,5463561,Benign
6,51,1,1,0,0,0,0,0.0,0.0,0,0,0.0,0.0,0.0,39215.6862745098,51.0,0.0,51,51,0,0.0,0.0,0,0,0,0.0,0.0,0,0,0,0,0,0,32,32,19607.844,19607.844,0,0,0.0,0.0,0.0,0,0,0,0,1,1,0,0,1,0.0,0.0,0.0,0,0,0,0,0,0,1,0,1,0,383,516,0,32,0.0,0.0,0,0,0.0,0.0,0,0,Benign
17,189416,1,1,47,303,47,47,47.0,0.0,303,303,303.0,0.0,1847.78477002999,10.5587701144571,189416.0,0.0,189416,189416,0,0.0,0.0,0,0,0,0.0,0.0,0,0,0,0,0,0,32,32,5.279385,5.279385,47,303,132.33333,147.80167,21845.334,0,0,0,0,0,0,0,0,1,198.5,47.0,303.0,0,0,0,0,0,0,1,47,1,303,-1,-1,0,32,0.0,0.0,0,0,0.0,0.0,0,0,Benign
6,7321,2,0,12,0,6,6,6.0,0.0,0,0,0.0,0.0,1639.12033875154,273.186723125256,7321.0,0.0,7321,7321,7321,7321.0,0.0,7321,7321,0,0.0,0.0,0,0,0,0,0,0,40,0,273.18674,0.0,6,6,6.0,0.0,0.0,0,0,0,0,1,0,0,0,0,9.0,6.0,0.0,0,0,0,0,0,0,2,12,0,0,64240,-1,1,20,0.0,0.0,0,0,0.0,0.0,0,0,Benign
6,68561,5,3,407,343,407,0,81.4,182.01593,343,0,114.333336,198.03114,10939.163664474,116.684412421056,9794.429,14575.032,31134,21,68561,17140.25,17497.875,33310,451,36924,18462.0,22846.62,34617,2307,0,0,0,0,172,104,72.92776,43.756653,0,407,83.333336,166.13173,27599.75,0,0,0,1,0,0,0,0,0,93.75,81.4,114.333336,0,0,0,0,0,0,5,407,3,343,65535,118,1,32,0.0,0.0,0,0,0.0,0.0,0,0,Benign
17,237,2,2,104,220,52,52,52.0,0.0,110,110,110.0,0.0,1367088.60759494,16877.6371308017,79.0,53.702885,141,47,47,47.0,0.0,47,47,49,49.0,0.0,49,49,0,0,0,0,80,80,8438.818,8438.818,52,110,75.2,31.767908,1009.2,0,0,0,0,0,0,0,0,1,94.0,52.0,110.0,0,0,0,0,0,0,2,104,2,220,-1,-1,1,40,0.0,0.0,0,0,0.0,0.0,0,0,Benign
6,76767530,19,15,1628,4942,581,0,85.68421,185.2422,1400,0,329.46667,512.85,85.5830583581366,0.44289558358853,2326288.8,4179833.2,10207505,1,73150082,4063893.5,5038167.0,10240008,1,76735086,5481077.5,4975569.5,10240131,1,0,0,0,0,616,484,0.24750048,0.19539511,0,1400,187.71428,377.07507,142185.62,0,0,0,1,0,0,0,0,0,193.23529,85.68421,329.46667,0,0,0,0,0,0,19,1628,15,4942,29200,31856,4,32,281014.28,657344.3,1771731,32432,10168997.0,77251.266,10207505,10002318,Benign
6,60436518,13,12,984,3434,596,0,75.69231,168.37428,1615,2,286.16666,589.14667,73.1014980048983,0.413657186537451,2518188.2,4385013.0,9995788,52,60436518,5036376.5,5209191.5,10080588,198,60351563,5486505.5,5213294.0,10080521,217,0,0,0,0,272,244,0.21510173,0.19855545,0,1615,169.92308,422.59616,178587.52,0,0,0,1,0,0,0,0,0,176.72,75.69231,286.16666,0,0,0,0,0,0,13,984,12,3434,8192,30992,12,20,119998.0,86460.66,296485,84558,9952732.0,95695.37,9995788,9757498,Benign
17,1107651,1,1,63,121,63,63,63.0,0.0,121,121,121.0,0.0,166.11730590231,1.8056228902425,1107651.0,0.0,1107651,1107651,0,0.0,0.0,0,0,0,0.0,0.0,0,0,0,0,0,0,32,32,0.90281147,0.90281147,63,121,82.333336,33.486317,1121.3334,0,0,0,0,0,0,0,0,1,123.5,63.0,121.0,0,0,0,0,0,0,1,63,1,121,-1,-1,0,32,0.0,0.0,0,0,0.0,0.0,0,0,Benign
6,189756,10,8,557,4159,200,0,55.7,72.582596,1430,0,519.875,633.5398,24852.9690760766,94.8586605957124,11162.117,18769.447,48819,1,189756,21084.0,22178.512,50255,3,117218,16745.428,28493.936,66470,1,0,0,0,0,212,172,52.699257,42.159405,0,1430,248.21053,464.25848,215535.95,0,0,0,1,0,0,0,0,0,262.0,55.7,519.875,0,0,0,0,0,0,10,557,8,4159,8192,172,9,20,0.0,0.0,0,0,0.0,0.0,0,0,Benign
6,92,2,1,37,6,37,0,18.5,26.16295,6,6,6.0,0.0,467391.304347826,32608.6956521739,46.0,1.4142135,47,45,92,92.0,0.0,92,92,0,0.0,0.0,0,0,1,0,0,0,64,20,21739.13,10869.565,0,37,20.0,19.782146,391.33334,0,1,0,0,1,0,0,0,0,26.666666,18.5,6.0,0,0,0,0,0,0,2,37,1,6,116,0,0,32,0.0,0.0,0,0,0.0,0.0,0,0,Benign
6,191455,10,6,1489,399,1237,0,148.9,385.43005,261,0,66.5,110.119484,9861.3251155624,83.5705518268,12763.667,16395.465,41733,48,191455,21272.777,33491.152,95827,48,147499,29499.8,12464.643,41733,13331,0,0,0,0,332,200,52.231594,31.338957,0,1237,111.05882,299.60443,89762.81,0,0,0,1,0,0,0,0,0,118.0,148.9,66.5,0,0,0,0,0,0,10,1489,6,399,65535,362,5,32,0.0,0.0,0,0,0.0,0.0,0,0,Benign
6,111368,1,2,0,0,0,0,0.0,0.0,0,0,0.0,0.0,0.0,26.9377199913799,55684.0,14184.5625,65714,45654,0,0.0,0.0,0,0,45654,45654.0,0.0,45654,45654,0,0,0,0,32,64,8.97924,17.95848,0,0,0.0,0.0,0.0,0,0,0,0,1,1,0,0,2,0.0,0.0,0.0,0,0,0,0,0,0,1,0,2,0,237,249,0,32,0.0,0.0,0,0,0.0,0.0,0,0,Benign
17,23920,2,2,82,342,41,41,41.0,0.0,171,171,171.0,0.0,17725.7525083612,167.224080267559,7973.3335,13803.29,23912,4,4,4.0,0.0,4,4,4,4.0,0.0,4,4,0,0,0,0,64,64,83.61204,83.61204,41,171,93.0,71.20393,5070.0,0,0,0,0,0,0,0,0,1,116.25,41.0,171.0,0,0,0,0,0,0,2,82,2,342,-1,-1,1,32,0.0,0.0,0,0,0.0,0.0,0,0,Benign
17,159,2,2,90,122,45,45,45.0,0.0,61,61,61.0,0.0,1333333.33333333,25157.2327044025,53.0,53.25411,109,3,3,3.0,0.0,3,3,47,47.0,0.0,47,47,0,0,0,0,64,64,12578.616,12578.616,45,61,51.4,8.763561,76.8,0,0,0,0,0,0,0,0,1,64.25,45.0,61.0,0,0,0,0,0,0,2,90,2,122,-1,-1,1,32,0.0,0.0,0,0,0.0,0.0,0,0,Benign
6,18921,3,1,43,6,31,6,14.333333,14.433757,6,6,6.0,0.0,2589.71513133555,211.405316843719,6307.0,10891.1455,18883,4,18887,9443.5,13349.469,18883,4,0,0.0,0.0,0,0,0,0,0,0,60,20,158.55399,52.85133,6,31,11.0,11.18034,125.0,0,0,0,0,1,0,0,0,0,13.75,14.333333,6.0,0,0,0,0,0,0,3,43,1,6,980,0,2,20,0.0,0.0,0,0,0.0,0.0,0,0,Benign
6,115465188,15,12,699,596,668,0,46.6,172.09042,596,0,49.666668,172.05038,11.2155015934326,0.233836712758827,4440969.0,4954962.5,10023568,4,115465188,8247513.5,3740520.2,10048026,4,110539864,10049079.0,3584.8457,10059882,10047790,1,0,0,0,480,384,0.12990929,0.103927426,0,668,70.10714,202.8505,41148.32,0,1,0,0,1,0,0,0,0,72.703705,46.6,49.666668,0,0,0,0,0,0,15,699,12,596,736,446,1,32,37840.0,5111.084,53249,36205,10012782.0,3578.1372,10023568,10011550,Benign
17,48095,1,1,36,52,36,36,36.0,0.0,52,52,52.0,0.0,1829.71202827737,41.5843642790311,48095.0,0.0,48095,48095,0,0.0,0.0,0,0,0,0.0,0.0,0,0,0,0,0,0,32,20,20.792183,20.792183,36,52,41.333332,9.237604,85.333336,0,0,0,0,0,0,0,0,1,62.0,36.0,52.0,0,0,0,0,0,0,1,36,1,52,-1,-1,0,32,0.0,0.0,0,0,0.0,0.0,0,0,Benign
17,90775,2,2,66,244,33,33,33.0,0.0,122,122,122.0,0.0,3415.03717984026,44.0649958689066,30258.334,52403.773,90769,3,3,3.0,0.0,3,3,3,3.0,0.0,3,3,0,0,0,0,40,40,22.032497,22.032497,33,122,68.6,48.747307,2376.3,0,0,0,0,0,0,0,0,1,85.75,33.0,122.0,0,0,0,0,0,0,2,66,2,244,-1,-1,1,20,0.0,0.0,0,0,0.0,0.0,0,0,Benign
17,65705,1,1,41,105,41,41,41.0,0.0,105,105,105.0,0.0,2222.0531162012,30.4390837835781,65705.0,0.0,65705,65705,0,0.0,0.0,0,0,0,0.0,0.0,0,0,0,0,0,0,32,32,15.219542,15.219542,41,105,62.333332,36.950417,1365.3334,0,0,0,0,0,0,0,0,1,93.5,41.0,105.0,0,0,0,0,0,0,1,41,1,105,-1,-1,0,32,0.0,0.0,0,0,0.0,0.0,0,0,Benign
6,35379,2,1,38,6,38,0,19.0,26.870058,6,6,6.0,0.0,1243.67562678425,84.7960654625625,17689.5,24941.777,35326,53,35379,35379.0,0.0,35379,35379,0,0.0,0.0,0,0,1,0,0,0,64,20,56.530712,28.265356,0,38,20.5,20.355179,414.33334,0,1,0,0,1,0,0,0,0,27.333334,19.0,6.0,0,0,0,0,0,0,2,38,1,6,349,0,0,32,0.0,0.0,0,0,0.0,0.0,0,0,Benign
6,668,1,3,0,18,0,0,0.0,0.0,6,6,6.0,0.0,26946.1077844311,5988.02395209581,222.66667,382.20718,664,1,0,0.0,0.0,0,0,4,2.0,1.4142135,3,1,0,0,0,0,32,60,1497.006,4491.018,0,6,3.6,3.2863352,10.8,0,0,0,0,1,0,0,0,3,4.5,0.0,6.0,0,0,0,0,0,0,1,0,3,18,972,0,0,32,0.0,0.0,0,0,0.0,0.0,0,0,Benign
6,9343319,9,8,770,4672,382,0,85.55556,136.89696,1460,0,584.0,661.86383,582.448271326281,1.8194819207179,583957.44,2275268.0,9115819,1,9343319,1167914.9,3211561.8,9115819,76,157523,22503.285,27322.426,53184,1,0,0,0,0,192,172,0.9632551,0.8562268,0,1460,302.33334,506.74277,256788.23,0,0,0,1,0,0,0,0,0,320.11765,85.55556,584.0,0,0,0,0,0,0,9,770,8,4672,8192,79,8,20,0.0,0.0,0,0,0.0,0.0,0,0,Benign
17,61244,2,2,76,418,38,38,38.0,0.0,209,209,209.0,0.0,8066.09627065508,65.3125204101626,20414.666,35354.043,61238,3,3,3.0,0.0,3,3,3,3.0,0.0,3,3,0,0,0,0,64,64,32.65626,32.65626,38,209,106.4,93.66056,8772.3,0,0,0,0,0,0,0,0,1,133.0,38.0,209.0,0,0,0,0,0,0,2,76,2,418,-1,-1,1,32,0.0,0.0,0,0,0.0,0.0,0,0,Benign
17,49024,1,1,56,93,56,56,56.0,0.0,93,93,93.0,0.0,3039.32767624021,40.7963446475196,49024.0,0.0,49024,49024,0,0.0,0.0,0,0,0,0.0,0.0,0,0,0,0,0,0,20,20,20.398172,20.398172,56,93,68.333336,21.36196,456.33334,0,0,0,0,0,0,0,0,1,102.5,56.0,93.0,0,0,0,0,0,0,1,56,1,93,-1,-1,0,20,0.0,0.0,0,0,0.0,0.0,0,0,Benign
6,138251,10,5,1044,639,789,0,104.4,245.63351,501,0,127.8,217.01428,12173.5104990199,108.498311042958,9875.071,14981.347,36425,3,138251,15361.223,21100.504,52920,3,93353,23338.25,17859.76,38400,708,0,0,0,0,332,168,72.33221,36.166103,0,789,105.1875,222.86475,49668.695,0,0,0,1,0,0,0,0,0,112.2,104.4,127.8,0,0,0,0,0,0,10,1044,5,639,65535,353,5,32,0.0,0.0,0,0,0.0,0.0,0,0,Benign
6,101407530,22,21,3452,2631,991,0,156.90909,341.26334,1192,0,125.28571,282.8521,59.9856835089071,0.424031627631597,2414465.0,4304398.0,10025064,3,100710650,4795745.0,5124407.0,10047921,3,101384521,5069226.0,5104962.0,10048108,3,0,0,0,0,712,680,0.21694641,0.2070852,0,1192,138.25,307.8841,94792.61,0,0,0,1,0,0,0,0,0,141.46512,156.90909,125.28571,0,0,0,0,0,0,22,3452,21,2631,29200,1117,5,32,51014.6,88784.64,303700,22846,10020050.0,10406.135,10025064,9999758,Benign
6,5378631,20,23,1791,30708,528,0,89.55,174.37512,2920,0,1335.1305,942.15704,6042.24383490892,7.9945993692447,128062.64,488296.12,2925064,28,5378631,283085.84,705935.6,2925064,163,2301099,104595.41,314161.9,1427059,48,0,0,0,0,412,472,3.7184184,4.276181,0,2920,738.61365,930.88617,866549.06,0,0,0,1,0,0,0,0,1,755.7907,89.55,1335.1305,0,0,0,0,0,0,20,1791,23,30708,8192,131,19,20,0.0,0.0,0,0,0.0,0.0,0,0,Benign
17,175,2,2,80,200,40,40,40.0,0.0,100,100,100.0,0.0,1600000.0,22857.1428571429,58.333332,60.797478,124,4,47,47.0,0.0,47,47,4,4.0,0.0,4,4,0,0,0,0,40,40,11428.571,11428.571,40,100,64.0,32.863354,1080.0,0,0,0,0,0,0,0,0,1,80.0,40.0,100.0,0,0,0,0,0,0,2,80,2,200,-1,-1,1,20,0.0,0.0,0,0,0.0,0.0,0,0,Benign
17,60489,2,2,86,198,43,43,43.0,0.0,99,99,99.0,0.0,4695.06852485576,66.1277257021938,20163.0,34918.145,60483,2,2,2.0,0.0,2,2,4,4.0,0.0,4,4,0,0,0,0,40,40,33.06386,33.06386,43,99,65.4,30.672462,940.8,0,0,0,0,0,0,0,0,1,81.75,43.0,99.0,0,0,0,0,0,0,2,86,2,198,-1,-1,1,20,0.0,0.0,0,0,0.0,0.0,0,0,Benign
6,119,2,0,12,0,6,6,6.0,0.0,0,0,0.0,0.0,100840.336134454,16806.7226890756,119.0,0.0,119,119,119,119.0,0.0,119,119,0,0.0,0.0,0,0,0,0,0,0,40,0,16806.723,0.0,6,6,6.0,0.0,0.0,0,0,0,0,1,0,0,0,0,9.0,6.0,0.0,0,0,0,0,0,0,2,12,0,0,254,-1,1,20,0.0,0.0,0,0,0.0,0.0,0,0,Benign
6,203413,15,10,2293,4856,1448,0,152.86667,374.9855,1448,0,485.6,627.1169,35145.2463706843,122.902666004631,8475.542,14682.814,59859,1,203413,14529.5,17244.559,59859,1,157273,17474.777,29735.729,85560,2,0,0,0,0,492,328,73.7416,49.161068,0,1448,274.96155,500.039,250039.0,0,0,0,1,0,0,0,0,0,285.96,152.86667,485.6,0,0,0,0,0,0,15,2293,10,4856,65535,1120,7,32,0.0,0.0,0,0,0.0,0.0,0,0,Benign
6,10419100,15,10,3050,6314,549,0,203.33333,241.88654,1460,0,631.4,542.61163,898.734055724583,2.39943949093492,434129.16,1957787.6,9624086,38,10419100,744221.44,2556180.2,9624086,119,703544,78171.555,69646.26,237787,48,0,0,0,0,312,212,1.4396636,0.9597758,0,1460,360.15384,433.74277,188132.78,0,0,0,1,0,0,0,0,0,374.56,203.33333,631.4,0,0,0,0,0,0,15,3050,10,6314,8192,509,14,20,0.0,0.0,0,0,0.0,0.0,0,0,Benign
17,70292,1,1,47,241,47,47,47.0,0.0,241,241,241.0,0.0,4097.19455983611,28.4527399988619,70292.0,0.0,70292,70292,0,0.0,0.0,0,0,0,0.0,0.0,0,0,0,0,0,0,32,32,14.22637,14.22637,47,241,111.666664,112.00595,12545.333,0,0,0,0,0,0,0,0,1,167.5,47.0,241.0,0,0,0,0,0,0,1,47,1,241,-1,-1,0,32,0.0,0.0,0,0,0.0,0.0,0,0,Benign
17,208,2,2,80,474,40,40,40.0,0.0,237,237,237.0,0.0,2663461.53846154,19230.7692307692,69.333336,114.8927,202,3,3,3.0,0.0,3,3,3,3.0,0.0,3,3,0,0,0,0,64,64,9615.385,9615.385,40,237,118.8,107.901344,11642.7,0,0,0,0,0,0,0,0,1,148.5,40.0,237.0,0,0,0,0,0,0,2,80,2,474,-1,-1,1,32,0.0,0.0,0,0,0.0,0.0,0,0,Benign
17,26682075,2,2,110,220,60,50,55.0,7.071068,115,105,110.0,7.071068,12.3678536995342,0.149913378176173,8894025.0,15377528.0,26650457,1357,26680718,26680718.0,0.0,26680718,26680718,26651814,26651814.0,0.0,26651814,26651814,0,0,0,0,52,40,0.07495669,0.07495669,50,115,78.0,29.706902,882.5,0,0,0,0,0,0,0,0,1,97.5,55.0,110.0,0,0,0,0,0,0,2,110,2,220,-1,-1,1,20,30261.0,0.0,30261,30261,26650456.0,0.0,26650457,26650457,Benign
17,169,2,2,102,134,51,51,51.0,0.0,67,67,67.0,0.0,1396449.70414201,23668.6390532544,56.333332,57.95113,118,3,3,3.0,0.0,3,3,48,48.0,0.0,48,48,0,0,0,0,64,40,11834.319,11834.319,51,67,57.4,8.763561,76.8,0,0,0,0,0,0,0,0,1,71.75,51.0,67.0,0,0,0,0,0,0,2,102,2,134,-1,-1,1,32,0.0,0.0,0,0,0.0,0.0,0,0,Benign
17,61822,1,1,58,186,58,58,58.0,0.0,186,186,186.0,0.0,3946.8150496587,32.3509430299893,61822.0,0.0,61822,61822,0,0.0,0.0,0,0,0,0.0,0.0,0,0,0,0,0,0,32,32,16.175472,16.175472,58,186,100.666664,73.90083,5461.3335,0,0,0,0,0,0,0,0,1,151.0,58.0,186.0,0,0,0,0,0,0,1,58,1,186,-1,-1,0,32,0.0,0.0,0,0,0.0,0.0,0,0,Benign
6,6212613,9,6,710,5477,517,0,78.888885,172.65677,2347,0,912.8333,965.63605,995.8772580877,2.41444300489987,443758.06,1358617.4,5137839,2,6212613,776576.6,1771060.6,5137839,2,698493,139698.6,190581.83,356017,50,0,0,0,0,296,200,1.4486659,0.9657772,0,2347,386.6875,710.1132,504260.75,0,0,0,1,0,0,0,0,0,412.46667,78.888885,912.8333,0,0,0,0,0,0,9,710,6,5477,29200,129,3,32,1074772.0,0.0,1074772,1074772,5137839.0,0.0,5137839,5137839,Benign
6,246855,3,2,18,37,6,6,6.0,0.0,37,0,18.5,26.16295,222.80285997853,20.2548054525936,61713.75,123281.52,246636,3,219,109.5,150.61374,216,3,246671,246671.0,0.0,246671,246671,0,0,0,0,60,64,12.152884,8.101922,0,37,10.166667,13.362884,178.56667,1,0,0,0,0,0,0,0,0,12.2,6.0,18.5,0,0,0,0,0,0,3,18,2,37,0,68,2,20,0.0,0.0,0,0,0.0,0.0,0,0,Benign
6,11046182,8,8,1706,3845,1157,0,213.25,401.3615,1451,0,480.625,629.02576,502.526574340347,1.44846427480554,736412.1,2381745.2,9289908,48,1756274,250896.28,371181.4,1068776,23046,11023265,1574752.1,3512227.2,9491739,48,0,0,0,0,184,168,0.72423214,0.72423214,0,1451,326.52942,518.2057,268537.12,0,0,0,1,0,0,0,0,1,346.9375,213.25,480.625,0,0,0,0,0,0,8,1706,8,3845,8192,13884,6,20,0.0,0.0,0,0,0.0,0.0,0,0,Benign
17,27399,2,2,66,98,33,33,33.0,0.0,49,49,49.0,0.0,5985.61991313552,145.990729588671,9133.0,15812.758,27392,3,3,3.0,0.0,3,3,4,4.0,0.0,4,4,0,0,0,0,64,80,72.99536,72.99536,33,49,39.4,8.763561,76.8,0,0,0,0,0,0,0,0,1,49.25,33.0,49.0,0,0,0,0,0,0,2,66,2,98,-1,-1,1,32,0.0,0.0,0,0,0.0,0.0,0,0,Benign
6,75220768,21,27,762,27611,334,0,36.285713,84.16243,2920,0,1022.62964,1114.9082,377.196361515479,0.638121642150742,1600441.9,3623377.5,10027388,3,70562574,3528128.8,4903462.0,10051908,237,75196253,2892163.5,4517818.0,10051695,3,0,0,0,0,464,552,0.27917823,0.35894343,0,2920,579.04083,960.62634,922803.0,0,0,0,1,0,0,0,0,1,591.1042,36.285713,1022.62964,0,0,0,0,0,0,21,762,27,27611,29200,64,18,20,60169.855,94514.305,274508,24307,10020198.0,10503.034,10027388,9996611,Benign
17,48511,4,2,280,304,70,70,70.0,0.0,152,152,152.0,0.0,12038.5067304323,123.683288326359,9702.2,19928.906,45274,47,45371,15123.667,26110.955,45274,48,47,47.0,0.0,47,47,0,0,0,0,80,40,82.45553,41.227764,70,152,93.42857,40.0119,1600.9524,0,0,0,0,0,0,0,0,0,109.0,70.0,152.0,0,0,0,0,0,0,4,280,2,304,-1,-1,3,20,0.0,0.0,0,0,0.0,0.0,0,0,Benign
17,187,2,2,46,46,23,23,23.0,0.0,23,23,23.0,0.0,491978.609625668,21390.3743315508,62.333332,107.09964,186,0,1,1.0,0.0,1,1,0,0.0,0.0,0,0,0,0,0,0,40,40,10695.1875,10695.1875,23,23,23.0,0.0,0.0,0,0,0,0,0,0,0,0,1,28.75,23.0,23.0,0,0,0,0,0,0,2,46,2,46,-1,-1,1,20,0.0,0.0,0,0,0.0,0.0,0,0,Benign
6,371168,5,5,3137,808,1665,0,627.4,856.70056,788,2,161.6,350.17252,10628.6102250194,26.9419777567032,41240.89,94895.99,292084,1,371168,92792.0,134754.56,292084,49,317971,79492.75,158229.95,316837,1,0,0,0,0,112,104,13.470989,13.470989,0,1665,358.63635,641.10315,411013.25,0,0,0,1,0,0,0,0,1,394.5,627.4,161.6,0,0,0,0,0,0,5,3137,5,808,8192,24615,4,20,0.0,0.0,0,0,0.0,0.0,0,0,Benign
17,224,2,2,64,96,32,32,32.0,0.0,48,48,48.0,0.0,714285.714285714,17857.1428571429,74.666664,88.0814,173,3,3,3.0,0.0,3,3,48,48.0,0.0,48,48,0,0,0,0,64,64,8928.571,8928.571,32,48,38.4,8.763561,76.8,0,0,0,0,0,0,0,0,1,48.0,32.0,48.0,0,0,0,0,0,0,2,64,2,96,-1,-1,1,32,0.0,0.0,0,0,0.0,0.0,0,0,Benign
17,149,2,2,64,96,32,32,32.0,0.0,48,48,48.0,0.0,1073825.5033557,26845.6375838926,49.666668,80.82904,143,3,3,3.0,0.0,3,3,3,3.0,0.0,3,3,0,0,0,0,40,40,13422.818,13422.818,32,48,38.4,8.763561,76.8,0,0,0,0,0,0,0,0,1,48.0,32.0,48.0,0,0,0,0,0,0,2,64,2,96,-1,-1,1,20,0.0,0.0,0,0,0.0,0.0,0,0,Benign
17,109607,4,2,144,250,36,36,36.0,0.0,125,125,125.0,0.0,3594.66092494093,54.7410293138212,21921.4,40131.766,92476,3,92482,30827.334,53389.312,92476,3,3,3.0,0.0,3,3,0,0,0,0,80,40,36.49402,18.24701,36,125,61.42857,43.427555,1885.9524,0,0,0,0,0,0,0,0,0,71.666664,36.0,125.0,0,0,0,0,0,0,4,144,2,250,-1,-1,3,20,0.0,0.0,0,0,0.0,0.0,0,0,Benign
17,223667,2,2,74,182,37,37,37.0,0.0,91,91,91.0,0.0,1144.55865192451,17.8837289363205,74555.664,129089.17,223615,3,49,49.0,0.0,49,49,3,3.0,0.0,3,3,0,0,0,0,80,64,8.941864,8.941864,37,91,58.6,29.577019,874.8,0,0,0,0,0,0,0,0,1,73.25,37.0,91.0,0,0,0,0,0,0,2,74,2,182,-1,-1,1,40,0.0,0.0,0,0,0.0,0.0,0,0,Benign
6,20251737,9,11,1920,6612,1568,0,213.33333,512.7738,2972,0,601.0909,967.45917,421.297195396128,0.987569609461154,1065880.9,3136118.0,9984804,3,10255804,1281975.5,3516616.5,9984804,258,20201166,2020116.6,4205953.5,10054798,3,0,0,0,0,192,244,0.44440633,0.5431633,0,2972,406.2857,786.7926,619042.6,0,0,0,1,0,0,0,0,1,426.6,213.33333,601.0909,0,0,0,0,0,0,9,1920,11,6612,8192,289,8,20,160789.0,155861.89,271000,50578,9965078.0,27896.777,9984804,9945352,Benign
17,30813,1,1,40,296,40,40,40.0,0.0,296,296,296.0,0.0,10904.4883653004,64.9076688410736,30813.0,0.0,30813,30813,0,0.0,0.0,0,0,0,0.0,0.0,0,0,0,0,0,0,20,20,32.453835,32.453835,40,296,125.333336,147.80167,21845.334,0,0,0,0,0,0,0,0,1,188.0,40.0,296.0,0,0,0,0,0,0,1,40,1,296,-1,-1,0,20,0.0,0.0,0,0,0.0,0.0,0,0,Benign
17,246,2,2,76,652,38,38,38.0,0.0,326,326,326.0,0.0,2959349.59349593,16260.162601626,82.0,135.9669,239,3,3,3.0,0.0,3,3,4,4.0,0.0,4,4,0,0,0,0,40,40,8130.0815,8130.0815,38,326,153.2,157.7441,24883.2,0,0,0,0,0,0,0,0,1,191.5,38.0,326.0,0,0,0,0,0,0,2,76,2,652,-1,-1,1,20,0.0,0.0,0,0,0.0,0.0,0,0,Benign
17,306,2,2,82,176,41,41,41.0,0.0,88,88,88.0,0.0,843137.254901961,13071.8954248366,102.0,174.93713,304,1,1,1.0,0.0,1,1,1,1.0,0.0,1,1,0,0,0,0,64,64,6535.9478,6535.9478,41,88,59.8,25.74296,662.7,0,0,0,0,0,0,0,0,1,74.75,41.0,88.0,0,0,0,0,0,0,2,82,2,176,-1,-1,1,32,0.0,0.0,0,0,0.0,0.0,0,0,Benign
17,160,2,2,62,228,31,31,31.0,0.0,114,114,114.0,0.0,1812500.0,25000.0,53.333332,87.17989,154,3,3,3.0,0.0,3,3,3,3.0,0.0,3,3,0,0,0,0,64,64,12500.0,12500.0,31,114,64.2,45.46097,2066.7,0,0,0,0,0,0,0,0,1,80.25,31.0,114.0,0,0,0,0,0,0,2,62,2,228,-1,-1,1,32,0.0,0.0,0,0,0.0,0.0,0,0,Benign
6,100,1,1,6,6,6,6,6.0,0.0,6,6,6.0,0.0,120000.0,20000.0,100.0,0.0,100,100,0,0.0,0.0,0,0,0,0.0,0.0,0,0,0,0,0,0,20,20,10000.0,10000.0,6,6,6.0,0.0,0.0,0,0,0,0,1,1,0,0,1,9.0,6.0,6.0,0,0,0,0,0,0,1,6,1,6,118,254,0,20,0.0,0.0,0,0,0.0,0.0,0,0,Benign
17,61335,4,2,136,250,34,34,34.0,0.0,125,125,125.0,0.0,6293.30724708568,97.8234287111763,12267.0,16772.3,30727,2,30604,10201.333,17625.076,30553,2,4,4.0,0.0,4,4,0,0,0,0,128,40,65.21562,32.60781,34,125,60.0,44.403454,1971.6666,0,0,0,0,0,0,0,0,0,70.0,34.0,125.0,0,0,0,0,0,0,4,136,2,250,-1,-1,3,32,0.0,0.0,0,0,0.0,0.0,0,0,Benign
17,109301,1,1,52,110,52,52,52.0,0.0,110,110,110.0,0.0,1482.14563453216,18.2980942534835,109301.0,0.0,109301,109301,0,0.0,0.0,0,0,0,0.0,0.0,0,0,0,0,0,0,20,32,9.149047,9.149047,52,110,71.333336,33.486317,1121.3334,0,0,0,0,0,0,0,0,1,107.0,52.0,110.0,0,0,0,0,0,0,1,52,1,110,-1,-1,0,20,0.0,0.0,0,0,0.0,0.0,0,0,Benign
6,1430806,35,41,1039,65692,342,0,29.685715,83.041016,4380,0,1602.2439,851.1583,46638.7476708932,53.1169145223042,19077.414,58946.457,260226,1,1430635,42077.5,87631.62,313776,1,1211296,30282.4,74970.74,262875,1,0,0,0,0,732,832,24.461737,28.655178,0,4380,866.63635,1004.38,1008779.1,0,0,0,1,0,0,0,0,1,878.0395,29.685715,1602.2439,0,0,0,0,0,0,35,1039,41,65692,29200,140,33,20,0.0,0.0,0,0,0.0,0.0,0,0,Benign
6,8010361,2,0,74,0,37,37,37.0,0.0,0,0,0.0,0.0,9.23803558915759,0.2496766375448,8010361.0,0.0,8010361,8010361,8010361,8010361.0,0.0,8010361,8010361,0,0.0,0.0,0,0,1,0,0,0,64,0,0.24967664,0.0,37,37,37.0,0.0,0.0,0,1,0,0,1,1,0,0,0,55.5,37.0,0.0,0,0,0,0,0,0,2,74,0,0,65535,-1,1,32,0.0,0.0,0,0,0.0,0.0,0,0,Benign
17,48524,2,2,88,198,44,44,44.0,0.0,99,99,99.0,0.0,5893.99060258841,82.4334350012365,16174.667,28010.148,48518,3,3,3.0,0.0,3,3,3,3.0,0.0,3,3,0,0,0,0,40,40,41.216717,41.216717,44,99,66.0,30.12474,907.5,0,0,0,0,0,0,0,0,1,82.5,44.0,99.0,0,0,0,0,0,0,2,88,2,198,-1,-1,1,20,0.0,0.0,0,0,0.0,0.0,0,0,Benign
6,805977,6,7,958,3043,517,0,159.66667,231.96092,1448,0,434.7143,686.7711,4964.16150833088,16.1294925289431,67164.75,121143.91,268248,1,537105,107421.0,146709.02,268372,138,538148,89691.336,138628.2,268661,1,0,0,0,0,200,232,7.444381,8.685111,0,1448,285.7857,513.7587,263948.03,0,0,0,1,0,0,0,0,1,307.76923,159.66667,434.7143,0,0,0,0,0,0,6,958,7,3043,29200,243,3,32,0.0,0.0,0,0,0.0,0.0,0,0,Benign
6,178741,6,4,459,308,459,0,76.5,187.38597,288,0,77.0,140.98227,4291.12514755988,55.9468728495421,19860.111,37922.414,86762,3,178741,35748.2,48437.37,90813,3,91051,30350.334,49282.62,87214,3,0,0,0,0,204,136,33.568123,22.37875,0,459,69.72727,155.09486,24054.418,0,0,0,1,0,0,0,0,0,76.7,76.5,77.0,0,0,0,0,0,0,6,459,4,308,65535,118,1,32,0.0,0.0,0,0,0.0,0.0,0,0,Benign
6,85466,2,1,6,6,6,0,3.0,4.2426405,6,6,6.0,0.0,140.406711440807,35.1016778602017,42733.0,60167.715,85278,188,85466,85466.0,0.0,85466,85466,0,0.0,0.0,0,0,0,0,0,0,52,20,23.40112,11.70056,0,6,4.5,3.0,9.0,0,0,0,0,1,1,0,0,0,6.0,3.0,6.0,0,0,0,0,0,0,2,6,1,6,20097,65535,0,20,0.0,0.0,0,0,0.0,0.0,0,0,Benign
17,30635,2,2,60,92,30,30,30.0,0.0,46,46,46.0,0.0,4961.64517708503,130.56960992329,10211.667,17642.97,30584,4,4,4.0,0.0,4,4,47,47.0,0.0,47,47,0,0,0,0,64,64,65.284805,65.284805,30,46,36.4,8.763561,76.8,0,0,0,0,0,0,0,0,1,45.5,30.0,46.0,0,0,0,0,0,0,2,60,2,92,-1,-1,1,32,0.0,0.0,0,0,0.0,0.0,0,0,Benign
17,117170854,3,3,145,379,55,41,48.333332,7.0237694,189,79,126.333336,56.580326,4.47210191025833,0.051207273781584,23434170.0,49347910.0,111612825,622,117050764,58525384.0,75077864.0,111613447,5437317,117139931,58569964.0,75183770.0,111732915,5407016,0,0,0,0,60,72,0.025603637,0.025603637,41,189,82.71429,52.47766,2753.9048,0,0,0,0,0,0,0,0,1,96.5,48.333332,126.333336,0,0,0,0,0,0,3,145,3,379,-1,-1,2,20,15772.5,21426.043,30923,622,58509610.0,75099290.0,111612825,5406394,Benign
6,100296,2,1,12,0,6,6,6.0,0.0,0,0,0.0,0.0,119.645848289064,29.9114620722661,50148.0,70853.516,100249,47,47,47.0,0.0,47,47,0,0.0,0.0,0,0,0,0,0,0,40,32,19.940975,9.970488,0,6,4.5,3.0,9.0,1,0,0,0,0,0,0,0,0,6.0,6.0,0.0,0,0,0,0,0,0,2,12,1,0,0,145,1,20,0.0,0.0,0,0,0.0,0.0,0,0,Benign
17,36440,1,1,44,95,44,44,44.0,0.0,95,95,95.0,0.0,3814.48957189901,54.8847420417124,36440.0,0.0,36440,36440,0,0.0,0.0,0,0,0,0.0,0.0,0,0,0,0,0,0,32,32,27.442371,27.442371,44,95,61.0,29.444864,867.0,0,0,0,0,0,0,0,0,1,91.5,44.0,95.0,0,0,0,0,0,0,1,44,1,95,-1,-1,0,32,0.0,0.0,0,0,0.0,0.0,0,0,Benign
17,61658,4,2,120,616,30,30,30.0,0.0,308,308,308.0,0.0,11936.8127412501,97.3109734341043,12331.6,16891.059,31677,4,31685,10561.667,18286.416,31677,4,4,4.0,0.0,4,4,0,0,0,0,80,40,64.873985,32.436993,30,308,109.42857,135.65012,18400.953,0,0,0,0,0,0,0,0,0,127.666664,30.0,308.0,0,0,0,0,0,0,4,120,2,616,-1,-1,3,20,0.0,0.0,0,0,0.0,0.0,0,0,Benign
17,26207,1,1,48,48,48,48,48.0,0.0,48,48,48.0,0.0,3663.14343496012,76.3154882283359,26207.0,0.0,26207,26207,0,0.0,0.0,0,0,0,0.0,0.0,0,0,0,0,0,0,44,32,38.157745,38.157745,48,48,48.0,0.0,0.0,0,0,0,0,0,0,0,0,1,72.0,48.0,48.0,0,0,0,0,0,0,1,48,1,48,-1,-1,0,44,0.0,0.0,0,0,0.0,0.0,0,0,Benign
6,68463463,4,0,37,0,37,0,9.25,18.5,0,0,0.0,0.0,0.540434245927642,0.058425323884069,22821154.0,39527320.0,68463374,3,68463463,22821154.0,39527320.0,68463374,3,0,0.0,0.0,0,0,0,0,0,0,128,0,0.058425322,0.0,0,37,7.4,16.546904,273.8,0,0,0,0,1,0,0,0,0,9.25,9.25,0.0,0,0,0,0,0,0,4,37,0,0,33285,-1,1,32,3.0,0.0,3,3,68463380.0,0.0,68463374,68463374,Benign
17,46417,1,1,61,107,61,61,61.0,0.0,107,107,107.0,0.0,3619.3635952345,43.0876618480298,46417.0,0.0,46417,46417,0,0.0,0.0,0,0,0,0.0,0.0,0,0,0,0,0,0,32,20,21.54383,21.54383,61,107,76.333336,26.558113,705.3333,0,0,0,0,0,0,0,0,1,114.5,61.0,107.0,0,0,0,0,0,0,1,61,1,107,-1,-1,0,32,0.0,0.0,0,0,0.0,0.0,0,0,Benign
6,53159,2,3,0,18,0,0,0.0,0.0,6,6,6.0,0.0,338.606821046295,94.0574502906375,13289.75,26549.506,53114,1,53159,53159.0,0.0,53159,53159,4,2.0,1.4142135,3,1,0,0,0,0,64,60,37.62298,56.43447,0,6,3.0,3.2863352,10.8,0,0,0,0,1,0,0,0,1,3.6,0.0,6.0,0,0,0,0,0,0,2,0,3,18,287,0,0,32,0.0,0.0,0,0,0.0,0.0,0,0,Benign
17,68702,1,1,58,186,58,58,58.0,0.0,186,186,186.0,0.0,3551.57055107566,29.1112340252103,68702.0,0.0,68702,68702,0,0.0,0.0,0,0,0,0.0,0.0,0,0,0,0,0,0,20,32,14.555617,14.555617,58,186,100.666664,73.90083,5461.3335,0,0,0,0,0,0,0,0,1,151.0,58.0,186.0,0,0,0,0,0,0,1,58,1,186,-1,-1,0,20,0.0,0.0,0,0,0.0,0.0,0,0,Benign
17,259,2,2,60,264,30,30,30.0,0.0,132,132,132.0,0.0,1250965.25096525,15444.0154440154,86.333336,90.7873,190,21,190,190.0,0.0,190,190,48,48.0,0.0,48,48,0,0,0,0,40,40,7722.008,7722.008,30,132,70.8,55.867702,3121.2,0,0,0,0,0,0,0,0,1,88.5,30.0,132.0,0,0,0,0,0,0,2,60,2,264,-1,-1,1,20,0.0,0.0,0,0,0.0,0.0,0,0,Benign
6,198287,12,7,1673,1540,1368,0,139.41667,389.40735,1029,0,220.0,382.58203,16203.7854221406,95.8207043326088,11015.944,21501.09,76949,2,198287,18026.092,35011.227,114095,2,153540,25590.0,31174.188,76949,4,0,0,0,0,396,232,60.51834,35.302364,0,1368,160.65,370.07172,136953.08,0,0,0,1,0,0,0,0,0,169.10527,139.41667,220.0,0,0,0,0,0,0,12,1673,7,1540,65535,362,6,32,0.0,0.0,0,0,0.0,0.0,0,0,Benign
6,52985659,4,0,27,0,27,0,6.75,13.5,0,0,0.0,0.0,0.50957184471368,0.075492125142767,17661886.0,30591208.0,52985570,3,52985659,17661886.0,30591208.0,52985570,3,0,0.0,0.0,0,0,0,0,0,0,128,0,0.07549213,0.0,0,27,5.4,12.074767,145.8,0,0,0,0,1,0,0,0,0,6.75,6.75,0.0,0,0,0,0,0,0,4,27,0,0,33290,-1,1,32,3.0,0.0,3,3,52985570.0,0.0,52985570,52985570,Benign
17,150,2,2,90,122,45,45,45.0,0.0,61,61,61.0,0.0,1413333.33333333,26666.6666666667,50.0,80.541916,143,3,3,3.0,0.0,3,3,4,4.0,0.0,4,4,0,0,0,0,64,64,13333.333,13333.333,45,61,51.4,8.763561,76.8,0,0,0,0,0,0,0,0,1,64.25,45.0,61.0,0,0,0,0,0,0,2,90,2,122,-1,-1,1,32,0.0,0.0,0,0,0.0,0.0,0,0,Benign
6,78269047,33,28,1082,25084,303,0,32.78788,66.5938,1460,0,895.8571,647.2875,334.308401634173,0.779363009236589,1304484.1,7835847.5,58158872,0,78269047,2445907.8,10678926.0,58158872,2,78253669,2898284.0,11603418.0,58176816,2,0,0,0,0,680,572,0.4216226,0.3577404,0,1460,422.03226,612.9566,375715.78,0,0,0,1,0,0,0,0,0,428.9508,32.78788,895.8571,0,0,0,0,0,0,33,1082,28,25084,29200,32,32,20,806355.0,1103011.6,1586302,26408,38319184.0,28057556.0,58158872,18479495,Benign
17,353,2,2,82,176,41,41,41.0,0.0,88,88,88.0,0.0,730878.186968838,11331.4447592068,117.666664,202.0726,351,1,1,1.0,0.0,1,1,1,1.0,0.0,1,1,0,0,0,0,64,64,5665.722,5665.722,41,88,59.8,25.74296,662.7,0,0,0,0,0,0,0,0,1,74.75,41.0,88.0,0,0,0,0,0,0,2,82,2,176,-1,-1,1,32,0.0,0.0,0,0,0.0,0.0,0,0,Benign
17,30895,2,2,70,178,35,35,35.0,0.0,89,89,89.0,0.0,8027.18886551222,129.470788153423,10298.333,17831.174,30888,3,4,4.0,0.0,4,4,3,3.0,0.0,3,3,0,0,0,0,40,40,64.7354,64.7354,35,89,56.6,29.577019,874.8,0,0,0,0,0,0,0,0,1,70.75,35.0,89.0,0,0,0,0,0,0,2,70,2,178,-1,-1,1,20,0.0,0.0,0,0,0.0,0.0,0,0,Benign
17,30691,4,2,132,126,33,33,33.0,0.0,63,63,63.0,0.0,8406.37320387084,195.49705125281,6138.2,8574.769,17883,1,17887,5962.3335,10323.601,17883,1,49,49.0,0.0,49,49,0,0,0,0,104,40,130.33138,65.16569,33,63,41.57143,14.638501,214.28572,0,0,0,0,0,0,0,0,0,48.5,33.0,63.0,0,0,0,0,0,0,4,132,2,126,-1,-1,3,20,0.0,0.0,0,0,0.0,0.0,0,0,Benign
17,30424,1,1,39,295,39,39,39.0,0.0,295,295,295.0,0.0,10978.1751249014,65.7375755982119,30424.0,0.0,30424,30424,0,0.0,0.0,0,0,0,0.0,0.0,0,0,0,0,0,0,20,20,32.86879,32.86879,39,295,124.333336,147.80167,21845.334,0,0,0,0,0,0,0,0,1,186.5,39.0,295.0,0,0,0,0,0,0,1,39,1,295,-1,-1,0,20,0.0,0.0,0,0,0.0,0.0,0,0,Benign
17,30911,1,1,56,93,56,56,56.0,0.0,93,93,93.0,0.0,4820.29051146841,64.7018860599786,30911.0,0.0,30911,30911,0,0.0,0.0,0,0,0,0.0,0.0,0,0,0,0,0,0,20,20,32.350945,32.350945,56,93,68.333336,21.36196,456.33334,0,0,0,0,0,0,0,0,1,102.5,56.0,93.0,0,0,0,0,0,0,1,56,1,93,-1,-1,0,20,0.0,0.0,0,0,0.0,0.0,0,0,Benign
17,31417,1,1,55,83,55,55,55.0,0.0,83,83,83.0,0.0,4392.52633924309,63.6598020180157,31417.0,0.0,31417,31417,0,0.0,0.0,0,0,0,0.0,0.0,0,0,0,0,0,0,32,40,31.8299,31.8299,55,83,64.333336,16.165808,261.33334,0,0,0,0,0,0,0,0,1,96.5,55.0,83.0,0,0,0,0,0,0,1,55,1,83,-1,-1,0,32,0.0,0.0,0,0,0.0,0.0,0,0,Benign
17,61577,1,1,45,90,45,45,45.0,0.0,90,90,90.0,0.0,2192.37702388879,32.4796596131673,61577.0,0.0,61577,61577,0,0.0,0.0,0,0,0,0.0,0.0,0,0,0,0,0,0,20,20,16.23983,16.23983,45,90,60.0,25.980762,675.0,0,0,0,0,0,0,0,0,1,90.0,45.0,90.0,0,0,0,0,0,0,1,45,1,90,-1,-1,0,20,0.0,0.0,0,0,0.0,0.0,0,0,Benign
17,2,2,0,124,0,62,62,62.0,0.0,0,0,0.0,0.0,62000000.0,1000000.0,2.0,0.0,2,2,2,2.0,0.0,2,2,0,0.0,0.0,0,0,0,0,0,0,40,0,1000000.0,0.0,62,62,62.0,0.0,0.0,0,0,0,0,0,0,0,0,0,93.0,62.0,0.0,0,0,0,0,0,0,2,124,0,0,-1,-1,1,20,0.0,0.0,0,0,0.0,0.0,0,0,Benign
6,6378882,7,3,617,158,517,0,88.14286,189.98897,152,0,52.666668,86.077484,121.494644359309,1.5676728304427,708764.7,2109999.0,6335385,4,6378882,1063147.0,2592624.0,6355296,4,6355453,3177726.5,4465603.5,6335385,20068,0,0,0,0,160,72,1.097371,0.47030184,0,517,70.454544,154.75682,23949.672,0,0,0,1,0,0,0,0,0,77.5,88.14286,52.666668,0,0,0,0,0,0,7,617,3,158,29200,30,6,20,39704.0,0.0,39704,39704,6335385.0,0.0,6335385,6335385,Benign
17,770,2,2,80,204,40,40,40.0,0.0,102,102,102.0,0.0,368831.168831169,5194.8051948052,256.66666,438.4978,763,3,4,4.0,0.0,4,4,3,3.0,0.0,3,3,0,0,0,0,40,40,2597.4026,2597.4026,40,102,64.8,33.958797,1153.2,0,0,0,0,0,0,0,0,1,81.0,40.0,102.0,0,0,0,0,0,0,2,80,2,204,-1,-1,1,20,0.0,0.0,0,0,0.0,0.0,0,0,Benign
6,10824097,7,6,667,3736,517,0,95.28571,191.37808,1460,0,622.6667,679.4441,406.777581538672,1.20102397456342,902008.06,2916412.8,10158582,49,10824097,1804016.1,4094338.2,10158582,131,414597,82919.4,111123.51,205551,49,0,0,0,0,152,132,0.6467052,0.5543188,0,1460,314.5,521.32,271774.56,0,0,0,1,0,0,0,0,0,338.69232,95.28571,622.6667,0,0,0,0,0,0,7,667,6,3736,8192,123,6,20,0.0,0.0,0,0,0.0,0.0,0,0,Benign
17,30535,1,1,56,72,56,56,56.0,0.0,72,72,72.0,0.0,4191.91092189291,65.4986081545767,30535.0,0.0,30535,30535,0,0.0,0.0,0,0,0,0.0,0.0,0,0,0,0,0,0,20,20,32.749306,32.749306,56,72,61.333332,9.237604,85.333336,0,0,0,0,0,0,0,0,1,92.0,56.0,72.0,0,0,0,0,0,0,1,56,1,72,-1,-1,0,20,0.0,0.0,0,0,0.0,0.0,0,0,Benign
